Outcome,number_of_internships,primary_major,Gender,primary_college,Outcome_binary,Internship_binary
Working,0,Education - Special Education,Female,Curry School of Education,1,0
Working,1,Education - Special Education,Female,Curry School of Education,1,1
Working,1,Education - Special Education,Female,Curry School of Education,1,1
Working,3,Engineering - Computer Science,Male,School of Engineering & Applied Science,1,1
Working,1,Education - Elementary Education,Female,Curry School of Education,1,1
Working,1,Education - Elementary Education,Female,Curry School of Education,1,1
Working,1,Education - Elementary Education,Female,Curry School of Education,1,1
Working,0,Engineering - Mechanical & Aerospace Engineering,Male,School of Engineering & Applied Science,1,0
Working,0,Engineering - Civil Engineering,Female,School of Engineering & Applied Science,1,0
Working,0,Education - Educational Psychology,Female,Curry School of Education,1,0
Working,0,Experimental Pathology,Male,School of Medicine,1,0
Working,0,Physics,Male,College and Graduate School of Arts & Sciences,1,0
Military,0,Religious Studies,Female,College and Graduate School of Arts & Sciences,0,0
Still Looking,1,Public Health,Female,School of Medicine,0,1
Working,1,Engineering - Computer Science,Female,School of Engineering & Applied Science,1,1
Still Looking,0,Engineering - Electrical Engineering,Male,School of Engineering & Applied Science,0,0
Still Looking,0,Architecture - Landscape Architecture,Female,School of Architecture,0,0
Working,0,East Asian Studies - Interdisciplinary,Male,College and Graduate School of Arts & Sciences,1,0
Not Seeking,1,Architecture - Landscape Architecture,Male,School of Architecture,0,1
Working,1,Education - Elementary Education,Female,Curry School of Education,1,1
Working,1,Engineering - Biomedical Engineering,Female,School of Engineering & Applied Science,1,1
Working,1,Engineering - Systems Engineering,Male,School of Engineering & Applied Science,1,1
Working,0,Engineering - Systems Engineering,Female,School of Engineering & Applied Science,1,0
Working,0,Engineering - Electrical Engineering,Male,School of Engineering & Applied Science,1,0
Still Looking,0,Data Science,Male,School of Data Science,0,0
Still Looking,1,Engineering - Mechanical & Aerospace Engineering,Female,School of Engineering & Applied Science,0,1
Working,0,Engineering - Biomedical Engineering,Female,School of Engineering & Applied Science,1,0
Working,0,Engineering - Systems Engineering,Male,School of Engineering & Applied Science,1,0
Still Looking,0,English,Female,College and Graduate School of Arts & Sciences,0,0
Military,0,English,Female,College and Graduate School of Arts & Sciences,0,0
Working,0,Chemistry,Male,College and Graduate School of Arts & Sciences,1,0
Working,0,Chemistry,Female,College and Graduate School of Arts & Sciences,1,0
Still Looking,0,Engineering - Chemical Engineering,Male,School of Engineering & Applied Science,0,0
Working,0,Engineering - Computer Science,Female,School of Engineering & Applied Science,1,0
Working,0,Public Health,Male,School of Medicine,1,0
Working,0,Education - Administration & Supervision,Male,Curry School of Education,1,0
Continuing Education,0,Chemistry,Male,College and Graduate School of Arts & Sciences,0,0
Working,0,Chemistry,Female,College and Graduate School of Arts & Sciences,1,0
Working,0,Engineering - Materials Science & Engineering,Male,School of Engineering & Applied Science,1,0
Working,0,Engineering - Electrical Engineering,Male,School of Engineering & Applied Science,1,0
Still Looking,0,Education - Kinesiology,Female,Curry School of Education,0,0
Working,0,Engineering - Civil Engineering,Male,School of Engineering & Applied Science,1,0
Still Looking,1,Engineering - Biomedical Engineering,Male,School of Engineering & Applied Science,0,1
Working,0,Engineering - Mechanical & Aerospace Engineering,Male,School of Engineering & Applied Science,1,0
Working,1,Engineering - Computer Science,Male,School of Engineering & Applied Science,1,1
Working,0,Statistics,Female,College and Graduate School of Arts & Sciences,1,0
Working,0,Engineering - Civil Engineering,Male,School of Engineering & Applied Science,1,0
Working,1,Data Science,Male,School of Data Science,1,1
Working,0,Engineering - Civil Engineering,Female,School of Engineering & Applied Science,1,0
Working,1,Education - Administration & Supervision,Female,Curry School of Education,1,1
Still Looking,0,Engineering - Chemical Engineering,Male,School of Engineering & Applied Science,0,0
Still Looking,1,Architecture - Landscape Architecture,Female,School of Architecture,0,1
Working,0,Engineering - Civil Engineering,Female,School of Engineering & Applied Science,1,0
Still Looking,0,Statistics,Male,College and Graduate School of Arts & Sciences,0,0
Working,0,Engineering - Chemical Engineering,Female,School of Engineering & Applied Science,1,0
Working,0,Experimental Pathology,Male,School of Medicine,1,0
Working,1,Public Health,Male,School of Medicine,1,1
Working,1,Education - Elementary Education,Female,Curry School of Education,1,1
Working,0,Engineering - Materials Science & Engineering,Male,School of Engineering & Applied Science,1,0
Still Looking,1,Engineering - Civil Engineering,Female,School of Engineering & Applied Science,0,1
Working,1,Engineering - Systems Engineering,Female,School of Engineering & Applied Science,1,1
Working,0,Experimental Pathology,Male,School of Medicine,1,0
Working,0,History,Female,College and Graduate School of Arts & Sciences,1,0
Still Looking,0,Astronomy,Female,College and Graduate School of Arts & Sciences,0,0
Working,0,Education - Special Education,Female,Curry School of Education,1,0
Still Looking,0,Education - Educational Psychology,Female,Curry School of Education,0,0
Working,1,Education - Elementary Education,Female,Curry School of Education,1,1
Working,0,Public Health,Female,School of Medicine,1,0
Still Looking,1,Architecture - Landscape Architecture,Female,School of Architecture,0,1
Still Looking,1,Engineering - Computer Science,Female,School of Engineering & Applied Science,0,1
Still Looking,0,Statistics,Male,College and Graduate School of Arts & Sciences,0,0
Still Looking,1,Education - Speech Communication Disorders,Female,Curry School of Education,0,1
Working,1,Engineering - Electrical Engineering,Male,School of Engineering & Applied Science,1,1
Working,0,Education - Administration & Supervision,Male,Curry School of Education,1,0
Working,0,Chemistry,Female,College and Graduate School of Arts & Sciences,1,0
Working,1,Education - Speech Communication Disorders,Female,Curry School of Education,1,1
Working,0,Education - Curriculum & Instruction,Female,Curry School of Education,1,0
Working,0,Engineering - Electrical Engineering,Male,School of Engineering & Applied Science,1,0
Working,3,Education - Speech Communication Disorders,Female,Curry School of Education,1,1
Working,3,Education - Speech Communication Disorders,Female,Curry School of Education,1,1
Working,2,Architecture - Landscape Architecture,Female,School of Architecture,1,1
Working,1,Education - Elementary Education,Female,Curry School of Education,1,1
Working,0,Education - Special Education,Male,Curry School of Education,1,0
Working,1,Engineering - Biomedical Engineering,Male,School of Engineering & Applied Science,1,1
Working,1,Education - Special Education,Female,Curry School of Education,1,1
Working,0,Neuroscience,Female,School of Medicine,1,0
Working,3,Engineering - Computer Science,Male,School of Engineering & Applied Science,1,1
Still Looking,0,Engineering - Civil Engineering,Male,School of Engineering & Applied Science,0,0
Working,0,Microbiology,Female,School of Medicine,1,0
Working,0,Experimental Pathology,Male,School of Medicine,1,0
Still Looking,1,Engineering - Biomedical Engineering,Male,School of Engineering & Applied Science,0,1
Still Looking,1,Statistics,Female,College and Graduate School of Arts & Sciences,0,1
Working,2,Architecture - Landscape Architecture,Male,School of Architecture,1,1
Working,0,Architecture,Male,School of Architecture,1,0
Still Looking,1,Linguistics,Male,College and Graduate School of Arts & Sciences,0,1
Still Looking,1,Engineering - Mechanical & Aerospace Engineering,Male,School of Engineering & Applied Science,0,1
Working,0,Biology,Female,College and Graduate School of Arts & Sciences,1,0
Working,0,Mathematics,Male,College and Graduate School of Arts & Sciences,1,0
Working,0,Engineering - Computer Science,Male,School of Engineering & Applied Science,1,0
Working,3,Education - Special Education,Female,Curry School of Education,1,1
Working,1,Education - Elementary Education,Female,Curry School of Education,1,1
Working,0,Engineering - Electrical Engineering,Male,School of Engineering & Applied Science,1,0
Working,1,Education - Curriculum & Instruction,Male,Curry School of Education,1,1
Working,1,Engineering - Biomedical Engineering,Male,School of Engineering & Applied Science,1,1
Working,0,Engineering - Electrical Engineering,Female,School of Engineering & Applied Science,1,0
Working,2,Education - Administration & Supervision,Female,Curry School of Education,1,1
Working,1,Engineering - Chemical Engineering,Male,School of Engineering & Applied Science,1,1
Still Looking,2,Engineering - Systems Engineering,Female,School of Engineering & Applied Science,0,1
Working,0,Data Science,Male,School of Data Science,1,0
Still Looking,0,Linguistics,Female,College and Graduate School of Arts & Sciences,0,0
Working,0,Engineering - Computer Science,Male,School of Engineering & Applied Science,1,0
Working,0,Data Science,Male,School of Data Science,1,0
Working,0,Education - Administration & Supervision,Female,Curry School of Education,1,0
Still Looking,1,Architecture - Landscape Architecture,Female,School of Architecture,0,1
Working,1,Engineering - Computer Science,Male,School of Engineering & Applied Science,1,1
Still Looking,0,English,Female,College and Graduate School of Arts & Sciences,0,0
Working,2,Engineering - Chemical Engineering,Male,School of Engineering & Applied Science,1,1
Working,0,Environmental Sciences,Female,College and Graduate School of Arts & Sciences,1,0
Working,1,Engineering - Computer Science,Male,School of Engineering & Applied Science,1,1
Still Looking,1,Engineering - Computer Science,Female,School of Engineering & Applied Science,0,1
Working,0,Engineering - Biomedical Engineering,Female,School of Engineering & Applied Science,1,0
Working,0,Religious Studies,Female,College and Graduate School of Arts & Sciences,1,0
Working,0,Pharmacology,Female,School of Medicine,1,0
Working,1,Engineering - Biomedical Engineering,Male,School of Engineering & Applied Science,1,1
Working,1,Engineering - Computer Science,Male,School of Engineering & Applied Science,1,1
Working,1,Engineering - Computer Science,Male,School of Engineering & Applied Science,1,1
Continuing Education,3,Religious Studies,Female,College and Graduate School of Arts & Sciences,0,1
Working,0,Engineering - Electrical Engineering,Male,School of Engineering & Applied Science,1,0
Working,1,Education - Elementary Education,Female,Curry School of Education,1,1
Working,0,Engineering - Mechanical & Aerospace Engineering,Female,School of Engineering & Applied Science,1,0
Working,1,Engineering - Biomedical Engineering,Female,School of Engineering & Applied Science,1,1
Working,0,Biology,Male,College and Graduate School of Arts & Sciences,1,0
Working,1,Engineering - Electrical Engineering,Female,School of Engineering & Applied Science,1,1
Continuing Education,0,Engineering - Electrical Engineering,Male,School of Engineering & Applied Science,0,0
Working,0,Education - Special Education,Female,Curry School of Education,1,0
Working,0,Environmental Sciences,Male,College and Graduate School of Arts & Sciences,1,0
Working,0,Education - Reading Education,Female,Curry School of Education,1,0
Working,3,Engineering - Mechanical & Aerospace Engineering,Male,School of Engineering & Applied Science,1,1
Working,0,Data Science,Female,School of Data Science,1,0
Working,0,Engineering - Civil Engineering,Female,School of Engineering & Applied Science,1,0
Working,0,Education - Reading Education,Female,Curry School of Education,1,0
Still Looking,0,Engineering - Computer Science,Male,School of Engineering & Applied Science,0,0
Working,0,Data Science,Male,School of Data Science,1,0
Working,1,Data Science,Female,School of Data Science,1,1
Still Looking,1,Architecture - Architectural History,Female,School of Architecture,0,1
Working,0,Education - Curriculum & Instruction,Male,Curry School of Education,1,0
Still Looking,2,Education - English Education,Male,Curry School of Education,0,1
Still Looking,1,Education - Elementary Education,Female,Curry School of Education,0,1
Working,2,Education - Counselor Education,Female,Curry School of Education,1,1
Still Looking,2,Education - Counselor Education,Female,Curry School of Education,0,1
Not Seeking,1,Architecture - Urban & Environmental Planning,Female,School of Architecture,0,1
Working,2,Education - Counselor Education,Male,Curry School of Education,1,1
Working,0,Data Science,Female,School of Data Science,1,0
Not Seeking,1,Data Science,Female,School of Data Science,0,1
Still Looking,1,Education - Elementary Education,Female,Curry School of Education,0,1
Still Looking,0,Architecture,Female,School of Architecture,0,0
Working,0,Data Science,Female,School of Data Science,1,0
Working,2,Education - Elementary Education,Female,Curry School of Education,1,1
Still Looking,0,Data Science,Male,School of Data Science,0,0
Working,2,Environmental Sciences,Male,College and Graduate School of Arts & Sciences,1,1
Still Looking,1,Education - Science Education,Male,Curry School of Education,0,1
Working,2,Education - Elementary Education,Female,Curry School of Education,1,1
Working,2,Education - Counselor Education,Female,Curry School of Education,1,1
Working,0,Education - Special Education,Female,Curry School of Education,1,0
Still Looking,2,Architecture,Female,School of Architecture,0,1
Military,0,Data Science,Male,School of Data Science,0,0
Working,0,Data Science,Female,School of Data Science,1,0
Working,3,Data Science,Female,School of Data Science,1,1
Working,2,Education - Special Education,Female,Curry School of Education,1,1
Working,1,Architecture - Landscape Architecture,Female,School of Architecture,1,1
Working,1,Religious Studies,Male,College and Graduate School of Arts & Sciences,1,1
Working,2,Architecture - Urban & Environmental Planning,Male,School of Architecture,1,1
Working,2,Education - Special Education,Female,Curry School of Education,1,1
Still Looking,2,Education - Counselor Education,Male,Curry School of Education,0,1
Working,0,Data Science,Female,School of Data Science,1,0
Still Looking,0,English,Female,College and Graduate School of Arts & Sciences,0,0
Working,0,Education - Special Education,Male,Curry School of Education,1,0
Working,2,Architecture - Landscape Architecture,Female,School of Architecture,1,1
Still Looking,2,Architecture,Female,School of Architecture,0,1
Still Looking,2,Education - Counselor Education,Female,Curry School of Education,0,1
Still Looking,2,Architecture - Landscape Architecture,Female,School of Architecture,0,1
Working,1,Education - Counselor Education,Female,Curry School of Education,1,1
Working,2,Architecture - Urban & Environmental Planning,Female,School of Architecture,1,1
Working,2,Education - English Education,Male,Curry School of Education,1,1
Working,1,Education - Special Education,Female,Curry School of Education,1,1
Working,0,Data Science,Male,School of Data Science,1,0
Still Looking,1,Education - Counselor Education,Female,Curry School of Education,0,1
Still Looking,0,Architecture,Male,School of Architecture,0,0
Still Looking,0,Architecture - Architectural History,Female,School of Architecture,0,0
Working,3,Education - Elementary Education,Female,Curry School of Education,1,1
Working,0,Music,Female,College and Graduate School of Arts & Sciences,1,0
Continuing Education,0,Pharmacology,Male,School of Medicine,0,0
Working,3,Education - Elementary Education,Female,Curry School of Education,1,1
Working,0,Data Science,Male,School of Data Science,1,0
Working,1,Education - Counselor Education,Female,Curry School of Education,1,1
Working,2,Education - Elementary Education,Female,Curry School of Education,1,1
Working,3,Data Science,Male,School of Data Science,1,1
Working,3,Architecture - Landscape Architecture,Female,School of Architecture,1,1
Working,0,Data Science,Male,School of Data Science,1,0
Working,1,Education - Counselor Education,Female,Curry School of Education,1,1
Working,0,Architecture,Female,School of Architecture,1,0
Still Looking,1,Architecture,Female,School of Architecture,0,1
Working,0,Data Science,Male,School of Data Science,1,0
Working,0,Data Science,Female,School of Data Science,1,0
Working,0,Data Science,Male,School of Data Science,1,0
Working,0,Economics,Female,College and Graduate School of Arts & Sciences,1,0
Still Looking,0,Architecture,Female,School of Architecture,0,0
Working,1,Data Science,Female,School of Data Science,1,1
Working,0,Data Science,Female,School of Data Science,1,0
Working,0,Biochemistry & Molecular Genetics,Male,School of Medicine,1,0
Working,0,Microbiology,Female,School of Medicine,1,0
Working,1,Education - Special Education,Female,Curry School of Education,1,1
Working,1,Music,Female,College and Graduate School of Arts & Sciences,1,1
Working,1,Data Science,Male,School of Data Science,1,1
Working,0,Education - Science Education,Female,Curry School of Education,1,0
Still Looking,2,Education - Elementary Education,Female,Curry School of Education,0,1
Still Looking,1,Education - English Education,Female,Curry School of Education,0,1
Working,0,Data Science,Female,School of Data Science,1,0
Working,1,Education - English Education,Female,Curry School of Education,1,1
Military,0,Data Science,Male,School of Data Science,0,0
Working,2,Architecture,Male,School of Architecture,1,1
Working,3,Data Science,Female,School of Data Science,1,1
Working,0,Data Science,Female,School of Data Science,1,0
Still Looking,1,Architecture,Female,School of Architecture,0,1
Working,0,Data Science,Female,School of Data Science,1,0
Still Looking,1,Architecture - Urban & Environmental Planning,Female,School of Architecture,0,1
Working,0,Engineering - Electrical Engineering,Male,School of Engineering & Applied Science,1,0
Working,2,Music,Female,College and Graduate School of Arts & Sciences,1,1
Still Looking,0,Data Science,Female,School of Data Science,0,0
Working,2,Architecture - Landscape Architecture,Female,School of Architecture,1,1
Working,1,Architecture,Male,School of Architecture,1,1
Working,2,Education - Elementary Education,Female,Curry School of Education,1,1
Still Looking,1,Architecture - Architectural History,Female,School of Architecture,0,1
Still Looking,1,Architecture - Urban & Environmental Planning,Female,School of Architecture,0,1
Still Looking,0,Education - English Education,Female,Curry School of Education,0,0
Working,1,Education - Science Education,Female,Curry School of Education,1,1
Still Looking,1,Architecture,Female,School of Architecture,0,1
Still Looking,2,Architecture - Urban & Environmental Planning,Female,School of Architecture,0,1
Still Looking,2,Education - Counselor Education,Female,Curry School of Education,0,1
Working,0,Data Science,Male,School of Data Science,1,0
Working,0,Data Science,Female,School of Data Science,1,0
Continuing Education,2,Philosophy,Male,College and Graduate School of Arts & Sciences,0,1
Working,3,Engineering - Computer Science,Male,School of Engineering & Applied Science,1,1
Working,2,Education - Educational Psychology,Female,Curry School of Education,1,1
Still Looking,0,Engineering - Chemical Engineering,Male,School of Engineering & Applied Science,0,0
Working,1,Engineering - Computer Science,Female,School of Engineering & Applied Science,1,1
Working,0,Engineering - Computer Science,Male,School of Engineering & Applied Science,1,0
Working,1,Education - Administration & Supervision,Female,Curry School of Education,1,1
Working,0,Environmental Sciences,Female,College and Graduate School of Arts & Sciences,1,0
Still Looking,0,Linguistics,Male,College and Graduate School of Arts & Sciences,0,0
Working,0,French,Female,College and Graduate School of Arts & Sciences,1,0
Working,0,Education - Administration & Supervision,Female,Curry School of Education,1,0
Working,1,Education - Higher Education,Female,Curry School of Education,1,1
Continuing Education,3,Education - Educational Psychology,Female,Curry School of Education,0,1
Working,0,Statistics,Male,College and Graduate School of Arts & Sciences,1,0
Working,0,Environmental Sciences,Female,College and Graduate School of Arts & Sciences,1,0
Working,3,Engineering - Mechanical & Aerospace Engineering,Male,School of Engineering & Applied Science,1,1
Working,1,Education - Administration & Supervision,Male,Curry School of Education,1,1
Working,3,Statistics,Male,College and Graduate School of Arts & Sciences,1,1
Working,0,Education - Reading Education,Female,Curry School of Education,1,0
Working,0,Engineering - Systems Engineering,Male,School of Engineering & Applied Science,1,0
Working,0,Architecture - Urban & Environmental Planning,Male,School of Architecture,1,0
Working,0,Education - Curriculum & Instruction,Male,Curry School of Education,1,0
Still Looking,0,Engineering - Computer Engineering,Male,School of Engineering & Applied Science,0,0
Still Looking,1,Education - Higher Education,Male,Curry School of Education,0,1
Working,3,Religious Studies,Male,College and Graduate School of Arts & Sciences,1,1
Working,1,Engineering - Mechanical & Aerospace Engineering,Male,School of Engineering & Applied Science,1,1
Working,2,Music,Female,College and Graduate School of Arts & Sciences,1,1
Working,2,Public Health,Female,School of Medicine,1,1
Still Looking,1,Public Health,Female,School of Medicine,0,1
Working,0,Education - Higher Education,Female,Curry School of Education,1,0
Working,0,Engineering - Systems Engineering,Female,School of Engineering & Applied Science,1,0
Working,0,Education - Curriculum & Instruction,Female,Curry School of Education,1,0
Continuing Education,0,Psychology,Female,College and Graduate School of Arts & Sciences,0,0
Working,2,Engineering - Systems Engineering,Male,School of Engineering & Applied Science,1,1
Working,1,Education - Higher Education,Female,Curry School of Education,1,1
Working,1,European Studies,Female,College and Graduate School of Arts & Sciences,1,1
Continuing Education,0,Religious Studies,Female,College and Graduate School of Arts & Sciences,0,0
Still Looking,0,Engineering - Systems Engineering,Male,School of Engineering & Applied Science,0,0
Working,2,Public Health,Female,School of Medicine,1,1
Continuing Education,0,Education - Kinesiology,Male,Curry School of Education,0,0
Working,2,Engineering - Computer Science,Male,School of Engineering & Applied Science,1,1
Working,3,Engineering - Mechanical & Aerospace Engineering,Male,School of Engineering & Applied Science,1,1
Working,3,Education - Kinesiology,Female,Curry School of Education,1,1
Continuing Education,0,Education - Research Statistics & Evaluation,Male,Curry School of Education,0,0
Working,0,English,Female,College and Graduate School of Arts & Sciences,1,0
Continuing Education,0,English,Female,College and Graduate School of Arts & Sciences,0,0
Working,0,Engineering - Systems Engineering,Male,School of Engineering & Applied Science,1,0
Working,1,Education - Speech Communication Disorders,Female,Curry School of Education,1,1
Working,1,Anthropology,Female,College and Graduate School of Arts & Sciences,1,1
Still Looking,0,Environmental Sciences,Female,College and Graduate School of Arts & Sciences,0,0
Still Looking,0,Chemistry,Female,College and Graduate School of Arts & Sciences,0,0
Fellowship,0,Economics,Male,College and Graduate School of Arts & Sciences,0,0
Working,0,Education - Educational Psychology,Female,Curry School of Education,1,0
Working,0,Clinical Research,Male,School of Medicine,1,0
Working,0,Engineering - Materials Science & Engineering,Female,School of Engineering & Applied Science,1,0
Working,0,Engineering - Systems Engineering,Female,School of Engineering & Applied Science,1,0
Working,0,Education - Kinesiology,Female,Curry School of Education,1,0
Working,0,Public Health,Female,School of Medicine,1,0
Continuing Education,1,Education - Kinesiology,Male,Curry School of Education,0,1
Continuing Education,1,Education - Higher Education,Male,Curry School of Education,0,1
Working,1,Education - Higher Education,Female,Curry School of Education,1,1
Working,0,Engineering - Electrical Engineering,Female,School of Engineering & Applied Science,1,0
Continuing Education,1,Media Culture & Technology,Male,College and Graduate School of Arts & Sciences,0,1
Working,2,Education - Research Statistics & Evaluation,Female,Curry School of Education,1,1
Still Looking,0,Creative Writing,Female,College and Graduate School of Arts & Sciences,0,0
Working,0,Data Science,Male,School of Data Science,1,0
Working,0,Education - Reading Education,Male,Curry School of Education,1,0
Working,0,Data Science,Male,School of Data Science,1,0
Still Looking,0,Education - Educational Psychology,Female,Curry School of Education,0,0
Working,1,Education - Kinesiology,Female,Curry School of Education,1,1
Still Looking,2,Art - History of Art & Architecture,Female,College and Graduate School of Arts & Sciences,0,1
Working,0,Engineering - Materials Science & Engineering,Male,School of Engineering & Applied Science,1,0
Still Looking,0,Architecture - Landscape Architecture,Male,School of Architecture,0,0
Working,0,Education - Athletic Training,Female,Curry School of Education,1,0
Working,1,Education - Athletic Training,Female,Curry School of Education,1,1
Continuing Education,0,English,Female,College and Graduate School of Arts & Sciences,0,0
Continuing Education,0,Religious Studies,Male,College and Graduate School of Arts & Sciences,0,0
Still Looking,0,History,Female,College and Graduate School of Arts & Sciences,0,0
Working,0,Engineering - Materials Science & Engineering,Male,School of Engineering & Applied Science,1,0
Still Looking,0,Microbiology,Male,School of Medicine,0,0
Working,0,Engineering - Biomedical Engineering,Male,School of Engineering & Applied Science,1,0
Working,1,Statistics,Male,College and Graduate School of Arts & Sciences,1,1
Still Looking,0,French,Male,College and Graduate School of Arts & Sciences,0,0
Still Looking,3,Education - Athletic Training,Female,Curry School of Education,0,1
Still Looking,0,English,Male,College and Graduate School of Arts & Sciences,0,0
Working,0,English,Female,College and Graduate School of Arts & Sciences,1,0
Working,1,Education - Administration & Supervision,Male,Curry School of Education,1,1
Working,0,Spanish,Male,College and Graduate School of Arts & Sciences,1,0
Working,0,French,Female,College and Graduate School of Arts & Sciences,1,0
Still Looking,0,Engineering - Computer Science,Male,School of Engineering & Applied Science,0,0
Working,1,Education - Higher Education,Female,Curry School of Education,1,1
Military,1,Engineering - Systems Engineering,Male,School of Engineering & Applied Science,0,1
Still Looking,1,Public Health,Female,School of Medicine,0,1
Working,0,Environmental Sciences,Female,College and Graduate School of Arts & Sciences,1,0
Still Looking,1,Education - Educational Psychology,Female,Curry School of Education,0,1
Still Looking,3,Slavic Languages and Literatures,Female,College and Graduate School of Arts & Sciences,0,1
Continuing Education,0,Religious Studies,Male,College and Graduate School of Arts & Sciences,0,0
Working,1,Engineering - Biomedical Engineering,Female,School of Engineering & Applied Science,1,1
Working,0,Education - Reading Education,Female,Curry School of Education,1,0
Working,3,Education - Speech Communication Disorders,Female,Curry School of Education,1,1
Working,1,Education - Educational Psychology,Female,Curry School of Education,1,1
Working,0,Mathematics,Male,College and Graduate School of Arts & Sciences,1,0
Working,0,Engineering - Electrical Engineering,Male,School of Engineering & Applied Science,1,0
Working,1,Engineering - Electrical Engineering,Male,School of Engineering & Applied Science,1,1
Still Looking,3,Education - Athletic Training,Female,Curry School of Education,0,1
Working,0,Biochemistry & Molecular Genetics,Female,School of Medicine,1,0
Working,3,Engineering - Computer Science,Male,School of Engineering & Applied Science,1,1
Fellowship,1,Psychology,Female,College and Graduate School of Arts & Sciences,0,1
Working,3,Education - Speech Communication Disorders,Female,Curry School of Education,1,1
Working,1,Engineering - Computer Science,Male,School of Engineering & Applied Science,1,1
Working,1,Education - Administration & Supervision,Female,Curry School of Education,1,1
Still Looking,0,Public Health,Female,School of Medicine,0,0
Working,0,Public Health,Female,School of Medicine,1,0
Continuing Education,3,Public Health,Female,School of Medicine,0,1
Working,0,Education - Curriculum & Instruction,Female,Curry School of Education,1,0
Working,0,Education - Higher Education,Female,Curry School of Education,1,0
Working,0,Economics,Female,College and Graduate School of Arts & Sciences,1,0
Working,0,Music,Male,College and Graduate School of Arts & Sciences,1,0
Working,1,Engineering - Computer Science,Female,School of Engineering & Applied Science,1,1
Working,2,Education - Educational Policy (Policy Studies),Female,Curry School of Education,1,1
Working,0,Engineering - Computer Science,Female,School of Engineering & Applied Science,1,0
Working,0,Engineering - Systems Engineering,Male,School of Engineering & Applied Science,1,0
Working,0,Education - Curriculum & Instruction,Female,Curry School of Education,1,0
Military,0,Engineering - Systems Engineering,Female,School of Engineering & Applied Science,0,0
Working,0,Education - Higher Education,Male,Curry School of Education,1,0
Working,0,Education - Higher Education,Female,Curry School of Education,1,0
Working,0,Slavic Languages and Literatures,Female,College and Graduate School of Arts & Sciences,1,0
Working,0,Education - Administration & Supervision,Male,Curry School of Education,1,0
Continuing Education,0,Education - Reading Education,Female,Curry School of Education,0,0
Working,1,Engineering - Computer Science,Male,School of Engineering & Applied Science,1,1
Working,0,Education - Educational Psychology,Female,Curry School of Education,1,0
Working,0,Engineering - Biomedical Engineering,Female,School of Engineering & Applied Science,1,0
Still Looking,0,Data Science,Male,School of Data Science,0,0
Working,2,Architecture - Urban & Environmental Planning,Male,School of Architecture,1,1
Still Looking,0,Engineering - Biomedical Engineering,Female,School of Engineering & Applied Science,0,0
Working,2,Public Health,Female,School of Medicine,1,1
Working,2,Slavic Languages and Literatures,Female,College and Graduate School of Arts & Sciences,1,1
Working,0,Engineering - Materials Science & Engineering,Male,School of Engineering & Applied Science,1,0
Working,0,Education - Educational Psychology,Female,Curry School of Education,1,0
Working,0,Engineering - Systems Engineering,Male,School of Engineering & Applied Science,1,0
Working,0,Engineering - Chemical Engineering,Male,School of Engineering & Applied Science,1,0
Working,0,Engineering - Mechanical & Aerospace Engineering,Female,School of Engineering & Applied Science,1,0
Working,2,Statistics,Male,College and Graduate School of Arts & Sciences,1,1
Continuing Education,0,Education - Kinesiology,Female,Curry School of Education,0,0
Working,1,Mathematics,Female,College and Graduate School of Arts & Sciences,1,1
Working,3,Education - Educational Psychology,Female,Curry School of Education,1,1
Working,0,Data Science,Female,School of Data Science,1,0
Working,0,Education - Educational Psychology,Female,Curry School of Education,1,0
Working,0,Engineering - Systems Engineering,Male,School of Engineering & Applied Science,1,0
Working,1,Education - Higher Education,Female,Curry School of Education,1,1
Working,0,Education - Reading Education,Female,Curry School of Education,1,0
Continuing Education,1,Education - Kinesiology,Female,Curry School of Education,0,1
Still Looking,1,Architecture - Constructed Environment,Female,School of Architecture,0,1
Working,0,Engineering - Systems Engineering,Female,School of Engineering & Applied Science,1,0
Working,1,Public Health,Female,School of Medicine,1,1
Working,1,Engineering - Civil Engineering,Male,School of Engineering & Applied Science,1,1
Working,0,English,Female,College and Graduate School of Arts & Sciences,1,0
Working,1,Engineering - Computer Science,Male,School of Engineering & Applied Science,1,1
Working,0,Education - Higher Education,Female,Curry School of Education,1,0
Working,2,Religious Studies,Female,College and Graduate School of Arts & Sciences,1,1
Working,0,Engineering - Mechanical & Aerospace Engineering,Male,School of Engineering & Applied Science,1,0
Working,0,Nursing,Female,College and Graduate School of Arts & Sciences,1,0
Still Looking,1,Religious Studies,Female,College and Graduate School of Arts & Sciences,0,1
Working,0,Slavic Languages and Literatures,Female,College and Graduate School of Arts & Sciences,1,0
Working,1,Education - Higher Education,Male,Curry School of Education,1,1
Military,0,Engineering - Systems Engineering,Male,School of Engineering & Applied Science,0,0
Working,0,Psychology,Female,College and Graduate School of Arts & Sciences,1,0
Still Looking,0,Engineering - Systems Engineering,Female,School of Engineering & Applied Science,0,0
Working,1,Education - Educational Policy (Policy Studies),Female,Curry School of Education,1,1
Working,0,Education - Reading Education,Female,Curry School of Education,1,0
Continuing Education,3,Engineering - Civil Engineering,Male,School of Data Science,0,1
Working,0,Creative Writing,Female,College and Graduate School of Arts & Sciences,1,0
Continuing Education,0,Engineering - Systems Engineering,Male,School of Engineering & Applied Science,0,0
Working,1,Education - Educational Psychology,Female,Curry School of Education,1,1
Working,0,Engineering - Civil Engineering,Female,School of Engineering & Applied Science,1,0
Working,0,Engineering - Computer Science,Male,School of Engineering & Applied Science,1,0
Continuing Education,1,Engineering - Computer Science,Male,School of Engineering & Applied Science,0,1
Working,3,Education - Speech Communication Disorders,Female,Curry School of Education,1,1
Working,1,Public Policy,Female,School of Medicine,1,1
Working,0,Neuroscience,Male,School of Medicine,1,0
Working,1,Engineering - Biomedical Engineering,Female,School of Engineering & Applied Science,1,1
Working,0,Education - Kinesiology,Female,Curry School of Education,1,0
Working,0,Engineering - Electrical Engineering,Male,School of Engineering & Applied Science,1,0
Working,0,Economics,Female,College and Graduate School of Arts & Sciences,1,0
Working,1,Education - Administration & Supervision,Female,Curry School of Education,1,1
Working,2,Education - Higher Education,Female,Curry School of Education,1,1
Still Looking,1,Education - Administration & Supervision,Female,Curry School of Education,0,1
Working,0,Music,Male,College and Graduate School of Arts & Sciences,1,0
Working,0,Engineering - Chemical Engineering,Male,School of Engineering & Applied Science,1,0
Still Looking,0,Engineering - Systems Engineering,Male,School of Engineering & Applied Science,0,0
Continuing Education,0,Engineering - Computer Engineering,Male,School of Engineering & Applied Science,0,0
Working,0,Engineering - Systems Engineering,Female,School of Engineering & Applied Science,1,0
Not Seeking,0,Spanish,Female,College and Graduate School of Arts & Sciences,0,0
Working,0,Education - Curriculum & Instruction,Female,Curry School of Education,1,0
Working,1,Education - Higher Education,Female,Curry School of Education,1,1
Still Looking,2,Education - Educational Psychology,Female,Curry School of Education,0,1
Continuing Education,0,Psychology,Male,College and Graduate School of Arts & Sciences,0,0
Continuing Education,1,Psychology,Female,College and Graduate School of Arts & Sciences,0,1
Continuing Education,0,Engineering - Computer Science,Male,School of Engineering & Applied Science,0,0
Continuing Education,0,Engineering - Biomedical Engineering,Male,School of Engineering & Applied Science,0,0
Working,0,Engineering - Mechanical & Aerospace Engineering,Male,School of Engineering & Applied Science,1,0
Working,0,Education - Reading Education,Female,Curry School of Education,1,0
Military,0,Foreign Affairs,Male,College and Graduate School of Arts & Sciences,0,0
Working,2,Data Science,Male,School of Data Science,1,1
Working,1,Education - Administration & Supervision,Male,Curry School of Education,1,1
Working,0,Economics,Male,College and Graduate School of Arts & Sciences,1,0
Working,3,Education - Clinical & School Psychology,Female,Curry School of Education,1,1
Working,2,Education - Clinical & School Psychology,Female,Curry School of Education,1,1
Working,0,Engineering - Electrical Engineering,Male,School of Engineering & Applied Science,1,0
Working,0,Engineering - Mechanical & Aerospace Engineering,Male,School of Engineering & Applied Science,1,0
Continuing Education,0,Education - Curriculum & Instruction,Female,Curry School of Education,0,0
Working,0,Education - Reading Education,Female,Curry School of Education,1,0
Working,0,Education - Reading Education,Female,Curry School of Education,1,0
Working,0,Education - Higher Education,Male,Curry School of Education,1,0
Working,0,Engineering - Biomedical Engineering,Male,School of Engineering & Applied Science,1,0
Working,0,Education - Special Education,Female,Curry School of Education,1,0
Working,1,Engineering - Systems Engineering,Male,School of Engineering & Applied Science,1,1
Working,2,Quantative Analytics in Education & Social Science,Female,Curry School of Education,1,1
Still Looking,0,Education - Administration & Supervision,Female,Curry School of Education,0,0
Working,1,Engineering - Biomedical Engineering,Female,School of Engineering & Applied Science,1,1
Working,0,Education - Administration & Supervision,Female,Curry School of Education,1,0
Working,3,Education - Curriculum & Instruction,Female,Curry School of Education,1,1
Working,0,Education - Administration & Supervision,Female,Curry School of Education,1,0
Still Looking,1,Quantative Analytics in Education & Social Science,Female,Curry School of Education,0,1
Working,1,Education - Administration & Supervision,Female,Curry School of Education,1,1
Working,0,Education - Educational Psychology,Female,Curry School of Education,1,0
Working,1,Education - Administration & Supervision,Female,Curry School of Education,1,1
Working,0,Biochemistry & Molecular Genetics,Female,School of Medicine,1,0
Working,1,Psychology,Female,College and Graduate School of Arts & Sciences,1,1
Working,0,Education - Special Education,Female,Curry School of Education,1,0
Working,3,Engineering - Computer Science,Female,School of Engineering & Applied Science,1,1
Working,0,Education - Administration & Supervision,Female,Curry School of Education,1,0
Working,0,Nursing,Male,School of Nursing,1,0
Working,3,Philosophy,Male,College and Graduate School of Arts & Sciences,1,1
Continuing Education,1,Statistics,Male,College and Graduate School of Arts & Sciences,0,1
Working,3,Statistics,Female,College and Graduate School of Arts & Sciences,1,1
Working,3,Engineering - Computer Science,Female,School of Engineering & Applied Science,1,1
Working,3,Environmental Sciences,Female,College and Graduate School of Arts & Sciences,1,1
Continuing Education,3,Economics,Female,College and Graduate School of Arts & Sciences,0,1
Working,1,Economics,Male,College and Graduate School of Arts & Sciences,1,1
Not Seeking,0,English,Female,College and Graduate School of Arts & Sciences,0,0
Working,1,Environmental Sciences,Female,College and Graduate School of Arts & Sciences,1,1
Working,3,Computer Science - Interdisciplinary,Female,College and Graduate School of Arts & Sciences,1,1
Working,0,Sociology,Female,College and Graduate School of Arts & Sciences,1,0
Continuing Education,0,Education - Kinesiology,Female,School of Education and Human Development,0,0
Working,1,Computer Science - Interdisciplinary,Male,College and Graduate School of Arts & Sciences,1,1
Working,2,Engineering - Computer Science,Male,School of Engineering & Applied Science,1,1
Working,1,Computer Science - Interdisciplinary,Female,College and Graduate School of Arts & Sciences,1,1
Working,3,Economics,Female,College and Graduate School of Arts & Sciences,1,1
Working,3,Global Studies - Interdisciplinary,Female,College and Graduate School of Arts & Sciences,1,1
Working,1,Neuroscience,Female,College and Graduate School of Arts & Sciences,1,1
Working,3,Statistics,Female,College and Graduate School of Arts & Sciences,1,1
Working,0,Interdisciplinary Studies,Male,School of Continuing and Professional Studies,1,0
Working,3,Statistics,Male,College and Graduate School of Arts & Sciences,1,1
Working,1,Statistics,Male,College and Graduate School of Arts & Sciences,1,1
Working,3,Engineering - Computer Science,Male,School of Engineering & Applied Science,1,1
Working,2,Computer Science - Interdisciplinary,Male,College and Graduate School of Arts & Sciences,1,1
Working,3,Engineering - Computer Science,Male,School of Engineering & Applied Science,1,1
Working,0,Interdisciplinary Studies,Male,School of Continuing and Professional Studies,1,0
Continuing Education,0,American Studies - Interdisciplinary,Male,College and Graduate School of Arts & Sciences,0,0
Working,1,Engineering - Engineering Science,Female,School of Engineering & Applied Science,1,1
Working,3,Computer Science - Interdisciplinary,Male,College and Graduate School of Arts & Sciences,1,1
Working,3,English,Male,College and Graduate School of Arts & Sciences,1,1
Continuing Education,2,Statistics,Female,College and Graduate School of Arts & Sciences,0,1
Working,2,Foreign Affairs,Female,College and Graduate School of Arts & Sciences,1,1
Continuing Education,2,Environmental Sciences,Female,College and Graduate School of Arts & Sciences,0,1
Working,0,Economics,Male,College and Graduate School of Arts & Sciences,1,0
Continuing Education,0,Biology,Male,College and Graduate School of Arts & Sciences,0,0
Working,3,Economics,Male,College and Graduate School of Arts & Sciences,1,1
Working,2,Engineering - Computer Engineering,Male,School of Engineering & Applied Science,1,1
Working,1,Neuroscience,Male,College and Graduate School of Arts & Sciences,1,1
Working,2,Economics,Male,College and Graduate School of Arts & Sciences,1,1
Working,3,Economics,Male,College and Graduate School of Arts & Sciences,1,1
Continuing Education,1,Psychology,Female,College and Graduate School of Arts & Sciences,0,1
Working,1,Engineering - Computer Science,Male,School of Engineering & Applied Science,1,1
Working,3,Computer Science - Interdisciplinary,Male,College and Graduate School of Arts & Sciences,1,1
Continuing Education,0,Economics,Male,College and Graduate School of Arts & Sciences,0,0
Working,1,Foreign Affairs,Male,College and Graduate School of Arts & Sciences,1,1
Working,2,Sociology,Female,College and Graduate School of Arts & Sciences,1,1
Working,1,Cognitive Science - Interdisciplinary,Male,College and Graduate School of Arts & Sciences,1,1
Continuing Education,0,Engineering - Biomedical Engineering,Female,School of Engineering & Applied Science,0,0
Working,0,Psychology,Male,College and Graduate School of Arts & Sciences,1,0
Continuing Education,2,Engineering - Computer Science,Male,School of Engineering & Applied Science,0,1
Working,1,Spanish,Female,College and Graduate School of Arts & Sciences,1,1
Working,2,Engineering - Mechanical Engineering,Male,School of Engineering & Applied Science,1,1
Continuing Education,1,Education - Kinesiology,Female,School of Education and Human Development,0,1
Working,1,Computer Science - Interdisciplinary,Male,College and Graduate School of Arts & Sciences,1,1
Working,3,Economics,Male,College and Graduate School of Arts & Sciences,1,1
Working,3,Engineering - Systems Engineering,Male,School of Engineering & Applied Science,1,1
Continuing Education,0,Interdisciplinary Studies,Female,School of Continuing and Professional Studies,0,0
Working,1,Economics,Male,College and Graduate School of Arts & Sciences,1,1
Working,2,Statistics,Female,College and Graduate School of Arts & Sciences,1,1
Working,2,Computer Science - Interdisciplinary,Female,College and Graduate School of Arts & Sciences,1,1
Continuing Education,0,Biology,Female,College and Graduate School of Arts & Sciences,0,0
Continuing Education,0,Biology,Female,College and Graduate School of Arts & Sciences,0,0
Working,1,Biology,Female,College and Graduate School of Arts & Sciences,1,1
Working,2,Global Studies - Interdisciplinary,Female,College and Graduate School of Arts & Sciences,1,1
Working,0,Interdisciplinary Studies,Female,School of Continuing and Professional Studies,1,0
Continuing Education,0,Art - Art History,Female,College and Graduate School of Arts & Sciences,0,0
Volunteering,0,English,Female,College and Graduate School of Arts & Sciences,0,0
Working,3,Engineering - Computer Science,Female,School of Engineering & Applied Science,1,1
Working,3,Computer Science - Interdisciplinary,Male,College and Graduate School of Arts & Sciences,1,1
Working,1,Computer Science - Interdisciplinary,Male,College and Graduate School of Arts & Sciences,1,1
Working,1,Biology,Female,College and Graduate School of Arts & Sciences,1,1
Working,3,Engineering - Electrical Engineering,Female,School of Engineering & Applied Science,1,1
Working,1,Engineering - Computer Engineering,Female,School of Engineering & Applied Science,1,1
Working,1,Psychology,Female,College and Graduate School of Arts & Sciences,1,1
Working,2,Engineering - Systems Engineering,Female,School of Engineering & Applied Science,1,1
Working,1,Engineering - Computer Science,Female,School of Engineering & Applied Science,1,1
Continuing Education,0,Biology,Female,College and Graduate School of Arts & Sciences,0,0
Working,0,Government,Male,College and Graduate School of Arts & Sciences,1,0
Working,2,Engineering - Computer Engineering,Female,School of Engineering & Applied Science,1,1
Working,3,Statistics,Female,College and Graduate School of Arts & Sciences,1,1
Continuing Education,3,Global Studies - Interdisciplinary,Female,College and Graduate School of Arts & Sciences,0,1
Working,1,Engineering - Computer Science,Female,School of Engineering & Applied Science,1,1
Working,2,Religious Studies,Female,College and Graduate School of Arts & Sciences,1,1
Working,2,Statistics,Female,College and Graduate School of Arts & Sciences,1,1
Continuing Education,0,Education - Youth & Social Innovation,Male,School of Education and Human Development,0,0
Continuing Education,0,Global Studies - Interdisciplinary,Female,College and Graduate School of Arts & Sciences,0,0
Continuing Education,0,Engineering - Aerospace Engineering,Male,School of Engineering & Applied Science,0,0
Working,0,Sociology,Female,College and Graduate School of Arts & Sciences,1,0
Working,2,Economics,Male,College and Graduate School of Arts & Sciences,1,1
Working,3,Architecture,Female,School of Architecture,1,1
Continuing Education,3,Economics,Male,College and Graduate School of Arts & Sciences,0,1
Working,2,Economics,Male,College and Graduate School of Arts & Sciences,1,1
Continuing Education,0,French,Female,College and Graduate School of Arts & Sciences,0,0
Working,3,Engineering - Computer Science,Female,School of Engineering & Applied Science,1,1
Working,3,Interdisciplinary Studies,Female,College and Graduate School of Arts & Sciences,1,1
Working,1,Engineering - Systems Engineering,Male,School of Engineering & Applied Science,1,1
Working,1,Statistics,Male,College and Graduate School of Arts & Sciences,1,1
Continuing Education,2,Engineering - Biomedical Engineering,Female,School of Engineering & Applied Science,0,1
Working,2,Engineering - Systems Engineering,Female,School of Engineering & Applied Science,1,1
Working,2,Engineering - Civil Engineering,Female,School of Engineering & Applied Science,1,1
Working,3,Biology,Female,College and Graduate School of Arts & Sciences,1,1
Working,1,Economics,Female,College and Graduate School of Arts & Sciences,1,1
Working,3,Women Gender & Sexuality - Interdisciplinary,Female,College and Graduate School of Arts & Sciences,1,1
Working,0,French,Female,College and Graduate School of Arts & Sciences,1,0
Working,0,English,Female,College and Graduate School of Arts & Sciences,1,0
Volunteering,2,Spanish,Female,College and Graduate School of Arts & Sciences,0,1
Working,2,Engineering - Biomedical Engineering,Male,School of Engineering & Applied Science,1,1
Working,2,Computer Science - Interdisciplinary,Female,College and Graduate School of Arts & Sciences,1,1
Working,0,Biology,Male,College and Graduate School of Arts & Sciences,1,0
Working,2,Statistics,Female,College and Graduate School of Arts & Sciences,1,1
Working,1,Political & Social Thought - Interdisciplinary,Female,College and Graduate School of Arts & Sciences,1,1
Working,2,Economics,Female,College and Graduate School of Arts & Sciences,1,1
Working,1,Engineering - Computer Science,Male,School of Engineering & Applied Science,1,1
Continuing Education,0,Chemistry,Female,College and Graduate School of Arts & Sciences,0,0
Continuing Education,0,Chemistry,Female,College and Graduate School of Arts & Sciences,0,0
Working,2,Foreign Affairs,Female,College and Graduate School of Arts & Sciences,1,1
Working,0,Interdisciplinary Studies,Female,School of Continuing and Professional Studies,1,0
Continuing Education,2,Engineering - Mechanical Engineering,Female,School of Engineering & Applied Science,0,1
Working,0,Chemistry,Male,College and Graduate School of Arts & Sciences,1,0
Working,0,Psychology,Female,College and Graduate School of Arts & Sciences,1,0
Working,2,Architecture,Male,School of Architecture,1,1
Working,2,Engineering - Systems Engineering,Female,School of Engineering & Applied Science,1,1
Working,3,Foreign Affairs,Female,College and Graduate School of Arts & Sciences,1,1
Working,1,Statistics,Female,College and Graduate School of Arts & Sciences,1,1
Continuing Education,1,Global Studies - Interdisciplinary,Male,College and Graduate School of Arts & Sciences,0,1
Working,0,Global Studies - Interdisciplinary,Female,College and Graduate School of Arts & Sciences,1,0
Working,0,Architecture - Architectural History,Male,School of Architecture,1,0
Working,1,Philosophy,Female,College and Graduate School of Arts & Sciences,1,1
Working,1,Astronomy-Physics,Female,College and Graduate School of Arts & Sciences,1,1
Working,1,Art - Studio Art,Female,College and Graduate School of Arts & Sciences,1,1
Working,1,Engineering - Systems Engineering,Male,School of Engineering & Applied Science,1,1
Working,1,Engineering - Civil Engineering,Female,School of Engineering & Applied Science,1,1
Working,3,Government,Male,College and Graduate School of Arts & Sciences,1,1
Volunteering,1,Biology,Male,College and Graduate School of Arts & Sciences,0,1
Continuing Education,1,Chemistry,Male,College and Graduate School of Arts & Sciences,0,1
Working,2,Engineering - Chemical Engineering,Female,School of Engineering & Applied Science,1,1
Working,0,Economics,Male,College and Graduate School of Arts & Sciences,1,0
Working,2,Engineering - Computer Science,Male,School of Engineering & Applied Science,1,1
Working,3,Engineering - Computer Science,Female,School of Engineering & Applied Science,1,1
Working,2,Economics,Female,College and Graduate School of Arts & Sciences,1,1
Working,1,Computer Science - Interdisciplinary,Female,College and Graduate School of Arts & Sciences,1,1
Working,1,Global Studies - Interdisciplinary,Female,College and Graduate School of Arts & Sciences,1,1
Working,3,History,Female,College and Graduate School of Arts & Sciences,1,1
Working,1,Engineering - Computer Science,Male,School of Engineering & Applied Science,1,1
Continuing Education,1,Engineering - Biomedical Engineering,Female,School of Engineering & Applied Science,0,1
Working,1,Architecture,Female,School of Architecture,1,1
Continuing Education,2,Statistics,Male,College and Graduate School of Arts & Sciences,0,1
Continuing Education,2,History,Female,College and Graduate School of Arts & Sciences,0,1
Working,1,Economics,Male,College and Graduate School of Arts & Sciences,1,1
Working,2,Computer Science - Interdisciplinary,Female,College and Graduate School of Arts & Sciences,1,1
Working,1,Economics,Male,College and Graduate School of Arts & Sciences,1,1
Working,0,Neuroscience,Female,College and Graduate School of Arts & Sciences,1,0
Working,1,Cognitive Science - Interdisciplinary,Female,College and Graduate School of Arts & Sciences,1,1
Working,2,Engineering - Systems Engineering,Male,School of Engineering & Applied Science,1,1
Working,1,Psychology,Male,College and Graduate School of Arts & Sciences,1,1
Continuing Education,0,Psychology,Female,College and Graduate School of Arts & Sciences,0,0
Working,2,American Studies - Interdisciplinary,Female,College and Graduate School of Arts & Sciences,1,1
Working,1,Mathematics,Male,College and Graduate School of Arts & Sciences,1,1
Continuing Education,2,Government,Male,College and Graduate School of Arts & Sciences,0,1
Working,0,Anthropology,Female,College and Graduate School of Arts & Sciences,1,0
Working,2,Economics,Female,College and Graduate School of Arts & Sciences,1,1
Working,2,History,Male,College and Graduate School of Arts & Sciences,1,1
Working,2,Economics,Male,College and Graduate School of Arts & Sciences,1,1
Working,0,Cognitive Science - Interdisciplinary,Female,College and Graduate School of Arts & Sciences,1,0
Working,2,Engineering - Systems Engineering,Male,School of Engineering & Applied Science,1,1
Working,1,Economics,Female,College and Graduate School of Arts & Sciences,1,1
Working,1,Philosophy,Male,College and Graduate School of Arts & Sciences,1,1
Continuing Education,1,Statistics,Male,College and Graduate School of Arts & Sciences,0,1
Working,2,Engineering - Systems Engineering,Female,School of Engineering & Applied Science,1,1
Continuing Education,1,Government,Female,College and Graduate School of Arts & Sciences,0,1
Working,0,Engineering - Biomedical Engineering,Male,School of Engineering & Applied Science,1,0
Working,2,Psychology,Female,College and Graduate School of Arts & Sciences,1,1
Continuing Education,2,Physics,Female,College and Graduate School of Arts & Sciences,0,1
Working,3,Engineering - Mechanical Engineering,Male,School of Engineering & Applied Science,1,1
Working,1,Statistics,Female,College and Graduate School of Arts & Sciences,1,1
Continuing Education,1,Biology,Male,College and Graduate School of Arts & Sciences,0,1
Continuing Education,0,Engineering - Aerospace Engineering,Male,School of Engineering & Applied Science,0,0
Working,3,Global Studies - Interdisciplinary,Female,College and Graduate School of Arts & Sciences,1,1
Continuing Education,1,Computer Science - Interdisciplinary,Female,College and Graduate School of Arts & Sciences,0,1
Continuing Education,2,Education - Youth & Social Innovation,Female,School of Education and Human Development,0,1
Working,1,Economics,Female,College and Graduate School of Arts & Sciences,1,1
Working,2,Engineering - Computer Science,Male,School of Engineering & Applied Science,1,1
Continuing Education,1,Education - Kinesiology,Male,School of Education and Human Development,0,1
Continuing Education,1,Engineering - Computer Engineering,Female,School of Engineering & Applied Science,0,1
Military,0,Engineering - Aerospace Engineering,Female,School of Engineering & Applied Science,0,0
Working,3,Astronomy,Male,College and Graduate School of Arts & Sciences,1,1
Working,2,African-American & African Studies,Male,College and Graduate School of Arts & Sciences,1,1
Working,2,Engineering - Biomedical Engineering,Female,School of Engineering & Applied Science,1,1
Working,1,Computer Science - Interdisciplinary,Male,College and Graduate School of Arts & Sciences,1,1
Continuing Education,3,Government,Male,College and Graduate School of Arts & Sciences,0,1
Continuing Education,0,Anthropology,Female,College and Graduate School of Arts & Sciences,0,0
Working,1,Computer Science - Interdisciplinary,Male,College and Graduate School of Arts & Sciences,1,1
Working,1,Architecture,Male,School of Architecture,1,1
Working,0,Biology,Female,College and Graduate School of Arts & Sciences,1,0
Working,1,Education - Youth & Social Innovation,Female,School of Education and Human Development,1,1
Working,0,Biology,Male,College and Graduate School of Arts & Sciences,1,0
Continuing Education,1,Engineering - Civil Engineering,Female,School of Engineering & Applied Science,0,1
Working,2,Engineering - Systems Engineering,Male,School of Engineering & Applied Science,1,1
Continuing Education,2,Computer Science - Interdisciplinary,Male,College and Graduate School of Arts & Sciences,0,1
Working,2,Engineering - Computer Science,Male,School of Engineering & Applied Science,1,1
Working,1,Statistics,Female,College and Graduate School of Arts & Sciences,1,1
Working,2,Engineering - Systems Engineering,Female,School of Engineering & Applied Science,1,1
Working,2,Engineering - Computer Science,Male,School of Engineering & Applied Science,1,1
Working,2,English,Female,College and Graduate School of Arts & Sciences,1,1
Working,1,Computer Science - Interdisciplinary,Male,College and Graduate School of Arts & Sciences,1,1
Continuing Education,0,Chemistry,Female,College and Graduate School of Arts & Sciences,0,0
Working,1,Biology,Female,College and Graduate School of Arts & Sciences,1,1
Working,3,Foreign Affairs,Female,College and Graduate School of Arts & Sciences,1,1
Continuing Education,3,Government - Foreign Affairs,Female,College and Graduate School of Arts & Sciences,0,1
Military,0,History,Male,College and Graduate School of Arts & Sciences,0,0
Working,1,Economics,Male,College and Graduate School of Arts & Sciences,1,1
Working,1,Engineering - Civil Engineering,Male,School of Engineering & Applied Science,1,1
Working,1,Global Studies - Interdisciplinary,Female,College and Graduate School of Arts & Sciences,1,1
Working,1,Engineering - Computer Science,Male,School of Engineering & Applied Science,1,1
Working,1,Computer Science - Interdisciplinary,Male,College and Graduate School of Arts & Sciences,1,1
Working,1,Engineering - Computer Science,Male,School of Engineering & Applied Science,1,1
Working,2,Engineering - Mechanical Engineering,Male,School of Engineering & Applied Science,1,1
Working,1,Architecture - Urban & Environmental Planning,Male,School of Architecture,1,1
Working,3,Computer Science - Interdisciplinary,Female,College and Graduate School of Arts & Sciences,1,1
Working,1,Biology,Male,College and Graduate School of Arts & Sciences,1,1
Continuing Education,0,Education - Kinesiology,Female,School of Education and Human Development,0,0
Working,2,Engineering - Computer Science,Male,School of Engineering & Applied Science,1,1
Working,1,Economics,Male,College and Graduate School of Arts & Sciences,1,1
Working,1,Foreign Affairs,Female,College and Graduate School of Arts & Sciences,1,1
Working,2,Engineering - Civil Engineering,Female,School of Engineering & Applied Science,1,1
Working,1,Biology,Female,College and Graduate School of Arts & Sciences,1,1
Continuing Education,2,Engineering - Aerospace Engineering,Male,School of Engineering & Applied Science,0,1
Working,1,Statistics,Male,College and Graduate School of Arts & Sciences,1,1
Working,1,Engineering - Mechanical Engineering,Male,School of Engineering & Applied Science,1,1
Working,0,Chemistry,Female,College and Graduate School of Arts & Sciences,1,0
Working,3,Biology,Male,College and Graduate School of Arts & Sciences,1,1
Continuing Education,0,Philosophy,Male,College and Graduate School of Arts & Sciences,0,0
Working,1,Engineering - Civil Engineering,Female,School of Engineering & Applied Science,1,1
Continuing Education,0,Psychology,Female,College and Graduate School of Arts & Sciences,0,0
Working,0,Biology,Female,College and Graduate School of Arts & Sciences,1,0
Working,0,Cognitive Science - Interdisciplinary,Female,College and Graduate School of Arts & Sciences,1,0
Working,2,Computer Science - Interdisciplinary,Female,College and Graduate School of Arts & Sciences,1,1
Working,1,Engineering - Computer Engineering,Male,School of Engineering & Applied Science,1,1
Working,1,Environmental Sciences,Female,College and Graduate School of Arts & Sciences,1,1
Working,2,Engineering - Computer Science,Female,School of Engineering & Applied Science,1,1
Working,0,Engineering - Computer Science,Male,School of Engineering & Applied Science,1,0
Working,1,Engineering - Computer Science,Female,School of Engineering & Applied Science,1,1
Working,3,Government,Female,College and Graduate School of Arts & Sciences,1,1
Continuing Education,1,Education - Kinesiology,Male,School of Education and Human Development,0,1
Continuing Education,1,Psychology,Female,College and Graduate School of Arts & Sciences,0,1
Working,0,Government,Male,College and Graduate School of Arts & Sciences,1,0
Working,2,Media Studies - Interdisciplinary,Female,College and Graduate School of Arts & Sciences,1,1
Working,2,Philosophy,Female,College and Graduate School of Arts & Sciences,1,1
Continuing Education,3,Statistics,Female,College and Graduate School of Arts & Sciences,0,1
Working,1,Government,Male,College and Graduate School of Arts & Sciences,1,1
Continuing Education,2,Mathematics,Female,College and Graduate School of Arts & Sciences,0,1
Continuing Education,1,Biology,Female,College and Graduate School of Arts & Sciences,0,1
Working,1,Economics,Male,College and Graduate School of Arts & Sciences,1,1
Working,3,Economics,Male,College and Graduate School of Arts & Sciences,1,1
Working,1,Engineering - Biomedical Engineering,Female,School of Engineering & Applied Science,1,1
Continuing Education,2,Spanish,Female,College and Graduate School of Arts & Sciences,0,1
Continuing Education,1,Anthropology,Female,College and Graduate School of Arts & Sciences,0,1
Working,1,Economics,Female,College and Graduate School of Arts & Sciences,1,1
Working,2,Engineering - Systems Engineering,Male,School of Engineering & Applied Science,1,1
Continuing Education,2,Government,Female,College and Graduate School of Arts & Sciences,0,1
Continuing Education,3,Media Studies - Interdisciplinary,Female,College and Graduate School of Arts & Sciences,0,1
Working,2,Engineering - Computer Science,Male,School of Engineering & Applied Science,1,1
Working,0,Psychology,Female,College and Graduate School of Arts & Sciences,1,0
Working,2,Economics,Female,College and Graduate School of Arts & Sciences,1,1
Working,3,Global Studies - Interdisciplinary,Female,College and Graduate School of Arts & Sciences,1,1
Continuing Education,3,Global Studies - Interdisciplinary,Female,College and Graduate School of Arts & Sciences,0,1
Working,1,Engineering - Computer Science,Female,School of Engineering & Applied Science,1,1
Working,2,Chemistry,Male,College and Graduate School of Arts & Sciences,1,1
Working,2,Statistics,Male,College and Graduate School of Arts & Sciences,1,1
Working,2,Engineering - Aerospace Engineering,Male,School of Engineering & Applied Science,1,1
Working,2,Economics,Male,College and Graduate School of Arts & Sciences,1,1
Working,3,Engineering - Computer Science,Male,School of Engineering & Applied Science,1,1
Military,0,Engineering - Mechanical Engineering,Male,School of Engineering & Applied Science,0,0
Continuing Education,1,Psychology,Female,College and Graduate School of Arts & Sciences,0,1
Working,2,Biology,Female,College and Graduate School of Arts & Sciences,1,1
Working,1,Engineering - Computer Engineering,Female,School of Engineering & Applied Science,1,1
Working,3,Spanish,Female,College and Graduate School of Arts & Sciences,1,1
Continuing Education,1,Education - Kinesiology,Female,School of Education and Human Development,0,1
Continuing Education,1,Statistics,Male,College and Graduate School of Arts & Sciences,0,1
Working,1,Engineering - Mechanical Engineering,Male,School of Engineering & Applied Science,1,1
Continuing Education,2,Biology,Male,College and Graduate School of Arts & Sciences,0,1
Volunteering,0,Engineering - Biomedical Engineering,Male,School of Engineering & Applied Science,0,0
Working,3,Computer Science - Interdisciplinary,Male,College and Graduate School of Arts & Sciences,1,1
Working,1,Engineering - Systems Engineering,Female,School of Engineering & Applied Science,1,1
Working,1,Biology,Female,College and Graduate School of Arts & Sciences,1,1
Working,2,Philosophy,Female,College and Graduate School of Arts & Sciences,1,1
Working,2,Engineering - Mechanical Engineering,Female,School of Engineering & Applied Science,1,1
Working,1,Economics,Female,College and Graduate School of Arts & Sciences,1,1
Working,3,Engineering - Computer Science,Male,School of Engineering & Applied Science,1,1
Working,1,Architecture,Female,School of Architecture,1,1
Working,2,Engineering - Biomedical Engineering,Female,School of Engineering & Applied Science,1,1
Working,2,Engineering - Computer Science,Male,School of Engineering & Applied Science,1,1
Working,2,Cognitive Science - Interdisciplinary,Male,College and Graduate School of Arts & Sciences,1,1
Working,2,Economics,Male,College and Graduate School of Arts & Sciences,1,1
Working,0,History,Male,College and Graduate School of Arts & Sciences,1,0
Volunteering,0,Government,Female,College and Graduate School of Arts & Sciences,0,0
Working,3,Engineering - Biomedical Engineering,Female,School of Engineering & Applied Science,1,1
Continuing Education,2,Engineering - Civil Engineering,Male,School of Engineering & Applied Science,0,1
Working,2,English,Female,College and Graduate School of Arts & Sciences,1,1
Continuing Education,2,Cognitive Science - Interdisciplinary,Male,College and Graduate School of Arts & Sciences,0,1
Working,1,Engineering - Civil Engineering,Male,School of Engineering & Applied Science,1,1
Working,1,Biology,Female,College and Graduate School of Arts & Sciences,1,1
Working,0,Chemistry,Female,College and Graduate School of Arts & Sciences,1,0
Working,0,Psychology,Female,College and Graduate School of Arts & Sciences,1,0
Working,3,Art - Art History,Female,College and Graduate School of Arts & Sciences,1,1
Working,1,Psychology,Female,College and Graduate School of Arts & Sciences,1,1
Working,0,Engineering - Biomedical Engineering,Female,School of Engineering & Applied Science,1,0
Working,1,Foreign Affairs,Female,College and Graduate School of Arts & Sciences,1,1
Working,2,Engineering - Computer Science,Male,School of Engineering & Applied Science,1,1
Working,3,Statistics,Female,College and Graduate School of Arts & Sciences,1,1
Working,1,Biology,Female,College and Graduate School of Arts & Sciences,1,1
Working,0,Statistics,Female,College and Graduate School of Arts & Sciences,1,0
Working,0,Cognitive Science - Interdisciplinary,Female,College and Graduate School of Arts & Sciences,1,0
Working,1,Computer Science - Interdisciplinary,Male,College and Graduate School of Arts & Sciences,1,1
Continuing Education,0,Statistics,Male,College and Graduate School of Arts & Sciences,0,0
Working,2,Engineering - Computer Science,Male,School of Engineering & Applied Science,1,1
Working,2,Engineering - Computer Science,Male,School of Engineering & Applied Science,1,1
Working,3,Economics,Female,College and Graduate School of Arts & Sciences,1,1
Working,1,Engineering - Biomedical Engineering,Female,School of Engineering & Applied Science,1,1
Working,1,Cognitive Science - Interdisciplinary,Female,College and Graduate School of Arts & Sciences,1,1
Working,1,Engineering - Biomedical Engineering,Female,School of Engineering & Applied Science,1,1
Continuing Education,1,Cognitive Science - Interdisciplinary,Female,College and Graduate School of Arts & Sciences,0,1
Working,0,History,Female,College and Graduate School of Arts & Sciences,1,0
Working,1,History,Male,College and Graduate School of Arts & Sciences,1,1
Not Seeking,0,Sociology,Female,College and Graduate School of Arts & Sciences,0,0
Continuing Education,0,Chemistry,Female,College and Graduate School of Arts & Sciences,0,0
Continuing Education,1,Statistics,Male,College and Graduate School of Arts & Sciences,0,1
Working,1,Engineering - Chemical Engineering,Male,School of Engineering & Applied Science,1,1
Continuing Education,1,Environmental Sciences,Male,College and Graduate School of Arts & Sciences,0,1
Working,0,Biology,Male,College and Graduate School of Arts & Sciences,1,0
Working,2,Engineering - Aerospace Engineering,Male,School of Engineering & Applied Science,1,1
Working,1,Computer Science - Interdisciplinary,Male,College and Graduate School of Arts & Sciences,1,1
Working,1,Engineering - Chemical Engineering,Female,School of Engineering & Applied Science,1,1
Working,1,Engineering - Chemical Engineering,Male,School of Engineering & Applied Science,1,1
Working,0,Cognitive Science - Interdisciplinary,Female,College and Graduate School of Arts & Sciences,1,0
Working,2,Global Studies - Interdisciplinary,Female,College and Graduate School of Arts & Sciences,1,1
Continuing Education,1,Economics,Male,College and Graduate School of Arts & Sciences,0,1
Working,2,Engineering - Mechanical Engineering,Male,School of Engineering & Applied Science,1,1
Working,3,Biology,Female,College and Graduate School of Arts & Sciences,1,1
Working,3,Engineering - Electrical Engineering,Male,School of Engineering & Applied Science,1,1
Working,2,Computer Science - Interdisciplinary,Male,College and Graduate School of Arts & Sciences,1,1
Continuing Education,0,Statistics,Female,College and Graduate School of Arts & Sciences,0,0
Working,2,Engineering - Civil Engineering,Male,School of Engineering & Applied Science,1,1
Working,2,Architecture,Female,School of Architecture,1,1
Working,2,Statistics,Female,College and Graduate School of Arts & Sciences,1,1
Working,1,Engineering - Computer Science,Male,School of Engineering & Applied Science,1,1
Working,1,Engineering - Computer Science,Male,School of Engineering & Applied Science,1,1
Continuing Education,2,Architecture - Urban & Environmental Planning,Male,School of Architecture,0,1
Continuing Education,0,Architecture,Female,School of Architecture,0,0
Working,3,Engineering - Systems Engineering,Male,School of Engineering & Applied Science,1,1
Working,1,Engineering - Systems Engineering,Male,School of Engineering & Applied Science,1,1
Continuing Education,0,Neuroscience,Male,College and Graduate School of Arts & Sciences,0,0
Working,2,Education - Youth & Social Innovation,Female,School of Education and Human Development,1,1
Working,2,English,Male,College and Graduate School of Arts & Sciences,1,1
Working,1,Computer Science - Interdisciplinary,Male,College and Graduate School of Arts & Sciences,1,1
Working,3,Global Studies - Interdisciplinary,Female,College and Graduate School of Arts & Sciences,1,1
Continuing Education,1,Foreign Affairs,Female,College and Graduate School of Arts & Sciences,0,1
Working,3,Environmental Sciences,Female,College and Graduate School of Arts & Sciences,1,1
Working,2,Engineering - Biomedical Engineering,Male,School of Engineering & Applied Science,1,1
Continuing Education,1,Engineering - Systems Engineering,Male,School of Engineering & Applied Science,0,1
Working,2,Engineering - Biomedical Engineering,Male,School of Engineering & Applied Science,1,1
Working,2,Foreign Affairs,Female,College and Graduate School of Arts & Sciences,1,1
Working,0,Engineering - Mechanical Engineering,Male,School of Engineering & Applied Science,1,0
Working,2,Engineering - Systems Engineering,Male,School of Engineering & Applied Science,1,1
Working,2,Engineering - Systems Engineering,Female,School of Engineering & Applied Science,1,1
Working,2,Music,Female,College and Graduate School of Arts & Sciences,1,1
Working,2,Cognitive Science - Interdisciplinary,Female,College and Graduate School of Arts & Sciences,1,1
Continuing Education,3,Engineering - Aerospace Engineering,Female,School of Engineering & Applied Science,0,1
Working,0,Biology,Male,College and Graduate School of Arts & Sciences,1,0
Continuing Education,0,Biology,Female,College and Graduate School of Arts & Sciences,0,0
Working,0,Engineering - Mechanical Engineering,Female,School of Engineering & Applied Science,1,0
Working,3,Engineering - Systems Engineering,Female,School of Engineering & Applied Science,1,1
Continuing Education,1,Engineering - Biomedical Engineering,Male,School of Engineering & Applied Science,0,1
Military,1,Engineering - Mechanical Engineering,Male,School of Engineering & Applied Science,0,1
Continuing Education,2,Architecture - Urban & Environmental Planning,Male,School of Architecture,0,1
Working,2,Engineering - Biomedical Engineering,Female,School of Engineering & Applied Science,1,1
Working,0,Economics,Female,College and Graduate School of Arts & Sciences,1,0
Continuing Education,3,Spanish,Female,College and Graduate School of Arts & Sciences,0,1
Continuing Education,0,Spanish,Female,College and Graduate School of Arts & Sciences,0,0
Working,1,Media Studies - Interdisciplinary,Female,College and Graduate School of Arts & Sciences,1,1
Working,3,Engineering - Computer Science,Male,School of Engineering & Applied Science,1,1
Continuing Education,2,Engineering - Systems Engineering,Male,School of Engineering & Applied Science,0,1
Continuing Education,0,Education - Kinesiology,Female,School of Education and Human Development,0,0
Continuing Education,2,Education - Youth & Social Innovation,Female,School of Education and Human Development,0,1
Continuing Education,2,Foreign Affairs,Female,College and Graduate School of Arts & Sciences,0,1
Working,3,Engineering - Electrical Engineering,Male,School of Engineering & Applied Science,1,1
Working,3,Government,Male,College and Graduate School of Arts & Sciences,1,1
Continuing Education,2,Art - Art History,Female,College and Graduate School of Arts & Sciences,0,1
Working,1,Engineering - Electrical Engineering,Male,School of Engineering & Applied Science,1,1
Continuing Education,0,Chemistry,Female,College and Graduate School of Arts & Sciences,0,0
Working,0,Engineering - Computer Science,Male,School of Engineering & Applied Science,1,0
Continuing Education,0,Engineering - Engineering Science,Female,School of Engineering & Applied Science,0,0
Working,3,Economics,Male,College and Graduate School of Arts & Sciences,1,1
Working,1,Engineering - Biomedical Engineering,Female,School of Engineering & Applied Science,1,1
Working,1,Engineering - Systems Engineering,Female,School of Engineering & Applied Science,1,1
Working,2,Foreign Affairs,Female,College and Graduate School of Arts & Sciences,1,1
Working,3,English,Female,College and Graduate School of Arts & Sciences,1,1
Working,1,Psychology,Female,College and Graduate School of Arts & Sciences,1,1
Continuing Education,3,Education - Special Education,Female,School of Education and Human Development,0,1
Continuing Education,0,Physics,Female,College and Graduate School of Arts & Sciences,0,0
Working,0,Education - Kinesiology,Female,School of Education and Human Development,1,0
Working,2,Engineering - Civil Engineering,Female,School of Engineering & Applied Science,1,1
Working,2,Engineering - Computer Science,Male,School of Engineering & Applied Science,1,1
Working,2,Engineering - Computer Science,Female,School of Engineering & Applied Science,1,1
Working,1,Computer Science - Interdisciplinary,Male,College and Graduate School of Arts & Sciences,1,1
Working,0,Biology,Female,College and Graduate School of Arts & Sciences,1,0
Working,2,Environmental Sciences,Female,College and Graduate School of Arts & Sciences,1,1
Working,1,Engineering - Computer Science,Male,School of Engineering & Applied Science,1,1
Continuing Education,3,Economics,Female,College and Graduate School of Arts & Sciences,0,1
Continuing Education,1,Foreign Affairs,Female,College and Graduate School of Arts & Sciences,0,1
Continuing Education,1,Engineering - Computer Science,Male,School of Engineering & Applied Science,0,1
Working,1,Education - Kinesiology,Female,School of Education and Human Development,1,1
Military,0,Engineering - Systems Engineering,Male,School of Engineering & Applied Science,0,0
Working,0,Political Philosophy Policy & Law - Interdisciplinary,Female,College and Graduate School of Arts & Sciences,1,0
Working,3,Engineering - Computer Science,Male,School of Engineering & Applied Science,1,1
Working,2,Engineering - Computer Science,Male,School of Engineering & Applied Science,1,1
Working,2,Engineering - Systems Engineering,Male,School of Engineering & Applied Science,1,1
Continuing Education,1,Engineering - Systems Engineering,Female,School of Engineering & Applied Science,0,1
Working,1,Engineering - Civil Engineering,Female,School of Engineering & Applied Science,1,1
Working,1,Computer Science - Interdisciplinary,Male,College and Graduate School of Arts & Sciences,1,1
Working,2,Biology,Female,College and Graduate School of Arts & Sciences,1,1
Continuing Education,2,Architecture,Female,School of Architecture,0,1
Working,3,Engineering - Mechanical Engineering,Female,School of Engineering & Applied Science,1,1
Working,2,Engineering - Computer Science,Male,School of Engineering & Applied Science,1,1
Working,1,Cognitive Science - Interdisciplinary,Female,College and Graduate School of Arts & Sciences,1,1
Working,3,Architecture - Urban & Environmental Planning,Male,School of Architecture,1,1
Continuing Education,2,Engineering - Electrical Engineering,Male,School of Engineering & Applied Science,0,1
Working,3,Engineering - Mechanical Engineering,Male,School of Engineering & Applied Science,1,1
Continuing Education,1,Chemistry,Male,College and Graduate School of Arts & Sciences,0,1
Continuing Education,0,Psychology,Male,College and Graduate School of Arts & Sciences,0,0
Working,0,Education - Elementary Education,Female,School of Education and Human Development,1,0
Continuing Education,2,Engineering - Computer Science,Female,School of Engineering & Applied Science,0,1
Continuing Education,0,Spanish,Female,College and Graduate School of Arts & Sciences,0,0
Continuing Education,3,Engineering - Systems Engineering,Male,School of Engineering & Applied Science,0,1
Working,1,Computer Science - Interdisciplinary,Male,College and Graduate School of Arts & Sciences,1,1
Continuing Education,1,Global Studies - Interdisciplinary,Female,College and Graduate School of Arts & Sciences,0,1
Working,1,English,Female,College and Graduate School of Arts & Sciences,1,1
Working,2,Economics,Male,College and Graduate School of Arts & Sciences,1,1
Continuing Education,1,Statistics,Male,College and Graduate School of Arts & Sciences,0,1
Volunteering,0,Foreign Affairs,Male,College and Graduate School of Arts & Sciences,0,0
Working,2,Engineering - Computer Engineering,Male,School of Engineering & Applied Science,1,1
Working,1,Biology,Male,College and Graduate School of Arts & Sciences,1,1
Working,1,Computer Science - Interdisciplinary,Male,College and Graduate School of Arts & Sciences,1,1
Working,0,Engineering - Computer Science,Female,School of Engineering & Applied Science,1,0
Working,3,Engineering - Aerospace Engineering,Male,School of Engineering & Applied Science,1,1
Working,1,Biology,Female,College and Graduate School of Arts & Sciences,1,1
Volunteering,2,Engineering - Civil Engineering,Female,School of Engineering & Applied Science,0,1
Working,0,Engineering - Biomedical Engineering,Female,School of Engineering & Applied Science,1,0
Working,1,Engineering - Electrical Engineering,Male,School of Engineering & Applied Science,1,1
Continuing Education,1,Media Studies - Interdisciplinary,Female,College and Graduate School of Arts & Sciences,0,1
Continuing Education,1,Cognitive Science - Interdisciplinary,Male,College and Graduate School of Arts & Sciences,0,1
Continuing Education,1,Engineering - Biomedical Engineering,Female,School of Engineering & Applied Science,0,1
Working,2,Economics,Female,College and Graduate School of Arts & Sciences,1,1
Working,1,Cognitive Science - Interdisciplinary,Male,College and Graduate School of Arts & Sciences,1,1
Working,3,Statistics,Male,College and Graduate School of Arts & Sciences,1,1
Working,1,Engineering - Aerospace Engineering,Male,School of Engineering & Applied Science,1,1
Working,1,Engineering - Systems Engineering,Male,School of Engineering & Applied Science,1,1
Working,0,Engineering - Biomedical Engineering,Female,School of Engineering & Applied Science,1,0
Continuing Education,0,Psychology,Female,College and Graduate School of Arts & Sciences,0,0
Working,2,Engineering - Systems Engineering,Male,School of Engineering & Applied Science,1,1
Working,3,Computer Science - Interdisciplinary,Male,College and Graduate School of Arts & Sciences,1,1
Working,1,Mathematics,Male,College and Graduate School of Arts & Sciences,1,1
Working,2,Economics,Male,College and Graduate School of Arts & Sciences,1,1
Working,1,Engineering - Chemical Engineering,Male,School of Engineering & Applied Science,1,1
Working,0,Engineering - Aerospace Engineering,Male,School of Engineering & Applied Science,1,0
Working,3,Global Studies - Interdisciplinary,Female,College and Graduate School of Arts & Sciences,1,1
Working,2,Foreign Affairs,Female,College and Graduate School of Arts & Sciences,1,1
Working,1,Engineering - Computer Science,Male,School of Engineering & Applied Science,1,1
Continuing Education,0,Education - Kinesiology,Female,School of Education and Human Development,0,0
Working,1,Engineering - Computer Engineering,Male,School of Engineering & Applied Science,1,1
Continuing Education,0,Engineering - Mechanical Engineering,Male,School of Engineering & Applied Science,0,0
Working,1,Engineering - Mechanical Engineering,Female,School of Engineering & Applied Science,1,1
Working,1,Economics,Female,College and Graduate School of Arts & Sciences,1,1
Working,1,Architecture,Male,School of Architecture,1,1
Continuing Education,1,Engineering - Mechanical Engineering,Male,School of Engineering & Applied Science,0,1
Working,1,Engineering - Systems Engineering,Male,School of Engineering & Applied Science,1,1
Working,1,Engineering - Chemical Engineering,Female,School of Engineering & Applied Science,1,1
Working,1,Computer Science - Interdisciplinary,Female,College and Graduate School of Arts & Sciences,1,1
Continuing Education,2,Psychology,Female,College and Graduate School of Arts & Sciences,0,1
Working,3,Economics,Male,College and Graduate School of Arts & Sciences,1,1
Continuing Education,1,Foreign Affairs,Female,College and Graduate School of Arts & Sciences,0,1
Continuing Education,1,Education - Youth & Social Innovation,Female,School of Education and Human Development,0,1
Working,1,Psychology,Female,College and Graduate School of Arts & Sciences,1,1
Working,2,Economics,Female,College and Graduate School of Arts & Sciences,1,1
Working,1,English,Female,College and Graduate School of Arts & Sciences,1,1
Working,1,Engineering - Systems Engineering,Female,School of Engineering & Applied Science,1,1
Working,3,Environmental Sciences,Female,College and Graduate School of Arts & Sciences,1,1
Continuing Education,1,Religious Studies,Female,College and Graduate School of Arts & Sciences,0,1
Working,0,Anthropology,Female,College and Graduate School of Arts & Sciences,1,0
Continuing Education,3,Statistics,Female,College and Graduate School of Arts & Sciences,0,1
Continuing Education,0,Education - Youth & Social Innovation,Female,School of Education and Human Development,0,0
Working,0,Psychology,Female,College and Graduate School of Arts & Sciences,1,0
Continuing Education,0,Philosophy,Male,College and Graduate School of Arts & Sciences,0,0
Working,2,Spanish,Male,College and Graduate School of Arts & Sciences,1,1
Working,3,Engineering - Civil Engineering,Male,School of Engineering & Applied Science,1,1
Working,1,Engineering - Civil Engineering,Female,School of Engineering & Applied Science,1,1
Continuing Education,1,Environmental Sciences,Male,College and Graduate School of Arts & Sciences,0,1
Working,2,Media Studies - Interdisciplinary,Female,College and Graduate School of Arts & Sciences,1,1
Working,2,Engineering - Mechanical Engineering,Male,School of Engineering & Applied Science,1,1
Working,2,Economics,Male,College and Graduate School of Arts & Sciences,1,1
Working,1,Economics,Male,College and Graduate School of Arts & Sciences,1,1
Working,2,Engineering - Biomedical Engineering,Female,School of Engineering & Applied Science,1,1
Working,3,Environmental Sciences,Female,College and Graduate School of Arts & Sciences,1,1
Working,2,Statistics,Female,College and Graduate School of Arts & Sciences,1,1
Working,0,Engineering - Mechanical Engineering,Female,School of Engineering & Applied Science,1,0
Continuing Education,2,Women Gender & Sexuality - Interdisciplinary,Male,College and Graduate School of Arts & Sciences,0,1
Continuing Education,3,Engineering - Biomedical Engineering,Female,School of Engineering & Applied Science,0,1
Working,0,Computer Science - Interdisciplinary,Male,College and Graduate School of Arts & Sciences,1,0
Continuing Education,2,Engineering - Computer Science,Female,School of Engineering & Applied Science,0,1
Continuing Education,2,Biology,Female,College and Graduate School of Arts & Sciences,0,1
Working,1,Statistics,Male,College and Graduate School of Arts & Sciences,1,1
Working,1,Computer Science - Interdisciplinary,Male,College and Graduate School of Arts & Sciences,1,1
Working,2,Spanish,Female,College and Graduate School of Arts & Sciences,1,1
Continuing Education,1,Engineering - Biomedical Engineering,Female,School of Engineering & Applied Science,0,1
Continuing Education,1,Environmental Sciences,Female,College and Graduate School of Arts & Sciences,0,1
Working,2,Education - Youth & Social Innovation,Female,School of Education and Human Development,1,1
Working,1,Global Studies - Interdisciplinary,Female,College and Graduate School of Arts & Sciences,1,1
Working,2,Biology,Female,College and Graduate School of Arts & Sciences,1,1
Working,2,Statistics,Male,College and Graduate School of Arts & Sciences,1,1
Working,2,Foreign Affairs,Female,College and Graduate School of Arts & Sciences,1,1
Working,1,Biology,Female,College and Graduate School of Arts & Sciences,1,1
Working,0,Engineering - Computer Science,Male,School of Engineering & Applied Science,1,0
Working,2,Government,Female,College and Graduate School of Arts & Sciences,1,1
Continuing Education,2,Engineering - Civil Engineering,Male,School of Engineering & Applied Science,0,1
Working,2,Engineering - Computer Science,Female,School of Engineering & Applied Science,1,1
Working,0,Biology,Male,College and Graduate School of Arts & Sciences,1,0
Working,0,Psychology,Female,College and Graduate School of Arts & Sciences,1,0
Working,2,Economics,Female,College and Graduate School of Arts & Sciences,1,1
Working,1,Engineering - Mechanical Engineering,Male,School of Engineering & Applied Science,1,1
Working,1,Economics,Female,College and Graduate School of Arts & Sciences,1,1
Continuing Education,0,Cognitive Science - Interdisciplinary,Male,College and Graduate School of Arts & Sciences,0,0
Continuing Education,1,Engineering - Chemical Engineering,Female,School of Engineering & Applied Science,0,1
Working,2,History,Male,College and Graduate School of Arts & Sciences,1,1
Continuing Education,0,Psychology,Female,College and Graduate School of Arts & Sciences,0,0
Working,2,Engineering - Computer Science,Female,School of Engineering & Applied Science,1,1
Working,2,Engineering - Aerospace Engineering,Male,School of Engineering & Applied Science,1,1
Continuing Education,1,Statistics,Female,College and Graduate School of Arts & Sciences,0,1
Continuing Education,0,Biology,Female,College and Graduate School of Arts & Sciences,0,0
Working,1,Economics,Male,College and Graduate School of Arts & Sciences,1,1
Working,0,Engineering - Biomedical Engineering,Female,School of Engineering & Applied Science,1,0
Continuing Education,3,Education - Elementary Education,Female,School of Education and Human Development,0,1
Working,3,Economics,Male,College and Graduate School of Arts & Sciences,1,1
Continuing Education,3,Biology,Female,College and Graduate School of Arts & Sciences,0,1
Working,1,Engineering - Computer Science,Male,School of Engineering & Applied Science,1,1
Continuing Education,3,Economics,Male,College and Graduate School of Arts & Sciences,0,1
Working,1,Global Studies - Interdisciplinary,Male,College and Graduate School of Arts & Sciences,1,1
Working,3,Government,Female,College and Graduate School of Arts & Sciences,1,1
Working,2,Computer Science - Interdisciplinary,Male,College and Graduate School of Arts & Sciences,1,1
Continuing Education,0,Human Biology - Interdisciplinary,Female,College and Graduate School of Arts & Sciences,0,0
Working,2,Engineering - Computer Science,Male,School of Engineering & Applied Science,1,1
Working,1,Media Studies - Interdisciplinary,Female,College and Graduate School of Arts & Sciences,1,1
Continuing Education,1,Engineering - Chemical Engineering,Female,School of Engineering & Applied Science,0,1
Working,2,Engineering - Computer Science,Female,School of Engineering & Applied Science,1,1
Working,2,Engineering - Biomedical Engineering,Male,School of Engineering & Applied Science,1,1
Working,1,Engineering - Chemical Engineering,Female,School of Engineering & Applied Science,1,1
Working,1,Statistics,Male,College and Graduate School of Arts & Sciences,1,1
Continuing Education,2,Cognitive Science - Interdisciplinary,Female,College and Graduate School of Arts & Sciences,0,1
Working,0,Engineering - Mechanical Engineering,Female,School of Engineering & Applied Science,1,0
Working,1,Biology,Female,College and Graduate School of Arts & Sciences,1,1
Working,2,Engineering - Electrical Engineering,Female,School of Engineering & Applied Science,1,1
Working,1,Engineering - Civil Engineering,Female,School of Engineering & Applied Science,1,1
Working,1,Drama,Female,College and Graduate School of Arts & Sciences,1,1
Continuing Education,1,History,Female,College and Graduate School of Arts & Sciences,0,1
Working,1,Engineering - Engineering Science,Male,School of Engineering & Applied Science,1,1
Working,0,Education - Kinesiology,Female,School of Education and Human Development,1,0
Working,1,Engineering - Biomedical Engineering,Female,School of Engineering & Applied Science,1,1
Working,1,Sociology,Female,College and Graduate School of Arts & Sciences,1,1
Working,2,Foreign Affairs,Female,College and Graduate School of Arts & Sciences,1,1
Continuing Education,2,Computer Science - Interdisciplinary,Female,College and Graduate School of Arts & Sciences,0,1
Working,3,Psychology,Female,College and Graduate School of Arts & Sciences,1,1
Working,2,Engineering - Systems Engineering,Female,School of Engineering & Applied Science,1,1
Working,1,Engineering - Computer Science,Male,School of Engineering & Applied Science,1,1
Working,2,Economics,Male,College and Graduate School of Arts & Sciences,1,1
Continuing Education,2,Physics,Male,College and Graduate School of Arts & Sciences,0,1
Working,3,Engineering - Systems Engineering,Male,School of Engineering & Applied Science,1,1
Working,2,Psychology,Female,College and Graduate School of Arts & Sciences,1,1
Continuing Education,1,Mathematics,Male,College and Graduate School of Arts & Sciences,0,1
Working,1,Engineering - Electrical Engineering,Male,School of Engineering & Applied Science,1,1
Working,2,Engineering - Biomedical Engineering,Female,School of Engineering & Applied Science,1,1
Volunteering,2,Global Studies - Interdisciplinary,Female,College and Graduate School of Arts & Sciences,0,1
Continuing Education,2,Global Studies - Interdisciplinary,Female,College and Graduate School of Arts & Sciences,0,1
Working,3,Computer Science - Interdisciplinary,Male,College and Graduate School of Arts & Sciences,1,1
Working,2,Engineering - Computer Science,Female,School of Engineering & Applied Science,1,1
Working,2,Government,Male,College and Graduate School of Arts & Sciences,1,1
Working,2,Computer Science - Interdisciplinary,Female,College and Graduate School of Arts & Sciences,1,1
Working,3,English,Male,College and Graduate School of Arts & Sciences,1,1
Continuing Education,0,Mathematics,Male,College and Graduate School of Arts & Sciences,0,0
Working,1,Biology,Female,College and Graduate School of Arts & Sciences,1,1
Working,0,Chemistry,Female,College and Graduate School of Arts & Sciences,1,0
Working,2,Biology,Male,College and Graduate School of Arts & Sciences,1,1
Working,1,Statistics,Female,College and Graduate School of Arts & Sciences,1,1
Working,1,Education - Elementary Education,Female,School of Education and Human Development,1,1
Working,1,Engineering - Systems Engineering,Female,School of Engineering & Applied Science,1,1
Continuing Education,3,Global Studies - Interdisciplinary,Female,College and Graduate School of Arts & Sciences,0,1
Working,0,Computer Science - Interdisciplinary,Female,College and Graduate School of Arts & Sciences,1,0
Continuing Education,0,French,Female,College and Graduate School of Arts & Sciences,0,0
Working,1,Economics,Male,College and Graduate School of Arts & Sciences,1,1
Continuing Education,1,Engineering - Biomedical Engineering,Male,School of Engineering & Applied Science,0,1
Working,3,Foreign Affairs,Female,College and Graduate School of Arts & Sciences,1,1
Continuing Education,0,Education - Speech Communication Disorders,Female,School of Education and Human Development,0,0
Continuing Education,0,Government,Male,College and Graduate School of Arts & Sciences,0,0
Working,3,Engineering - Biomedical Engineering,Female,School of Engineering & Applied Science,1,1
Working,0,Engineering - Biomedical Engineering,Female,School of Engineering & Applied Science,1,0
Continuing Education,1,Psychology,Female,College and Graduate School of Arts & Sciences,0,1
Continuing Education,3,Art - Studio Art,Female,College and Graduate School of Arts & Sciences,0,1
Working,1,Engineering - Civil Engineering,Female,School of Engineering & Applied Science,1,1
Working,2,English,Female,College and Graduate School of Arts & Sciences,1,1
Working,0,Music,Male,College and Graduate School of Arts & Sciences,1,0
Working,0,Psychology,Female,College and Graduate School of Arts & Sciences,1,0
Working,3,Economics,Male,College and Graduate School of Arts & Sciences,1,1
Working,3,Engineering - Computer Science,Male,School of Engineering & Applied Science,1,1
Working,2,Engineering - Computer Science,Female,School of Engineering & Applied Science,1,1
Working,1,Computer Science - Interdisciplinary,Male,College and Graduate School of Arts & Sciences,1,1
Working,1,Economics,Male,College and Graduate School of Arts & Sciences,1,1
Continuing Education,1,Engineering - Biomedical Engineering,Male,School of Engineering & Applied Science,0,1
Continuing Education,0,Sociology,Male,College and Graduate School of Arts & Sciences,0,0
Working,2,Engineering - Mechanical Engineering,Female,School of Engineering & Applied Science,1,1
Working,2,Neuroscience,Male,College and Graduate School of Arts & Sciences,1,1
Working,0,Spanish,Female,College and Graduate School of Arts & Sciences,1,0
Working,0,Environmental Sciences,Male,College and Graduate School of Arts & Sciences,1,0
Working,1,Cognitive Science - Interdisciplinary,Female,College and Graduate School of Arts & Sciences,1,1
Working,1,History,Female,College and Graduate School of Arts & Sciences,1,1
Working,2,Engineering - Chemical Engineering,Male,School of Engineering & Applied Science,1,1
Working,2,Computer Science - Interdisciplinary,Female,College and Graduate School of Arts & Sciences,1,1
Working,1,Engineering - Mechanical Engineering,Male,School of Engineering & Applied Science,1,1
Continuing Education,0,Cognitive Science - Interdisciplinary,Female,College and Graduate School of Arts & Sciences,0,0
Working,3,Art - Art History,Female,College and Graduate School of Arts & Sciences,1,1
Continuing Education,3,Anthropology,Female,College and Graduate School of Arts & Sciences,0,1
Working,3,Engineering - Computer Engineering,Male,School of Engineering & Applied Science,1,1
Continuing Education,0,Cognitive Science - Interdisciplinary,Female,College and Graduate School of Arts & Sciences,0,0
Working,0,Media Studies - Interdisciplinary,Female,College and Graduate School of Arts & Sciences,1,0
Continuing Education,0,Global Studies - Interdisciplinary,Female,College and Graduate School of Arts & Sciences,0,0
Working,1,Computer Science - Interdisciplinary,Male,College and Graduate School of Arts & Sciences,1,1
Working,2,Statistics,Female,College and Graduate School of Arts & Sciences,1,1
Working,0,Spanish,Female,College and Graduate School of Arts & Sciences,1,0
Working,2,Psychology,Female,College and Graduate School of Arts & Sciences,1,1
Working,0,Biology,Female,College and Graduate School of Arts & Sciences,1,0
Continuing Education,0,Economics,Male,College and Graduate School of Arts & Sciences,0,0
Working,3,Global Studies - Interdisciplinary,Female,College and Graduate School of Arts & Sciences,1,1
Continuing Education,0,Sociology,Male,College and Graduate School of Arts & Sciences,0,0
Working,1,Engineering - Biomedical Engineering,Male,School of Engineering & Applied Science,1,1
Working,2,African-American & African Studies,Female,College and Graduate School of Arts & Sciences,1,1
Continuing Education,2,Education - Kinesiology,Male,School of Education and Human Development,0,1
Working,1,Sociology,Female,College and Graduate School of Arts & Sciences,1,1
Working,1,Environmental Sciences,Female,College and Graduate School of Arts & Sciences,1,1
Working,2,Engineering - Mechanical Engineering,Male,School of Engineering & Applied Science,1,1
Working,2,Engineering - Biomedical Engineering,Female,School of Engineering & Applied Science,1,1
Continuing Education,2,Economics,Female,College and Graduate School of Arts & Sciences,0,1
Continuing Education,1,Biology,Female,College and Graduate School of Arts & Sciences,0,1
Working,3,Engineering - Biomedical Engineering,Female,School of Engineering & Applied Science,1,1
Working,0,Global Studies - Interdisciplinary,Female,College and Graduate School of Arts & Sciences,1,0
Continuing Education,1,Economics,Male,College and Graduate School of Arts & Sciences,0,1
Working,2,Engineering - Aerospace Engineering,Male,School of Engineering & Applied Science,1,1
Working,1,Biology,Female,College and Graduate School of Arts & Sciences,1,1
Working,1,Biology,Female,College and Graduate School of Arts & Sciences,1,1
Working,2,American Studies - Interdisciplinary,Female,College and Graduate School of Arts & Sciences,1,1
Continuing Education,2,Biology,Male,College and Graduate School of Arts & Sciences,0,1
Working,3,Biology,Female,College and Graduate School of Arts & Sciences,1,1
Continuing Education,2,Economics,Female,College and Graduate School of Arts & Sciences,0,1
Working,3,Economics,Male,College and Graduate School of Arts & Sciences,1,1
Working,1,Engineering - Biomedical Engineering,Female,School of Engineering & Applied Science,1,1
Working,3,Mathematics,Male,College and Graduate School of Arts & Sciences,1,1
Working,1,Economics,Female,College and Graduate School of Arts & Sciences,1,1
Working,0,Engineering - Chemical Engineering,Female,School of Engineering & Applied Science,1,0
Working,1,Engineering - Computer Engineering,Male,School of Engineering & Applied Science,1,1
Working,3,Engineering - Computer Science,Male,School of Engineering & Applied Science,1,1
Continuing Education,1,Economics,Female,College and Graduate School of Arts & Sciences,0,1
Working,3,Statistics,Male,College and Graduate School of Arts & Sciences,1,1
Continuing Education,2,Architecture,Female,School of Architecture,0,1
Continuing Education,3,Chemistry,Male,College and Graduate School of Arts & Sciences,0,1
Working,2,Economics,Female,College and Graduate School of Arts & Sciences,1,1
Working,1,Engineering - Civil Engineering,Female,School of Engineering & Applied Science,1,1
Working,1,Computer Science - Interdisciplinary,Male,College and Graduate School of Arts & Sciences,1,1
Continuing Education,0,History,Male,College and Graduate School of Arts & Sciences,0,0
Working,3,Engineering - Computer Science,Male,School of Engineering & Applied Science,1,1
Continuing Education,2,Economics,Female,College and Graduate School of Arts & Sciences,0,1
Working,1,Computer Science - Interdisciplinary,Female,College and Graduate School of Arts & Sciences,1,1
Working,0,Cognitive Science - Interdisciplinary,Female,College and Graduate School of Arts & Sciences,1,0
Continuing Education,2,Government,Female,College and Graduate School of Arts & Sciences,0,1
Working,1,Media Studies - Interdisciplinary,Female,College and Graduate School of Arts & Sciences,1,1
Continuing Education,1,English,Female,College and Graduate School of Arts & Sciences,0,1
Working,2,Economics,Female,College and Graduate School of Arts & Sciences,1,1
Working,1,Engineering - Chemical Engineering,Male,School of Engineering & Applied Science,1,1
Working,1,Economics,Male,College and Graduate School of Arts & Sciences,1,1
Working,2,Engineering - Systems Engineering,Female,School of Engineering & Applied Science,1,1
Working,1,Engineering - Civil Engineering,Male,School of Engineering & Applied Science,1,1
Working,0,Statistics,Female,College and Graduate School of Arts & Sciences,1,0
Continuing Education,2,Engineering - Computer Science,Female,School of Engineering & Applied Science,0,1
Continuing Education,0,Physics,Male,College and Graduate School of Arts & Sciences,0,0
Working,2,Engineering - Biomedical Engineering,Female,School of Engineering & Applied Science,1,1
Continuing Education,2,Economics,Male,College and Graduate School of Arts & Sciences,0,1
Working,1,Computer Science - Interdisciplinary,Female,College and Graduate School of Arts & Sciences,1,1
Working,1,Computer Science - Interdisciplinary,Male,College and Graduate School of Arts & Sciences,1,1
Working,2,Spanish,Female,College and Graduate School of Arts & Sciences,1,1
Working,2,Engineering - Systems Engineering,Male,School of Engineering & Applied Science,1,1
Continuing Education,0,English,Female,College and Graduate School of Arts & Sciences,0,0
Working,3,Human Biology - Interdisciplinary,Male,College and Graduate School of Arts & Sciences,1,1
Continuing Education,2,Engineering - Chemical Engineering,Male,School of Engineering & Applied Science,0,1
Working,2,Engineering - Computer Science,Female,School of Engineering & Applied Science,1,1
Working,3,Engineering - Mechanical Engineering,Male,School of Engineering & Applied Science,1,1
Working,0,Chemistry,Female,College and Graduate School of Arts & Sciences,1,0
Working,2,Engineering - Biomedical Engineering,Female,School of Engineering & Applied Science,1,1
Working,2,Economics,Male,College and Graduate School of Arts & Sciences,1,1
Working,2,Economics,Male,College and Graduate School of Arts & Sciences,1,1
Continuing Education,1,History,Female,College and Graduate School of Arts & Sciences,0,1
Continuing Education,3,Media Studies - Interdisciplinary,Female,College and Graduate School of Arts & Sciences,0,1
Working,2,Anthropology,Female,College and Graduate School of Arts & Sciences,1,1
Working,1,Engineering - Mechanical Engineering,Female,School of Engineering & Applied Science,1,1
Working,3,Engineering - Civil Engineering,Male,School of Engineering & Applied Science,1,1
Working,1,History,Male,College and Graduate School of Arts & Sciences,1,1
Working,2,Economics,Female,College and Graduate School of Arts & Sciences,1,1
Working,2,Cognitive Science - Interdisciplinary,Female,College and Graduate School of Arts & Sciences,1,1
Working,3,Engineering - Systems Engineering,Female,School of Engineering & Applied Science,1,1
Continuing Education,0,Biology,Female,College and Graduate School of Arts & Sciences,0,0
Working,2,Engineering - Chemical Engineering,Male,School of Engineering & Applied Science,1,1
Working,2,Engineering - Computer Science,Male,School of Engineering & Applied Science,1,1
Working,1,Biology,Female,College and Graduate School of Arts & Sciences,1,1
Working,3,Global Studies - Interdisciplinary,Female,College and Graduate School of Arts & Sciences,1,1
Working,2,Economics,Male,College and Graduate School of Arts & Sciences,1,1
Working,1,Sociology,Female,College and Graduate School of Arts & Sciences,1,1
Continuing Education,1,Education - Youth & Social Innovation,Female,School of Education and Human Development,0,1
Working,2,American Studies - Interdisciplinary,Male,College and Graduate School of Arts & Sciences,1,1
Working,3,Political & Social Thought - Interdisciplinary,Female,College and Graduate School of Arts & Sciences,1,1
Continuing Education,1,Biology,Female,College and Graduate School of Arts & Sciences,0,1
Working,1,Economics,Male,College and Graduate School of Arts & Sciences,1,1
Continuing Education,0,Psychology,Female,College and Graduate School of Arts & Sciences,0,0
Working,1,Engineering - Chemical Engineering,Female,School of Engineering & Applied Science,1,1
Continuing Education,0,Engineering - Chemical Engineering,Female,School of Engineering & Applied Science,0,0
Working,1,Statistics,Male,College and Graduate School of Arts & Sciences,1,1
Continuing Education,1,Engineering - Chemical Engineering,Female,School of Engineering & Applied Science,0,1
Working,2,Computer Science - Interdisciplinary,Male,College and Graduate School of Arts & Sciences,1,1
Continuing Education,3,Engineering - Computer Science,Male,School of Engineering & Applied Science,0,1
Continuing Education,3,Engineering - Systems Engineering,Male,School of Engineering & Applied Science,0,1
Continuing Education,0,Physics,Male,College and Graduate School of Arts & Sciences,0,0
Working,2,Government,Female,College and Graduate School of Arts & Sciences,1,1
Continuing Education,2,Engineering - Electrical Engineering,Male,School of Engineering & Applied Science,0,1
Continuing Education,3,Media Studies - Interdisciplinary,Male,College and Graduate School of Arts & Sciences,0,1
Working,0,Engineering - Mechanical Engineering,Female,School of Engineering & Applied Science,1,0
Working,3,Engineering - Civil Engineering,Male,School of Engineering & Applied Science,1,1
Working,1,Statistics,Female,College and Graduate School of Arts & Sciences,1,1
Working,2,Economics,Female,College and Graduate School of Arts & Sciences,1,1
Working,2,Engineering - Computer Engineering,Female,School of Engineering & Applied Science,1,1
Continuing Education,0,Education - Speech Communication Disorders,Female,School of Education and Human Development,0,0
Continuing Education,1,Economics,Female,College and Graduate School of Arts & Sciences,0,1
Working,1,Engineering - Biomedical Engineering,Female,School of Engineering & Applied Science,1,1
Working,2,Art - Art History,Male,College and Graduate School of Arts & Sciences,1,1
Working,3,Engineering - Systems Engineering,Female,School of Engineering & Applied Science,1,1
Working,0,Engineering - Computer Science,Male,School of Engineering & Applied Science,1,0
Continuing Education,0,Cognitive Science - Interdisciplinary,Female,College and Graduate School of Arts & Sciences,0,0
Working,2,Engineering - Aerospace Engineering,Male,School of Engineering & Applied Science,1,1
Working,3,History,Female,College and Graduate School of Arts & Sciences,1,1
Working,3,Engineering - Systems Engineering,Male,School of Engineering & Applied Science,1,1
Working,1,Engineering - Computer Science,Male,School of Engineering & Applied Science,1,1
Continuing Education,3,Government,Female,College and Graduate School of Arts & Sciences,0,1
Working,3,Engineering - Mechanical Engineering,Male,School of Engineering & Applied Science,1,1
Continuing Education,2,Foreign Affairs,Male,College and Graduate School of Arts & Sciences,0,1
Working,1,Engineering - Chemical Engineering,Male,School of Engineering & Applied Science,1,1
Military,3,Engineering - Systems Engineering,Female,School of Engineering & Applied Science,0,1
Continuing Education,2,Chemistry,Male,College and Graduate School of Arts & Sciences,0,1
Working,2,Computer Science - Interdisciplinary,Female,College and Graduate School of Arts & Sciences,1,1
Working,0,History,Male,College and Graduate School of Arts & Sciences,1,0
Working,1,Engineering - Electrical Engineering,Male,School of Engineering & Applied Science,1,1
Working,0,Psychology,Female,College and Graduate School of Arts & Sciences,1,0
Working,2,Economics,Female,College and Graduate School of Arts & Sciences,1,1
Working,3,Economics,Male,College and Graduate School of Arts & Sciences,1,1
Working,1,Biology,Male,College and Graduate School of Arts & Sciences,1,1
Working,2,Engineering - Systems Engineering,Female,School of Engineering & Applied Science,1,1
Working,2,Engineering - Civil Engineering,Female,School of Engineering & Applied Science,1,1
Continuing Education,1,Global Studies - Interdisciplinary,Female,College and Graduate School of Arts & Sciences,0,1
Working,3,Art - Studio Art,Female,College and Graduate School of Arts & Sciences,1,1
Working,0,Computer Science - Interdisciplinary,Male,College and Graduate School of Arts & Sciences,1,0
Continuing Education,3,Political & Social Thought - Interdisciplinary,Female,College and Graduate School of Arts & Sciences,0,1
Working,1,Engineering - Mechanical Engineering,Female,School of Engineering & Applied Science,1,1
Continuing Education,0,Biology,Female,College and Graduate School of Arts & Sciences,0,0
Working,1,Engineering - Chemical Engineering,Male,School of Engineering & Applied Science,1,1
Working,2,Economics,Male,College and Graduate School of Arts & Sciences,1,1
Continuing Education,1,Chemistry,Female,College and Graduate School of Arts & Sciences,0,1
Continuing Education,1,Engineering - Biomedical Engineering,Male,School of Engineering & Applied Science,0,1
Continuing Education,0,Psychology,Male,College and Graduate School of Arts & Sciences,0,0
Working,1,Education - Kinesiology,Female,School of Education and Human Development,1,1
Working,1,Engineering - Systems Engineering,Female,School of Engineering & Applied Science,1,1
Working,3,Media Studies - Interdisciplinary,Female,College and Graduate School of Arts & Sciences,1,1
Working,3,Biology,Male,College and Graduate School of Arts & Sciences,1,1
Working,3,Sociology,Female,College and Graduate School of Arts & Sciences,1,1
Continuing Education,1,Human Biology - Interdisciplinary,Female,College and Graduate School of Arts & Sciences,0,1
Working,3,Economics,Male,College and Graduate School of Arts & Sciences,1,1
Continuing Education,0,Psychology,Female,College and Graduate School of Arts & Sciences,0,0
Continuing Education,2,Media Studies - Interdisciplinary,Male,College and Graduate School of Arts & Sciences,0,1
Working,2,Global Studies - Interdisciplinary,Female,College and Graduate School of Arts & Sciences,1,1
Working,3,Engineering - Biomedical Engineering,Female,School of Engineering & Applied Science,1,1
Continuing Education,3,Government,Female,College and Graduate School of Arts & Sciences,0,1
Continuing Education,2,Statistics,Female,College and Graduate School of Arts & Sciences,0,1
Working,3,Economics,Male,College and Graduate School of Arts & Sciences,1,1
Continuing Education,0,Psychology,Female,College and Graduate School of Arts & Sciences,0,0
Working,2,Foreign Affairs,Male,College and Graduate School of Arts & Sciences,1,1
Working,0,English,Female,College and Graduate School of Arts & Sciences,1,0
Continuing Education,0,Chemistry,Male,College and Graduate School of Arts & Sciences,0,0
Working,2,Biology,Female,College and Graduate School of Arts & Sciences,1,1
Working,0,Economics,Female,College and Graduate School of Arts & Sciences,1,0
Working,0,Chemistry,Male,College and Graduate School of Arts & Sciences,1,0
Working,3,Political & Social Thought - Interdisciplinary,Male,College and Graduate School of Arts & Sciences,1,1
Working,2,Computer Science - Interdisciplinary,Male,College and Graduate School of Arts & Sciences,1,1
Working,3,Engineering - Biomedical Engineering,Male,School of Engineering & Applied Science,1,1
Working,2,Statistics,Male,College and Graduate School of Arts & Sciences,1,1
Working,2,Economics,Female,College and Graduate School of Arts & Sciences,1,1
Working,1,Engineering - Computer Science,Male,School of Engineering & Applied Science,1,1
Continuing Education,2,Engineering - Biomedical Engineering,Female,School of Engineering & Applied Science,0,1
Continuing Education,0,Education - Kinesiology,Female,School of Education and Human Development,0,0
Working,3,Psychology,Female,College and Graduate School of Arts & Sciences,1,1
Working,2,Economics,Male,College and Graduate School of Arts & Sciences,1,1
Continuing Education,2,English,Female,College and Graduate School of Arts & Sciences,0,1
Working,2,English,Female,College and Graduate School of Arts & Sciences,1,1
Military,3,Psychology,Female,College and Graduate School of Arts & Sciences,0,1
Working,2,Global Studies - Interdisciplinary,Female,College and Graduate School of Arts & Sciences,1,1
Working,3,Environmental Sciences,Female,College and Graduate School of Arts & Sciences,1,1
Continuing Education,2,Government,Male,College and Graduate School of Arts & Sciences,0,1
Working,0,Biology,Female,College and Graduate School of Arts & Sciences,1,0
Continuing Education,0,Physics,Male,College and Graduate School of Arts & Sciences,0,0
Continuing Education,3,Engineering - Computer Science,Female,School of Engineering & Applied Science,0,1
Continuing Education,0,Biology,Male,College and Graduate School of Arts & Sciences,0,0
Working,1,Computer Science - Interdisciplinary,Male,College and Graduate School of Arts & Sciences,1,1
Working,1,Biology,Female,College and Graduate School of Arts & Sciences,1,1
Working,1,Engineering - Systems Engineering,Male,School of Engineering & Applied Science,1,1
Continuing Education,3,Global Studies - Interdisciplinary,Female,College and Graduate School of Arts & Sciences,0,1
Working,2,Media Studies - Interdisciplinary,Male,College and Graduate School of Arts & Sciences,1,1
Working,1,Computer Science - Interdisciplinary,Male,College and Graduate School of Arts & Sciences,1,1
Working,2,Engineering - Computer Science,Female,School of Engineering & Applied Science,1,1
Working,0,Japanese Language & Literature - Interdisciplinary,Female,College and Graduate School of Arts & Sciences,1,0
Continuing Education,2,Economics,Male,College and Graduate School of Arts & Sciences,0,1
Working,0,Mathematics,Male,College and Graduate School of Arts & Sciences,1,0
Working,2,Mathematics,Female,College and Graduate School of Arts & Sciences,1,1
Working,3,Environmental Sciences,Male,College and Graduate School of Arts & Sciences,1,1
Working,3,Government,Male,College and Graduate School of Arts & Sciences,1,1
Working,3,Computer Science - Interdisciplinary,Male,College and Graduate School of Arts & Sciences,1,1
Working,1,Engineering - Computer Science,Male,School of Engineering & Applied Science,1,1
Working,2,Economics,Female,College and Graduate School of Arts & Sciences,1,1
Working,3,Engineering - Biomedical Engineering,Female,School of Engineering & Applied Science,1,1
Working,2,Engineering - Civil Engineering,Female,School of Engineering & Applied Science,1,1
Continuing Education,1,Engineering - Computer Science,Male,School of Engineering & Applied Science,0,1
Working,0,English,Male,College and Graduate School of Arts & Sciences,1,0
Continuing Education,0,Physics,Male,College and Graduate School of Arts & Sciences,0,0
Continuing Education,3,Art - Art History,Female,College and Graduate School of Arts & Sciences,0,1
Working,3,Economics,Female,College and Graduate School of Arts & Sciences,1,1
Working,2,Government,Female,College and Graduate School of Arts & Sciences,1,1
Working,2,Computer Science - Interdisciplinary,Female,College and Graduate School of Arts & Sciences,1,1
Continuing Education,1,Statistics,Female,College and Graduate School of Arts & Sciences,0,1
Working,0,English,Female,College and Graduate School of Arts & Sciences,1,0
Working,3,Media Studies - Interdisciplinary,Female,College and Graduate School of Arts & Sciences,1,1
Working,1,Engineering - Civil Engineering,Female,School of Engineering & Applied Science,1,1
Continuing Education,0,Engineering - Biomedical Engineering,Female,School of Engineering & Applied Science,0,0
Working,0,Physics,Male,College and Graduate School of Arts & Sciences,1,0
Working,3,Engineering - Mechanical Engineering,Male,School of Engineering & Applied Science,1,1
Continuing Education,0,History,Female,College and Graduate School of Arts & Sciences,0,0
Continuing Education,0,Human Biology - Interdisciplinary,Female,College and Graduate School of Arts & Sciences,0,0
Working,0,Engineering - Computer Engineering,Male,School of Engineering & Applied Science,1,0
Working,3,Engineering - Mechanical Engineering,Male,School of Engineering & Applied Science,1,1
Working,3,Global Studies - Interdisciplinary,Female,College and Graduate School of Arts & Sciences,1,1
Continuing Education,1,Psychology,Female,College and Graduate School of Arts & Sciences,0,1
Working,2,Media Studies - Interdisciplinary,Female,College and Graduate School of Arts & Sciences,1,1
Working,3,Statistics,Male,College and Graduate School of Arts & Sciences,1,1
Working,3,Engineering - Systems Engineering,Male,School of Engineering & Applied Science,1,1
Continuing Education,2,Statistics,Male,College and Graduate School of Arts & Sciences,0,1
Continuing Education,0,Education - Youth & Social Innovation,Female,School of Education and Human Development,0,0
Working,1,Statistics,Male,College and Graduate School of Arts & Sciences,1,1
Working,2,Political & Social Thought - Interdisciplinary,Female,College and Graduate School of Arts & Sciences,1,1
Working,1,Engineering - Computer Science,Female,School of Engineering & Applied Science,1,1
Working,2,Engineering - Computer Engineering,Female,School of Engineering & Applied Science,1,1
Working,2,Statistics,Female,College and Graduate School of Arts & Sciences,1,1
Working,2,Engineering - Computer Engineering,Male,School of Engineering & Applied Science,1,1
Continuing Education,1,History,Female,College and Graduate School of Arts & Sciences,0,1
Working,1,Engineering - Computer Science,Female,School of Engineering & Applied Science,1,1
Working,1,Art - Art History,Female,College and Graduate School of Arts & Sciences,1,1
Working,0,Biology,Male,College and Graduate School of Arts & Sciences,1,0
Working,0,Cognitive Science - Interdisciplinary,Female,College and Graduate School of Arts & Sciences,1,0
Continuing Education,0,Biology,Female,College and Graduate School of Arts & Sciences,0,0
Continuing Education,2,Engineering - Computer Engineering,Male,School of Engineering & Applied Science,0,1
Working,1,Engineering - Computer Engineering,Male,School of Engineering & Applied Science,1,1
Working,0,Computer Science - Interdisciplinary,Male,College and Graduate School of Arts & Sciences,1,0
Continuing Education,1,Engineering - Computer Engineering,Male,School of Engineering & Applied Science,0,1
Continuing Education,1,Chemistry,Female,College and Graduate School of Arts & Sciences,0,1
Working,3,Engineering - Computer Science,Male,School of Engineering & Applied Science,1,1
Working,3,Global Studies - Interdisciplinary,Female,College and Graduate School of Arts & Sciences,1,1
Working,2,Medieval Studies - Interdisciplinary,Female,College and Graduate School of Arts & Sciences,1,1
Working,0,Government,Male,College and Graduate School of Arts & Sciences,1,0
Not Seeking,2,Architecture,Male,School of Architecture,0,1
Continuing Education,1,Engineering - Biomedical Engineering,Female,School of Engineering & Applied Science,0,1
Working,1,Psychology,Female,College and Graduate School of Arts & Sciences,1,1
Working,1,Foreign Affairs,Female,College and Graduate School of Arts & Sciences,1,1
Military,0,German,Female,College and Graduate School of Arts & Sciences,0,0
Working,2,Engineering - Civil Engineering,Male,School of Engineering & Applied Science,1,1
Working,3,Global Studies - Interdisciplinary,Male,College and Graduate School of Arts & Sciences,1,1
Continuing Education,1,Engineering - Computer Science,Male,School of Engineering & Applied Science,0,1
Working,0,Education - Kinesiology,Female,School of Education and Human Development,1,0
Working,2,Engineering - Computer Engineering,Male,School of Engineering & Applied Science,1,1
Continuing Education,0,Education - Kinesiology,Female,School of Education and Human Development,0,0
Working,1,Education - Kinesiology,Female,School of Education and Human Development,1,1
Working,0,Mathematics,Female,College and Graduate School of Arts & Sciences,1,0
Working,1,Environmental Sciences,Female,College and Graduate School of Arts & Sciences,1,1
Working,0,Psychology,Male,College and Graduate School of Arts & Sciences,1,0
Working,1,Economics,Male,College and Graduate School of Arts & Sciences,1,1
Working,1,Engineering - Chemical Engineering,Female,School of Engineering & Applied Science,1,1
Continuing Education,0,Education - Kinesiology,Female,School of Education and Human Development,0,0
Working,3,Foreign Affairs,Male,College and Graduate School of Arts & Sciences,1,1
Working,0,Engineering - Biomedical Engineering,Female,School of Engineering & Applied Science,1,0
Working,1,Engineering - Systems Engineering,Male,School of Engineering & Applied Science,1,1
Working,3,Government,Female,College and Graduate School of Arts & Sciences,1,1
Continuing Education,2,English,Female,College and Graduate School of Arts & Sciences,0,1
Working,1,Engineering - Computer Science,Male,School of Engineering & Applied Science,1,1
Working,3,Global Studies - Interdisciplinary,Female,College and Graduate School of Arts & Sciences,1,1
Working,3,Cognitive Science - Interdisciplinary,Female,College and Graduate School of Arts & Sciences,1,1
Working,3,Architecture,Male,School of Architecture,1,1
Continuing Education,1,History,Female,College and Graduate School of Arts & Sciences,0,1
Continuing Education,2,Economics,Male,College and Graduate School of Arts & Sciences,0,1
Working,3,Foreign Affairs,Male,College and Graduate School of Arts & Sciences,1,1
Working,2,Economics,Female,College and Graduate School of Arts & Sciences,1,1
Working,3,Japanese Language & Literature - Interdisciplinary,Female,College and Graduate School of Arts & Sciences,1,1
Working,1,Engineering - Systems Engineering,Male,School of Engineering & Applied Science,1,1
Continuing Education,0,Art - Studio Art,Female,College and Graduate School of Arts & Sciences,0,0
Working,1,Engineering - Computer Science,Female,School of Engineering & Applied Science,1,1
Working,0,Psychology,Female,College and Graduate School of Arts & Sciences,1,0
Working,1,Mathematics,Female,College and Graduate School of Arts & Sciences,1,1
Continuing Education,2,Engineering - Biomedical Engineering,Female,School of Engineering & Applied Science,0,1
Working,1,Education - Kinesiology,Female,School of Education and Human Development,1,1
Working,2,Economics,Male,College and Graduate School of Arts & Sciences,1,1
Continuing Education,0,American Studies - Interdisciplinary,Male,College and Graduate School of Arts & Sciences,0,0
Continuing Education,0,Education - Kinesiology,Female,School of Education and Human Development,0,0
Continuing Education,3,Biology,Female,College and Graduate School of Arts & Sciences,0,1
Continuing Education,1,Economics,Female,College and Graduate School of Arts & Sciences,0,1
Working,3,Biology,Female,College and Graduate School of Arts & Sciences,1,1
Working,2,Media Studies - Interdisciplinary,Male,College and Graduate School of Arts & Sciences,1,1
Working,1,Engineering - Biomedical Engineering,Male,School of Engineering & Applied Science,1,1
Working,2,Engineering - Civil Engineering,Male,School of Engineering & Applied Science,1,1
Working,2,Government,Male,College and Graduate School of Arts & Sciences,1,1
Working,3,Engineering - Computer Science,Male,School of Engineering & Applied Science,1,1
Working,1,Foreign Affairs,Female,College and Graduate School of Arts & Sciences,1,1
Working,0,Engineering - Computer Science,Male,School of Engineering & Applied Science,1,0
Continuing Education,1,Economics,Male,College and Graduate School of Arts & Sciences,0,1
Continuing Education,1,Statistics,Female,College and Graduate School of Arts & Sciences,0,1
Working,3,Architecture,Female,School of Architecture,1,1
Working,0,Neuroscience,Female,College and Graduate School of Arts & Sciences,1,0
Continuing Education,1,Education - Kinesiology,Male,School of Education and Human Development,0,1
Working,1,Economics,Male,College and Graduate School of Arts & Sciences,1,1
Continuing Education,0,Engineering - Biomedical Engineering,Female,School of Engineering & Applied Science,0,0
Continuing Education,2,English,Female,College and Graduate School of Arts & Sciences,0,1
Continuing Education,2,Engineering - Chemical Engineering,Male,School of Engineering & Applied Science,0,1
Continuing Education,1,Engineering - Biomedical Engineering,Female,School of Engineering & Applied Science,0,1
Working,2,Global Studies - Interdisciplinary,Male,College and Graduate School of Arts & Sciences,1,1
Working,2,Spanish,Male,College and Graduate School of Arts & Sciences,1,1
Continuing Education,1,Engineering - Mechanical Engineering,Female,School of Engineering & Applied Science,0,1
Working,1,Engineering - Computer Engineering,Male,School of Engineering & Applied Science,1,1
Continuing Education,1,Art - Art History,Male,College and Graduate School of Arts & Sciences,0,1
Continuing Education,0,Global Studies - Interdisciplinary,Female,College and Graduate School of Arts & Sciences,0,0
Working,3,Engineering - Computer Science,Female,School of Engineering & Applied Science,1,1
Working,2,Education - Youth & Social Innovation,Female,School of Education and Human Development,1,1
Continuing Education,1,Economics,Female,College and Graduate School of Arts & Sciences,0,1
Continuing Education,3,Architecture - Urban & Environmental Planning,Female,School of Architecture,0,1
Working,1,Computer Science - Interdisciplinary,Male,College and Graduate School of Arts & Sciences,1,1
Working,0,Economics,Male,College and Graduate School of Arts & Sciences,1,0
Working,3,Engineering - Mechanical Engineering,Male,School of Engineering & Applied Science,1,1
Working,1,Engineering - Systems Engineering,Female,School of Engineering & Applied Science,1,1
Working,0,Economics,Male,College and Graduate School of Arts & Sciences,1,0
Working,2,Media Studies - Interdisciplinary,Female,College and Graduate School of Arts & Sciences,1,1
Working,2,Engineering - Biomedical Engineering,Male,School of Engineering & Applied Science,1,1
Military,0,Engineering - Aerospace Engineering,Male,School of Engineering & Applied Science,0,0
Working,1,Engineering - Civil Engineering,Female,School of Engineering & Applied Science,1,1
Continuing Education,0,Physics,Male,College and Graduate School of Arts & Sciences,0,0
Working,2,Statistics,Female,College and Graduate School of Arts & Sciences,1,1
Working,3,Foreign Affairs,Female,College and Graduate School of Arts & Sciences,1,1
Working,3,Engineering - Systems Engineering,Female,School of Engineering & Applied Science,1,1
Working,0,Engineering - Biomedical Engineering,Male,School of Engineering & Applied Science,1,0
Working,0,Global Studies - Interdisciplinary,Female,College and Graduate School of Arts & Sciences,1,0
Continuing Education,2,Foreign Affairs,Female,College and Graduate School of Arts & Sciences,0,1
Working,1,Biology,Female,College and Graduate School of Arts & Sciences,1,1
Military,0,Engineering - Mechanical Engineering,Male,School of Engineering & Applied Science,0,0
Working,3,Economics,Female,College and Graduate School of Arts & Sciences,1,1
Continuing Education,0,Chemistry,Female,College and Graduate School of Arts & Sciences,0,0
Working,2,Engineering - Computer Science,Male,School of Engineering & Applied Science,1,1
Working,1,Computer Science - Interdisciplinary,Female,College and Graduate School of Arts & Sciences,1,1
Working,1,Environmental Sciences,Male,College and Graduate School of Arts & Sciences,1,1
Working,2,Statistics,Female,College and Graduate School of Arts & Sciences,1,1
Working,2,Statistics,Male,College and Graduate School of Arts & Sciences,1,1
Continuing Education,3,Biology,Female,College and Graduate School of Arts & Sciences,0,1
Working,2,Engineering - Computer Science,Female,School of Engineering & Applied Science,1,1
Continuing Education,0,Cognitive Science - Interdisciplinary,Female,College and Graduate School of Arts & Sciences,0,0
Volunteering,0,Global Studies - Interdisciplinary,Female,College and Graduate School of Arts & Sciences,0,0
Continuing Education,0,Chemistry,Male,College and Graduate School of Arts & Sciences,0,0
Working,3,History,Male,College and Graduate School of Arts & Sciences,1,1
Continuing Education,1,Anthropology,Female,College and Graduate School of Arts & Sciences,0,1
Working,3,Spanish,Male,College and Graduate School of Arts & Sciences,1,1
Working,1,Statistics,Female,College and Graduate School of Arts & Sciences,1,1
Working,0,Global Studies - Interdisciplinary,Female,College and Graduate School of Arts & Sciences,1,0
Working,3,Engineering - Computer Science,Female,School of Engineering & Applied Science,1,1
Working,0,Global Studies - Interdisciplinary,Female,College and Graduate School of Arts & Sciences,1,0
Working,1,Foreign Affairs,Female,College and Graduate School of Arts & Sciences,1,1
Working,0,Religious Studies,Female,College and Graduate School of Arts & Sciences,1,0
Continuing Education,1,Anthropology,Female,College and Graduate School of Arts & Sciences,0,1
Continuing Education,2,Statistics,Male,College and Graduate School of Arts & Sciences,0,1
Continuing Education,1,Government,Female,College and Graduate School of Arts & Sciences,0,1
Working,3,Global Studies - Interdisciplinary,Female,College and Graduate School of Arts & Sciences,1,1
Continuing Education,2,Environmental Sciences,Female,College and Graduate School of Arts & Sciences,0,1
Working,1,Foreign Affairs,Female,College and Graduate School of Arts & Sciences,1,1
Continuing Education,3,Engineering - Biomedical Engineering,Male,School of Engineering & Applied Science,0,1
Working,3,Economics,Female,College and Graduate School of Arts & Sciences,1,1
Continuing Education,3,Spanish,Female,College and Graduate School of Arts & Sciences,0,1
Military,1,Psychology,Male,College and Graduate School of Arts & Sciences,0,1
Working,2,Statistics,Female,College and Graduate School of Arts & Sciences,1,1
Military,1,Media Studies - Interdisciplinary,Female,College and Graduate School of Arts & Sciences,0,1
Continuing Education,3,Anthropology,Female,College and Graduate School of Arts & Sciences,0,1
Working,2,Spanish,Female,College and Graduate School of Arts & Sciences,1,1
Working,1,Education - Kinesiology,Female,School of Education and Human Development,1,1
Continuing Education,1,Physics,Male,College and Graduate School of Arts & Sciences,0,1
Working,0,Interdisciplinary Studies,Female,School of Continuing and Professional Studies,1,0
Working,3,Environmental Thought & Practice - Interdisciplinary,Female,College and Graduate School of Arts & Sciences,1,1
Continuing Education,1,Chemistry,Male,College and Graduate School of Arts & Sciences,0,1
Working,0,Interdisciplinary Studies,Female,School of Continuing and Professional Studies,1,0
Continuing Education,1,Economics,Female,College and Graduate School of Arts & Sciences,0,1
Working,1,Computer Science - Interdisciplinary,Male,College and Graduate School of Arts & Sciences,1,1
Volunteering,0,English,Female,College and Graduate School of Arts & Sciences,0,0
Working,0,Economics,Female,College and Graduate School of Arts & Sciences,1,0
Working,2,Education - Elementary Education,Female,School of Education and Human Development,1,1
Continuing Education,0,Education - Kinesiology,Female,School of Education and Human Development,0,0
Working,0,Education - Elementary Education,Female,School of Education and Human Development,1,0
Working,1,Economics,Female,College and Graduate School of Arts & Sciences,1,1
Working,0,Government,Male,College and Graduate School of Arts & Sciences,1,0
Working,1,Economics,Male,College and Graduate School of Arts & Sciences,1,1
Working,0,Interdisciplinary Studies,Female,School of Continuing and Professional Studies,1,0
Working,0,Health Sciences Management (SCPS),Female,School of Continuing and Professional Studies,1,0
Continuing Education,0,Economics,Male,College and Graduate School of Arts & Sciences,0,0
Working,0,Interdisciplinary Studies,Female,School of Continuing and Professional Studies,1,0
Military,1,Religious Studies,Male,College and Graduate School of Arts & Sciences,0,1
Working,3,Statistics,Female,College and Graduate School of Arts & Sciences,1,1
Continuing Education,0,Education - Speech Communication Disorders,Female,School of Education and Human Development,0,0
Continuing Education,2,Education - Youth & Social Innovation,Female,School of Education and Human Development,0,1
Continuing Education,1,Cognitive Science - Interdisciplinary,Female,College and Graduate School of Arts & Sciences,0,1
Continuing Education,0,Economics,Female,College and Graduate School of Arts & Sciences,0,0
Working,0,Education - Kinesiology,Female,School of Education and Human Development,1,0
Working,0,Cognitive Science - Interdisciplinary,Female,College and Graduate School of Arts & Sciences,1,0
Working,0,Classics,Female,College and Graduate School of Arts & Sciences,1,0
Continuing Education,3,Cognitive Science - Interdisciplinary,Female,College and Graduate School of Arts & Sciences,0,1
Working,0,Interdisciplinary Studies,Male,School of Continuing and Professional Studies,1,0
Working,0,Interdisciplinary Studies,Female,School of Continuing and Professional Studies,1,0
Working,2,Chemistry,Female,College and Graduate School of Arts & Sciences,1,1
Working,0,Interdisciplinary Studies,Female,School of Continuing and Professional Studies,1,0
Continuing Education,3,Education - Youth & Social Innovation,Female,School of Education and Human Development,0,1
Continuing Education,3,Global Studies - Interdisciplinary,Female,College and Graduate School of Arts & Sciences,0,1
Continuing Education,0,Chemistry,Female,College and Graduate School of Arts & Sciences,0,0
Working,0,History,Female,College and Graduate School of Arts & Sciences,1,0
Continuing Education,0,Environmental Sciences,Female,College and Graduate School of Arts & Sciences,0,0
Working,0,Computer Science - Interdisciplinary,Male,College and Graduate School of Arts & Sciences,1,0
Working,1,Economics,Male,College and Graduate School of Arts & Sciences,1,1
Working,0,Statistics,Male,College and Graduate School of Arts & Sciences,1,0
Continuing Education,0,Education - Speech Communication Disorders,Female,School of Education and Human Development,0,0
Working,0,Economics,Male,College and Graduate School of Arts & Sciences,1,0
Working,0,History,Male,College and Graduate School of Arts & Sciences,1,0
Working,1,Computer Science - Interdisciplinary,Female,College and Graduate School of Arts & Sciences,1,1
Working,3,Computer Science - Interdisciplinary,Male,College and Graduate School of Arts & Sciences,1,1
Working,1,Computer Science - Interdisciplinary,Male,College and Graduate School of Arts & Sciences,1,1
Continuing Education,1,Statistics,Female,College and Graduate School of Arts & Sciences,0,1
Continuing Education,0,Media Studies - Interdisciplinary,Female,College and Graduate School of Arts & Sciences,0,0
Working,1,Economics,Female,College and Graduate School of Arts & Sciences,1,1
Working,0,Mathematics,Male,College and Graduate School of Arts & Sciences,1,0
Working,1,Economics,Female,College and Graduate School of Arts & Sciences,1,1
Continuing Education,0,Foreign Affairs,Male,College and Graduate School of Arts & Sciences,0,0
Continuing Education,2,Education - Speech Communication Disorders,Female,School of Education and Human Development,0,1
Working,0,Psychology,Female,College and Graduate School of Arts & Sciences,1,0
Working,1,Biology,Male,College and Graduate School of Arts & Sciences,1,1
Continuing Education,1,Statistics,Male,College and Graduate School of Arts & Sciences,0,1
Working,2,Computer Science - Interdisciplinary,Male,College and Graduate School of Arts & Sciences,1,1
Working,0,Health Sciences Management (SCPS),Female,School of Continuing and Professional Studies,1,0
Continuing Education,2,Economics,Female,College and Graduate School of Arts & Sciences,0,1
Continuing Education,3,History,Male,College and Graduate School of Arts & Sciences,0,1
Continuing Education,0,Anthropology,Female,College and Graduate School of Arts & Sciences,0,0
Continuing Education,2,Statistics,Male,College and Graduate School of Arts & Sciences,0,1
Working,3,Government,Female,College and Graduate School of Arts & Sciences,1,1
Working,2,Computer Science - Interdisciplinary,Female,College and Graduate School of Arts & Sciences,1,1
Working,0,Philosophy,Female,College and Graduate School of Arts & Sciences,1,0
Continuing Education,1,Computer Science - Interdisciplinary,Female,College and Graduate School of Arts & Sciences,0,1
Continuing Education,1,Education - Athletic Training,Female,School of Education and Human Development,0,1
Continuing Education,1,Data Science,Male,School of Data Science,0,1
Working,0,Commerce - Management of Information Technology,Male,McIntire School of Commerce,1,0
Not Seeking,0,Physics,Male,College and Graduate School of Arts & Sciences,0,0
Working,0,Computer Science - Interdisciplinary,Female,College and Graduate School of Arts & Sciences,1,0
Working,0,Education - Curriculum & Instruction,Female,School of Education and Human Development,1,0
Working,0,Physics,Female,College and Graduate School of Arts & Sciences,1,0
Continuing Education,1,Engineering - Computer Science,Male,School of Engineering & Applied Science,0,1
Working,2,Engineering - Biomedical Engineering,Male,School of Engineering & Applied Science,1,1
Working,0,Public Health,Female,School of Medicine,1,0
Working,0,Physics,Male,College and Graduate School of Arts & Sciences,1,0
Working,1,Engineering - Chemical Engineering,Female,School of Engineering & Applied Science,1,1
Working,2,Education - Social Studies Education,Female,School of Education and Human Development,1,1
Working,0,Education - Special Education,Female,School of Education and Human Development,1,0
Working,0,Education - Curriculum & Instruction,Female,School of Education and Human Development,1,0
Working,0,Engineering - Computer Science,Male,School of Engineering & Applied Science,1,0
Working,0,Engineering - Biomedical Engineering,Male,School of Engineering & Applied Science,1,0
Working,3,Education - Speech Communication Disorders,Female,School of Education and Human Development,1,1
Working,0,Architecture,Male,School of Architecture,1,0
Working,0,Engineering - Systems Engineering,Male,School of Engineering & Applied Science,1,0
Working,0,Engineering - Computer Engineering,Male,School of Engineering & Applied Science,1,0
Working,2,Engineering - Computer Science,Female,School of Engineering & Applied Science,1,1
Working,0,Data Science,Male,School of Data Science,1,0
Working,0,Education - Higher Education,Female,School of Education and Human Development,1,0
Working,1,Engineering - Computer Engineering,Male,School of Engineering & Applied Science,1,1
Continuing Education,0,Physics,Male,College and Graduate School of Arts & Sciences,0,0
Continuing Education,0,Engineering - Electrical Engineering,Male,School of Engineering & Applied Science,0,0
Working,0,Data Science,Female,School of Data Science,1,0
Working,0,Education - Curriculum & Instruction,Female,School of Education and Human Development,1,0
Working,0,Education - Curriculum & Instruction,Female,School of Education and Human Development,1,0
Working,0,English,Female,College and Graduate School of Arts & Sciences,1,0
Working,2,Physics,Male,College and Graduate School of Arts & Sciences,1,1
Working,0,Education - Curriculum & Instruction,Female,School of Education and Human Development,1,0
Working,0,Education - Curriculum & Instruction,Male,School of Education and Human Development,1,0
Working,0,Engineering - Materials Science & Engineering,Male,School of Engineering & Applied Science,1,0
Working,0,Education - English Education,Female,School of Education and Human Development,1,0
Working,3,Engineering - Systems Engineering,Male,School of Engineering & Applied Science,1,1
Continuing Education,0,History,Male,College and Graduate School of Arts & Sciences,0,0
Working,0,Chemistry,Female,College and Graduate School of Arts & Sciences,1,0
Working,0,Engineering - Mechanical & Aerospace Engineering,Male,School of Engineering & Applied Science,1,0
Working,0,Engineering - Mechanical & Aerospace Engineering,Male,School of Engineering & Applied Science,1,0
Working,1,Engineering - Systems Engineering,Male,School of Engineering & Applied Science,1,1
Working,0,Education - Educational Psychology,Male,School of Education and Human Development,1,0
Working,1,Biology,Female,College and Graduate School of Arts & Sciences,1,1
Working,1,Engineering - Chemical Engineering,Female,School of Engineering & Applied Science,1,1
Working,0,Education - Curriculum & Instruction,Female,School of Education and Human Development,1,0
Working,0,Data Science,Male,School of Data Science,1,0
Working,0,Data Science,Male,School of Data Science,1,0
Working,2,Education - English Education,Female,School of Education and Human Development,1,1
Working,0,Education - Higher Education,Female,School of Education and Human Development,1,0
Working,1,Education - Higher Education,Female,School of Education and Human Development,1,1
Working,0,Chemistry,Male,College and Graduate School of Arts & Sciences,1,0
Working,0,Education - Curriculum & Instruction,Female,School of Education and Human Development,1,0
Working,0,Statistics,Male,College and Graduate School of Arts & Sciences,1,0
Working,0,Engineering - Computer Science,Male,School of Engineering & Applied Science,1,0
Working,1,Architecture - Landscape Architecture,Female,School of Architecture,1,1
Working,0,Engineering - Biomedical Engineering,Male,School of Engineering & Applied Science,1,0
Working,0,Engineering - Mechanical & Aerospace Engineering,Male,School of Engineering & Applied Science,1,0
Working,0,Architecture - Landscape Architecture,Female,School of Architecture,1,0
Working,0,Physics,Male,College and Graduate School of Arts & Sciences,1,0
Working,0,Data Science,Male,School of Data Science,1,0
Working,0,Education - Educational Psychology,Female,School of Education and Human Development,1,0
Working,1,Education - Speech Communication Disorders,Female,School of Education and Human Development,1,1
Working,0,Nursing,Female,College and Graduate School of Arts & Sciences,1,0
Working,1,Engineering - Computer Science,Female,School of Engineering & Applied Science,1,1
Working,1,Economics,Male,College and Graduate School of Arts & Sciences,1,1
Working,0,Education - Special Education,Female,School of Education and Human Development,1,0
Working,0,Chemistry,Female,College and Graduate School of Arts & Sciences,1,0
Working,0,Education - Educational Psychology,Female,School of Education and Human Development,1,0
Working,0,Environmental Sciences,Male,College and Graduate School of Arts & Sciences,1,0
Working,0,Engineering - Electrical Engineering,Male,School of Engineering & Applied Science,1,0
Working,0,Education - Special Education,Female,School of Education and Human Development,1,0
Working,1,Education - Educational Psychology,Female,School of Education and Human Development,1,1
Working,0,Engineering - Civil Engineering,Female,School of Engineering & Applied Science,1,0
Working,0,Education - Curriculum & Instruction,Female,School of Education and Human Development,1,0
Working,1,Education - Curriculum & Instruction,Male,School of Education and Human Development,1,1
Working,2,Public Health,Female,School of Medicine,1,1
Working,2,Engineering - Computer Science,Male,School of Engineering & Applied Science,1,1
Working,0,Education - Curriculum & Instruction,Female,School of Education and Human Development,1,0
Working,0,Engineering - Electrical Engineering,Female,School of Engineering & Applied Science,1,0
Not Seeking,0,Education - Educational Psychology,Male,School of Education and Human Development,0,0
Working,1,Education - Reading Education,Female,School of Education and Human Development,1,1
Working,1,Engineering - Computer Science,Male,School of Engineering & Applied Science,1,1
Working,2,Architecture,Female,School of Architecture,1,1
Working,0,Foreign Affairs,Female,College and Graduate School of Arts & Sciences,1,0
Working,0,Data Science,Male,School of Data Science,1,0
Working,1,Architecture,Female,School of Architecture,1,1
Working,0,Education - Social Studies Education,Female,School of Education and Human Development,1,0
Working,1,Education - Counselor Education,Female,School of Education and Human Development,1,1
Working,2,Education - Social Studies Education,Female,School of Education and Human Development,1,1
Working,1,Foreign Affairs,Female,College and Graduate School of Arts & Sciences,1,1
Working,1,Education - Counselor Education,Female,School of Education and Human Development,1,1
Working,2,Data Science,Female,School of Data Science,1,1
Working,2,Education - English Education,Female,School of Education and Human Development,1,1
Working,2,Data Science,Female,School of Data Science,1,1
Continuing Education,1,Data Science,Female,School of Data Science,0,1
Working,1,Architecture,Female,School of Architecture,1,1
Working,0,Sociology,Male,College and Graduate School of Arts & Sciences,1,0
Working,1,Education - Special Education,Female,School of Education and Human Development,1,1
Working,2,Data Science,Female,School of Data Science,1,1
Working,1,Education - English Education,Female,School of Education and Human Development,1,1
Working,1,Education - Counselor Education,Male,School of Education and Human Development,1,1
Working,0,Data Science,Female,School of Data Science,1,0
Working,1,Architecture - Urban & Environmental Planning,Male,School of Architecture,1,1
Working,0,Education - Elementary Education,Male,School of Education and Human Development,1,0
Working,0,Biology,Female,College and Graduate School of Arts & Sciences,1,0
Working,2,Education - Social Studies Education,Female,School of Education and Human Development,1,1
Working,0,Education - Elementary Education,Female,School of Education and Human Development,1,0
Working,0,Architecture,Male,School of Architecture,1,0
Working,2,Education - Social Studies Education,Female,School of Education and Human Development,1,1
Working,2,Education - Social Studies Education,Female,School of Education and Human Development,1,1
Working,2,Architecture,Male,School of Architecture,1,1
Working,2,Education - Counselor Education,Female,School of Education and Human Development,1,1
Working,0,Data Science,Female,School of Data Science,1,0
Working,2,Education - Special Education,Female,School of Education and Human Development,1,1
Working,1,Foreign Affairs,Male,College and Graduate School of Arts & Sciences,1,1
Working,1,Data Science,Female,School of Data Science,1,1
Working,2,Science Education,Female,School of Education and Human Development,1,1
Working,0,Education - Science Education,Female,School of Education and Human Development,1,0
Working,2,Education - Elementary Education,Female,School of Education and Human Development,1,1
Working,2,Education - Counselor Education,Female,School of Education and Human Development,1,1
Working,1,Architecture,Male,School of Architecture,1,1
Working,1,Architecture,Male,School of Architecture,1,1
Working,2,Education - Counselor Education,Male,School of Education and Human Development,1,1
Working,2,Education - Science Education,Male,School of Education and Human Development,1,1
Working,2,Education - Social Studies Education,Female,School of Education and Human Development,1,1
Working,0,Education - Curriculum & Instruction,Female,School of Education and Human Development,1,0
Working,2,Education - Elementary Education,Female,School of Education and Human Development,1,1
Working,0,Data Science,Female,School of Data Science,1,0
Working,0,Physics,Female,College and Graduate School of Arts & Sciences,1,0
Working,0,Data Science,Female,School of Data Science,1,0
Working,1,Architecture,Male,School of Architecture,1,1
Working,0,Data Science,Male,School of Data Science,1,0
Working,2,Architecture - Landscape Architecture,Female,School of Architecture,1,1
Working,1,Architecture,Female,School of Architecture,1,1
Working,0,Economics,Male,College and Graduate School of Arts & Sciences,1,0
Working,1,Architecture,Male,School of Architecture,1,1
Working,0,Architecture - Urban & Environmental Planning,Male,School of Architecture,1,0
Working,2,Education - Elementary Education,Female,School of Education and Human Development,1,1
Working,2,Education - Special Education,Female,School of Education and Human Development,1,1
Working,2,Urban and Environmental Planning,Female,School of Architecture,1,1
Working,0,Education - Elementary Education,Female,School of Education and Human Development,1,0
Working,2,Education - English Education,Female,School of Education and Human Development,1,1
Working,1,Education - Social Studies Education,Male,School of Education and Human Development,1,1
Working,0,Education - English Education,Female,School of Education and Human Development,1,0
Working,2,Education - Counselor Education,Female,School of Education and Human Development,1,1
Working,0,Data Science,Female,School of Data Science,1,0
Working,2,Education - Elementary Education,Female,School of Education and Human Development,1,1
Working,0,Economics,Male,College and Graduate School of Arts & Sciences,1,0
Working,0,Education - Athletic Training,Female,School of Education and Human Development,1,0
Continuing Education,0,Data Science,Male,School of Data Science,0,0
Working,1,Architecture - Architectural History,Female,School of Architecture,1,1
Working,2,Education - Counselor Education,Female,School of Education and Human Development,1,1
Working,3,Education - Athletic Training,Male,School of Education and Human Development,1,1
Working,1,Architecture,Female,School of Architecture,1,1
Working,0,Education - Educational Psychology,Female,School of Education and Human Development,1,0
Working,1,Data Science,Female,School of Data Science,1,1
Working,1,Education - Science Education,Male,School of Education and Human Development,1,1
Working,1,Architecture,Female,School of Architecture,1,1
Working,3,Architecture,Female,School of Architecture,1,1
Working,2,Education - Counselor Education,Female,School of Education and Human Development,1,1
Continuing Education,1,Architecture - Urban & Environmental Planning,Female,School of Architecture,0,1
Working,2,Education - Science Education,Male,School of Education and Human Development,1,1
Working,2,Education - Elementary Education,Male,School of Education and Human Development,1,1
Working,2,Education - Elementary Education,Female,School of Education and Human Development,1,1
Working,2,Education - Science Education,Male,School of Education and Human Development,1,1
Working,1,Education - Counselor Education,Female,School of Education and Human Development,1,1
Working,1,Education - Elementary Education,Female,School of Education and Human Development,1,1
Working,0,Public Safety,Female,School of Continuing and Professional Studies,1,0
Working,1,Education - Educational Policy (Policy Studies),Male,School of Education and Human Development,1,1
Working,0,Engineering - Systems Engineering,Male,School of Engineering & Applied Science,1,0
Working,0,Data Science,Female,School of Data Science,1,0
Working,1,Religious Studies,Female,College and Graduate School of Arts & Sciences,1,1
Working,0,French,Male,College and Graduate School of Arts & Sciences,1,0
Working,0,Engineering - Systems Engineering,Male,School of Engineering & Applied Science,1,0
Continuing Education,0,Engineering - Computer Science,Male,School of Engineering & Applied Science,0,0
Continuing Education,0,Microbiology,Female,School of Medicine,0,0
Working,0,Education - Research Statistics & Evaluation,Female,School of Education and Human Development,1,0
Working,0,Chemistry,Female,College and Graduate School of Arts & Sciences,1,0
Working,0,Data Science,Male,School of Data Science,1,0
Working,0,Biology,Female,College and Graduate School of Arts & Sciences,1,0
Working,2,Engineering - Systems Engineering,Female,School of Engineering & Applied Science,1,1
Working,2,Engineering - Computer Science,Male,School of Engineering & Applied Science,1,1
Working,0,Sociology,Male,College and Graduate School of Arts & Sciences,1,0
Working,2,Education - Special Education,Female,School of Education and Human Development,1,1
Working,0,Education - Social Studies Education,Male,School of Education and Human Development,1,0
Working,0,Economics,Male,College and Graduate School of Arts & Sciences,1,0
Working,0,Education - Kinesiology,Female,School of Education and Human Development,1,0
Working,0,Economics,Male,College and Graduate School of Arts & Sciences,1,0
Working,0,Public Safety,Male,School of Continuing and Professional Studies,1,0
Working,1,Education - Higher Education,Female,School of Education and Human Development,1,1
Continuing Education,0,Spanish,Female,College and Graduate School of Arts & Sciences,0,0
Working,1,Education - Kinesiology,Female,School of Education and Human Development,1,1
Continuing Education,0,Microbiology,Female,School of Medicine,0,0
Continuing Education,0,Education - Curriculum & Instruction,Female,School of Education and Human Development,0,0
Working,1,Education - Higher Education,Female,School of Education and Human Development,1,1
Working,0,Public Health,Female,School of Medicine,1,0
Continuing Education,2,Economics,Male,College and Graduate School of Arts & Sciences,0,1
Working,1,Education - Educational Psychology,Female,School of Education and Human Development,1,1
Working,3,Education - Kinesiology,Female,School of Education and Human Development,1,1
Continuing Education,3,Education - Kinesiology,Female,School of Education and Human Development,0,1
Working,0,Engineering - Chemical Engineering,Male,School of Engineering & Applied Science,1,0
Continuing Education,1,Engineering - Computer Science,Male,School of Engineering & Applied Science,0,1
Working,2,Engineering - Materials Science & Engineering,Male,School of Engineering & Applied Science,1,1
Continuing Education,1,Spanish,Female,College and Graduate School of Arts & Sciences,0,1
Working,0,Mathematics,Male,College and Graduate School of Arts & Sciences,1,0
Working,0,Public Health,Female,School of Medicine,1,0
Working,3,Engineering - Biomedical Engineering,Female,School of Engineering & Applied Science,1,1
Working,0,Engineering - Civil Engineering,Male,School of Engineering & Applied Science,1,0
Working,1,Education - Educational Psychology,Female,School of Education and Human Development,1,1
Continuing Education,0,Engineering - Computer Science,Male,School of Engineering & Applied Science,0,0
Working,0,Engineering - Computer Science,Female,School of Engineering & Applied Science,1,0
Working,0,Data Science,Female,School of Data Science,1,0
Working,0,Engineering - Systems Engineering,Male,School of Engineering & Applied Science,1,0
Working,0,Neuroscience,Male,School of Medicine,1,0
Working,1,Engineering - Systems Engineering,Male,School of Engineering & Applied Science,1,1
Working,0,Engineering - Computer Science,Male,School of Engineering & Applied Science,1,0
Working,0,Public Safety,Male,School of Continuing and Professional Studies,1,0
Working,0,Engineering - Systems Engineering,Female,School of Engineering & Applied Science,1,0
Working,0,Microbiology,Female,School of Medicine,1,0
Working,1,Engineering - Computer Science,Male,School of Engineering & Applied Science,1,1
Working,1,Neuroscience,Female,School of Medicine,1,1
Working,0,Data Science,Male,School of Data Science,1,0
Working,2,Education - Kinesiology,Male,School of Education and Human Development,1,1
Working,0,Public Safety,Male,School of Continuing and Professional Studies,1,0
Working,0,Economics,Female,College and Graduate School of Arts & Sciences,1,0
Working,3,Data Science,Male,School of Data Science,1,1
Continuing Education,0,History,Female,College and Graduate School of Arts & Sciences,0,0
Working,0,Clinical Research,Female,School of Medicine,1,0
Working,3,Engineering - Systems Engineering,Male,School of Engineering & Applied Science,1,1
Working,0,Engineering - Materials Science & Engineering,Male,School of Engineering & Applied Science,1,0
Working,0,Chemistry,Female,College and Graduate School of Arts & Sciences,1,0
Working,1,Engineering - Chemical Engineering,Male,School of Engineering & Applied Science,1,1
Working,1,Data Science,Male,School of Data Science,1,1
Working,0,Mathematics,Male,College and Graduate School of Arts & Sciences,1,0
Working,1,Statistics,Female,College and Graduate School of Arts & Sciences,1,1
Working,2,Public Health,Female,School of Medicine,1,1
Working,0,Education - Educational Psychology,Female,School of Education and Human Development,1,0
Working,0,Public Safety,Male,School of Continuing and Professional Studies,1,0
Working,2,Engineering - Electrical Engineering,Male,School of Engineering & Applied Science,1,1
Working,1,Education - Higher Education,Female,School of Education and Human Development,1,1
Working,1,Engineering - Mechanical & Aerospace Engineering,Male,School of Engineering & Applied Science,1,1
Continuing Education,0,Chemistry,Male,College and Graduate School of Arts & Sciences,0,0
Working,0,Education - Language Education,Male,School of Education and Human Development,1,0
Continuing Education,1,Mathematics,Male,College and Graduate School of Arts & Sciences,0,1
Continuing Education,1,Physics,Male,College and Graduate School of Arts & Sciences,0,1
Working,0,Data Science,Female,School of Data Science,1,0
Working,0,Engineering - Civil Engineering,Female,School of Engineering & Applied Science,1,0
Continuing Education,1,English,Female,College and Graduate School of Arts & Sciences,0,1
Working,0,Data Science,Female,School of Data Science,1,0
Working,1,Pharmacology,Male,School of Medicine,1,1
Working,3,Education - Higher Education,Male,School of Education and Human Development,1,1
Working,1,Engineering - Computer Engineering,Male,School of Engineering & Applied Science,1,1
Continuing Education,0,Sociology,Male,College and Graduate School of Arts & Sciences,0,0
Continuing Education,1,French,Female,College and Graduate School of Arts & Sciences,0,1
Working,0,Education - Higher Education,Female,School of Education and Human Development,1,0
Working,0,Education - Reading Education,Female,School of Education and Human Development,1,0
Working,0,Engineering - Systems Engineering,Male,School of Engineering & Applied Science,1,0
Working,0,Engineering - Civil Engineering,Female,School of Engineering & Applied Science,1,0
Working,1,History,Male,College and Graduate School of Arts & Sciences,1,1
Working,0,Astronomy,Female,College and Graduate School of Arts & Sciences,1,0
Working,0,Education - Curriculum & Instruction,Female,School of Education and Human Development,1,0
Working,0,Psychology,Female,College and Graduate School of Arts & Sciences,1,0
Working,0,Engineering - Electrical Engineering,Male,School of Engineering & Applied Science,1,0
Working,0,Data Science,Male,School of Data Science,1,0
Continuing Education,0,Mathematics,Female,College and Graduate School of Arts & Sciences,0,0
Working,0,Education - Curriculum & Instruction,Female,School of Education and Human Development,1,0
Continuing Education,2,English,Male,College and Graduate School of Arts & Sciences,0,1
Working,0,Engineering - Systems Engineering,Female,School of Engineering & Applied Science,1,0
Working,0,Data Science,Female,School of Data Science,1,0
Working,0,Chemistry,Female,College and Graduate School of Arts & Sciences,1,0
Working,3,Engineering - Materials Science & Engineering,Female,School of Engineering & Applied Science,1,1
Working,3,Education - Higher Education,Male,School of Education and Human Development,1,1
Working,0,Data Science,Male,School of Data Science,1,0
Working,0,Education - Curriculum & Instruction,Female,School of Education and Human Development,1,0
Working,0,Psychology,Female,College and Graduate School of Arts & Sciences,1,0
Working,3,Statistics,Male,College and Graduate School of Arts & Sciences,1,1
Working,1,Engineering - Mechanical & Aerospace Engineering,Male,School of Engineering & Applied Science,1,1
Continuing Education,2,Education - Administration & Supervision,Female,School of Education and Human Development,0,1
Working,2,Public Health,Female,School of Medicine,1,1
Working,0,Chemistry,Female,College and Graduate School of Arts & Sciences,1,0
Working,0,Education - Educational Psychology,Female,School of Education and Human Development,1,0
Working,0,Education - Kinesiology,Female,School of Education and Human Development,1,0
Working,0,Public Safety,Male,School of Continuing and Professional Studies,1,0
Working,0,Clinical Research,Male,School of Medicine,1,0
Working,3,Education - Higher Education,Female,School of Education and Human Development,1,1
Working,0,Engineering - Systems Engineering,Male,School of Engineering & Applied Science,1,0
Working,0,Engineering - Systems Engineering,Male,School of Engineering & Applied Science,1,0
Continuing Education,0,Chemistry,Male,College and Graduate School of Arts & Sciences,0,0
Continuing Education,0,Media Culture & Technology,Male,College and Graduate School of Arts & Sciences,0,0
Working,1,Education - Athletic Training,Female,School of Education and Human Development,1,1
Working,0,Engineering - Civil Engineering,Male,School of Engineering & Applied Science,1,0
Working,0,Education - Reading Education,Female,School of Education and Human Development,1,0
Continuing Education,0,Engineering - Systems Engineering,Male,School of Engineering & Applied Science,0,0
Working,3,Engineering - Mechanical & Aerospace Engineering,Male,School of Engineering & Applied Science,1,1
Working,1,Engineering - Computer Engineering,Male,School of Engineering & Applied Science,1,1
Working,1,Engineering - Civil Engineering,Female,School of Engineering & Applied Science,1,1
Working,1,Architecture - Urban & Environmental Planning,Female,School of Architecture,1,1
Working,2,Statistics,Male,College and Graduate School of Arts & Sciences,1,1
Working,1,Engineering - Computer Science,Male,School of Engineering & Applied Science,1,1
Working,0,Clinical Research,Male,School of Medicine,1,0
Working,1,Engineering - Electrical Engineering,Male,School of Engineering & Applied Science,1,1
Working,0,Environmental Sciences,Female,College and Graduate School of Arts & Sciences,1,0
Working,0,Education - Curriculum & Instruction,Female,School of Education and Human Development,1,0
Working,0,Psychology,Male,College and Graduate School of Arts & Sciences,1,0
Working,1,Engineering - Biomedical Engineering,Female,School of Engineering & Applied Science,1,1
Working,1,Engineering - Computer Science,Male,School of Engineering & Applied Science,1,1
Working,2,Statistics,Male,College and Graduate School of Arts & Sciences,1,1
Working,0,Engineering - Computer Science,Male,School of Engineering & Applied Science,1,0
Working,0,Data Science,Male,School of Data Science,1,0
Working,0,Education - Curriculum & Instruction,Female,School of Education and Human Development,1,0
Continuing Education,1,Engineering - Materials Science & Engineering,Female,School of Engineering & Applied Science,0,1
Working,0,Public Safety,Male,School of Continuing and Professional Studies,1,0
Working,0,Education - Special Education,Female,School of Education and Human Development,1,0
Working,0,Experimental Pathology,Male,School of Medicine,1,0
Military,0,History,Male,College and Graduate School of Arts & Sciences,0,0
Working,0,Education - Curriculum & Instruction,Female,School of Education and Human Development,1,0
Working,0,Public Safety,Male,School of Continuing and Professional Studies,1,0
Working,0,Public Health,Female,School of Medicine,1,0
Working,0,Economics,Male,College and Graduate School of Arts & Sciences,1,0
Working,0,Engineering - Civil Engineering,Male,School of Engineering & Applied Science,1,0
Working,0,Engineering - Civil Engineering,Female,School of Engineering & Applied Science,1,0
Working,0,Public Safety,Male,School of Continuing and Professional Studies,1,0
Working,0,Engineering - Civil Engineering,Male,School of Engineering & Applied Science,1,0
Working,3,Education - Speech Communication Disorders,Female,School of Education and Human Development,1,1
Working,0,Data Science,Male,School of Data Science,1,0
Working,2,Statistics,Male,College and Graduate School of Arts & Sciences,1,1
Working,0,Engineering - Computer Engineering,Male,School of Engineering & Applied Science,1,0
Working,2,Engineering - Biomedical Engineering,Male,School of Engineering & Applied Science,1,1
Working,0,Education - Educational Psychology,Male,School of Education and Human Development,1,0
Working,0,Linguistics,Female,College and Graduate School of Arts & Sciences,1,0
Working,0,Microbiology,Female,School of Medicine,1,0
Working,0,Public Safety,Female,School of Continuing and Professional Studies,1,0
Working,2,Architecture - Urban & Environmental Planning,Female,School of Architecture,1,1
Working,2,Statistics,Male,College and Graduate School of Arts & Sciences,1,1
Working,2,Psychology,Female,College and Graduate School of Arts & Sciences,1,1
Working,3,Engineering - Computer Science,Female,School of Engineering & Applied Science,1,1
Working,0,Education - Curriculum & Instruction,Female,School of Education and Human Development,1,0
Working,0,Engineering - Electrical Engineering,Female,School of Engineering & Applied Science,1,0
Working,2,Public Health,Female,School of Medicine,1,1
Working,0,Education - Curriculum & Instruction,Female,School of Education and Human Development,1,0
Working,0,Economics,Male,College and Graduate School of Arts & Sciences,1,0
Working,0,Engineering - Computer Science,Female,School of Engineering & Applied Science,1,0
Working,0,Media Culture & Technology,Female,College and Graduate School of Arts & Sciences,1,0
Working,0,Neuroscience,Male,School of Medicine,1,0
Working,1,English,Female,College and Graduate School of Arts & Sciences,1,1
Working,0,Public Safety,Male,School of Continuing and Professional Studies,1,0
Working,0,Education - Curriculum & Instruction,Female,School of Education and Human Development,1,0
Working,1,Education - Higher Education,Female,School of Education and Human Development,1,1
Continuing Education,0,Nursing,Female,College and Graduate School of Arts & Sciences,0,0
Working,0,Education - Curriculum & Instruction,Female,School of Education and Human Development,1,0
Working,0,Education - Special Education,Female,School of Education and Human Development,1,0
Continuing Education,0,Engineering - Chemical Engineering,Female,School of Engineering & Applied Science,0,0
Working,0,Environmental Sciences,Male,College and Graduate School of Arts & Sciences,1,0
Working,0,Education - Curriculum & Instruction,Female,School of Education and Human Development,1,0
Working,0,Microbiology,Female,School of Medicine,1,0
Continuing Education,0,Engineering - Systems Engineering,Male,School of Engineering & Applied Science,0,0
Working,0,Religious Studies,Male,College and Graduate School of Arts & Sciences,1,0
Working,0,Nursing,Female,College and Graduate School of Arts & Sciences,1,0
Working,0,Education - Curriculum & Instruction,Female,School of Education and Human Development,1,0
Working,0,Public Safety,Male,School of Continuing and Professional Studies,1,0
Working,1,Education - Speech Communication Disorders,Female,School of Education and Human Development,1,1
Working,1,Education - Higher Education,Female,School of Education and Human Development,1,1
Working,0,Neuroscience,Male,School of Medicine,1,0
Working,0,Data Science,Female,School of Data Science,1,0
Working,0,Education - Curriculum & Instruction,Male,School of Education and Human Development,1,0
Working,1,Education - Athletic Training,Female,School of Education and Human Development,1,1
Continuing Education,2,Engineering - Mechanical & Aerospace Engineering,Female,School of Engineering & Applied Science,0,1
Working,0,Psychology,Male,College and Graduate School of Arts & Sciences,1,0
Working,0,Engineering - Systems Engineering,Male,School of Engineering & Applied Science,1,0
Working,0,Mathematics,Male,College and Graduate School of Arts & Sciences,1,0
Working,0,Mathematics,Male,College and Graduate School of Arts & Sciences,1,0
Working,0,Data Science,Male,School of Data Science,1,0
Working,0,Public Safety,Male,School of Continuing and Professional Studies,1,0
Working,0,Biophysics,Male,School of Medicine,1,0
Working,0,Public Safety,Male,School of Continuing and Professional Studies,1,0
Working,0,Education - Curriculum & Instruction,Female,School of Education and Human Development,1,0
Working,0,Public Safety,Male,School of Continuing and Professional Studies,1,0
Working,0,Education - English Education,Female,School of Education and Human Development,1,0
Working,0,Education - Curriculum & Instruction,Male,School of Education and Human Development,1,0
Working,0,Chemistry,Female,College and Graduate School of Arts & Sciences,1,0
Working,0,Public Safety,Male,School of Continuing and Professional Studies,1,0
Working,0,Physics,Male,College and Graduate School of Arts & Sciences,1,0
Working,0,Psychology,Female,College and Graduate School of Arts & Sciences,1,0
Working,0,Engineering - Civil Engineering,Male,School of Engineering & Applied Science,1,0
Working,0,Biochemistry & Molecular Genetics,Female,School of Medicine,1,0
Working,0,Data Science,Male,School of Data Science,1,0
Working,0,Middle Eastern and South Asian Languages and Cultures,Female,College and Graduate School of Arts & Sciences,1,0
Working,2,Education - Higher Education,Female,School of Education and Human Development,1,1
Working,0,Physics,Male,College and Graduate School of Arts & Sciences,1,0
Working,0,Education - Curriculum & Instruction,Female,School of Education and Human Development,1,0
Working,0,Environmental Sciences,Female,College and Graduate School of Arts & Sciences,1,0
Working,2,Engineering - Civil Engineering,Male,School of Engineering & Applied Science,1,1
Working,0,Creative Writing,Female,College and Graduate School of Arts & Sciences,1,0
Working,0,Post Doctoral Associate,Male,UVA Postdoc Affairs,1,0
Working,0,History,Male,College and Graduate School of Arts & Sciences,1,0
Continuing Education,0,Astronomy,Male,College and Graduate School of Arts & Sciences,0,0
Working,0,Engineering - Materials Science & Engineering,Male,School of Engineering & Applied Science,1,0
Working,0,Engineering - Civil Engineering,Male,School of Engineering & Applied Science,1,0
Working,0,Data Science,Male,School of Data Science,1,0
Working,0,Data Science,Male,School of Data Science,1,0
Working,0,Education - Reading Education,Female,School of Education and Human Development,1,0
Working,0,Education - Curriculum & Instruction,Female,School of Education and Human Development,1,0
Continuing Education,2,Education - Clinical & School Psychology,Female,School of Education and Human Development,0,1
Working,0,Foreign Affairs,Male,College and Graduate School of Arts & Sciences,1,0
Military,0,Chemistry,Male,College and Graduate School of Arts & Sciences,0,0
Working,0,Education - Curriculum & Instruction,Female,School of Education and Human Development,1,0
Working,0,Education - Clinical & School Psychology,Female,School of Education and Human Development,1,0
Working,2,Engineering - Computer Science,Female,School of Engineering & Applied Science,1,1
Working,1,Engineering - Computer Science,Male,School of Engineering & Applied Science,1,1
Working,0,History,Female,College and Graduate School of Arts & Sciences,1,0
Working,0,Data Science,Male,School of Data Science,1,0
Working,0,Education - Reading Education,Female,School of Education and Human Development,1,0
Working,1,Data Science,Female,School of Data Science,1,1
Working,0,Education - Curriculum & Instruction,Female,School of Education and Human Development,1,0
Working,0,Education - Higher Education,Male,School of Education and Human Development,1,0
Working,0,Education - Curriculum & Instruction,Female,School of Education and Human Development,1,0
Working,0,Data Science,Male,School of Data Science,1,0
Working,0,Engineering - Mechanical & Aerospace Engineering,Male,School of Engineering & Applied Science,1,0
Working,0,Data Science,Female,School of Data Science,1,0
Working,0,Education - Reading Education,Female,School of Education and Human Development,1,0
Working,2,Engineering - Computer Science,Male,School of Engineering & Applied Science,1,1
Working,0,Education - Reading Education,Female,School of Education and Human Development,1,0
Working,0,Engineering - Electrical Engineering,Male,School of Engineering & Applied Science,1,0
Working,2,Chemistry,Female,College and Graduate School of Arts & Sciences,1,1
Working,0,Education - Curriculum & Instruction,Female,School of Education and Human Development,1,0
Working,0,Education - Curriculum & Instruction,Female,School of Education and Human Development,1,0
Military,0,Engineering - Systems Engineering,Male,School of Engineering & Applied Science,0,0
Working,0,Engineering - Electrical Engineering,Male,School of Engineering & Applied Science,1,0
Working,1,Data Science,Female,School of Data Science,1,1
Working,0,Education - Reading Education,Female,School of Education and Human Development,1,0
Continuing Education,0,Law,Female,School of Data Science,0,0
Working,0,Data Science,Female,School of Data Science,1,0
Working,0,Engineering - Civil Engineering,Female,School of Engineering & Applied Science,1,0
Working,0,Education - Curriculum & Instruction,Male,School of Education and Human Development,1,0
Working,0,Environmental Sciences,Male,College and Graduate School of Arts & Sciences,1,0
Working,0,Education - Curriculum & Instruction,Female,School of Education and Human Development,1,0
Working,0,Education - Curriculum & Instruction,Female,School of Education and Human Development,1,0
Working,0,Engineering - Civil Engineering,Male,School of Engineering & Applied Science,1,0
Working,0,Engineering - Computer Science,Male,School of Engineering & Applied Science,1,0
Working,1,Education - Reading Education,Female,School of Education and Human Development,1,1
Working,0,Education - Reading Education,Female,School of Education and Human Development,1,0
Working,1,Engineering - Civil Engineering,Female,School of Engineering & Applied Science,1,1
Working,0,Education - Curriculum & Instruction,Female,School of Education and Human Development,1,0
Working,1,Education - Clinical & School Psychology,Female,School of Education and Human Development,1,1
Working,0,Education - Educational Psychology,Female,School of Education and Human Development,1,0
Continuing Education,0,Biology,Female,School of Medicine,0,0
Working,0,Education - Reading Education,Female,School of Education and Human Development,1,0
Working,0,Engineering - Systems Engineering,Male,School of Engineering & Applied Science,1,0
Working,0,Education - Curriculum & Instruction,Female,School of Education and Human Development,1,0
Working,0,Education - Reading Education,Female,School of Education and Human Development,1,0
Working,0,Engineering - Systems Engineering,Male,School of Engineering & Applied Science,1,0
Continuing Education,0,English,Female,College and Graduate School of Arts & Sciences,0,0
Working,0,Engineering - Mechanical & Aerospace Engineering,Male,School of Engineering & Applied Science,1,0
Working,0,Education - Curriculum & Instruction,Female,School of Education and Human Development,1,0
Working,0,Biology,Male,College and Graduate School of Arts & Sciences,1,0
Working,0,Education - Reading Education,Female,School of Education and Human Development,1,0
Working,0,Data Science,Male,School of Data Science,1,0
Working,0,Education - Administration & Supervision,Male,School of Education and Human Development,1,0
Working,0,Education - Reading Education,Female,School of Education and Human Development,1,0
Working,0,Data Science,Male,School of Data Science,1,0
Working,0,Environmental Sciences,Female,College and Graduate School of Arts & Sciences,1,0
Working,0,Psychology,Female,College and Graduate School of Arts & Sciences,1,0
Working,1,Psychology,Female,College and Graduate School of Arts & Sciences,1,1
Working,0,Astronomy,Female,College and Graduate School of Arts & Sciences,1,0
Working,0,Data Science,Female,School of Data Science,1,0
Working,0,Astronomy,Male,College and Graduate School of Arts & Sciences,1,0
Working,0,Engineering - Biomedical Engineering,Male,School of Engineering & Applied Science,1,0
Working,1,Engineering - Civil Engineering,Female,School of Engineering & Applied Science,1,1
Working,0,Data Science,Female,School of Data Science,1,0
Working,0,Data Science,Male,School of Data Science,1,0
Working,0,Education - Reading Education,Female,School of Education and Human Development,1,0
Working,0,Spanish,Female,College and Graduate School of Arts & Sciences,1,0
Continuing Education,0,Chemistry,Male,College and Graduate School of Arts & Sciences,0,0
Working,0,Data Science,Male,School of Data Science,1,0
Working,0,Education - Curriculum & Instruction,Female,School of Education and Human Development,1,0
Working,0,Post Doctoral Associate,Female,UVA Postdoc Affairs,1,0
Working,1,Education - Reading Education,Female,School of Education and Human Development,1,1
Working,0,Architecture - Landscape Architecture,Male,School of Architecture,1,0
I have not finalized my plans.  I am seeking employment or acceptance to an academic program,2,Architecture - Landscape Architecture,Male,School of Architecture,0,1
I have not finalized my plans.  I am seeking employment or acceptance to an academic program,2,Architecture - Urban & Environmental Planning,Female,School of Architecture,0,1
I have not finalized my plans.  I am seeking employment or acceptance to an academic program,2,Architecture,Female,School of Architecture,0,1
Working,1,Architecture - Landscape Architecture,Female,School of Architecture,1,1
I have not finalized my plans.  I am seeking employment or acceptance to an academic program,3,Architecture - Architectural History,Female,School of Architecture,0,1
I am taking a break,0,Anthropology,Female,College and Graduate School of Arts & Sciences,0,0
Working,2,Environmental Sciences,Female,College and Graduate School of Arts & Sciences,1,1
I will be serving in the military,0,Engineering - Systems Engineering,Female,School of Engineering & Applied Science,0,0
Working,1,Engineering - Computer Science,Female,School of Engineering & Applied Science,1,1
I am continuing my education,2,Biology,Female,College and Graduate School of Arts & Sciences,0,1
Working,0,Data Science,Male,School of Data Science,1,0
I am continuing my education,0,Psychology,Female,College and Graduate School of Arts & Sciences,0,0
I have not finalized my plans.  I am seeking employment or acceptance to an academic program,0,Chemistry,Female,College and Graduate School of Arts & Sciences,0,0
Working,1,Education - Curriculum & Instruction,Female,School of Education and Human Development,1,1
Working,3,Architecture - Landscape Architecture,Female,School of Architecture,1,1
Working,0,Interdisciplinary (SCPS-BIS),Female,School of Continuing and Professional Studies,1,0
Working,0,Engineering - Mechanical & Aerospace Engineering,Female,School of Engineering & Applied Science,1,0
Working,3,Applied Statistics,Female,College and Graduate School of Arts & Sciences,1,1
Working,2,Engineering - Computer Engineering,Male,School of Engineering & Applied Science,1,1
Working,1,Statistics,Female,College and Graduate School of Arts & Sciences,1,1
Working,0,Engineering - Materials Science & Engineering,Female,School of Engineering & Applied Science,1,0
I have not finalized my plans.  I am seeking employment or acceptance to an academic program,0,Engineering - Electrical Engineering,Male,School of Engineering & Applied Science,0,0
I have not finalized my plans.  I am seeking employment or acceptance to an academic program,0,Chemistry,Female,College and Graduate School of Arts & Sciences,0,0
Working,0,Chemistry,Female,College and Graduate School of Arts & Sciences,1,0
Working,0,Psychology,Female,College and Graduate School of Arts & Sciences,1,0
Working,2,Global Studies - Interdisciplinary,Female,College and Graduate School of Arts & Sciences,1,1
Working,1,Engineering - Computer Science,Male,School of Engineering & Applied Science,1,1
I have not finalized my plans.  I am seeking employment or acceptance to an academic program,0,Interdisciplinary (SCPS-BIS),Female,School of Continuing and Professional Studies,0,0
Working,2,History,Female,College and Graduate School of Arts & Sciences,1,1
I have not finalized my plans.  I am seeking employment or acceptance to an academic program,0,Engineering - Chemical Engineering,Male,School of Engineering & Applied Science,0,0
I have not finalized my plans.  I am seeking employment or acceptance to an academic program,1,Media Studies,Female,College and Graduate School of Arts & Sciences,0,1
Working,0,Biochemistry & Molecular Genetics,Female,School of Medicine,1,0
Working,0,Public Safety,Male,School of Continuing and Professional Studies,1,0
Working,3,Statistics,Female,College and Graduate School of Arts & Sciences,1,1
I have not finalized my plans.  I am seeking employment or acceptance to an academic program,0,Environmental Sciences,Female,College and Graduate School of Arts & Sciences,0,0
Working,0,Public Safety,Male,School of Continuing and Professional Studies,1,0
Working,1,Engineering - Computer Science,Male,School of Engineering & Applied Science,1,1
Working,0,Engineering - Systems Engineering,Male,School of Engineering & Applied Science,1,0
Working,0,Education - Social Studies Education,Male,School of Education and Human Development,1,0
Working,1,Engineering - Computer Science,Male,School of Engineering & Applied Science,1,1
Working,1,Economics,Female,College and Graduate School of Arts & Sciences,1,1
Working,2,Economics,Female,College and Graduate School of Arts & Sciences,1,1
I have not finalized my plans.  I am seeking employment or acceptance to an academic program,0,Psychology,Female,College and Graduate School of Arts & Sciences,0,0
I have not finalized my plans.  I am seeking employment or acceptance to an academic program,0,Education - Educational Psychology,Female,School of Education and Human Development,0,0
I have not finalized my plans.  I am seeking employment or acceptance to an academic program,2,Engineering - Computer Science,Female,School of Engineering & Applied Science,0,1
Working,0,Engineering - Systems Engineering,Male,School of Engineering & Applied Science,1,0
I have not finalized my plans.  I am seeking employment or acceptance to an academic program,0,Biology,Female,College and Graduate School of Arts & Sciences,0,0
Working,1,Statistics,Male,College and Graduate School of Arts & Sciences,1,1
Working,1,Philosophy,Female,College and Graduate School of Arts & Sciences,1,1
Working,3,Engineering - Computer Science,Male,School of Engineering & Applied Science,1,1
Working,0,Statistics,Female,College and Graduate School of Arts & Sciences,1,0
Working,2,Computer Science - Interdisciplinary,Female,College and Graduate School of Arts & Sciences,1,1
Working,0,Education - Curriculum & Instruction,Male,School of Education and Human Development,1,0
I have not finalized my plans.  I am seeking employment or acceptance to an academic program,1,Psychology,Female,College and Graduate School of Arts & Sciences,0,1
I am continuing my education,0,Education - Kinesiology,Female,School of Education and Human Development,0,0
Working,0,Education - Curriculum & Instruction,Male,School of Education and Human Development,1,0
I am continuing my education,0,Biochemistry & Molecular Genetics,Female,School of Medicine,0,0
Working,0,Engineering - Electrical Engineering,Male,School of Engineering & Applied Science,1,0
Working,0,Biology,Male,College and Graduate School of Arts & Sciences,1,0
Working,1,Engineering - Electrical Engineering,Male,School of Engineering & Applied Science,1,1
Working,3,Education - Speech Communication Disorders,Female,School of Education and Human Development,1,1
Working,1,Engineering - Computer Science,Male,School of Engineering & Applied Science,1,1
I have not finalized my plans.  I am seeking employment or acceptance to an academic program,2,Environmental Sciences,Male,College and Graduate School of Arts & Sciences,0,1
Working,2,Statistics,Male,College and Graduate School of Arts & Sciences,1,1
Working,0,Engineering - Electrical Engineering,Male,School of Engineering & Applied Science,1,0
Working,1,Engineering - Computer Science,Male,School of Engineering & Applied Science,1,1
I am continuing my education,1,Media Studies - Interdisciplinary,Female,College and Graduate School of Arts & Sciences,0,1
Working,3,Statistics,Male,College and Graduate School of Arts & Sciences,1,1
Working,0,Data Science,Female,School of Data Science,1,0
Working,0,Public Safety,Male,School of Continuing and Professional Studies,1,0
Working,1,Engineering - Civil Engineering,Male,School of Engineering & Applied Science,1,1
Working,1,Engineering - Computer Engineering,Male,School of Engineering & Applied Science,1,1
Working,1,Physics,Female,College and Graduate School of Arts & Sciences,1,1
Working,1,Economics,Female,College and Graduate School of Arts & Sciences,1,1
Working,2,Engineering - Computer Engineering,Male,School of Engineering & Applied Science,1,1
Working,2,Psychology,Female,College and Graduate School of Arts & Sciences,1,1
I am continuing my education,0,Education - Kinesiology,Male,School of Education and Human Development,0,0
Working,2,Economics,Male,College and Graduate School of Arts & Sciences,1,1
Working,0,English,Female,College and Graduate School of Arts & Sciences,1,0
Working,0,Public Safety,Male,School of Continuing and Professional Studies,1,0
Working,1,Engineering - Computer Science,Male,School of Engineering & Applied Science,1,1
Working,1,Computer Science - Interdisciplinary,Male,College and Graduate School of Arts & Sciences,1,1
Working,0,Public Safety,Male,School of Continuing and Professional Studies,1,0
I have not finalized my plans.  I am seeking employment or acceptance to an academic program,1,Engineering - Computer Engineering,Male,School of Engineering & Applied Science,0,1
Working,0,Psychology,Female,College and Graduate School of Arts & Sciences,1,0
I have accepted a fellowship,0,Mathematics,Male,College and Graduate School of Arts & Sciences,0,0
Working,0,Public Safety,Male,School of Continuing and Professional Studies,1,0
I am continuing my education,1,Engineering - Electrical Engineering,Male,School of Engineering & Applied Science,0,1
Working,0,Education - Educational Psychology,Male,School of Education and Human Development,1,0
I have not finalized my plans.  I am seeking employment or acceptance to an academic program,2,Cognitive Science - Interdisciplinary,Male,College and Graduate School of Arts & Sciences,0,1
Working,2,Statistics,Male,College and Graduate School of Arts & Sciences,1,1
I have not finalized my plans.  I am seeking employment or acceptance to an academic program,1,Education - Educational Psychology,Male,School of Education and Human Development,0,1
I am taking a break,2,Engineering - Computer Science,Male,School of Engineering & Applied Science,0,1
Working,0,Engineering - Mechanical & Aerospace Engineering,Male,School of Engineering & Applied Science,1,0
Working,2,Economics,Female,College and Graduate School of Arts & Sciences,1,1
Working,0,Education - Curriculum & Instruction,Female,School of Education and Human Development,1,0
Working,3,Engineering - Computer Science,Male,School of Engineering & Applied Science,1,1
I am continuing my education,3,Education - Educational Psychology,Female,School of Education and Human Development,0,1
I have not finalized my plans.  I am seeking employment or acceptance to an academic program,2,Government,Female,College and Graduate School of Arts & Sciences,0,1
Working,0,Education - Administration & Supervision,Female,School of Education and Human Development,1,0
Working,0,Data Science,Female,School of Data Science,1,0
Working,0,Microbiology,Male,School of Medicine,1,0
Working,0,Public Safety,Male,School of Continuing and Professional Studies,1,0
I have not finalized my plans.  I am seeking employment or acceptance to an academic program,1,Interdisciplinary (SCPS-BIS),Male,School of Continuing and Professional Studies,0,1
Working,2,Engineering - Computer Science,Female,School of Engineering & Applied Science,1,1
Working,0,Public Health,Female,School of Medicine,1,0
Working,0,Public Safety,Male,School of Continuing and Professional Studies,1,0
Working,0,Education - Curriculum & Instruction,Female,School of Education and Human Development,1,0
Working,3,Engineering - Computer Science,Female,School of Engineering & Applied Science,1,1
I am taking a break,0,Music,Female,College and Graduate School of Arts & Sciences,0,0
I am continuing my education,0,Engineering - Computer Science,Male,School of Engineering & Applied Science,0,0
I will be serving in the military,0,Engineering - Civil Engineering,Male,School of Engineering & Applied Science,0,0
I am continuing my education,0,American Studies - Interdisciplinary,Male,College and Graduate School of Arts & Sciences,0,0
Working,3,Media Studies,Female,College and Graduate School of Arts & Sciences,1,1
Working,3,Engineering - Computer Science,Female,School of Engineering & Applied Science,1,1
Working,1,Computer Science - Interdisciplinary,Female,College and Graduate School of Arts & Sciences,1,1
I have not finalized my plans.  I am seeking employment or acceptance to an academic program,0,Engineering - Electrical Engineering,Male,School of Engineering & Applied Science,0,0
I am continuing my education,0,Engineering - Civil Engineering,Male,School of Engineering & Applied Science,0,0
I am continuing my education,0,Cognitive Science - Interdisciplinary,Male,College and Graduate School of Arts & Sciences,0,0
Working,0,Mathematics,Male,College and Graduate School of Arts & Sciences,1,0
I have not finalized my plans.  I am seeking employment or acceptance to an academic program,0,Engineering - Computer Science,Male,School of Engineering & Applied Science,0,0
Working,0,Data Science,Male,School of Data Science,1,0
Working,1,Computer Science - Interdisciplinary,Male,College and Graduate School of Arts & Sciences,1,1
I am continuing my education,0,Education - Kinesiology,Female,School of Education and Human Development,0,0
Working,0,Engineering - Electrical Engineering,Female,School of Engineering & Applied Science,1,0
Working,1,Engineering - Computer Science,Female,School of Engineering & Applied Science,1,1
Working,1,Public Health,Female,School of Medicine,1,1
Working,0,Physics,Male,College and Graduate School of Arts & Sciences,1,0
Working,0,Engineering - Mechanical & Aerospace Engineering,Male,School of Engineering & Applied Science,1,0
I have accepted a fellowship,0,Chemistry,Male,College and Graduate School of Arts & Sciences,0,0
Working,0,Education - Educational Psychology,Male,School of Education and Human Development,1,0
Working,0,Public Safety,Male,School of Continuing and Professional Studies,1,0
Working,3,Computer Science - Interdisciplinary,Female,College and Graduate School of Arts & Sciences,1,1
I have not finalized my plans.  I am seeking employment or acceptance to an academic program,2,Biology,Female,College and Graduate School of Arts & Sciences,0,1
Working,0,Classics,Male,College and Graduate School of Arts & Sciences,1,0
Working,2,Engineering - Computer Science,Male,School of Engineering & Applied Science,1,1
I have not finalized my plans.  I am seeking employment or acceptance to an academic program,1,Engineering - Computer Science,Male,School of Engineering & Applied Science,0,1
I have not finalized my plans.  I am seeking employment or acceptance to an academic program,1,Architecture - Landscape Architecture,Female,School of Architecture,0,1
I have not finalized my plans.  I am seeking employment or acceptance to an academic program,2,Quantative Analytics in Education & Social Science,Female,School of Education and Human Development,0,1
I have not finalized my plans.  I am seeking employment or acceptance to an academic program,1,Engineering - Computer Engineering,Female,School of Engineering & Applied Science,0,1
Working,0,Data Science,Male,School of Data Science,1,0
I am continuing my education,1,Statistics,Female,College and Graduate School of Arts & Sciences,0,1
Working,0,Architecture - Architectural History,Male,School of Architecture,1,0
I will be volunteering,0,Education - Curriculum & Instruction,Male,School of Education and Human Development,0,0
Working,1,Statistics,Male,College and Graduate School of Arts & Sciences,1,1
I have not finalized my plans.  I am seeking employment or acceptance to an academic program,0,Global Studies - Interdisciplinary,Female,College and Graduate School of Arts & Sciences,0,0
I have accepted a fellowship,0,Physics,Female,College and Graduate School of Arts & Sciences,0,0
Working,0,Public Safety,Male,School of Continuing and Professional Studies,1,0
Working,0,Engineering - Chemical Engineering,Female,School of Engineering & Applied Science,1,0
Working,1,Engineering - Computer Engineering,Male,School of Engineering & Applied Science,1,1
Working,1,Economics,Female,College and Graduate School of Arts & Sciences,1,1
Working,0,Public Safety,Male,School of Continuing and Professional Studies,1,0
Working,2,Engineering - Biomedical Engineering,Male,School of Engineering & Applied Science,1,1
Working,1,Engineering - Electrical Engineering,Male,School of Engineering & Applied Science,1,1
Working,0,Education - Educational Psychology,Female,School of Education and Human Development,1,0
Working,0,Education - Curriculum & Instruction,Female,School of Education and Human Development,1,0
Working,0,Engineering - Computer Engineering,Male,School of Engineering & Applied Science,1,0
Working,1,Engineering - Computer Science,Male,School of Engineering & Applied Science,1,1
Working,0,Education - Special Education,Female,School of Education and Human Development,1,0
Working,2,Education - Educational Psychology,Female,School of Education and Human Development,1,1
Working,0,Environmental Sciences,Female,College and Graduate School of Arts & Sciences,1,0
I have not finalized my plans.  I am seeking employment or acceptance to an academic program,1,Engineering - Computer Science,Male,School of Engineering & Applied Science,0,1
Working,2,Engineering - Computer Science,Male,School of Engineering & Applied Science,1,1
Working,0,Public Safety,Male,School of Continuing and Professional Studies,1,0
Working,1,Engineering - Systems Engineering,Female,School of Engineering & Applied Science,1,1
Working,0,Environmental Sciences,Female,College and Graduate School of Arts & Sciences,1,0
Working,3,Statistics,Female,College and Graduate School of Arts & Sciences,1,1
Working,0,Engineering - Civil Engineering,Male,School of Engineering & Applied Science,1,0
Working,2,Statistics,Female,College and Graduate School of Arts & Sciences,1,1
I am taking a break,3,Global Studies - Interdisciplinary,Female,College and Graduate School of Arts & Sciences,0,1
I have not finalized my plans.  I am seeking employment or acceptance to an academic program,0,Public Safety,Female,School of Continuing and Professional Studies,0,0
I have not finalized my plans.  I am seeking employment or acceptance to an academic program,1,Engineering - Computer Science,Male,School of Engineering & Applied Science,0,1
I have not finalized my plans.  I am seeking employment or acceptance to an academic program,1,Engineering - Computer Science,Female,School of Engineering & Applied Science,0,1
Working,0,Public Safety,Male,School of Continuing and Professional Studies,1,0
Working,0,Engineering - Computer Science,Male,School of Engineering & Applied Science,1,0
Working,0,Public Safety,Male,School of Continuing and Professional Studies,1,0
I have accepted a fellowship,0,Biology,Male,College and Graduate School of Arts & Sciences,0,0
I have accepted a fellowship,1,Art - History of Art & Architecture,Male,College and Graduate School of Arts & Sciences,0,1
Working,2,Economics,Female,College and Graduate School of Arts & Sciences,1,1
Working,0,Chemistry,Male,College and Graduate School of Arts & Sciences,1,0
Working,0,Engineering - Mechanical & Aerospace Engineering,Female,School of Engineering & Applied Science,1,0
Working,1,Education - Educational Psychology,Male,School of Education and Human Development,1,1
I am taking a break,0,Microbiology,Female,School of Medicine,0,0
I have not finalized my plans.  I am seeking employment or acceptance to an academic program,0,Global Studies - Interdisciplinary,Male,College and Graduate School of Arts & Sciences,0,0
I have not finalized my plans.  I am seeking employment or acceptance to an academic program,1,Education - Kinesiology,Female,School of Education and Human Development,0,1
I have not finalized my plans.  I am seeking employment or acceptance to an academic program,0,Media Studies,Female,College and Graduate School of Arts & Sciences,0,0
Working,0,Biology,Male,College and Graduate School of Arts & Sciences,1,0
I am continuing my education,2,Mathematics,Female,College and Graduate School of Arts & Sciences,0,1
I have not finalized my plans.  I am seeking employment or acceptance to an academic program,0,Interdisciplinary (SCPS-BIS),Female,School of Continuing and Professional Studies,0,0
Working,2,Engineering - Computer Science,Male,School of Engineering & Applied Science,1,1
Working,2,Government,Female,College and Graduate School of Arts & Sciences,1,1
I am continuing my education,3,Economics,Male,College and Graduate School of Arts & Sciences,0,1
Working,3,Education - Speech Communication Disorders,Female,School of Education and Human Development,1,1
I am continuing my education,0,Engineering - Computer Science,Male,School of Engineering & Applied Science,0,0
Working,2,Statistics,Female,College and Graduate School of Arts & Sciences,1,1
I have not finalized my plans.  I am seeking employment or acceptance to an academic program,0,Engineering - Computer Science,Male,School of Engineering & Applied Science,0,0
Working,1,Engineering - Computer Science,Male,School of Engineering & Applied Science,1,1
I have accepted a fellowship,0,Pharmacology,Female,School of Medicine,0,0
Working,0,Statistics,Female,College and Graduate School of Arts & Sciences,1,0
Working,0,Public Safety,Male,School of Continuing and Professional Studies,1,0
Working,2,Engineering - Computer Science,Male,School of Engineering & Applied Science,1,1
Working,3,Computer Science - Interdisciplinary,Male,College and Graduate School of Arts & Sciences,1,1
Working,0,Education - Curriculum & Instruction,Female,School of Education and Human Development,1,0
I have not finalized my plans.  I am seeking employment or acceptance to an academic program,0,Psychology,Female,College and Graduate School of Arts & Sciences,0,0
Working,0,Engineering - Computer Engineering,Female,School of Engineering & Applied Science,1,0
Working,1,Engineering - Civil Engineering,Male,School of Engineering & Applied Science,1,1
Working,3,Education - Speech Communication Disorders,Female,School of Education and Human Development,1,1
I am taking a break,2,Foreign Affairs,Female,College and Graduate School of Arts & Sciences,0,1
Working,2,Education - Educational Psychology,Female,School of Education and Human Development,1,1
I am taking a break,0,History,Female,College and Graduate School of Arts & Sciences,0,0
Working,1,Engineering - Computer Science,Male,School of Engineering & Applied Science,1,1
Working,1,Education - Special Education,Female,School of Education and Human Development,1,1
I have not finalized my plans.  I am seeking employment or acceptance to an academic program,1,Engineering - Computer Engineering,Male,School of Engineering & Applied Science,0,1
I am taking a break,0,Education - Reading Education,Female,School of Education and Human Development,0,0
Working,0,Chemistry,Male,College and Graduate School of Arts & Sciences,1,0
I have not finalized my plans.  I am seeking employment or acceptance to an academic program,1,Engineering - Biomedical Engineering,Female,School of Engineering & Applied Science,0,1
Working,1,Public Health,Female,School of Medicine,1,1
I have not finalized my plans.  I am seeking employment or acceptance to an academic program,1,Neuroscience - Interdisciplinary,Female,College and Graduate School of Arts & Sciences,0,1
I have not finalized my plans.  I am seeking employment or acceptance to an academic program,0,Interdisciplinary (SCPS-BIS),Female,School of Continuing and Professional Studies,0,0
Working,2,Global Studies - Interdisciplinary,Female,College and Graduate School of Arts & Sciences,1,1
Working,0,Physics,Male,College and Graduate School of Arts & Sciences,1,0
Working,0,Physics,Male,College and Graduate School of Arts & Sciences,1,0
Working,2,Foreign Affairs,Female,College and Graduate School of Arts & Sciences,1,1
Working,0,Public Safety,Male,School of Continuing and Professional Studies,1,0
Working,3,Education - Speech Communication Disorders,Female,School of Education and Human Development,1,1
Working,0,Education - Educational Psychology,Female,School of Education and Human Development,1,0
Working,0,Engineering - Computer Science,Male,School of Engineering & Applied Science,1,0
I have not finalized my plans.  I am seeking employment or acceptance to an academic program,0,Interdisciplinary (SCPS-BIS),Female,School of Continuing and Professional Studies,0,0
I have not finalized my plans.  I am seeking employment or acceptance to an academic program,0,Foreign Affairs,Male,College and Graduate School of Arts & Sciences,0,0
Working,0,Education - Curriculum & Instruction,Female,School of Education and Human Development,1,0
I am continuing my education,0,Computer Science - Interdisciplinary,Male,College and Graduate School of Arts & Sciences,0,0
Working,2,Engineering - Civil Engineering,Male,School of Engineering & Applied Science,1,1
Working,2,Computer Science - Interdisciplinary,Male,College and Graduate School of Arts & Sciences,1,1
Working,0,Pharmacology,Female,School of Medicine,1,0
I am continuing my education,1,Education - Kinesiology,Female,School of Education and Human Development,0,1
Working,1,Education - Administration & Supervision,Male,School of Education and Human Development,1,1
Working,2,Economics,Female,College and Graduate School of Arts & Sciences,1,1
I am continuing my education,0,Linguistics,Male,College and Graduate School of Arts & Sciences,0,0
Working,3,Engineering - Electrical Engineering,Male,School of Engineering & Applied Science,1,1
Working,0,Public Safety,Female,School of Continuing and Professional Studies,1,0
Working,0,Engineering - Systems Engineering,Female,School of Engineering & Applied Science,1,0
Working,0,Engineering - Computer Science,Male,School of Engineering & Applied Science,1,0
Working,3,Engineering - Computer Science,Female,School of Engineering & Applied Science,1,1
Working,1,Engineering - Mechanical Engineering,Male,School of Engineering & Applied Science,1,1
Working,2,French,Female,College and Graduate School of Arts & Sciences,1,1
Working,1,Statistics,Female,College and Graduate School of Arts & Sciences,1,1
Working,0,Biology,Female,College and Graduate School of Arts & Sciences,1,0
Working,1,Cognitive Science - Interdisciplinary,Female,College and Graduate School of Arts & Sciences,1,1
Working,3,Engineering - Electrical Engineering,Male,School of Engineering & Applied Science,1,1
I have not finalized my plans.  I am seeking employment or acceptance to an academic program,0,Chemistry,Male,College and Graduate School of Arts & Sciences,0,0
Working,2,Engineering - Computer Science,Male,School of Engineering & Applied Science,1,1
Working,0,Environmental Sciences,Male,College and Graduate School of Arts & Sciences,1,0
Working,1,Engineering - Computer Science,Male,School of Engineering & Applied Science,1,1
Working,2,Engineering - Computer Science,Male,School of Engineering & Applied Science,1,1
Working,0,Neuroscience,Female,School of Medicine,1,0
I have not finalized my plans.  I am seeking employment or acceptance to an academic program,1,Engineering - Biomedical Engineering,Female,School of Engineering & Applied Science,0,1
Working,1,Engineering - Systems Engineering,Male,School of Engineering & Applied Science,1,1
Working,0,Engineering - Electrical Engineering,Male,School of Engineering & Applied Science,1,0
I have not finalized my plans.  I am seeking employment or acceptance to an academic program,1,Computer Science - Interdisciplinary,Male,College and Graduate School of Arts & Sciences,0,1
I have not finalized my plans.  I am seeking employment or acceptance to an academic program,0,Media Studies,Male,College and Graduate School of Arts & Sciences,0,0
Working,0,Engineering - Mechanical & Aerospace Engineering,Male,School of Engineering & Applied Science,1,0
Working,2,Computer Science - Interdisciplinary,Female,College and Graduate School of Arts & Sciences,1,1
I have not finalized my plans.  I am seeking employment or acceptance to an academic program,0,Education - Speech Communication Disorders,Male,School of Education and Human Development,0,0
Working,0,Education - Administration & Supervision,Female,School of Education and Human Development,1,0
I am continuing my education,0,Mathematics,Male,College and Graduate School of Arts & Sciences,0,0
I have not finalized my plans.  I am seeking employment or acceptance to an academic program,0,Cognitive Science - Interdisciplinary,Male,College and Graduate School of Arts & Sciences,0,0
Working,1,Engineering - Computer Science,Male,School of Engineering & Applied Science,1,1
Working,1,East Asian Studies - Interdisciplinary,Female,College and Graduate School of Arts & Sciences,1,1
Working,2,History,Female,College and Graduate School of Arts & Sciences,1,1
I have not finalized my plans.  I am seeking employment or acceptance to an academic program,0,Engineering - Computer Science,Male,School of Engineering & Applied Science,0,0
Working,1,Engineering - Biomedical Engineering,Male,School of Engineering & Applied Science,1,1
Working,0,Education - Educational Psychology,Female,School of Education and Human Development,1,0
Working,1,Architecture - Urban & Environmental Planning,Male,School of Architecture,1,1
Working,0,Education - Curriculum & Instruction,Male,School of Education and Human Development,1,0
I have not finalized my plans.  I am seeking employment or acceptance to an academic program,0,Data Science,Male,School of Data Science,0,0
Working,0,Biology,Male,College and Graduate School of Arts & Sciences,1,0
Working,0,Education - Reading Education,Female,School of Education and Human Development,1,0
Working,0,Education - Curriculum & Instruction,Female,School of Education and Human Development,1,0
I am continuing my education,0,African-American & African Studies,Female,College and Graduate School of Arts & Sciences,0,0
I have not finalized my plans.  I am seeking employment or acceptance to an academic program,0,Media Studies - Interdisciplinary,Female,College and Graduate School of Arts & Sciences,0,0
Working,2,Engineering - Electrical Engineering,Female,School of Engineering & Applied Science,1,1
I have not finalized my plans.  I am seeking employment or acceptance to an academic program,1,Public Health,Female,School of Medicine,0,1
Working,1,Engineering - Civil Engineering,Male,School of Engineering & Applied Science,1,1
Working,3,Engineering - Computer Science,Male,School of Engineering & Applied Science,1,1
I have not finalized my plans.  I am seeking employment or acceptance to an academic program,3,Architecture - Architectural History,Female,School of Architecture,0,1
Working,0,English,Female,College and Graduate School of Arts & Sciences,1,0
Working,2,Economics,Female,College and Graduate School of Arts & Sciences,1,1
Working,0,Neuroscience,Female,School of Medicine,1,0
Working,0,Education - Special Education,Female,School of Education and Human Development,1,0
I am continuing my education,1,Education - Kinesiology,Female,School of Education and Human Development,0,1
Working,1,Engineering - Computer Science,Male,School of Engineering & Applied Science,1,1
I have not finalized my plans.  I am seeking employment or acceptance to an academic program,2,Engineering - Computer Science,Male,School of Engineering & Applied Science,0,1
I have not finalized my plans.  I am seeking employment or acceptance to an academic program,1,Biology,Female,College and Graduate School of Arts & Sciences,0,1
I am continuing my education,2,Engineering - Computer Science,Male,School of Engineering & Applied Science,0,1
Working,1,Education - Curriculum & Instruction,Female,School of Education and Human Development,1,1
I have accepted a fellowship,0,Biophysics,Male,School of Medicine,0,0
Working,0,Engineering - Mechanical & Aerospace Engineering,Male,School of Engineering & Applied Science,1,0
Working,1,Engineering - Mechanical & Aerospace Engineering,Male,School of Engineering & Applied Science,1,1
Working,3,Education - Educational Psychology,Female,School of Education and Human Development,1,1
Working,0,Data Science,Male,School of Data Science,1,0
I have not finalized my plans.  I am seeking employment or acceptance to an academic program,2,Foreign Affairs,Male,College and Graduate School of Arts & Sciences,0,1
I have not finalized my plans.  I am seeking employment or acceptance to an academic program,0,English,Male,College and Graduate School of Arts & Sciences,0,0
I have not finalized my plans.  I am seeking employment or acceptance to an academic program,0,Data Science,Male,School of Data Science,0,0
I have not finalized my plans.  I am seeking employment or acceptance to an academic program,0,Foreign Affairs,Male,College and Graduate School of Arts & Sciences,0,0
Working,0,Architecture - Landscape Architecture,Female,School of Architecture,1,0
I have not finalized my plans.  I am seeking employment or acceptance to an academic program,0,Government,Male,College and Graduate School of Arts & Sciences,0,0
I have not finalized my plans.  I am seeking employment or acceptance to an academic program,1,Media Studies,Female,College and Graduate School of Arts & Sciences,0,1
I am taking a break,0,Engineering - Civil Engineering,Male,School of Engineering & Applied Science,0,0
Working,1,Statistics,Female,College and Graduate School of Arts & Sciences,1,1
Working,0,Education - Curriculum & Instruction,Male,School of Education and Human Development,1,0
I am continuing my education,1,Linguistics,Male,College and Graduate School of Arts & Sciences,0,1
Working,3,Engineering - Computer Science,Male,School of Engineering & Applied Science,1,1
Working,0,Engineering - Civil Engineering,Male,School of Engineering & Applied Science,1,0
I have accepted a fellowship,0,Environmental Sciences,Female,College and Graduate School of Arts & Sciences,0,0
Working,0,Education - Higher Education,Male,School of Education and Human Development,1,0
I have accepted a fellowship,0,Anthropology,Female,College and Graduate School of Arts & Sciences,0,0
I am continuing my education,0,Health Sciences Management (SCPS),Male,School of Continuing and Professional Studies,0,0
Working,1,Engineering - Materials Science & Engineering,Male,School of Engineering & Applied Science,1,1
Working,0,Microbiology,Male,School of Medicine,1,0
I have accepted a fellowship,1,Foreign Affairs,Male,College and Graduate School of Arts & Sciences,0,1
I am continuing my education,0,Engineering - Mechanical & Aerospace Engineering,Male,School of Engineering & Applied Science,0,0
Working,0,Women Gender & Sexuality - Interdisciplinary,Female,College and Graduate School of Arts & Sciences,1,0
Working,0,Data Science,Male,School of Data Science,1,0
I am continuing my education,2,Engineering - Civil Engineering,Male,School of Engineering & Applied Science,0,1
Working,0,Public Safety,Male,School of Continuing and Professional Studies,1,0
I have not finalized my plans.  I am seeking employment or acceptance to an academic program,0,Engineering - Mechanical & Aerospace Engineering,Male,School of Engineering & Applied Science,0,0
Working,1,Education - Curriculum & Instruction,Female,School of Education and Human Development,1,1
Working,2,Architecture - Landscape Architecture,Female,School of Architecture,1,1
I am continuing my education,0,Mathematics,Female,College and Graduate School of Arts & Sciences,0,0
I have not finalized my plans.  I am seeking employment or acceptance to an academic program,0,Engineering - Computer Science,Male,School of Engineering & Applied Science,0,0
Working,0,Education - Special Education,Male,School of Education and Human Development,1,0
Working,2,Education - Administration & Supervision,Female,School of Education and Human Development,1,1
Working,0,Education - Special Education,Female,School of Education and Human Development,1,0
Working,0,Public Safety,Female,School of Continuing and Professional Studies,1,0
Working,0,Chemistry,Male,College and Graduate School of Arts & Sciences,1,0
I am continuing my education,0,English,Female,College and Graduate School of Arts & Sciences,0,0
Working,2,Engineering - Aerospace Engineering,Male,School of Engineering & Applied Science,1,1
Working,2,Engineering - Biomedical Engineering,Female,School of Engineering & Applied Science,1,1
Working,1,Engineering - Biomedical Engineering,Male,School of Engineering & Applied Science,1,1
I am continuing my education,1,Engineering - Aerospace Engineering,Female,School of Engineering & Applied Science,0,1
Working,2,Engineering - Aerospace Engineering,Female,School of Engineering & Applied Science,1,1
Working,0,Engineering - Mechanical Engineering,Male,School of Engineering & Applied Science,1,0
I am continuing my education,2,Engineering - Computer Science,Male,School of Engineering & Applied Science,0,1
Working,1,Engineering - Materials Science and Engineering,Male,School of Engineering & Applied Science,1,1
Working,2,Engineering - Biomedical Engineering,Female,School of Engineering & Applied Science,1,1
Working,2,Engineering - Computer Engineering,Female,School of Engineering & Applied Science,1,1
Working,3,Engineering - Computer Engineering,Male,School of Engineering & Applied Science,1,1
Working,2,Engineering - Systems Engineering,Female,School of Engineering & Applied Science,1,1
I am continuing my education,3,Engineering - Civil Engineering,Female,School of Engineering & Applied Science,0,1
Working,3,Engineering - Computer Science,Male,School of Engineering & Applied Science,1,1
Working,3,Engineering - Civil Engineering,Female,School of Engineering & Applied Science,1,1
Working,2,Engineering - Computer Science,Male,School of Engineering & Applied Science,1,1
I am continuing my education,1,Engineering - Biomedical Engineering,Female,School of Engineering & Applied Science,0,1
Working,1,Engineering - Computer Science,Female,School of Engineering & Applied Science,1,1
I am continuing my education,2,Engineering - Computer Science,Male,School of Engineering & Applied Science,0,1
Working,1,Engineering - Computer Science,Male,School of Engineering & Applied Science,1,1
Working,3,Engineering - Systems Engineering,Male,School of Engineering & Applied Science,1,1
Working,3,Engineering - Computer Science,Female,School of Engineering & Applied Science,1,1
Working,1,Engineering - Systems Engineering,Female,School of Engineering & Applied Science,1,1
Working,1,Engineering - Civil Engineering,Male,School of Engineering & Applied Science,1,1
I will be serving in the military,2,Engineering - Civil Engineering,Male,School of Engineering & Applied Science,0,1
Working,3,Engineering - Computer Science,Male,School of Engineering & Applied Science,1,1
Working,0,Engineering - Mechanical Engineering,Male,School of Engineering & Applied Science,1,0
Working,1,Engineering - Biomedical Engineering,Female,School of Engineering & Applied Science,1,1
Working,1,Engineering - Electrical Engineering,Female,School of Engineering & Applied Science,1,1
Working,3,Engineering - Computer Science,Male,School of Engineering & Applied Science,1,1
Working,1,Engineering - Computer Science,Male,School of Engineering & Applied Science,1,1
Working,3,Engineering - Computer Science,Male,School of Engineering & Applied Science,1,1
Working,2,Engineering - Biomedical Engineering,Female,School of Engineering & Applied Science,1,1
Working,1,Engineering - Mechanical Engineering,Male,School of Engineering & Applied Science,1,1
Working,1,Engineering - Chemical Engineering,Male,School of Engineering & Applied Science,1,1
I am continuing my education,2,Engineering - Mechanical Engineering,Female,School of Engineering & Applied Science,0,1
Working,3,Engineering - Systems Engineering,Female,School of Engineering & Applied Science,1,1
Working,1,Engineering - Chemical Engineering,Female,School of Engineering & Applied Science,1,1
Working,2,Engineering - Systems Engineering,Female,School of Engineering & Applied Science,1,1
I am continuing my education,1,Engineering - Civil Engineering,Female,School of Engineering & Applied Science,0,1
Working,2,Engineering - Computer Science,Male,School of Engineering & Applied Science,1,1
I am continuing my education,1,Engineering - Computer Engineering,Male,School of Engineering & Applied Science,0,1
Working,3,Engineering - Systems Engineering,Female,School of Engineering & Applied Science,1,1
I am continuing my education,3,Engineering - Aerospace Engineering,Male,School of Engineering & Applied Science,0,1
Working,2,Engineering - Computer Science,Male,School of Engineering & Applied Science,1,1
Working,0,Engineering - Mechanical Engineering,Female,School of Engineering & Applied Science,1,0
Working,2,Engineering - Computer Science,Male,School of Engineering & Applied Science,1,1
Working,3,Computer Science - Interdisciplinary,Female,College and Graduate School of Arts & Sciences,1,1
I am continuing my education,0,Engineering - Biomedical Engineering,Female,School of Engineering & Applied Science,0,0
Working,3,Engineering - Computer Science,Male,School of Engineering & Applied Science,1,1
Working,1,Engineering - Chemical Engineering,Female,School of Engineering & Applied Science,1,1
I am continuing my education,2,Economics,Female,College and Graduate School of Arts & Sciences,0,1
Working,3,Computer Science - Interdisciplinary,Male,College and Graduate School of Arts & Sciences,1,1
I am continuing my education,2,Engineering - Systems Engineering,Female,School of Engineering & Applied Science,0,1
Working,1,Economics,Female,College and Graduate School of Arts & Sciences,1,1
Working,2,Statistics,Female,College and Graduate School of Arts & Sciences,1,1
Working,2,Mathematics,Male,College and Graduate School of Arts & Sciences,1,1
I have not finalized my plans.  I am seeking employment or acceptance to an academic program,2,Economics,Male,College and Graduate School of Arts & Sciences,0,1
Working,1,Economics,Female,College and Graduate School of Arts & Sciences,1,1
Working,2,Economics,Female,College and Graduate School of Arts & Sciences,1,1
I am continuing my education,2,Statistics,Female,College and Graduate School of Arts & Sciences,0,1
I am continuing my education,2,Economics,Female,College and Graduate School of Arts & Sciences,0,1
Working,0,Economics,Female,College and Graduate School of Arts & Sciences,1,0
I am continuing my education,3,Engineering - Computer Science,Male,School of Engineering & Applied Science,0,1
I have not finalized my plans.  I am seeking employment or acceptance to an academic program,3,Global Studies - Interdisciplinary,Female,College and Graduate School of Arts & Sciences,0,1
Working,2,Statistics,Female,College and Graduate School of Arts & Sciences,1,1
I am continuing my education,0,Education - Youth & Social Innovation,Female,School of Education and Human Development,0,0
Working,2,Economics,Female,College and Graduate School of Arts & Sciences,1,1
Working,1,Economics,Female,College and Graduate School of Arts & Sciences,1,1
Working,0,Mathematics,Male,College and Graduate School of Arts & Sciences,1,0
Working,3,Economics,Male,College and Graduate School of Arts & Sciences,1,1
Working,2,Economics,Male,College and Graduate School of Arts & Sciences,1,1
I am continuing my education,3,Computer Science - Interdisciplinary,Male,College and Graduate School of Arts & Sciences,0,1
Working,1,Economics,Male,College and Graduate School of Arts & Sciences,1,1
Working,1,Economics,Male,College and Graduate School of Arts & Sciences,1,1
I have not finalized my plans.  I am seeking employment or acceptance to an academic program,0,Economics,Male,College and Graduate School of Arts & Sciences,0,0
Working,2,Economics,Female,College and Graduate School of Arts & Sciences,1,1
I am continuing my education,1,Economics,Male,College and Graduate School of Arts & Sciences,0,1
Working,2,Economics,Female,College and Graduate School of Arts & Sciences,1,1
Working,3,Economics,Female,College and Graduate School of Arts & Sciences,1,1
Working,2,Economics,Male,College and Graduate School of Arts & Sciences,1,1
I have not finalized my plans.  I am seeking employment or acceptance to an academic program,1,Political Philosophy Policy & Law - Interdisciplinary,Female,College and Graduate School of Arts & Sciences,0,1
I have not finalized my plans.  I am seeking employment or acceptance to an academic program,0,Economics,Male,College and Graduate School of Arts & Sciences,0,0
Working,0,Economics,Male,College and Graduate School of Arts & Sciences,1,0
Working,3,Economics,Female,College and Graduate School of Arts & Sciences,1,1
Working,2,Economics,Female,College and Graduate School of Arts & Sciences,1,1
Working,1,Engineering - Biomedical Engineering,Female,School of Engineering & Applied Science,1,1
Working,3,Biology,Male,College and Graduate School of Arts & Sciences,1,1
Working,3,Statistics,Male,College and Graduate School of Arts & Sciences,1,1
Working,2,Economics,Female,College and Graduate School of Arts & Sciences,1,1
Working,1,Cognitive Science - Interdisciplinary,Female,College and Graduate School of Arts & Sciences,1,1
I have not finalized my plans.  I am seeking employment or acceptance to an academic program,3,Environmental Sciences,Male,College and Graduate School of Arts & Sciences,0,1
Working,3,Economics,Male,College and Graduate School of Arts & Sciences,1,1
I am continuing my education,2,Economics,Female,College and Graduate School of Arts & Sciences,0,1
I am continuing my education,1,Economics,Female,College and Graduate School of Arts & Sciences,0,1
I am continuing my education,2,Economics,Male,College and Graduate School of Arts & Sciences,0,1
Working,3,Economics,Male,College and Graduate School of Arts & Sciences,1,1
I am continuing my education,2,Engineering - Engineering Science,Male,School of Engineering & Applied Science,0,1
I have not finalized my plans.  I am seeking employment or acceptance to an academic program,0,Economics,Male,College and Graduate School of Arts & Sciences,0,0
I have not finalized my plans.  I am seeking employment or acceptance to an academic program,1,Economics,Female,College and Graduate School of Arts & Sciences,0,1
I am continuing my education,3,History,Female,College and Graduate School of Arts & Sciences,0,1
Working,3,Economics,Female,College and Graduate School of Arts & Sciences,1,1
I am continuing my education,1,Economics,Female,College and Graduate School of Arts & Sciences,0,1
Working,1,Economics,Male,College and Graduate School of Arts & Sciences,1,1
Working,3,Statistics,Male,College and Graduate School of Arts & Sciences,1,1
Working,1,Computer Science - Interdisciplinary,Male,College and Graduate School of Arts & Sciences,1,1
I am continuing my education,3,Economics,Male,College and Graduate School of Arts & Sciences,0,1
Working,3,Economics,Male,College and Graduate School of Arts & Sciences,1,1
I am continuing my education,1,Economics,Female,College and Graduate School of Arts & Sciences,0,1
Working,1,Economics,Female,College and Graduate School of Arts & Sciences,1,1
Working,1,Economics,Female,College and Graduate School of Arts & Sciences,1,1
Working,2,Engineering - Systems Engineering,Male,School of Engineering & Applied Science,1,1
Working,2,Economics,Female,College and Graduate School of Arts & Sciences,1,1
I am continuing my education,3,Economics,Male,College and Graduate School of Arts & Sciences,0,1
I am continuing my education,1,Economics,Male,College and Graduate School of Arts & Sciences,0,1
Working,2,Statistics,Female,College and Graduate School of Arts & Sciences,1,1
I am continuing my education,1,Economics,Female,College and Graduate School of Arts & Sciences,0,1
Working,1,Economics,Female,College and Graduate School of Arts & Sciences,1,1
Working,2,Economics,Male,College and Graduate School of Arts & Sciences,1,1
Working,1,Economics,Male,College and Graduate School of Arts & Sciences,1,1
Working,2,Economics,Female,College and Graduate School of Arts & Sciences,1,1
Working,1,Economics,Female,College and Graduate School of Arts & Sciences,1,1
Working,2,Economics,Male,College and Graduate School of Arts & Sciences,1,1
Working,2,Computer Science - Interdisciplinary,Female,College and Graduate School of Arts & Sciences,1,1
I am continuing my education,2,Engineering - Biomedical Engineering,Female,School of Engineering & Applied Science,0,1
Working,1,Global Studies - Interdisciplinary,Female,College and Graduate School of Arts & Sciences,1,1
Working,2,Spanish,Female,College and Graduate School of Arts & Sciences,1,1
Working,1,Engineering - Electrical Engineering,Female,School of Engineering & Applied Science,1,1
Working,1,Engineering - Chemical Engineering,Female,School of Engineering & Applied Science,1,1
I am continuing my education,0,Neuroscience - Interdisciplinary,Male,College and Graduate School of Arts & Sciences,0,0
I am continuing my education,1,Religious Studies,Female,College and Graduate School of Arts & Sciences,0,1
I am continuing my education,3,Foreign Affairs,Female,College and Graduate School of Arts & Sciences,0,1
I am continuing my education,2,Chemistry,Female,College and Graduate School of Arts & Sciences,0,1
I am continuing my education,2,History,Female,College and Graduate School of Arts & Sciences,0,1
I am continuing my education,1,Economics,Female,College and Graduate School of Arts & Sciences,0,1
I will be volunteering,2,Foreign Affairs,Male,College and Graduate School of Arts & Sciences,0,1
I have not finalized my plans.  I am seeking employment or acceptance to an academic program,0,Computer Science - Interdisciplinary,Male,College and Graduate School of Arts & Sciences,0,0
Working,2,Computer Science - Interdisciplinary,Male,College and Graduate School of Arts & Sciences,1,1
I am continuing my education,2,Human Biology - Interdisciplinary,Male,College and Graduate School of Arts & Sciences,0,1
Working,1,Cognitive Science - Interdisciplinary,Female,College and Graduate School of Arts & Sciences,1,1
I have not finalized my plans.  I am seeking employment or acceptance to an academic program,2,History,Female,College and Graduate School of Arts & Sciences,0,1
I am continuing my education,1,Chemistry,Female,College and Graduate School of Arts & Sciences,0,1
I have not finalized my plans.  I am seeking employment or acceptance to an academic program,1,Chemistry,Female,College and Graduate School of Arts & Sciences,0,1
I am continuing my education,0,Computer Science - Interdisciplinary,Male,College and Graduate School of Arts & Sciences,0,0
Working,1,Biochemistry & Molecular Genetics,Male,School of Medicine,1,1
Working,2,Environmental Sciences,Female,College and Graduate School of Arts & Sciences,1,1
Working,3,Engineering - Systems Engineering,Male,School of Engineering & Applied Science,1,1
Working,3,Foreign Affairs,Female,College and Graduate School of Arts & Sciences,1,1
I am continuing my education,2,Engineering - Biomedical Engineering,Male,School of Engineering & Applied Science,0,1
I am continuing my education,2,Economics,Male,College and Graduate School of Arts & Sciences,0,1
Working,2,Engineering - Computer Science,Male,School of Engineering & Applied Science,1,1
I am continuing my education,0,Engineering - Computer Science,Male,School of Engineering & Applied Science,0,0
Working,2,Engineering - Systems Engineering,Female,School of Engineering & Applied Science,1,1
I am continuing my education,0,Political Philosophy Policy & Law - Interdisciplinary,Female,College and Graduate School of Arts & Sciences,0,0
I have accepted a fellowship,0,Nursing,Female,College and Graduate School of Arts & Sciences,0,0
Working,3,Spanish,Female,College and Graduate School of Arts & Sciences,1,1
Working,1,Anthropology,Female,College and Graduate School of Arts & Sciences,1,1
I have not finalized my plans.  I am seeking employment or acceptance to an academic program,1,English,Female,College and Graduate School of Arts & Sciences,0,1
I have not finalized my plans.  I am seeking employment or acceptance to an academic program,2,Economics,Female,College and Graduate School of Arts & Sciences,0,1
I have not finalized my plans.  I am seeking employment or acceptance to an academic program,2,Media Studies,Female,College and Graduate School of Arts & Sciences,0,1
Working,2,Data Science,Male,School of Data Science,1,1
Working,2,Engineering - Computer Science,Male,School of Engineering & Applied Science,1,1
Working,3,Data Science,Male,School of Data Science,1,1
Working,3,Media Studies,Female,College and Graduate School of Arts & Sciences,1,1
Working,3,Engineering - Mechanical Engineering,Male,School of Engineering & Applied Science,1,1
I am continuing my education,0,English,Male,College and Graduate School of Arts & Sciences,0,0
I have not finalized my plans.  I am seeking employment or acceptance to an academic program,0,Biology,Female,College and Graduate School of Arts & Sciences,0,0
I am continuing my education,0,Education - Speech Communication Disorders,Female,School of Education and Human Development,0,0
Working,3,Architecture,Male,School of Architecture,1,1
I am continuing my education,0,Engineering - Electrical Engineering,Male,School of Engineering & Applied Science,0,0
Working,3,Engineering - Mechanical Engineering,Female,School of Engineering & Applied Science,1,1
I am continuing my education,2,Sociology,Female,College and Graduate School of Arts & Sciences,0,1
Working,3,Computer Science - Interdisciplinary,Male,College and Graduate School of Arts & Sciences,1,1
I am continuing my education,0,Interdisciplinary (SCPS-BIS),Female,School of Continuing and Professional Studies,0,0
Working,1,English,Female,College and Graduate School of Arts & Sciences,1,1
I am continuing my education,3,Foreign Affairs,Female,College and Graduate School of Arts & Sciences,0,1
I am continuing my education,2,Mathematics,Female,College and Graduate School of Arts & Sciences,0,1
Working,2,Engineering - Mechanical Engineering,Male,School of Engineering & Applied Science,1,1
Working,3,Economics,Female,College and Graduate School of Arts & Sciences,1,1
Working,1,Engineering - Civil Engineering,Male,School of Engineering & Applied Science,1,1
Working,1,Data Science,Female,School of Data Science,1,1
I have not finalized my plans.  I am seeking employment or acceptance to an academic program,0,Cognitive Science - Interdisciplinary,Female,College and Graduate School of Arts & Sciences,0,0
I am continuing my education,2,Psychology,Female,College and Graduate School of Arts & Sciences,0,1
I have not finalized my plans.  I am seeking employment or acceptance to an academic program,1,Education - Kinesiology,Female,School of Education and Human Development,0,1
Working,3,Engineering - Computer Engineering,Male,School of Engineering & Applied Science,1,1
Working,1,Media Studies,Female,College and Graduate School of Arts & Sciences,1,1
I am continuing my education,3,Government,Female,College and Graduate School of Arts & Sciences,0,1
Working,2,Computer Science - Interdisciplinary,Female,College and Graduate School of Arts & Sciences,1,1
Working,0,Economics,Male,College and Graduate School of Arts & Sciences,1,0
I am continuing my education,3,Government,Male,College and Graduate School of Arts & Sciences,0,1
I have not finalized my plans.  I am seeking employment or acceptance to an academic program,1,Education - Higher Education,Female,School of Education and Human Development,0,1
I am continuing my education,1,Global Studies - Interdisciplinary,Female,College and Graduate School of Arts & Sciences,0,1
I am continuing my education,1,Political Philosophy Policy & Law - Interdisciplinary,Female,College and Graduate School of Arts & Sciences,0,1
Working,1,Statistics,Male,College and Graduate School of Arts & Sciences,1,1
I am continuing my education,3,Global Studies - Interdisciplinary,Female,College and Graduate School of Arts & Sciences,0,1
I have not finalized my plans.  I am seeking employment or acceptance to an academic program,2,Engineering - Chemical Engineering,Male,School of Engineering & Applied Science,0,1
I have not finalized my plans.  I am seeking employment or acceptance to an academic program,1,Chemistry,Male,College and Graduate School of Arts & Sciences,0,1
I have not finalized my plans.  I am seeking employment or acceptance to an academic program,2,Media Studies,Female,College and Graduate School of Arts & Sciences,0,1
Working,0,Data Science,Male,School of Data Science,1,0
Working,1,Statistics,Female,College and Graduate School of Arts & Sciences,1,1
Working,0,Philosophy,Female,College and Graduate School of Arts & Sciences,1,0
I am continuing my education,2,Foreign Affairs,Female,College and Graduate School of Arts & Sciences,0,1
I have not finalized my plans.  I am seeking employment or acceptance to an academic program,3,Engineering - Computer Science,Male,School of Engineering & Applied Science,0,1
Working,3,Global Studies - Interdisciplinary,Female,College and Graduate School of Arts & Sciences,1,1
Working,2,Applied Statistics,Female,College and Graduate School of Arts & Sciences,1,1
Working,2,Computer Science - Interdisciplinary,Female,College and Graduate School of Arts & Sciences,1,1
Working,3,Engineering - Computer Science,Male,School of Engineering & Applied Science,1,1
I have not finalized my plans.  I am seeking employment or acceptance to an academic program,1,Media Studies,Female,College and Graduate School of Arts & Sciences,0,1
Working,0,Education - Special Education,Male,School of Education and Human Development,1,0
Working,2,Biology,Female,College and Graduate School of Arts & Sciences,1,1
I have not finalized my plans.  I am seeking employment or acceptance to an academic program,1,Education - Educational Psychology,Female,School of Education and Human Development,0,1
Working,3,Engineering - Systems Engineering,Male,School of Engineering & Applied Science,1,1
Working,2,Economics,Male,College and Graduate School of Arts & Sciences,1,1
Working,2,Engineering - Chemical Engineering,Male,School of Engineering & Applied Science,1,1
Working,1,Engineering - Mechanical Engineering,Male,School of Engineering & Applied Science,1,1
Working,0,Education - Kinesiology,Female,School of Education and Human Development,1,0
Working,3,Engineering - Biomedical Engineering,Female,School of Engineering & Applied Science,1,1
I will be serving in the military,0,Spanish,Male,College and Graduate School of Arts & Sciences,0,0
Working,0,Engineering - Mechanical & Aerospace Engineering,Male,School of Engineering & Applied Science,1,0
I have not finalized my plans.  I am seeking employment or acceptance to an academic program,1,Government,Male,College and Graduate School of Arts & Sciences,0,1
I am continuing my education,2,Statistics,Female,College and Graduate School of Arts & Sciences,0,1
Working,3,Computer Science - Interdisciplinary,Female,College and Graduate School of Arts & Sciences,1,1
Working,2,Engineering - Chemical Engineering,Male,School of Engineering & Applied Science,1,1
Working,2,Engineering - Electrical Engineering,Male,School of Engineering & Applied Science,1,1
Working,1,Engineering - Computer Engineering,Male,School of Engineering & Applied Science,1,1
Working,1,History,Female,College and Graduate School of Arts & Sciences,1,1
Working,3,Engineering - Computer Engineering,Male,School of Engineering & Applied Science,1,1
I have not finalized my plans.  I am seeking employment or acceptance to an academic program,0,Engineering - Biomedical Engineering,Male,School of Engineering & Applied Science,0,0
Working,0,Engineering - Mechanical & Aerospace Engineering,Male,School of Engineering & Applied Science,1,0
Working,2,Economics,Male,College and Graduate School of Arts & Sciences,1,1
I have accepted a fellowship,0,Environmental Sciences,Male,College and Graduate School of Arts & Sciences,0,0
I am continuing my education,1,Education - Youth & Social Innovation,Female,School of Education and Human Development,0,1
Working,3,Engineering - Systems Engineering,Female,School of Engineering & Applied Science,1,1
Working,2,Engineering - Computer Science,Female,School of Engineering & Applied Science,1,1
Working,1,Applied Statistics,Female,College and Graduate School of Arts & Sciences,1,1
Working,0,Education - Higher Education,Male,School of Education and Human Development,1,0
I will be serving in the military,3,Education - Elementary Education,Female,School of Education and Human Development,0,1
Working,3,Engineering - Computer Science,Male,School of Engineering & Applied Science,1,1
Working,1,Engineering - Civil Engineering,Male,School of Engineering & Applied Science,1,1
I am continuing my education,0,Psychology,Female,College and Graduate School of Arts & Sciences,0,0
I am continuing my education,2,Sociology,Female,College and Graduate School of Arts & Sciences,0,1
I have not finalized my plans.  I am seeking employment or acceptance to an academic program,1,Economics,Male,College and Graduate School of Arts & Sciences,0,1
I am continuing my education,0,Education - Speech Communication Disorders,Female,School of Education and Human Development,0,0
I am continuing my education,1,Architecture,Female,School of Architecture,0,1
Working,2,Economics,Male,College and Graduate School of Arts & Sciences,1,1
Working,1,Political Philosophy Policy & Law - Interdisciplinary,Female,College and Graduate School of Arts & Sciences,1,1
Working,3,Engineering - Systems Engineering,Female,School of Engineering & Applied Science,1,1
Working,3,American Studies - Interdisciplinary,Female,College and Graduate School of Arts & Sciences,1,1
I am continuing my education,3,Engineering - Computer Engineering,Male,School of Engineering & Applied Science,0,1
Working,3,Economics,Male,College and Graduate School of Arts & Sciences,1,1
Working,2,Engineering - Systems Engineering,Female,School of Engineering & Applied Science,1,1
I have not finalized my plans.  I am seeking employment or acceptance to an academic program,0,Education - Kinesiology,Female,School of Education and Human Development,0,0
Working,1,Education - Kinesiology,Male,School of Education and Human Development,1,1
I have not finalized my plans.  I am seeking employment or acceptance to an academic program,0,Psychology,Female,College and Graduate School of Arts & Sciences,0,0
I am continuing my education,1,Education - Youth & Social Innovation,Female,School of Education and Human Development,0,1
Working,1,Psychology,Female,College and Graduate School of Arts & Sciences,1,1
I am continuing my education,0,Engineering - Biomedical Engineering,Male,School of Engineering & Applied Science,0,0
Working,1,Computer Science - Interdisciplinary,Male,College and Graduate School of Arts & Sciences,1,1
Working,1,Drama,Female,College and Graduate School of Arts & Sciences,1,1
Working,2,Cognitive Science - Interdisciplinary,Male,College and Graduate School of Arts & Sciences,1,1
Working,3,Economics,Female,College and Graduate School of Arts & Sciences,1,1
Working,0,Engineering - Chemical Engineering,Female,School of Engineering & Applied Science,1,0
Working,1,Engineering - Systems Engineering,Female,School of Engineering & Applied Science,1,1
Working,2,Computer Science - Interdisciplinary,Female,College and Graduate School of Arts & Sciences,1,1
Working,1,Architecture - Urban & Environmental Planning,Male,School of Architecture,1,1
Working,2,Media Studies,Female,College and Graduate School of Arts & Sciences,1,1
Working,1,Engineering - Biomedical Engineering,Male,School of Engineering & Applied Science,1,1
I have not finalized my plans.  I am seeking employment or acceptance to an academic program,1,Environmental Thought & Practice - Interdisciplinary,Female,College and Graduate School of Arts & Sciences,0,1
Working,3,Global Studies - Interdisciplinary,Female,College and Graduate School of Arts & Sciences,1,1
I am continuing my education,3,Architecture - Urban & Environmental Planning,Female,School of Architecture,0,1
I have accepted a fellowship,0,Education - Kinesiology,Male,School of Education and Human Development,0,0
Working,3,Engineering - Aerospace Engineering,Male,School of Engineering & Applied Science,1,1
Working,3,Spanish,Female,College and Graduate School of Arts & Sciences,1,1
I am continuing my education,2,Statistics,Male,College and Graduate School of Arts & Sciences,0,1
I am continuing my education,1,Foreign Affairs,Female,College and Graduate School of Arts & Sciences,0,1
I have not finalized my plans.  I am seeking employment or acceptance to an academic program,1,Psychology,Female,College and Graduate School of Arts & Sciences,0,1
I am continuing my education,1,Spanish,Female,College and Graduate School of Arts & Sciences,0,1
Working,1,Cognitive Science - Interdisciplinary,Female,College and Graduate School of Arts & Sciences,1,1
I will be volunteering,1,Anthropology,Male,College and Graduate School of Arts & Sciences,0,1
Working,3,Engineering - Civil Engineering,Female,School of Engineering & Applied Science,1,1
Working,1,Women Gender & Sexuality - Interdisciplinary,Female,College and Graduate School of Arts & Sciences,1,1
I am continuing my education,0,Education - Kinesiology,Female,School of Education and Human Development,0,0
Working,2,Engineering - Chemical Engineering,Female,School of Engineering & Applied Science,1,1
Working,2,Global Studies - Interdisciplinary,Male,College and Graduate School of Arts & Sciences,1,1
Working,0,Education - Curriculum & Instruction,Female,School of Education and Human Development,1,0
Working,1,Environmental Sciences,Male,College and Graduate School of Arts & Sciences,1,1
I have not finalized my plans.  I am seeking employment or acceptance to an academic program,1,Biology,Male,College and Graduate School of Arts & Sciences,0,1
I am continuing my education,2,Neuroscience - Interdisciplinary,Female,College and Graduate School of Arts & Sciences,0,1
I am continuing my education,2,Engineering - Civil Engineering,Male,School of Engineering & Applied Science,0,1
Working,0,Mathematics,Male,College and Graduate School of Arts & Sciences,1,0
Working,3,Global Studies - Interdisciplinary,Female,College and Graduate School of Arts & Sciences,1,1
I have not finalized my plans.  I am seeking employment or acceptance to an academic program,1,History,Female,College and Graduate School of Arts & Sciences,0,1
Working,2,Foreign Affairs,Female,College and Graduate School of Arts & Sciences,1,1
Working,3,Government,Female,College and Graduate School of Arts & Sciences,1,1
I am continuing my education,0,English,Female,College and Graduate School of Arts & Sciences,0,0
I am continuing my education,2,Computer Science - Interdisciplinary,Male,College and Graduate School of Arts & Sciences,0,1
I am continuing my education,2,Engineering - Aerospace Engineering,Male,School of Engineering & Applied Science,0,1
I am continuing my education,1,Education - Kinesiology,Female,School of Education and Human Development,0,1
I have not finalized my plans.  I am seeking employment or acceptance to an academic program,1,History,Male,College and Graduate School of Arts & Sciences,0,1
I am continuing my education,0,Classics,Female,College and Graduate School of Arts & Sciences,0,0
Working,1,Computer Science - Interdisciplinary,Male,College and Graduate School of Arts & Sciences,1,1
Working,2,Engineering - Computer Science,Male,School of Engineering & Applied Science,1,1
I have not finalized my plans.  I am seeking employment or acceptance to an academic program,2,Architecture,Female,School of Architecture,0,1
Working,2,Economics,Female,College and Graduate School of Arts & Sciences,1,1
Working,1,Biology,Female,College and Graduate School of Arts & Sciences,1,1
I have not finalized my plans.  I am seeking employment or acceptance to an academic program,3,Physics,Female,College and Graduate School of Arts & Sciences,0,1
Working,0,Engineering - Civil Engineering,Female,School of Engineering & Applied Science,1,0
I am continuing my education,3,Environmental Sciences,Female,College and Graduate School of Arts & Sciences,0,1
I am continuing my education,2,Education - Youth & Social Innovation,Female,School of Education and Human Development,0,1
I have not finalized my plans.  I am seeking employment or acceptance to an academic program,1,Education - Kinesiology,Female,School of Education and Human Development,0,1
Working,2,Foreign Affairs,Female,College and Graduate School of Arts & Sciences,1,1
Working,0,Interdisciplinary (SCPS-BIS),Female,School of Continuing and Professional Studies,1,0
Working,1,Economics,Female,College and Graduate School of Arts & Sciences,1,1
I have not finalized my plans.  I am seeking employment or acceptance to an academic program,1,Engineering - Biomedical Engineering,Male,School of Engineering & Applied Science,0,1
Working,3,Media Studies,Female,College and Graduate School of Arts & Sciences,1,1
Working,1,Education - Curriculum & Instruction,Female,School of Education and Human Development,1,1
Working,2,Media Studies,Female,College and Graduate School of Arts & Sciences,1,1
I have not finalized my plans.  I am seeking employment or acceptance to an academic program,2,Psychology,Male,College and Graduate School of Arts & Sciences,0,1
Working,0,Biology,Male,College and Graduate School of Arts & Sciences,1,0
I am continuing my education,2,Education - Educational Psychology,Female,School of Education and Human Development,0,1
I am continuing my education,0,Foreign Affairs,Female,College and Graduate School of Arts & Sciences,0,0
I will be volunteering,0,Biology,Male,College and Graduate School of Arts & Sciences,0,0
Working,2,Engineering - Computer Science,Male,School of Engineering & Applied Science,1,1
Working,2,Engineering - Chemical Engineering,Female,School of Engineering & Applied Science,1,1
Working,2,Computer Science - Interdisciplinary,Female,College and Graduate School of Arts & Sciences,1,1
Working,2,Computer Science - Interdisciplinary,Female,College and Graduate School of Arts & Sciences,1,1
I am continuing my education,2,Education - Speech Communication Disorders,Female,School of Education and Human Development,0,1
I am continuing my education,2,Biology,Female,College and Graduate School of Arts & Sciences,0,1
I have not finalized my plans.  I am seeking employment or acceptance to an academic program,1,Global Studies - Interdisciplinary,Female,College and Graduate School of Arts & Sciences,0,1
I am taking a break,2,Anthropology,Female,College and Graduate School of Arts & Sciences,0,1
Working,3,Art - Art History,Female,College and Graduate School of Arts & Sciences,1,1
I am continuing my education,0,Cognitive Science - Interdisciplinary,Female,College and Graduate School of Arts & Sciences,0,0
Working,1,Engineering - Aerospace Engineering,Female,School of Engineering & Applied Science,1,1
Working,2,Economics,Male,College and Graduate School of Arts & Sciences,1,1
Working,1,Engineering - Electrical Engineering,Male,School of Engineering & Applied Science,1,1
I am continuing my education,3,Media Studies,Female,College and Graduate School of Arts & Sciences,0,1
Working,1,Engineering - Computer Engineering,Male,School of Engineering & Applied Science,1,1
I am continuing my education,1,English,Male,College and Graduate School of Arts & Sciences,0,1
I am continuing my education,3,Engineering - Computer Science,Male,School of Engineering & Applied Science,0,1
I am continuing my education,1,Chemistry,Male,College and Graduate School of Arts & Sciences,0,1
I have not finalized my plans.  I am seeking employment or acceptance to an academic program,1,Engineering - Computer Science,Male,School of Engineering & Applied Science,0,1
I am continuing my education,3,Psychology,Female,College and Graduate School of Arts & Sciences,0,1
I have not finalized my plans.  I am seeking employment or acceptance to an academic program,0,Education - Social Studies Education,Male,School of Education and Human Development,0,0
I have not finalized my plans.  I am seeking employment or acceptance to an academic program,2,Global Studies - Interdisciplinary,Female,College and Graduate School of Arts & Sciences,0,1
Working,0,Mathematics,Male,College and Graduate School of Arts & Sciences,1,0
Working,1,Biology,Female,College and Graduate School of Arts & Sciences,1,1
Working,2,Media Studies,Female,College and Graduate School of Arts & Sciences,1,1
Working,0,Data Science,Female,School of Data Science,1,0
I have not finalized my plans.  I am seeking employment or acceptance to an academic program,0,Biochemistry & Molecular Genetics,Female,School of Medicine,0,0
Working,0,Engineering - Computer Engineering,Male,School of Engineering & Applied Science,1,0
I am continuing my education,2,Engineering - Civil Engineering,Female,School of Engineering & Applied Science,0,1
I am continuing my education,2,Education - Kinesiology,Male,School of Education and Human Development,0,1
I have not finalized my plans.  I am seeking employment or acceptance to an academic program,3,Media Studies,Female,College and Graduate School of Arts & Sciences,0,1
Working,2,Computer Science - Interdisciplinary,Male,College and Graduate School of Arts & Sciences,1,1
Working,3,Economics,Female,College and Graduate School of Arts & Sciences,1,1
I have not finalized my plans.  I am seeking employment or acceptance to an academic program,3,Psychology,Female,College and Graduate School of Arts & Sciences,0,1
I have not finalized my plans.  I am seeking employment or acceptance to an academic program,3,Psychology,Male,College and Graduate School of Arts & Sciences,0,1
Working,1,Biology,Female,College and Graduate School of Arts & Sciences,1,1
Working,1,Engineering - Biomedical Engineering,Male,School of Engineering & Applied Science,1,1
I am continuing my education,3,Engineering - Computer Science,Female,School of Engineering & Applied Science,0,1
Working,2,Engineering - Computer Science,Female,School of Engineering & Applied Science,1,1
Working,2,History,Female,College and Graduate School of Arts & Sciences,1,1
Working,3,Applied Statistics,Male,College and Graduate School of Arts & Sciences,1,1
I am continuing my education,0,Foreign Affairs,Male,College and Graduate School of Arts & Sciences,0,0
I am continuing my education,3,Engineering - Civil Engineering,Female,School of Engineering & Applied Science,0,1
Working,3,History,Male,College and Graduate School of Arts & Sciences,1,1
Working,1,Engineering - Biomedical Engineering,Female,School of Engineering & Applied Science,1,1
Working,2,Engineering - Civil Engineering,Male,School of Engineering & Applied Science,1,1
Working,1,Statistics,Female,College and Graduate School of Arts & Sciences,1,1
Working,3,Engineering - Computer Engineering,Male,School of Engineering & Applied Science,1,1
Working,2,Sociology,Female,College and Graduate School of Arts & Sciences,1,1
Working,0,Engineering - Computer Science,Male,School of Engineering & Applied Science,1,0
I am continuing my education,0,Chemistry,Male,College and Graduate School of Arts & Sciences,0,0
I am continuing my education,3,Economics,Male,College and Graduate School of Arts & Sciences,0,1
Working,3,Neuroscience - Interdisciplinary,Female,College and Graduate School of Arts & Sciences,1,1
I am continuing my education,1,Education - Kinesiology,Male,School of Education and Human Development,0,1
Working,3,Engineering - Computer Science,Male,School of Engineering & Applied Science,1,1
Working,2,Computer Science - Interdisciplinary,Male,College and Graduate School of Arts & Sciences,1,1
Working,0,Global Studies - Interdisciplinary,Female,College and Graduate School of Arts & Sciences,1,0
I have not finalized my plans.  I am seeking employment or acceptance to an academic program,1,Engineering - Chemical Engineering,Male,School of Engineering & Applied Science,0,1
I will be serving in the military,0,Foreign Affairs,Male,College and Graduate School of Arts & Sciences,0,0
I am continuing my education,3,Applied Statistics,Male,College and Graduate School of Arts & Sciences,0,1
Working,1,Statistics,Male,College and Graduate School of Arts & Sciences,1,1
I am continuing my education,1,Global Studies - Interdisciplinary,Male,College and Graduate School of Arts & Sciences,0,1
Working,2,Computer Science - Interdisciplinary,Male,College and Graduate School of Arts & Sciences,1,1
I am continuing my education,0,Statistics,Male,College and Graduate School of Arts & Sciences,0,0
I have not finalized my plans.  I am seeking employment or acceptance to an academic program,0,Computer Science - Interdisciplinary,Male,College and Graduate School of Arts & Sciences,0,0
I have not finalized my plans.  I am seeking employment or acceptance to an academic program,0,East Asian Studies - Interdisciplinary,Female,College and Graduate School of Arts & Sciences,0,0
Working,2,Statistics,Female,College and Graduate School of Arts & Sciences,1,1
Working,3,Architecture,Female,School of Architecture,1,1
I am continuing my education,0,Biology,Female,College and Graduate School of Arts & Sciences,0,0
Working,3,Economics,Male,College and Graduate School of Arts & Sciences,1,1
I have not finalized my plans.  I am seeking employment or acceptance to an academic program,0,Astronomy,Female,College and Graduate School of Arts & Sciences,0,0
Working,2,Global Studies - Interdisciplinary,Female,College and Graduate School of Arts & Sciences,1,1
Working,3,Education - Speech Communication Disorders,Female,School of Education and Human Development,1,1
Working,2,Engineering - Computer Science,Female,School of Engineering & Applied Science,1,1
Working,1,Foreign Affairs,Female,College and Graduate School of Arts & Sciences,1,1
I have not finalized my plans.  I am seeking employment or acceptance to an academic program,0,Economics,Male,College and Graduate School of Arts & Sciences,0,0
Working,1,Cognitive Science - Interdisciplinary,Female,College and Graduate School of Arts & Sciences,1,1
Working,0,Government,Female,College and Graduate School of Arts & Sciences,1,0
I am continuing my education,0,Global Studies - Interdisciplinary,Female,College and Graduate School of Arts & Sciences,0,0
Working,2,Computer Science - Interdisciplinary,Female,College and Graduate School of Arts & Sciences,1,1
I have not finalized my plans.  I am seeking employment or acceptance to an academic program,0,Drama,Female,College and Graduate School of Arts & Sciences,0,0
Working,2,Architecture,Male,School of Architecture,1,1
I am taking a break,2,Computer Science - Interdisciplinary,Female,College and Graduate School of Arts & Sciences,0,1
Working,2,Psychology,Female,College and Graduate School of Arts & Sciences,1,1
Working,2,Engineering - Mechanical Engineering,Male,School of Engineering & Applied Science,1,1
I am continuing my education,0,History,Male,College and Graduate School of Arts & Sciences,0,0
I am continuing my education,1,Economics,Male,College and Graduate School of Arts & Sciences,0,1
Working,0,Engineering - Systems Engineering,Male,School of Engineering & Applied Science,1,0
Working,2,Education - Higher Education,Female,School of Education and Human Development,1,1
Working,1,Engineering - Computer Science,Male,School of Engineering & Applied Science,1,1
I am continuing my education,0,English,Male,College and Graduate School of Arts & Sciences,0,0
Working,2,Computer Science - Interdisciplinary,Male,College and Graduate School of Arts & Sciences,1,1
Working,3,Engineering - Aerospace Engineering,Male,School of Engineering & Applied Science,1,1
I am continuing my education,3,English,Female,College and Graduate School of Arts & Sciences,0,1
Working,1,Biology,Female,College and Graduate School of Arts & Sciences,1,1
I am continuing my education,1,Foreign Affairs,Female,College and Graduate School of Arts & Sciences,0,1
Working,0,Chemistry,Female,College and Graduate School of Arts & Sciences,1,0
Working,2,Engineering - Biomedical Engineering,Female,School of Engineering & Applied Science,1,1
I am continuing my education,0,Architecture - Architectural History,Male,School of Architecture,0,0
Working,3,Economics,Female,College and Graduate School of Arts & Sciences,1,1
Working,1,Women Gender & Sexuality - Interdisciplinary,Female,College and Graduate School of Arts & Sciences,1,1
Working,1,Education - Elementary Education,Female,School of Education and Human Development,1,1
I am continuing my education,0,Cognitive Science - Interdisciplinary,Female,College and Graduate School of Arts & Sciences,0,0
I am continuing my education,0,Philosophy,Male,College and Graduate School of Arts & Sciences,0,0
I am continuing my education,2,Engineering - Civil Engineering,Male,School of Engineering & Applied Science,0,1
Working,1,Religious Studies,Male,College and Graduate School of Arts & Sciences,1,1
I am continuing my education,0,Media Studies,Female,College and Graduate School of Arts & Sciences,0,0
Working,1,English,Female,College and Graduate School of Arts & Sciences,1,1
Working,2,Global Studies - Interdisciplinary,Female,College and Graduate School of Arts & Sciences,1,1
I am continuing my education,0,Education - Kinesiology,Female,School of Education and Human Development,0,0
Working,0,Foreign Affairs,Female,College and Graduate School of Arts & Sciences,1,0
Working,1,Global Studies - Interdisciplinary,Male,College and Graduate School of Arts & Sciences,1,1
I have not finalized my plans.  I am seeking employment or acceptance to an academic program,3,Art - Studio Art,Female,College and Graduate School of Arts & Sciences,0,1
Working,3,Religious Studies,Male,College and Graduate School of Arts & Sciences,1,1
I have not finalized my plans.  I am seeking employment or acceptance to an academic program,2,History,Male,College and Graduate School of Arts & Sciences,0,1
Working,0,Education - Curriculum & Instruction,Female,School of Education and Human Development,1,0
I have accepted a fellowship,1,Environmental Sciences,Female,College and Graduate School of Arts & Sciences,0,1
Working,0,Education - Curriculum & Instruction,Female,School of Education and Human Development,1,0
I am continuing my education,0,Psychology,Female,College and Graduate School of Arts & Sciences,0,0
I am continuing my education,2,Economics,Female,College and Graduate School of Arts & Sciences,0,1
I am continuing my education,2,Women Gender & Sexuality - Interdisciplinary,Female,College and Graduate School of Arts & Sciences,0,1
Working,2,Environmental Sciences,Female,College and Graduate School of Arts & Sciences,1,1
Working,3,Computer Science - Interdisciplinary,Male,College and Graduate School of Arts & Sciences,1,1
I have not finalized my plans.  I am seeking employment or acceptance to an academic program,1,Foreign Affairs,Male,College and Graduate School of Arts & Sciences,0,1
I have not finalized my plans.  I am seeking employment or acceptance to an academic program,0,Physics,Female,College and Graduate School of Arts & Sciences,0,0
I have not finalized my plans.  I am seeking employment or acceptance to an academic program,0,Education - Kinesiology,Female,School of Education and Human Development,0,0
Working,3,Engineering - Computer Science,Female,School of Engineering & Applied Science,1,1
I have not finalized my plans.  I am seeking employment or acceptance to an academic program,1,Architecture,Male,School of Architecture,0,1
I have not finalized my plans.  I am seeking employment or acceptance to an academic program,3,Chemistry,Male,College and Graduate School of Arts & Sciences,0,1
I have not finalized my plans.  I am seeking employment or acceptance to an academic program,0,Foreign Affairs,Male,College and Graduate School of Arts & Sciences,0,0
Working,1,Cognitive Science - Interdisciplinary,Female,College and Graduate School of Arts & Sciences,1,1
I am continuing my education,0,Statistics,Male,College and Graduate School of Arts & Sciences,0,0
I am continuing my education,0,Education - Kinesiology,Female,School of Education and Human Development,0,0
I am continuing my education,1,Statistics,Female,College and Graduate School of Arts & Sciences,0,1
I will be serving in the military,0,Economics,Male,College and Graduate School of Arts & Sciences,0,0
I have not finalized my plans.  I am seeking employment or acceptance to an academic program,2,Computer Science - Interdisciplinary,Male,College and Graduate School of Arts & Sciences,0,1
Working,1,Business Administration,Male,Darden Graduate School of Business Administration,1,1
Working,0,Engineering - Civil Engineering,Male,School of Engineering & Applied Science,1,0
I am continuing my education,0,Chemistry,Female,College and Graduate School of Arts & Sciences,0,0
I am continuing my education,1,Biology,Female,College and Graduate School of Arts & Sciences,0,1
I have not finalized my plans.  I am seeking employment or acceptance to an academic program,0,Psychology,Male,College and Graduate School of Arts & Sciences,0,0
I am continuing my education,2,Foreign Affairs,Female,College and Graduate School of Arts & Sciences,0,1
Working,3,Engineering - Chemical Engineering,Female,School of Engineering & Applied Science,1,1
I am continuing my education,2,Engineering - Chemical Engineering,Female,School of Engineering & Applied Science,0,1
I am continuing my education,0,Linguistics,Female,College and Graduate School of Arts & Sciences,0,0
Working,1,Cognitive Science - Interdisciplinary,Female,College and Graduate School of Arts & Sciences,1,1
Working,3,Engineering - Computer Science,Male,School of Engineering & Applied Science,1,1
Working,2,Architecture - Landscape Architecture,Female,School of Architecture,1,1
I have not finalized my plans.  I am seeking employment or acceptance to an academic program,1,Education - Kinesiology,Female,School of Education and Human Development,0,1
I am continuing my education,0,Chemistry,Female,College and Graduate School of Arts & Sciences,0,0
Working,3,Physics,Male,College and Graduate School of Arts & Sciences,1,1
Working,2,Economics,Female,College and Graduate School of Arts & Sciences,1,1
I am continuing my education,2,Foreign Affairs,Female,College and Graduate School of Arts & Sciences,0,1
Working,0,Economics,Male,College and Graduate School of Arts & Sciences,1,0
I have accepted a fellowship,3,Physics,Male,College and Graduate School of Arts & Sciences,0,1
Working,3,Cognitive Science - Interdisciplinary,Female,College and Graduate School of Arts & Sciences,1,1
I am continuing my education,0,Cognitive Science - Interdisciplinary,Female,College and Graduate School of Arts & Sciences,0,0
I have not finalized my plans.  I am seeking employment or acceptance to an academic program,0,Interdisciplinary (SCPS-BIS),Male,School of Continuing and Professional Studies,0,0
Working,2,Education - Counselor Education,Female,School of Education and Human Development,1,1
Working,2,Engineering - Computer Science,Male,School of Engineering & Applied Science,1,1
I am continuing my education,0,Spanish,Female,College and Graduate School of Arts & Sciences,0,0
Working,1,Business Administration,Male,Darden Graduate School of Business Administration,1,1
Working,3,Architecture - Urban & Environmental Planning,Female,School of Architecture,1,1
I have not finalized my plans.  I am seeking employment or acceptance to an academic program,0,Media Studies,Male,College and Graduate School of Arts & Sciences,0,0
I am continuing my education,1,Political & Social Thought - Interdisciplinary,Female,College and Graduate School of Arts & Sciences,0,1
Working,1,Engineering - Aerospace Engineering,Male,School of Engineering & Applied Science,1,1
Working,2,Computer Science - Interdisciplinary,Male,College and Graduate School of Arts & Sciences,1,1
Working,1,Biology,Female,College and Graduate School of Arts & Sciences,1,1
I am continuing my education,0,Health Sciences Management (SCPS),Female,School of Continuing and Professional Studies,0,0
Working,1,Architecture - Landscape Architecture,Female,School of Architecture,1,1
Working,1,Education - Educational Policy (Policy Studies),Female,School of Education and Human Development,1,1
I am continuing my education,1,Education - Kinesiology,Female,School of Education and Human Development,0,1
I am continuing my education,3,Global Studies - Interdisciplinary,Female,College and Graduate School of Arts & Sciences,0,1
I am continuing my education,1,Engineering - Biomedical Engineering,Female,School of Engineering & Applied Science,0,1
I am continuing my education,0,Education - Kinesiology,Female,School of Education and Human Development,0,0
I have not finalized my plans.  I am seeking employment or acceptance to an academic program,2,Political Philosophy Policy & Law - Interdisciplinary,Male,College and Graduate School of Arts & Sciences,0,1
I have not finalized my plans.  I am seeking employment or acceptance to an academic program,2,Biology,Female,College and Graduate School of Arts & Sciences,0,1
I am continuing my education,2,Education - Speech Communication Disorders,Female,School of Education and Human Development,0,1
Working,3,Economics,Female,College and Graduate School of Arts & Sciences,1,1
I have not finalized my plans.  I am seeking employment or acceptance to an academic program,3,Education - Speech Communication Disorders,Female,School of Education and Human Development,0,1
I have not finalized my plans.  I am seeking employment or acceptance to an academic program,0,Engineering - Civil Engineering,Female,School of Engineering & Applied Science,0,0
I am continuing my education,1,Education - Youth & Social Innovation,Female,School of Education and Human Development,0,1
Working,3,Economics,Male,College and Graduate School of Arts & Sciences,1,1
I am taking a break,1,Global Studies - Interdisciplinary,Female,College and Graduate School of Arts & Sciences,0,1
Working,1,Spanish,Female,College and Graduate School of Arts & Sciences,1,1
Working,1,Psychology,Female,College and Graduate School of Arts & Sciences,1,1
I have not finalized my plans.  I am seeking employment or acceptance to an academic program,0,Education - Speech Communication Disorders,Female,School of Education and Human Development,0,0
Working,0,Government,Male,College and Graduate School of Arts & Sciences,1,0
Working,1,Economics,Male,College and Graduate School of Arts & Sciences,1,1
I have not finalized my plans.  I am seeking employment or acceptance to an academic program,2,American Studies - Interdisciplinary,Female,College and Graduate School of Arts & Sciences,0,1
I am continuing my education,0,Education - Kinesiology,Female,School of Education and Human Development,0,0
Working,2,Engineering - Materials Science & Engineering,Male,School of Engineering & Applied Science,1,1
Working,1,Education - Educational Psychology,Female,School of Education and Human Development,1,1
Working,0,English,Male,College and Graduate School of Arts & Sciences,1,0
Working,0,Economics,Male,College and Graduate School of Arts & Sciences,1,0
I am continuing my education,0,Linguistics,Female,College and Graduate School of Arts & Sciences,0,0
Working,2,Engineering - Systems Engineering,Female,School of Engineering & Applied Science,1,1
I am continuing my education,1,English,Male,College and Graduate School of Arts & Sciences,0,1
I am continuing my education,1,Sociology,Female,College and Graduate School of Arts & Sciences,0,1
Working,1,Economics,Male,College and Graduate School of Arts & Sciences,1,1
I have not finalized my plans.  I am seeking employment or acceptance to an academic program,3,Education - Kinesiology,Female,School of Education and Human Development,0,1
I am continuing my education,3,Government,Female,College and Graduate School of Arts & Sciences,0,1
Working,2,Engineering - Systems Engineering,Female,School of Engineering & Applied Science,1,1
I am continuing my education,1,Computer Science - Interdisciplinary,Female,College and Graduate School of Arts & Sciences,0,1
Working,0,Education - Higher Education,Male,School of Education and Human Development,1,0
I am taking a break,0,Slavic Languages and Literatures,Female,College and Graduate School of Arts & Sciences,0,0
Working,1,Global Studies - Interdisciplinary,Female,College and Graduate School of Arts & Sciences,1,1
Working,3,Statistics,Male,College and Graduate School of Arts & Sciences,1,1
I am continuing my education,2,Engineering - Computer Engineering,Male,School of Engineering & Applied Science,0,1
I am continuing my education,0,Anthropology,Female,College and Graduate School of Arts & Sciences,0,0
Working,3,Media Studies,Female,College and Graduate School of Arts & Sciences,1,1
Working,2,Biology,Female,College and Graduate School of Arts & Sciences,1,1
Working,2,Engineering - Civil Engineering,Female,School of Engineering & Applied Science,1,1
Working,3,Engineering - Computer Science,Female,School of Engineering & Applied Science,1,1
I am continuing my education,2,Education - Kinesiology,Female,School of Education and Human Development,0,1
I am continuing my education,1,Global Studies - Interdisciplinary,Female,College and Graduate School of Arts & Sciences,0,1
I am continuing my education,1,Global Studies - Interdisciplinary,Male,College and Graduate School of Arts & Sciences,0,1
I am continuing my education,0,Education - Speech Communication Disorders,Female,School of Education and Human Development,0,0
I have not finalized my plans.  I am seeking employment or acceptance to an academic program,1,Environmental Sciences,Female,College and Graduate School of Arts & Sciences,0,1
I am continuing my education,2,Architecture,Female,School of Architecture,0,1
Working,3,Architecture,Female,School of Architecture,1,1
I have not finalized my plans.  I am seeking employment or acceptance to an academic program,0,Cognitive Science - Interdisciplinary,Female,College and Graduate School of Arts & Sciences,0,0
I have not finalized my plans.  I am seeking employment or acceptance to an academic program,0,European Studies,Female,College and Graduate School of Arts & Sciences,0,0
Working,2,Architecture,Male,School of Architecture,1,1
Working,1,Education - Special Education,Female,School of Education and Human Development,1,1
Working,1,Architecture,Female,School of Architecture,1,1
I am taking a break,2,Cognitive Science - Interdisciplinary,Female,College and Graduate School of Arts & Sciences,0,1
Working,1,Architecture,Male,School of Architecture,1,1
I am continuing my education,2,Art - Studio Art,Female,College and Graduate School of Arts & Sciences,0,1
Working,3,Architecture,Female,School of Architecture,1,1
Working,3,Computer Science - Interdisciplinary,Female,College and Graduate School of Arts & Sciences,1,1
Working,1,Data Science,Male,School of Data Science,1,1
Working,2,Data Science,Female,School of Data Science,1,1
I have not finalized my plans.  I am seeking employment or acceptance to an academic program,3,Biology,Female,College and Graduate School of Arts & Sciences,0,1
I am continuing my education,1,Education - Kinesiology,Female,School of Education and Human Development,0,1
I am continuing my education,1,Media Studies,Female,College and Graduate School of Arts & Sciences,0,1
Working,3,Engineering - Systems Engineering,Female,School of Engineering & Applied Science,1,1
Working,2,Architecture,Male,School of Architecture,1,1
I have not finalized my plans.  I am seeking employment or acceptance to an academic program,0,Anthropology,Female,College and Graduate School of Arts & Sciences,0,0
Working,1,Data Science,Male,School of Data Science,1,1
Working,1,Engineering - Systems Engineering,Female,School of Engineering & Applied Science,1,1
Working,2,Architecture,Female,School of Architecture,1,1
I am continuing my education,1,Engineering - Biomedical Engineering,Female,School of Engineering & Applied Science,0,1
I have not finalized my plans.  I am seeking employment or acceptance to an academic program,2,Architecture,Female,School of Architecture,0,1
Working,1,Education - Elementary Education,Female,School of Education and Human Development,1,1
Working,1,Biology,Female,College and Graduate School of Arts & Sciences,1,1
I have not finalized my plans.  I am seeking employment or acceptance to an academic program,2,Architecture - Landscape Architecture,Female,School of Architecture,0,1
Working,1,Engineering - Computer Science,Male,School of Engineering & Applied Science,1,1
I have not finalized my plans.  I am seeking employment or acceptance to an academic program,0,English,Female,College and Graduate School of Arts & Sciences,0,0
I will be serving in the military,0,Engineering - Civil Engineering,Male,School of Engineering & Applied Science,0,0
Working,0,Public Safety,Male,School of Continuing and Professional Studies,1,0
Working,0,Architecture,Female,School of Architecture,1,0
Working,1,Economics,Female,College and Graduate School of Arts & Sciences,1,1
I have not finalized my plans.  I am seeking employment or acceptance to an academic program,2,Spanish,Female,College and Graduate School of Arts & Sciences,0,1
Working,2,Computer Science - Interdisciplinary,Female,College and Graduate School of Arts & Sciences,1,1
I am continuing my education,1,Mathematics,Male,College and Graduate School of Arts & Sciences,0,1
Working,1,Cognitive Science - Interdisciplinary,Female,College and Graduate School of Arts & Sciences,1,1
I will be serving in the military,0,Chemistry,Male,College and Graduate School of Arts & Sciences,0,0
I am continuing my education,1,Sociology,Female,College and Graduate School of Arts & Sciences,0,1
Working,1,Engineering - Biomedical Engineering,Female,School of Engineering & Applied Science,1,1
Working,1,Engineering - Mechanical Engineering,Female,School of Engineering & Applied Science,1,1
Working,2,Engineering - Systems Engineering,Female,School of Engineering & Applied Science,1,1
Working,3,Architecture,Female,School of Architecture,1,1
Working,2,Education - English Education,Female,School of Education and Human Development,1,1
Working,1,Economics,Male,College and Graduate School of Arts & Sciences,1,1
I have not finalized my plans.  I am seeking employment or acceptance to an academic program,1,Engineering - Computer Science,Male,School of Engineering & Applied Science,0,1
I have not finalized my plans.  I am seeking employment or acceptance to an academic program,0,Statistics,Female,College and Graduate School of Arts & Sciences,0,0
Working,0,Education - Educational Psychology,Female,School of Education and Human Development,1,0
Working,2,Architecture,Male,School of Architecture,1,1
I am continuing my education,0,Biology,Male,College and Graduate School of Arts & Sciences,0,0
I am continuing my education,1,Economics,Male,College and Graduate School of Arts & Sciences,0,1
Working,0,Drama,Female,College and Graduate School of Arts & Sciences,1,0
I am continuing my education,3,Environmental Sciences,Male,College and Graduate School of Arts & Sciences,0,1
Working,1,Architecture - Urban & Environmental Planning,Female,School of Architecture,1,1
Working,1,Computer Science - Interdisciplinary,Female,College and Graduate School of Arts & Sciences,1,1
I have not finalized my plans.  I am seeking employment or acceptance to an academic program,1,Cognitive Science - Interdisciplinary,Male,College and Graduate School of Arts & Sciences,0,1
I am continuing my education,2,African-American & African Studies,Female,College and Graduate School of Arts & Sciences,0,1
I am continuing my education,3,Engineering - Biomedical Engineering,Female,School of Engineering & Applied Science,0,1
I have not finalized my plans.  I am seeking employment or acceptance to an academic program,1,Environmental Thought & Practice - Interdisciplinary,Female,College and Graduate School of Arts & Sciences,0,1
I have not finalized my plans.  I am seeking employment or acceptance to an academic program,0,Sociology,Female,College and Graduate School of Arts & Sciences,0,0
Working,2,Education - Youth & Social Innovation,Female,School of Education and Human Development,1,1
I have not finalized my plans.  I am seeking employment or acceptance to an academic program,1,Foreign Affairs,Female,College and Graduate School of Arts & Sciences,0,1
Working,3,Computer Science - Interdisciplinary,Female,College and Graduate School of Arts & Sciences,1,1
Working,3,Engineering - Computer Science,Female,School of Engineering & Applied Science,1,1
I am continuing my education,3,History,Female,College and Graduate School of Arts & Sciences,0,1
Working,2,Government,Male,College and Graduate School of Arts & Sciences,1,1
I am continuing my education,3,Art - Art History,Female,College and Graduate School of Arts & Sciences,0,1
Working,3,Computer Science - Interdisciplinary,Female,College and Graduate School of Arts & Sciences,1,1
Working,2,Computer Science - Interdisciplinary,Female,College and Graduate School of Arts & Sciences,1,1
I have not finalized my plans.  I am seeking employment or acceptance to an academic program,2,Global Studies - Interdisciplinary,Female,College and Graduate School of Arts & Sciences,0,1
Working,0,Engineering - Civil Engineering,Female,School of Engineering & Applied Science,1,0
I have not finalized my plans.  I am seeking employment or acceptance to an academic program,0,Linguistics,Male,College and Graduate School of Arts & Sciences,0,0
I have not finalized my plans.  I am seeking employment or acceptance to an academic program,3,Economics,Female,College and Graduate School of Arts & Sciences,0,1
I am continuing my education,1,Government,Female,College and Graduate School of Arts & Sciences,0,1
I have not finalized my plans.  I am seeking employment or acceptance to an academic program,0,Cognitive Science - Interdisciplinary,Female,College and Graduate School of Arts & Sciences,0,0
I have not finalized my plans.  I am seeking employment or acceptance to an academic program,1,Art - Art History,Female,College and Graduate School of Arts & Sciences,0,1
I have not finalized my plans.  I am seeking employment or acceptance to an academic program,0,Japanese Language & Literature - Interdisciplinary,Male,College and Graduate School of Arts & Sciences,0,0
Working,3,Economics,Female,College and Graduate School of Arts & Sciences,1,1
I have not finalized my plans.  I am seeking employment or acceptance to an academic program,0,Chemistry,Male,College and Graduate School of Arts & Sciences,0,0
I am continuing my education,0,Biology,Female,College and Graduate School of Arts & Sciences,0,0
Working,1,Education - Kinesiology,Male,School of Education and Human Development,1,1
I am continuing my education,1,Chemistry,Female,College and Graduate School of Arts & Sciences,0,1
I am continuing my education,0,Cognitive Science - Interdisciplinary,Male,College and Graduate School of Arts & Sciences,0,0
I am taking a break,0,English,Female,College and Graduate School of Arts & Sciences,0,0
I am continuing my education,0,Chemistry,Female,College and Graduate School of Arts & Sciences,0,0
Working,0,Engineering - Electrical Engineering,Male,School of Engineering & Applied Science,1,0
Working,2,Engineering - Biomedical Engineering,Female,School of Engineering & Applied Science,1,1
Working,2,Engineering - Computer Engineering,Male,School of Engineering & Applied Science,1,1
I am continuing my education,2,Computer Science - Interdisciplinary,Female,College and Graduate School of Arts & Sciences,0,1
I am continuing my education,2,Statistics,Female,College and Graduate School of Arts & Sciences,0,1
I am continuing my education,0,Psychology,Female,College and Graduate School of Arts & Sciences,0,0
Working,1,Architecture,Female,School of Architecture,1,1
I am continuing my education,0,Engineering - Chemical Engineering,Male,School of Engineering & Applied Science,0,0
Working,2,Statistics,Male,College and Graduate School of Arts & Sciences,1,1
Working,0,Art - Studio Art,Female,College and Graduate School of Arts & Sciences,1,0
I am continuing my education,3,Political Philosophy Policy & Law - Interdisciplinary,Male,College and Graduate School of Arts & Sciences,0,1
Working,1,Government,Female,College and Graduate School of Arts & Sciences,1,1
I have not finalized my plans.  I am seeking employment or acceptance to an academic program,1,Mathematics,Female,College and Graduate School of Arts & Sciences,0,1
I am continuing my education,0,Creative Writing,Female,College and Graduate School of Arts & Sciences,0,0
Working,0,Psychology,Male,College and Graduate School of Arts & Sciences,1,0
I am continuing my education,2,Biology,Female,College and Graduate School of Arts & Sciences,0,1
I am continuing my education,1,Psychology,Female,College and Graduate School of Arts & Sciences,0,1
Working,1,Education - Speech Communication Disorders,Female,School of Education and Human Development,1,1
Working,0,Education - Reading Education,Female,School of Education and Human Development,1,0
Working,0,Engineering - Computer Engineering,Female,School of Engineering & Applied Science,1,0
I have not finalized my plans.  I am seeking employment or acceptance to an academic program,0,Computer Science - Interdisciplinary,Male,College and Graduate School of Arts & Sciences,0,0
Working,3,Computer Science - Interdisciplinary,Female,College and Graduate School of Arts & Sciences,1,1
Working,1,Biology,Female,College and Graduate School of Arts & Sciences,1,1
I have not finalized my plans.  I am seeking employment or acceptance to an academic program,0,Cognitive Science - Interdisciplinary,Female,College and Graduate School of Arts & Sciences,0,0
I am continuing my education,3,Environmental Thought & Practice - Interdisciplinary,Female,College and Graduate School of Arts & Sciences,0,1
Working,3,Foreign Affairs,Male,College and Graduate School of Arts & Sciences,1,1
I have accepted a fellowship,2,Chemistry,Female,College and Graduate School of Arts & Sciences,0,1
Working,2,Media Studies,Female,College and Graduate School of Arts & Sciences,1,1
Working,2,Chemistry,Female,College and Graduate School of Arts & Sciences,1,1
Working,3,Engineering - Computer Science,Male,School of Engineering & Applied Science,1,1
I have not finalized my plans.  I am seeking employment or acceptance to an academic program,0,Engineering - Materials Science & Engineering,Female,School of Engineering & Applied Science,0,0
Working,2,Neuroscience - Interdisciplinary,Male,College and Graduate School of Arts & Sciences,1,1
Working,1,Education - Administration & Supervision,Female,School of Education and Human Development,1,1
Working,2,English,Female,College and Graduate School of Arts & Sciences,1,1
Working,1,Computer Science - Interdisciplinary,Female,College and Graduate School of Arts & Sciences,1,1
I have not finalized my plans.  I am seeking employment or acceptance to an academic program,1,Engineering - Computer Science,Male,School of Engineering & Applied Science,0,1
I am continuing my education,0,Engineering - Aerospace Engineering,Male,School of Engineering & Applied Science,0,0
I am continuing my education,2,Foreign Affairs,Male,College and Graduate School of Arts & Sciences,0,1
Working,0,Chemistry,Female,College and Graduate School of Arts & Sciences,1,0
Working,0,Engineering - Systems Engineering,Male,School of Engineering & Applied Science,1,0
Working,1,Physics,Female,College and Graduate School of Arts & Sciences,1,1
I am continuing my education,2,Global Studies - Interdisciplinary,Male,College and Graduate School of Arts & Sciences,0,1
Working,1,Engineering - Computer Engineering,Male,School of Engineering & Applied Science,1,1
Working,0,Engineering - Civil Engineering,Male,School of Engineering & Applied Science,1,0
I am continuing my education,1,Biology,Male,College and Graduate School of Arts & Sciences,0,1
Working,1,Statistics,Female,College and Graduate School of Arts & Sciences,1,1
Working,0,Computer Science - Interdisciplinary,Male,College and Graduate School of Arts & Sciences,1,0
Working,2,Computer Science - Interdisciplinary,Male,College and Graduate School of Arts & Sciences,1,1
I am continuing my education,3,Economics,Female,College and Graduate School of Arts & Sciences,0,1
Working,0,Global Studies - Interdisciplinary,Female,College and Graduate School of Arts & Sciences,1,0
Working,0,Education - Kinesiology,Male,School of Education and Human Development,1,0
I am continuing my education,3,Statistics,Male,College and Graduate School of Arts & Sciences,0,1
I am continuing my education,0,Religious Studies,Female,College and Graduate School of Arts & Sciences,0,0
Working,3,Education - Elementary Education,Female,School of Education and Human Development,1,1
Working,2,Statistics,Male,College and Graduate School of Arts & Sciences,1,1
Working,2,Engineering - Biomedical Engineering,Female,School of Engineering & Applied Science,1,1
Working,2,Cognitive Science - Interdisciplinary,Female,College and Graduate School of Arts & Sciences,1,1
Working,1,Biology,Female,College and Graduate School of Arts & Sciences,1,1
Working,3,Computer Science - Interdisciplinary,Male,College and Graduate School of Arts & Sciences,1,1
I have not finalized my plans.  I am seeking employment or acceptance to an academic program,2,Mathematics,Male,College and Graduate School of Arts & Sciences,0,1
I am continuing my education,3,Education - Speech Communication Disorders,Female,School of Education and Human Development,0,1
I am continuing my education,0,Computer Science - Interdisciplinary,Male,College and Graduate School of Arts & Sciences,0,0
Working,0,Physics,Male,College and Graduate School of Arts & Sciences,1,0
Working,1,Computer Science - Interdisciplinary,Female,College and Graduate School of Arts & Sciences,1,1
I am continuing my education,1,French,Female,College and Graduate School of Arts & Sciences,0,1
Working,1,Engineering - Systems Engineering,Male,School of Engineering & Applied Science,1,1
Working,2,Global Studies - Interdisciplinary,Female,College and Graduate School of Arts & Sciences,1,1
I am continuing my education,3,Foreign Affairs,Male,College and Graduate School of Arts & Sciences,0,1
Working,0,Education - Curriculum & Instruction,Female,School of Education and Human Development,1,0
I am continuing my education,1,Statistics,Female,College and Graduate School of Arts & Sciences,0,1
I am continuing my education,0,Global Studies - Interdisciplinary,Female,College and Graduate School of Arts & Sciences,0,0
I am continuing my education,2,History,Female,College and Graduate School of Arts & Sciences,0,1
I am continuing my education,0,Astronomy,Female,College and Graduate School of Arts & Sciences,0,0
Working,1,Economics,Male,College and Graduate School of Arts & Sciences,1,1
Working,2,Media Studies,Female,College and Graduate School of Arts & Sciences,1,1
Working,3,Engineering - Computer Science,Female,School of Engineering & Applied Science,1,1
I have not finalized my plans.  I am seeking employment or acceptance to an academic program,0,Engineering - Computer Science,Male,School of Engineering & Applied Science,0,0
I am continuing my education,0,Slavic Languages and Literatures,Female,College and Graduate School of Arts & Sciences,0,0
I have not finalized my plans.  I am seeking employment or acceptance to an academic program,3,English,Female,College and Graduate School of Arts & Sciences,0,1
Working,3,Global Studies - Interdisciplinary,Female,College and Graduate School of Arts & Sciences,1,1
Working,2,Economics,Female,College and Graduate School of Arts & Sciences,1,1
I am continuing my education,0,Psychology,Female,College and Graduate School of Arts & Sciences,0,0
I am continuing my education,0,Engineering - Biomedical Engineering,Female,School of Engineering & Applied Science,0,0
Working,0,Education - Educational Psychology,Female,School of Education and Human Development,1,0
I will be serving in the military,2,Chemistry,Male,College and Graduate School of Arts & Sciences,0,1
I have not finalized my plans.  I am seeking employment or acceptance to an academic program,0,Psychology,Female,College and Graduate School of Arts & Sciences,0,0
I have not finalized my plans.  I am seeking employment or acceptance to an academic program,1,Architecture,Female,School of Architecture,0,1
Working,2,Foreign Affairs,Male,College and Graduate School of Arts & Sciences,1,1
I am continuing my education,0,Government,Male,College and Graduate School of Arts & Sciences,0,0
Working,2,Computer Science - Interdisciplinary,Female,College and Graduate School of Arts & Sciences,1,1
Working,3,History,Male,College and Graduate School of Arts & Sciences,1,1
Working,2,Engineering - Mechanical Engineering,Female,School of Engineering & Applied Science,1,1
Working,2,History,Male,College and Graduate School of Arts & Sciences,1,1
I am continuing my education,2,Engineering - Civil Engineering,Female,School of Engineering & Applied Science,0,1
Working,3,Engineering - Computer Science,Male,School of Engineering & Applied Science,1,1
I have not finalized my plans.  I am seeking employment or acceptance to an academic program,3,Political Philosophy Policy & Law - Interdisciplinary,Female,College and Graduate School of Arts & Sciences,0,1
I am continuing my education,0,Engineering - Computer Science,Male,School of Engineering & Applied Science,0,0
I am continuing my education,0,Engineering - Systems Engineering,Male,School of Engineering & Applied Science,0,0
I am continuing my education,0,Biology,Female,College and Graduate School of Arts & Sciences,0,0
I am continuing my education,0,Psychology,Female,College and Graduate School of Arts & Sciences,0,0
Working,1,Business Administration,Male,Darden Graduate School of Business Administration,1,1
Working,2,Computer Science - Interdisciplinary,Female,College and Graduate School of Arts & Sciences,1,1
Working,2,Computer Science - Interdisciplinary,Male,College and Graduate School of Arts & Sciences,1,1
Working,1,English,Female,College and Graduate School of Arts & Sciences,1,1
I am continuing my education,2,Biology,Female,College and Graduate School of Arts & Sciences,0,1
I am continuing my education,3,Environmental Sciences,Male,College and Graduate School of Arts & Sciences,0,1
Working,3,Education - Early Childhood Development,Female,School of Education and Human Development,1,1
Working,2,Engineering - Chemical Engineering,Female,School of Engineering & Applied Science,1,1
I am continuing my education,1,Biology,Male,College and Graduate School of Arts & Sciences,0,1
Working,1,Education - Kinesiology,Female,School of Education and Human Development,1,1
Working,3,Psychology,Female,College and Graduate School of Arts & Sciences,1,1
Working,1,Global Studies - Interdisciplinary,Female,College and Graduate School of Arts & Sciences,1,1
Working,1,Architecture,Female,School of Architecture,1,1
Working,2,Foreign Affairs,Male,College and Graduate School of Arts & Sciences,1,1
Working,1,Economics,Female,College and Graduate School of Arts & Sciences,1,1
Working,3,Economics,Male,College and Graduate School of Arts & Sciences,1,1
I am continuing my education,3,Statistics,Male,College and Graduate School of Arts & Sciences,0,1
Working,0,Education - Curriculum & Instruction,Female,School of Education and Human Development,1,0
I have not finalized my plans.  I am seeking employment or acceptance to an academic program,1,Psychology,Female,College and Graduate School of Arts & Sciences,0,1
I have not finalized my plans.  I am seeking employment or acceptance to an academic program,3,History,Female,College and Graduate School of Arts & Sciences,0,1
Working,3,Computer Science - Interdisciplinary,Female,College and Graduate School of Arts & Sciences,1,1
I am continuing my education,1,Architecture,Male,School of Architecture,0,1
I have not finalized my plans.  I am seeking employment or acceptance to an academic program,1,Media Studies,Female,College and Graduate School of Arts & Sciences,0,1
Working,1,Architecture,Male,School of Architecture,1,1
Working,0,Neuroscience - Interdisciplinary,Female,College and Graduate School of Arts & Sciences,1,0
I am continuing my education,1,Economics,Male,College and Graduate School of Arts & Sciences,0,1
I am continuing my education,1,Spanish,Female,College and Graduate School of Arts & Sciences,0,1
I have not finalized my plans.  I am seeking employment or acceptance to an academic program,1,Architecture,Female,School of Architecture,0,1
I have not finalized my plans.  I am seeking employment or acceptance to an academic program,1,Chemistry,Female,College and Graduate School of Arts & Sciences,0,1
I have not finalized my plans.  I am seeking employment or acceptance to an academic program,2,Media Studies,Male,College and Graduate School of Arts & Sciences,0,1
Working,2,Foreign Affairs,Female,College and Graduate School of Arts & Sciences,1,1
Working,2,Education - Speech Communication Disorders,Female,School of Education and Human Development,1,1
I will be serving in the military,0,Engineering - Aerospace Engineering,Male,School of Engineering & Applied Science,0,0
Working,3,Media Studies,Female,College and Graduate School of Arts & Sciences,1,1
Working,0,Education - Special Education,Female,School of Education and Human Development,1,0
Working,1,Cognitive Science - Interdisciplinary,Female,College and Graduate School of Arts & Sciences,1,1
I am continuing my education,1,Physics,Male,College and Graduate School of Arts & Sciences,0,1
Working,2,Education - Elementary Education,Female,School of Education and Human Development,1,1
I have not finalized my plans.  I am seeking employment or acceptance to an academic program,0,Engineering - Computer Science,Male,School of Engineering & Applied Science,0,0
I have not finalized my plans.  I am seeking employment or acceptance to an academic program,0,Engineering - Chemical Engineering,Female,School of Engineering & Applied Science,0,0
Working,1,Engineering - Computer Science,Male,School of Engineering & Applied Science,1,1
I have not finalized my plans.  I am seeking employment or acceptance to an academic program,2,Sociology,Male,College and Graduate School of Arts & Sciences,0,1
Working,2,Engineering - Civil Engineering,Female,School of Engineering & Applied Science,1,1
Working,3,Engineering - Biomedical Engineering,Female,School of Engineering & Applied Science,1,1
I have not finalized my plans.  I am seeking employment or acceptance to an academic program,1,Education - Higher Education,Female,School of Education and Human Development,0,1
I am taking a break,0,Engineering - Computer Science,Female,School of Engineering & Applied Science,0,0
Working,0,Data Science,Female,School of Data Science,1,0
Working,2,Global Studies - Interdisciplinary,Female,College and Graduate School of Arts & Sciences,1,1
Working,3,Architecture - Urban & Environmental Planning,Female,School of Architecture,1,1
Working,0,Engineering - Electrical Engineering,Male,School of Engineering & Applied Science,1,0
I am continuing my education,3,Engineering - Civil Engineering,Female,School of Engineering & Applied Science,0,1
I am continuing my education,0,Engineering - Biomedical Engineering,Female,School of Engineering & Applied Science,0,0
I am continuing my education,0,Architecture,Male,School of Architecture,0,0
Working,1,Engineering - Chemical Engineering,Male,School of Engineering & Applied Science,1,1
I have not finalized my plans.  I am seeking employment or acceptance to an academic program,3,Education - Early Childhood Development,Female,School of Education and Human Development,0,1
I have not finalized my plans.  I am seeking employment or acceptance to an academic program,1,Global Studies - Interdisciplinary,Female,College and Graduate School of Arts & Sciences,0,1
I have not finalized my plans.  I am seeking employment or acceptance to an academic program,0,Interdisciplinary (SCPS-BIS),Female,School of Continuing and Professional Studies,0,0
I have not finalized my plans.  I am seeking employment or acceptance to an academic program,1,Engineering - Systems Engineering,Female,School of Engineering & Applied Science,0,1
I have not finalized my plans.  I am seeking employment or acceptance to an academic program,0,English,Female,College and Graduate School of Arts & Sciences,0,0
Working,0,Government,Male,College and Graduate School of Arts & Sciences,1,0
Working,2,Education - Counselor Education,Female,School of Education and Human Development,1,1
Working,3,Architecture,Male,School of Architecture,1,1
Working,2,Engineering - Systems Engineering,Female,School of Engineering & Applied Science,1,1
I have not finalized my plans.  I am seeking employment or acceptance to an academic program,2,Education - Elementary Education,Female,School of Education and Human Development,0,1
Working,1,Computer Science - Interdisciplinary,Female,College and Graduate School of Arts & Sciences,1,1
Working,0,Engineering - Systems Engineering,Female,School of Engineering & Applied Science,1,0
I have not finalized my plans.  I am seeking employment or acceptance to an academic program,0,French,Female,College and Graduate School of Arts & Sciences,0,0
I will be volunteering,2,Government,Female,College and Graduate School of Arts & Sciences,0,1
Working,2,Global Studies - Interdisciplinary,Female,College and Graduate School of Arts & Sciences,1,1
I am continuing my education,0,Education - Kinesiology,Female,School of Education and Human Development,0,0
Working,2,Political Philosophy Policy & Law - Interdisciplinary,Female,College and Graduate School of Arts & Sciences,1,1
I have not finalized my plans.  I am seeking employment or acceptance to an academic program,3,Architecture - Urban & Environmental Planning,Female,School of Architecture,0,1
I have not finalized my plans.  I am seeking employment or acceptance to an academic program,0,English,Female,College and Graduate School of Arts & Sciences,0,0
I have not finalized my plans.  I am seeking employment or acceptance to an academic program,1,Economics,Male,College and Graduate School of Arts & Sciences,0,1
I will be serving in the military,0,Engineering - Aerospace Engineering,Female,School of Engineering & Applied Science,0,0
I am continuing my education,2,Media Studies,Female,College and Graduate School of Arts & Sciences,0,1
Working,1,Global Studies - Interdisciplinary,Female,College and Graduate School of Arts & Sciences,1,1
Working,0,Education - Curriculum & Instruction,Male,School of Education and Human Development,1,0
Working,0,Data Science,Female,School of Data Science,1,0
Working,1,Engineering - Biomedical Engineering,Female,School of Engineering & Applied Science,1,1
Working,2,Economics,Male,College and Graduate School of Arts & Sciences,1,1
Working,1,Engineering - Mechanical Engineering,Male,School of Engineering & Applied Science,1,1
I am continuing my education,2,Education - Youth & Social Innovation,Male,School of Education and Human Development,0,1
Working,0,Data Science,Female,School of Data Science,1,0
Working,2,Engineering - Systems Engineering,Male,School of Engineering & Applied Science,1,1
I have not finalized my plans.  I am seeking employment or acceptance to an academic program,1,Psychology,Male,College and Graduate School of Arts & Sciences,0,1
Working,1,Computer Science - Interdisciplinary,Male,College and Graduate School of Arts & Sciences,1,1
Working,0,Education - Curriculum & Instruction,Female,School of Education and Human Development,1,0
Working,2,Engineering - Systems Engineering,Female,School of Engineering & Applied Science,1,1
Working,1,Chemistry,Female,College and Graduate School of Arts & Sciences,1,1
I am continuing my education,0,Religious Studies,Female,College and Graduate School of Arts & Sciences,0,0
Working,2,Computer Science - Interdisciplinary,Female,College and Graduate School of Arts & Sciences,1,1
I am continuing my education,1,History,Male,College and Graduate School of Arts & Sciences,0,1
Working,0,Spanish,Female,College and Graduate School of Arts & Sciences,1,0
Working,2,Engineering - Computer Science,Male,School of Engineering & Applied Science,1,1
I have not finalized my plans.  I am seeking employment or acceptance to an academic program,2,Global Studies - Interdisciplinary,Female,College and Graduate School of Arts & Sciences,0,1
I have not finalized my plans.  I am seeking employment or acceptance to an academic program,0,History,Female,College and Graduate School of Arts & Sciences,0,0
I am continuing my education,0,Biology,Male,College and Graduate School of Arts & Sciences,0,0
Working,1,Statistics,Female,College and Graduate School of Arts & Sciences,1,1
I have not finalized my plans.  I am seeking employment or acceptance to an academic program,1,Data Science,Female,School of Data Science,0,1
Working,0,Engineering - Computer Engineering,Female,School of Engineering & Applied Science,1,0
Working,0,History,Female,College and Graduate School of Arts & Sciences,1,0
Working,1,Chemistry,Male,College and Graduate School of Arts & Sciences,1,1
Working,1,Environmental Sciences,Female,College and Graduate School of Arts & Sciences,1,1
Working,1,Government,Male,College and Graduate School of Arts & Sciences,1,1
Working,2,Engineering - Chemical Engineering,Female,School of Engineering & Applied Science,1,1
Working,0,Psychology,Female,College and Graduate School of Arts & Sciences,1,0
Working,0,Education - Curriculum & Instruction,Female,School of Education and Human Development,1,0
Working,0,Biophysics,Female,School of Medicine,1,0
I have accepted a fellowship,2,Architecture,Male,School of Architecture,0,1
Working,1,Education - Administration & Supervision,Female,School of Education and Human Development,1,1
I am taking a break,1,Psychology,Female,College and Graduate School of Arts & Sciences,0,1
Working,3,Computer Science - Interdisciplinary,Male,College and Graduate School of Arts & Sciences,1,1
Working,1,Religious Studies,Female,College and Graduate School of Arts & Sciences,1,1
I have not finalized my plans.  I am seeking employment or acceptance to an academic program,2,Media Studies,Female,College and Graduate School of Arts & Sciences,0,1
I am continuing my education,2,Economics,Female,College and Graduate School of Arts & Sciences,0,1
Working,1,Government,Female,College and Graduate School of Arts & Sciences,1,1
Working,3,Education - Elementary Education,Female,School of Education and Human Development,1,1
I have not finalized my plans.  I am seeking employment or acceptance to an academic program,1,English,Female,College and Graduate School of Arts & Sciences,0,1
Working,2,Education - Youth & Social Innovation,Female,School of Education and Human Development,1,1
I am continuing my education,0,Engineering - Civil Engineering,Female,School of Engineering & Applied Science,0,0
Working,0,Data Science,Male,School of Data Science,1,0
Working,0,Architecture,Female,School of Architecture,1,0
Working,2,Computer Science - Interdisciplinary,Female,College and Graduate School of Arts & Sciences,1,1
Working,3,Philosophy,Female,College and Graduate School of Arts & Sciences,1,1
Working,2,Biology,Female,College and Graduate School of Arts & Sciences,1,1
Working,2,Engineering - Computer Science,Female,School of Engineering & Applied Science,1,1
Working,2,Global Studies - Interdisciplinary,Female,College and Graduate School of Arts & Sciences,1,1
I am continuing my education,0,Education - Speech Communication Disorders,Female,School of Education and Human Development,0,0
I have not finalized my plans.  I am seeking employment or acceptance to an academic program,3,Architecture,Male,School of Architecture,0,1
I am continuing my education,0,Interdisciplinary (SCPS-BIS),Male,School of Continuing and Professional Studies,0,0
I am continuing my education,3,Cognitive Science - Interdisciplinary,Male,College and Graduate School of Arts & Sciences,0,1
Working,0,Foreign Affairs,Female,College and Graduate School of Arts & Sciences,1,0
I have not finalized my plans.  I am seeking employment or acceptance to an academic program,1,Foreign Affairs,Male,College and Graduate School of Arts & Sciences,0,1
Working,1,Global Studies - Interdisciplinary,Female,College and Graduate School of Arts & Sciences,1,1
Working,1,Engineering - Computer Engineering,Female,School of Engineering & Applied Science,1,1
Working,0,English,Male,College and Graduate School of Arts & Sciences,1,0
I have accepted a fellowship,1,Chemistry,Female,College and Graduate School of Arts & Sciences,0,1
I am continuing my education,2,Psychology,Female,College and Graduate School of Arts & Sciences,0,1
I am continuing my education,1,Mathematics,Male,College and Graduate School of Arts & Sciences,0,1
I am continuing my education,0,History,Female,College and Graduate School of Arts & Sciences,0,0
Working,0,Education - Special Education,Female,School of Education and Human Development,1,0
Working,2,Cognitive Science - Interdisciplinary,Female,College and Graduate School of Arts & Sciences,1,1
I have not finalized my plans.  I am seeking employment or acceptance to an academic program,2,Engineering - Computer Science,Male,School of Engineering & Applied Science,0,1
Working,1,Chemistry,Female,College and Graduate School of Arts & Sciences,1,1
Working,2,Education - Social Studies Education,Female,School of Education and Human Development,1,1
Working,1,Economics,Female,College and Graduate School of Arts & Sciences,1,1
I am continuing my education,0,Interdisciplinary (SCPS-BIS),Female,School of Continuing and Professional Studies,0,0
I am continuing my education,2,Computer Science - Interdisciplinary,Male,College and Graduate School of Arts & Sciences,0,1
Working,0,Business Administration,Male,Darden Graduate School of Business Administration,1,0
Working,1,Computer Science - Interdisciplinary,Female,College and Graduate School of Arts & Sciences,1,1
Working,3,Business Administration,Female,Darden Graduate School of Business Administration,1,1
I am continuing my education,3,Art - Art History,Female,College and Graduate School of Arts & Sciences,0,1
Working,2,Education - English Education,Male,School of Education and Human Development,1,1
I am continuing my education,1,Engineering - Computer Science,Male,School of Engineering & Applied Science,0,1
I have accepted a fellowship,2,French,Female,College and Graduate School of Arts & Sciences,0,1
I am continuing my education,0,Architecture - Architectural History,Female,School of Architecture,0,0
Working,0,Psychology,Male,College and Graduate School of Arts & Sciences,1,0
I have accepted a fellowship,0,History,Male,College and Graduate School of Arts & Sciences,0,0
Working,0,Cognitive Science - Interdisciplinary,Male,College and Graduate School of Arts & Sciences,1,0
Working,2,Engineering - Computer Science,Male,School of Engineering & Applied Science,1,1
I am continuing my education,3,Computer Science - Interdisciplinary,Male,College and Graduate School of Arts & Sciences,0,1
I am continuing my education,2,Mathematics,Male,College and Graduate School of Arts & Sciences,0,1
Working,1,Engineering - Computer Science,Female,School of Engineering & Applied Science,1,1
Working,3,Environmental Sciences,Female,College and Graduate School of Arts & Sciences,1,1
I am continuing my education,1,Education - Youth & Social Innovation,Female,School of Education and Human Development,0,1
Working,2,Economics,Female,College and Graduate School of Arts & Sciences,1,1
I am continuing my education,3,Engineering - Systems Engineering,Male,School of Engineering & Applied Science,0,1
I am continuing my education,1,Chemistry,Female,College and Graduate School of Arts & Sciences,0,1
I am continuing my education,2,Religious Studies,Male,College and Graduate School of Arts & Sciences,0,1
Working,3,Education - Elementary Education,Female,School of Education and Human Development,1,1
Working,3,Engineering - Biomedical Engineering,Female,School of Engineering & Applied Science,1,1
I am continuing my education,3,Biology,Female,College and Graduate School of Arts & Sciences,0,1
Working,0,Education - Higher Education,Female,School of Education and Human Development,1,0
I have accepted a fellowship,0,Sociology,Female,College and Graduate School of Arts & Sciences,0,0
I am taking a break,0,Education - Science Education,Female,School of Education and Human Development,0,0
Working,1,Mathematics,Male,College and Graduate School of Arts & Sciences,1,1
Working,0,Education - Administration & Supervision,Female,School of Education and Human Development,1,0
Working,1,Economics,Male,College and Graduate School of Arts & Sciences,1,1
Working,0,Physics,Male,College and Graduate School of Arts & Sciences,1,0
Working,1,Economics,Male,College and Graduate School of Arts & Sciences,1,1
I am continuing my education,0,Political & Social Thought - Interdisciplinary,Male,College and Graduate School of Arts & Sciences,0,0
I have not finalized my plans.  I am seeking employment or acceptance to an academic program,2,Biology,Male,College and Graduate School of Arts & Sciences,0,1
Working,0,Education - Reading Education,Female,School of Education and Human Development,1,0
Working,2,Global Studies - Interdisciplinary,Female,College and Graduate School of Arts & Sciences,1,1
Working,3,Engineering - Mechanical & Aerospace Engineering,Male,School of Engineering & Applied Science,1,1
Working,1,Biology,Male,College and Graduate School of Arts & Sciences,1,1
I am taking a break,3,Global Studies - Interdisciplinary,Female,College and Graduate School of Arts & Sciences,0,1
Working,2,Global Studies - Interdisciplinary,Male,College and Graduate School of Arts & Sciences,1,1
Working,1,Psychology,Female,College and Graduate School of Arts & Sciences,1,1
Working,0,Education - Special Education,Female,School of Education and Human Development,1,0
I have not finalized my plans.  I am seeking employment or acceptance to an academic program,1,Engineering - Chemical Engineering,Female,School of Engineering & Applied Science,0,1
I have not finalized my plans.  I am seeking employment or acceptance to an academic program,1,Music,Male,College and Graduate School of Arts & Sciences,0,1
I am continuing my education,0,Education - Kinesiology,Female,School of Education and Human Development,0,0
I am continuing my education,2,Psychology,Female,College and Graduate School of Arts & Sciences,0,1
Working,3,Chemistry,Male,College and Graduate School of Arts & Sciences,1,1
I have not finalized my plans.  I am seeking employment or acceptance to an academic program,2,Engineering - Chemical Engineering,Female,School of Engineering & Applied Science,0,1
I am continuing my education,2,Education - Youth & Social Innovation,Female,School of Education and Human Development,0,1
Working,1,Economics,Female,College and Graduate School of Arts & Sciences,1,1
I am continuing my education,2,Education - Speech Communication Disorders,Female,School of Education and Human Development,0,1
I am continuing my education,0,Economics,Female,College and Graduate School of Arts & Sciences,0,0
I am continuing my education,0,Biology,Female,College and Graduate School of Arts & Sciences,0,0
I have not finalized my plans.  I am seeking employment or acceptance to an academic program,0,History,Male,College and Graduate School of Arts & Sciences,0,0
Working,1,Engineering - Computer Science,Male,School of Engineering & Applied Science,1,1
Working,2,Media Studies,Female,College and Graduate School of Arts & Sciences,1,1
Working,1,Economics,Male,College and Graduate School of Arts & Sciences,1,1
Working,1,Applied Statistics,Male,College and Graduate School of Arts & Sciences,1,1
Working,1,Spanish,Male,College and Graduate School of Arts & Sciences,1,1
Working,2,Economics,Male,College and Graduate School of Arts & Sciences,1,1
Working,3,Psychology,Female,College and Graduate School of Arts & Sciences,1,1
Working,3,English,Female,College and Graduate School of Arts & Sciences,1,1
I have not finalized my plans.  I am seeking employment or acceptance to an academic program,0,Engineering - Biomedical Engineering,Male,School of Engineering & Applied Science,0,0
Working,2,Media Studies,Female,College and Graduate School of Arts & Sciences,1,1
Working,1,Biology,Female,College and Graduate School of Arts & Sciences,1,1
Working,0,Data Science,Female,School of Data Science,1,0
I am continuing my education,2,Mathematics,Male,College and Graduate School of Arts & Sciences,0,1
I am continuing my education,3,Global Studies - Interdisciplinary,Male,College and Graduate School of Arts & Sciences,0,1
Working,1,Engineering - Computer Science,Male,School of Engineering & Applied Science,1,1
I have not finalized my plans.  I am seeking employment or acceptance to an academic program,2,Statistics,Female,College and Graduate School of Arts & Sciences,0,1
I am continuing my education,1,Chemistry,Female,College and Graduate School of Arts & Sciences,0,1
Working,0,Engineering - Computer Science,Male,School of Engineering & Applied Science,1,0
I am continuing my education,0,Mathematics,Female,College and Graduate School of Arts & Sciences,0,0
Working,1,Engineering - Computer Engineering,Male,School of Engineering & Applied Science,1,1
Working,3,Media Studies,Female,College and Graduate School of Arts & Sciences,1,1
I am continuing my education,2,Astronomy,Female,College and Graduate School of Arts & Sciences,0,1
Working,1,Religious Studies,Female,College and Graduate School of Arts & Sciences,1,1
Working,2,Education - Elementary Education,Female,School of Education and Human Development,1,1
I have not finalized my plans.  I am seeking employment or acceptance to an academic program,0,Art - Studio Art,Female,College and Graduate School of Arts & Sciences,0,0
I am taking a break,0,Anthropology,Female,College and Graduate School of Arts & Sciences,0,0
Working,2,Foreign Affairs,Female,College and Graduate School of Arts & Sciences,1,1
I am continuing my education,3,English,Female,College and Graduate School of Arts & Sciences,0,1
I am continuing my education,0,Statistics,Female,College and Graduate School of Arts & Sciences,0,0
Working,3,History,Male,College and Graduate School of Arts & Sciences,1,1
Working,2,Education - Athletic Training,Female,School of Education and Human Development,1,1
I am continuing my education,0,Psychology,Female,College and Graduate School of Arts & Sciences,0,0
Working,0,Education - Higher Education,Female,School of Education and Human Development,1,0
I am continuing my education,1,Government,Male,College and Graduate School of Arts & Sciences,0,1
I am taking a break,0,Psychology,Female,College and Graduate School of Arts & Sciences,0,0
Working,1,Computer Science - Interdisciplinary,Female,College and Graduate School of Arts & Sciences,1,1
I have not finalized my plans.  I am seeking employment or acceptance to an academic program,2,Global Studies - Interdisciplinary,Female,College and Graduate School of Arts & Sciences,0,1
Working,2,Engineering - Biomedical Engineering,Female,School of Engineering & Applied Science,1,1
I have not finalized my plans.  I am seeking employment or acceptance to an academic program,1,Education - Higher Education,Male,School of Education and Human Development,0,1
Working,0,Economics,Female,College and Graduate School of Arts & Sciences,1,0
I am continuing my education,2,Psychology,Female,College and Graduate School of Arts & Sciences,0,1
Working,1,Engineering - Aerospace Engineering,Male,School of Engineering & Applied Science,1,1
Working,1,Cognitive Science - Interdisciplinary,Female,College and Graduate School of Arts & Sciences,1,1
I have not finalized my plans.  I am seeking employment or acceptance to an academic program,0,Computer Science - Interdisciplinary,Female,College and Graduate School of Arts & Sciences,0,0
I have not finalized my plans.  I am seeking employment or acceptance to an academic program,0,Psychology,Female,College and Graduate School of Arts & Sciences,0,0
Working,1,Engineering - Computer Science,Male,School of Engineering & Applied Science,1,1
I am continuing my education,0,Education - Speech Communication Disorders,Female,School of Education and Human Development,0,0
Working,1,Statistics,Male,College and Graduate School of Arts & Sciences,1,1
Working,0,Engineering - Civil Engineering,Male,School of Engineering & Applied Science,1,0
I am continuing my education,0,Education - Curriculum & Instruction,Male,School of Education and Human Development,0,0
Working,2,Economics,Male,College and Graduate School of Arts & Sciences,1,1
I have not finalized my plans.  I am seeking employment or acceptance to an academic program,0,Statistics,Female,College and Graduate School of Arts & Sciences,0,0
Working,2,Government,Female,College and Graduate School of Arts & Sciences,1,1
Working,0,Engineering - Computer Engineering,Male,School of Engineering & Applied Science,1,0
Working,1,Computer Science - Interdisciplinary,Female,College and Graduate School of Arts & Sciences,1,1
I am taking a break,1,Education - Kinesiology,Female,School of Education and Human Development,0,1
I have not finalized my plans.  I am seeking employment or acceptance to an academic program,1,Biology,Female,College and Graduate School of Arts & Sciences,0,1
Working,2,Economics,Male,College and Graduate School of Arts & Sciences,1,1
I am continuing my education,2,Engineering - Biomedical Engineering,Female,School of Engineering & Applied Science,0,1
I am continuing my education,0,Government,Female,College and Graduate School of Arts & Sciences,0,0
I have not finalized my plans.  I am seeking employment or acceptance to an academic program,0,Education - Speech Communication Disorders,Female,School of Education and Human Development,0,0
Working,3,Computer Science - Interdisciplinary,Male,College and Graduate School of Arts & Sciences,1,1
I am continuing my education,0,Interdisciplinary (SCPS-BIS),Female,School of Continuing and Professional Studies,0,0
Working,1,Education - Social Studies Education,Female,School of Education and Human Development,1,1
Working,0,Cognitive Science - Interdisciplinary,Female,College and Graduate School of Arts & Sciences,1,0
I have not finalized my plans.  I am seeking employment or acceptance to an academic program,3,Music,Female,College and Graduate School of Arts & Sciences,0,1
Working,2,Engineering - Computer Science,Female,School of Engineering & Applied Science,1,1
Working,3,Global Studies - Interdisciplinary,Female,College and Graduate School of Arts & Sciences,1,1
Working,1,Engineering - Computer Science,Male,School of Engineering & Applied Science,1,1
I have not finalized my plans.  I am seeking employment or acceptance to an academic program,0,Neuroscience,Male,School of Medicine,0,0
Working,0,Biology,Male,College and Graduate School of Arts & Sciences,1,0
I have not finalized my plans.  I am seeking employment or acceptance to an academic program,2,Media Studies,Female,College and Graduate School of Arts & Sciences,0,1
I am continuing my education,1,English,Male,College and Graduate School of Arts & Sciences,0,1
Working,0,Health Sciences Management (SCPS),Female,School of Continuing and Professional Studies,1,0
Working,1,Engineering - Aerospace Engineering,Male,School of Engineering & Applied Science,1,1
Working,3,Education - Elementary Education,Male,School of Education and Human Development,1,1
Working,2,Music,Female,College and Graduate School of Arts & Sciences,1,1
Working,2,Engineering - Computer Science,Male,School of Engineering & Applied Science,1,1
Working,3,Computer Science - Interdisciplinary,Male,College and Graduate School of Arts & Sciences,1,1
I have not finalized my plans.  I am seeking employment or acceptance to an academic program,0,Sociology,Female,College and Graduate School of Arts & Sciences,0,0
I am continuing my education,1,Psychology,Female,College and Graduate School of Arts & Sciences,0,1
I am continuing my education,1,Neuroscience - Interdisciplinary,Female,College and Graduate School of Arts & Sciences,0,1
Working,2,Media Studies,Female,College and Graduate School of Arts & Sciences,1,1
Working,0,Cognitive Science - Interdisciplinary,Male,College and Graduate School of Arts & Sciences,1,0
I have not finalized my plans.  I am seeking employment or acceptance to an academic program,1,Sociology,Female,College and Graduate School of Arts & Sciences,0,1
Working,2,Engineering - Chemical Engineering,Female,School of Engineering & Applied Science,1,1
I am continuing my education,1,Chemistry,Male,College and Graduate School of Arts & Sciences,0,1
I am continuing my education,2,Engineering - Computer Science,Male,School of Engineering & Applied Science,0,1
I am continuing my education,2,Computer Science - Interdisciplinary,Female,College and Graduate School of Arts & Sciences,0,1
I am continuing my education,1,Government,Female,College and Graduate School of Arts & Sciences,0,1
I have not finalized my plans.  I am seeking employment or acceptance to an academic program,0,Data Science,Female,School of Data Science,0,0
I am continuing my education,2,Economics,Female,College and Graduate School of Arts & Sciences,0,1
Working,2,Engineering - Mechanical Engineering,Female,School of Engineering & Applied Science,1,1
Working,0,Education - Elementary Education,Female,School of Education and Human Development,1,0
I am continuing my education,1,Engineering - Biomedical Engineering,Female,School of Engineering & Applied Science,0,1
Working,3,Statistics,Male,College and Graduate School of Arts & Sciences,1,1
Working,2,Education - English Education,Female,School of Education and Human Development,1,1
Working,1,Engineering - Biomedical Engineering,Female,School of Engineering & Applied Science,1,1
I have not finalized my plans.  I am seeking employment or acceptance to an academic program,0,Global Studies - Interdisciplinary,Female,College and Graduate School of Arts & Sciences,0,0
I have not finalized my plans.  I am seeking employment or acceptance to an academic program,2,Global Studies - Interdisciplinary,Male,College and Graduate School of Arts & Sciences,0,1
I am continuing my education,0,Statistics,Male,College and Graduate School of Arts & Sciences,0,0
Working,3,Applied Statistics,Male,College and Graduate School of Arts & Sciences,1,1
I am continuing my education,0,Engineering - Systems Engineering,Male,School of Engineering & Applied Science,0,0
I am taking a break,3,Education - Special Education,Female,School of Education and Human Development,0,1
I have not finalized my plans.  I am seeking employment or acceptance to an academic program,1,Data Science,Female,School of Data Science,0,1
I am continuing my education,2,Government,Male,College and Graduate School of Arts & Sciences,0,1
I am continuing my education,2,Spanish,Male,College and Graduate School of Arts & Sciences,0,1
Working,2,Chemistry,Female,College and Graduate School of Arts & Sciences,1,1
I have not finalized my plans.  I am seeking employment or acceptance to an academic program,0,Media Studies,Male,College and Graduate School of Arts & Sciences,0,0
I have not finalized my plans.  I am seeking employment or acceptance to an academic program,0,Environmental Sciences,Female,College and Graduate School of Arts & Sciences,0,0
I am continuing my education,0,Psychology,Female,College and Graduate School of Arts & Sciences,0,0
Working,1,Psychology,Female,College and Graduate School of Arts & Sciences,1,1
I am continuing my education,1,Engineering - Computer Science,Male,School of Engineering & Applied Science,0,1
Working,2,Education - Counselor Education,Female,School of Education and Human Development,1,1
I have not finalized my plans.  I am seeking employment or acceptance to an academic program,0,Astronomy-Physics,Female,College and Graduate School of Arts & Sciences,0,0
Working,2,Global Studies - Interdisciplinary,Male,College and Graduate School of Arts & Sciences,1,1
Working,0,Biology,Female,College and Graduate School of Arts & Sciences,1,0
I have not finalized my plans.  I am seeking employment or acceptance to an academic program,1,Global Studies - Interdisciplinary,Female,College and Graduate School of Arts & Sciences,0,1
I am continuing my education,0,Mathematics,Female,College and Graduate School of Arts & Sciences,0,0
Working,1,Computer Science - Interdisciplinary,Female,College and Graduate School of Arts & Sciences,1,1
I have not finalized my plans.  I am seeking employment or acceptance to an academic program,3,Slavic Languages and Literatures,Female,College and Graduate School of Arts & Sciences,0,1
I have not finalized my plans.  I am seeking employment or acceptance to an academic program,0,Engineering - Computer Science,Male,School of Engineering & Applied Science,0,0
Working,3,East Asian Studies - Interdisciplinary,Female,College and Graduate School of Arts & Sciences,1,1
Working,0,Spanish,Female,College and Graduate School of Arts & Sciences,1,0
Working,2,Engineering - Computer Engineering,Male,School of Engineering & Applied Science,1,1
I have not finalized my plans.  I am seeking employment or acceptance to an academic program,0,Biology,Female,College and Graduate School of Arts & Sciences,0,0
Working,0,Biology,Female,College and Graduate School of Arts & Sciences,1,0
Working,3,Economics,Male,College and Graduate School of Arts & Sciences,1,1
I have accepted a fellowship,2,Biology,Male,College and Graduate School of Arts & Sciences,0,1
Working,2,Applied Statistics,Female,College and Graduate School of Arts & Sciences,1,1
I am continuing my education,2,Economics,Female,College and Graduate School of Arts & Sciences,0,1
I am continuing my education,1,Religious Studies,Female,College and Graduate School of Arts & Sciences,0,1
Working,3,Global Studies - Interdisciplinary,Male,College and Graduate School of Arts & Sciences,1,1
Working,2,Engineering - Computer Science,Male,School of Engineering & Applied Science,1,1
Working,2,Economics,Male,College and Graduate School of Arts & Sciences,1,1
Working,0,Data Science,Male,School of Data Science,1,0
I am continuing my education,0,Global Studies - Interdisciplinary,Male,College and Graduate School of Arts & Sciences,0,0
I am continuing my education,2,Cognitive Science - Interdisciplinary,Female,College and Graduate School of Arts & Sciences,0,1
I have not finalized my plans.  I am seeking employment or acceptance to an academic program,0,History,Male,College and Graduate School of Arts & Sciences,0,0
Working,2,Spanish,Female,College and Graduate School of Arts & Sciences,1,1
Working,1,Engineering - Computer Science,Male,School of Engineering & Applied Science,1,1
Working,0,Education - Higher Education,Female,School of Education and Human Development,1,0
I have not finalized my plans.  I am seeking employment or acceptance to an academic program,1,Education - Administration & Supervision,Male,School of Education and Human Development,0,1
I am continuing my education,2,Global Studies - Interdisciplinary,Female,College and Graduate School of Arts & Sciences,0,1
Working,3,Global Studies - Interdisciplinary,Male,College and Graduate School of Arts & Sciences,1,1
I am continuing my education,0,History,Male,College and Graduate School of Arts & Sciences,0,0
Working,2,Architecture - Urban & Environmental Planning,Female,School of Architecture,1,1
I am continuing my education,2,Engineering - Computer Engineering,Male,School of Engineering & Applied Science,0,1
I am continuing my education,2,Psychology,Female,College and Graduate School of Arts & Sciences,0,1
I have not finalized my plans.  I am seeking employment or acceptance to an academic program,1,Psychology,Female,College and Graduate School of Arts & Sciences,0,1
I am continuing my education,0,Foreign Affairs,Male,College and Graduate School of Arts & Sciences,0,0
Working,3,Computer Science - Interdisciplinary,Female,College and Graduate School of Arts & Sciences,1,1
I am continuing my education,2,Economics,Female,College and Graduate School of Arts & Sciences,0,1
Working,2,Foreign Affairs,Male,College and Graduate School of Arts & Sciences,1,1
I am continuing my education,0,Psychology,Female,College and Graduate School of Arts & Sciences,0,0
Working,0,Education - Reading Education,Male,School of Education and Human Development,1,0
I am continuing my education,2,Global Studies - Interdisciplinary,Female,College and Graduate School of Arts & Sciences,0,1
I am taking a break,0,Chemistry,Female,College and Graduate School of Arts & Sciences,0,0
Working,2,Cognitive Science - Interdisciplinary,Male,College and Graduate School of Arts & Sciences,1,1
I am continuing my education,2,Education - Speech Communication Disorders,Female,School of Education and Human Development,0,1
Working,3,Education - Kinesiology,Male,School of Education and Human Development,1,1
Working,0,Data Science,Male,School of Data Science,1,0
I am continuing my education,0,Education - Speech Communication Disorders,Female,School of Education and Human Development,0,0
Working,1,Architecture,Female,School of Architecture,1,1
Working,2,Architecture,Female,School of Architecture,1,1
I have accepted a fellowship,0,Echols Scholar - Interdisciplinary,Female,College and Graduate School of Arts & Sciences,0,0
I have not finalized my plans.  I am seeking employment or acceptance to an academic program,1,Psychology,Female,College and Graduate School of Arts & Sciences,0,1
Working,3,Statistics,Male,College and Graduate School of Arts & Sciences,1,1
Working,3,Architecture,Female,School of Architecture,1,1
I have not finalized my plans.  I am seeking employment or acceptance to an academic program,1,Architecture,Male,School of Architecture,0,1
Working,1,Anthropology,Female,College and Graduate School of Arts & Sciences,1,1
I have accepted a fellowship,0,Neuroscience,Female,School of Medicine,0,0
Working,0,Psychology,Female,College and Graduate School of Arts & Sciences,1,0
Working,1,Economics,Male,College and Graduate School of Arts & Sciences,1,1
I have not finalized my plans.  I am seeking employment or acceptance to an academic program,0,Education - Speech Communication Disorders,Female,School of Education and Human Development,0,0
Working,2,Economics,Female,College and Graduate School of Arts & Sciences,1,1
I have not finalized my plans.  I am seeking employment or acceptance to an academic program,1,Biology,Female,College and Graduate School of Arts & Sciences,0,1
Working,1,Engineering - Systems Engineering,Female,School of Engineering & Applied Science,1,1
Working,1,Engineering - Biomedical Engineering,Female,School of Engineering & Applied Science,1,1
Working,2,Anthropology,Female,College and Graduate School of Arts & Sciences,1,1
I have not finalized my plans.  I am seeking employment or acceptance to an academic program,0,Engineering - Chemical Engineering,Male,School of Engineering & Applied Science,0,0
Working,1,Engineering - Biomedical Engineering,Female,School of Engineering & Applied Science,1,1
Working,1,Psychology,Female,College and Graduate School of Arts & Sciences,1,1
Working,3,Economics,Male,College and Graduate School of Arts & Sciences,1,1
I am continuing my education,3,Spanish,Male,College and Graduate School of Arts & Sciences,0,1
I have not finalized my plans.  I am seeking employment or acceptance to an academic program,1,Government,Female,College and Graduate School of Arts & Sciences,0,1
Working,1,Computer Science - Interdisciplinary,Female,College and Graduate School of Arts & Sciences,1,1
I am continuing my education,1,Education - Special Education,Female,School of Education and Human Development,0,1
I am continuing my education,0,Biology,Female,College and Graduate School of Arts & Sciences,0,0
Working,2,Engineering - Computer Science,Male,School of Engineering & Applied Science,1,1
I have not finalized my plans.  I am seeking employment or acceptance to an academic program,3,Global Studies - Interdisciplinary,Female,College and Graduate School of Arts & Sciences,0,1
Working,2,Education - English Education,Female,School of Education and Human Development,1,1
I have not finalized my plans.  I am seeking employment or acceptance to an academic program,0,Religious Studies,Female,College and Graduate School of Arts & Sciences,0,0
I have not finalized my plans.  I am seeking employment or acceptance to an academic program,0,History,Male,College and Graduate School of Arts & Sciences,0,0
I will be serving in the military,2,Education - Research Statistics & Evaluation,Male,School of Education and Human Development,0,1
Working,2,Engineering - Computer Science,Male,School of Engineering & Applied Science,1,1
I have not finalized my plans.  I am seeking employment or acceptance to an academic program,3,Anthropology,Female,College and Graduate School of Arts & Sciences,0,1
I have not finalized my plans.  I am seeking employment or acceptance to an academic program,0,Engineering - Computer Science,Male,School of Engineering & Applied Science,0,0
Working,2,Engineering - Computer Science,Male,School of Engineering & Applied Science,1,1
Working,0,Physics,Female,College and Graduate School of Arts & Sciences,1,0
I am continuing my education,0,Biology,Female,College and Graduate School of Arts & Sciences,0,0
I am continuing my education,1,English,Male,College and Graduate School of Arts & Sciences,0,1
Working,2,Engineering - Mechanical Engineering,Male,School of Engineering & Applied Science,1,1
I am continuing my education,1,Government,Female,College and Graduate School of Arts & Sciences,0,1
I have not finalized my plans.  I am seeking employment or acceptance to an academic program,0,Biology,Male,College and Graduate School of Arts & Sciences,0,0
Working,1,Engineering - Computer Science,Female,School of Engineering & Applied Science,1,1
Working,3,Data Science,Male,School of Data Science,1,1
Working,1,Chemistry,Male,College and Graduate School of Arts & Sciences,1,1
Working,1,Engineering - Mechanical Engineering,Male,School of Engineering & Applied Science,1,1
Working,1,Engineering - Aerospace Engineering,Male,School of Engineering & Applied Science,1,1
Working,0,Biology,Female,College and Graduate School of Arts & Sciences,1,0
Working,0,Data Science,Male,School of Data Science,1,0
Working,0,Engineering - Mechanical Engineering,Male,School of Engineering & Applied Science,1,0
Working,3,Education - Speech Communication Disorders,Female,School of Education and Human Development,1,1
I am continuing my education,2,Engineering - Computer Engineering,Male,School of Engineering & Applied Science,0,1
Working,2,Architecture,Female,School of Architecture,1,1
Working,1,Engineering - Systems Engineering,Male,School of Engineering & Applied Science,1,1
Working,0,Interdisciplinary (SCPS-BIS),Male,School of Continuing and Professional Studies,1,0
Working,0,Education - Counselor Education,Female,School of Education and Human Development,1,0
Working,3,Architecture - Urban & Environmental Planning,Female,School of Architecture,1,1
I am taking a break,1,Engineering - Computer Science,Male,School of Engineering & Applied Science,0,1
I am continuing my education,0,Global Studies - Interdisciplinary,Female,College and Graduate School of Arts & Sciences,0,0
I will be volunteering,2,Global Studies - Interdisciplinary,Female,College and Graduate School of Arts & Sciences,0,1
I am continuing my education,0,Architecture,Female,School of Architecture,0,0
I am continuing my education,2,Global Studies - Interdisciplinary,Male,College and Graduate School of Arts & Sciences,0,1
Working,0,Education - Curriculum & Instruction,Female,School of Education and Human Development,1,0
Working,1,Engineering - Mechanical Engineering,Male,School of Engineering & Applied Science,1,1
I have not finalized my plans.  I am seeking employment or acceptance to an academic program,2,Psychology,Female,College and Graduate School of Arts & Sciences,0,1
Working,1,Engineering - Biomedical Engineering,Female,School of Engineering & Applied Science,1,1
I am continuing my education,3,Global Studies - Interdisciplinary,Female,College and Graduate School of Arts & Sciences,0,1
I have not finalized my plans.  I am seeking employment or acceptance to an academic program,0,Data Science,Female,School of Data Science,0,0
I am continuing my education,1,Biology,Female,College and Graduate School of Arts & Sciences,0,1
Working,0,Engineering - Civil Engineering,Male,School of Engineering & Applied Science,1,0
I have not finalized my plans.  I am seeking employment or acceptance to an academic program,0,Biology,Male,College and Graduate School of Arts & Sciences,0,0
I am continuing my education,2,Education - Youth & Social Innovation,Male,School of Education and Human Development,0,1
Working,1,Engineering - Computer Science,Male,School of Engineering & Applied Science,1,1
Working,3,Engineering - Systems Engineering,Male,School of Engineering & Applied Science,1,1
Working,0,Engineering - Chemical Engineering,Female,School of Engineering & Applied Science,1,0
Working,0,Engineering - Mechanical & Aerospace Engineering,Male,School of Engineering & Applied Science,1,0
I am continuing my education,1,Architecture - Urban & Environmental Planning,Female,School of Architecture,0,1
Working,2,Linguistics,Female,College and Graduate School of Arts & Sciences,1,1
Working,2,Education - Curriculum & Instruction,Male,School of Education and Human Development,1,1
I have not finalized my plans.  I am seeking employment or acceptance to an academic program,2,American Studies - Interdisciplinary,Female,College and Graduate School of Arts & Sciences,0,1
Working,3,Psychology,Female,College and Graduate School of Arts & Sciences,1,1
Working,3,Economics,Male,College and Graduate School of Arts & Sciences,1,1
I am continuing my education,1,Architecture - Urban & Environmental Planning,Female,School of Architecture,0,1
Working,3,Engineering - Systems Engineering,Male,School of Engineering & Applied Science,1,1
Working,1,Engineering - Computer Science,Male,School of Engineering & Applied Science,1,1
I am continuing my education,1,Psychology,Male,College and Graduate School of Arts & Sciences,0,1
I have not finalized my plans.  I am seeking employment or acceptance to an academic program,1,Anthropology,Female,College and Graduate School of Arts & Sciences,0,1
I have not finalized my plans.  I am seeking employment or acceptance to an academic program,3,Statistics,Female,College and Graduate School of Arts & Sciences,0,1
Working,1,Computer Science - Interdisciplinary,Female,College and Graduate School of Arts & Sciences,1,1
Working,0,Physics,Male,College and Graduate School of Arts & Sciences,1,0
I have not finalized my plans.  I am seeking employment or acceptance to an academic program,3,Nursing,Female,College and Graduate School of Arts & Sciences,0,1
Working,3,Sociology,Female,College and Graduate School of Arts & Sciences,1,1
I am continuing my education,3,Applied Statistics,Female,College and Graduate School of Arts & Sciences,0,1
Working,2,Biology,Male,College and Graduate School of Arts & Sciences,1,1
Working,1,Computer Science - Interdisciplinary,Female,College and Graduate School of Arts & Sciences,1,1
Working,3,Engineering - Systems Engineering,Female,School of Engineering & Applied Science,1,1
Working,3,Spanish,Female,College and Graduate School of Arts & Sciences,1,1
I have not finalized my plans.  I am seeking employment or acceptance to an academic program,3,Foreign Affairs,Male,College and Graduate School of Arts & Sciences,0,1
Working,3,Economics,Male,College and Graduate School of Arts & Sciences,1,1
Working,2,Biology,Female,College and Graduate School of Arts & Sciences,1,1
I am continuing my education,1,Biology,Male,College and Graduate School of Arts & Sciences,0,1
I am continuing my education,3,Engineering - Biomedical Engineering,Male,School of Engineering & Applied Science,0,1
I am continuing my education,0,Computer Science - Interdisciplinary,Male,College and Graduate School of Arts & Sciences,0,0
Working,0,Engineering - Aerospace Engineering,Male,School of Engineering & Applied Science,1,0
Working,2,Engineering - Systems Engineering,Female,School of Engineering & Applied Science,1,1
I am continuing my education,0,Psychology,Female,College and Graduate School of Arts & Sciences,0,0
Working,3,Engineering - Computer Science,Female,School of Engineering & Applied Science,1,1
I have not finalized my plans.  I am seeking employment or acceptance to an academic program,2,Biology,Female,College and Graduate School of Arts & Sciences,0,1
Working,0,Physics,Female,College and Graduate School of Arts & Sciences,1,0
I have not finalized my plans.  I am seeking employment or acceptance to an academic program,2,Computer Science - Interdisciplinary,Male,College and Graduate School of Arts & Sciences,0,1
I am continuing my education,1,Cognitive Science - Interdisciplinary,Female,College and Graduate School of Arts & Sciences,0,1
I am continuing my education,1,Psychology,Female,College and Graduate School of Arts & Sciences,0,1
I am continuing my education,0,Engineering - Biomedical Engineering,Female,School of Engineering & Applied Science,0,0
I have accepted a fellowship,0,Engineering - Biomedical Engineering,Female,School of Engineering & Applied Science,0,0
I am continuing my education,1,Engineering - Biomedical Engineering,Female,School of Engineering & Applied Science,0,1
Working,1,Engineering - Mechanical Engineering,Male,School of Engineering & Applied Science,1,1
I am taking a break,3,Architecture,Female,School of Architecture,0,1
Working,2,Philosophy,Female,College and Graduate School of Arts & Sciences,1,1
I have not finalized my plans.  I am seeking employment or acceptance to an academic program,1,Sociology,Female,College and Graduate School of Arts & Sciences,0,1
I have not finalized my plans.  I am seeking employment or acceptance to an academic program,0,Statistics,Male,College and Graduate School of Arts & Sciences,0,0
Working,1,Biology,Female,College and Graduate School of Arts & Sciences,1,1
Working,3,Engineering - Computer Science,Male,School of Engineering & Applied Science,1,1
Working,0,Economics,Male,College and Graduate School of Arts & Sciences,1,0
I have not finalized my plans.  I am seeking employment or acceptance to an academic program,1,Psychology,Male,College and Graduate School of Arts & Sciences,0,1
Working,0,Biology,Male,College and Graduate School of Arts & Sciences,1,0
Working,1,Engineering - Computer Science,Female,School of Engineering & Applied Science,1,1
I am continuing my education,1,Engineering - Mechanical Engineering,Male,School of Engineering & Applied Science,0,1
Working,1,Engineering - Computer Science,Male,School of Engineering & Applied Science,1,1
Working,1,Engineering - Electrical Engineering,Male,School of Engineering & Applied Science,1,1
Working,1,Engineering - Electrical Engineering,Male,School of Engineering & Applied Science,1,1
Working,1,Education - Speech Communication Disorders,Female,School of Education and Human Development,1,1
Working,0,Engineering - Civil Engineering,Male,School of Engineering & Applied Science,1,0
Working,2,Engineering - Systems Engineering,Female,School of Engineering & Applied Science,1,1
Working,0,Computer Science - Interdisciplinary,Female,College and Graduate School of Arts & Sciences,1,0
I have not finalized my plans.  I am seeking employment or acceptance to an academic program,2,Architecture,Male,School of Architecture,0,1
Working,0,Engineering - Chemical Engineering,Female,School of Engineering & Applied Science,1,0
Working,0,Education - Special Education,Female,School of Education and Human Development,1,0
Working,0,Sociology,Female,College and Graduate School of Arts & Sciences,1,0
I have not finalized my plans.  I am seeking employment or acceptance to an academic program,2,Physics,Male,College and Graduate School of Arts & Sciences,0,1
I am continuing my education,1,Economics,Male,College and Graduate School of Arts & Sciences,0,1
Working,2,Computer Science - Interdisciplinary,Female,College and Graduate School of Arts & Sciences,1,1
Working,0,Education - Curriculum & Instruction,Female,School of Education and Human Development,1,0
I have not finalized my plans.  I am seeking employment or acceptance to an academic program,0,Engineering - Computer Engineering,Male,School of Engineering & Applied Science,0,0
Working,3,Architecture - Constructed Environment,Female,School of Architecture,1,1
I have not finalized my plans.  I am seeking employment or acceptance to an academic program,0,Chemistry,Male,College and Graduate School of Arts & Sciences,0,0
I am continuing my education,1,Education - Kinesiology,Female,School of Education and Human Development,0,1
I am continuing my education,1,Global Studies - Interdisciplinary,Female,College and Graduate School of Arts & Sciences,0,1
Working,2,Engineering - Systems Engineering,Male,School of Engineering & Applied Science,1,1
I am continuing my education,0,Engineering - Systems Engineering,Female,School of Engineering & Applied Science,0,0
I am continuing my education,1,Statistics,Female,College and Graduate School of Arts & Sciences,0,1
I have not finalized my plans.  I am seeking employment or acceptance to an academic program,0,Data Science,Male,School of Data Science,0,0
I am continuing my education,2,Computer Science - Interdisciplinary,Male,College and Graduate School of Arts & Sciences,0,1
Working,0,Chemistry,Female,College and Graduate School of Arts & Sciences,1,0
Working,0,Biology,Female,College and Graduate School of Arts & Sciences,1,0
I am continuing my education,0,History,Male,College and Graduate School of Arts & Sciences,0,0
I am continuing my education,0,Engineering - Computer Science,Male,School of Engineering & Applied Science,0,0
I am continuing my education,0,Education - Youth & Social Innovation,Female,School of Education and Human Development,0,0
Working,1,Economics,Male,College and Graduate School of Arts & Sciences,1,1
I am continuing my education,2,Environmental Sciences,Female,College and Graduate School of Arts & Sciences,0,1
I am continuing my education,0,Education - Kinesiology,Female,School of Education and Human Development,0,0
I am continuing my education,0,Computer Science - Interdisciplinary,Male,College and Graduate School of Arts & Sciences,0,0
I have not finalized my plans.  I am seeking employment or acceptance to an academic program,2,Foreign Affairs,Female,College and Graduate School of Arts & Sciences,0,1
Working,2,Education - Elementary Education,Female,School of Education and Human Development,1,1
Working,0,Psychology,Male,College and Graduate School of Arts & Sciences,1,0
Working,2,Biology,Female,College and Graduate School of Arts & Sciences,1,1
Working,1,Engineering - Computer Science,Male,School of Engineering & Applied Science,1,1
I have not finalized my plans.  I am seeking employment or acceptance to an academic program,0,Religious Studies,Female,College and Graduate School of Arts & Sciences,0,0
Working,0,Education - Science Education,Female,School of Education and Human Development,1,0
Working,2,Engineering - Computer Science,Male,School of Engineering & Applied Science,1,1
Working,2,Computer Science - Interdisciplinary,Female,College and Graduate School of Arts & Sciences,1,1
I have not finalized my plans.  I am seeking employment or acceptance to an academic program,1,Psychology,Male,College and Graduate School of Arts & Sciences,0,1
Working,1,Foreign Affairs,Female,College and Graduate School of Arts & Sciences,1,1
Working,3,Engineering - Computer Science,Male,School of Engineering & Applied Science,1,1
Working,2,Applied Statistics,Male,College and Graduate School of Arts & Sciences,1,1
I have not finalized my plans.  I am seeking employment or acceptance to an academic program,1,Human Biology - Interdisciplinary,Male,College and Graduate School of Arts & Sciences,0,1
I am continuing my education,1,Human Biology - Interdisciplinary,Female,College and Graduate School of Arts & Sciences,0,1
Working,2,Engineering - Systems Engineering,Male,School of Engineering & Applied Science,1,1
Working,1,Engineering - Mechanical & Aerospace Engineering,Male,School of Engineering & Applied Science,1,1
Working,1,Engineering - Computer Science,Female,School of Engineering & Applied Science,1,1
Working,2,Psychology,Female,College and Graduate School of Arts & Sciences,1,1
I have not finalized my plans.  I am seeking employment or acceptance to an academic program,2,Government,Female,College and Graduate School of Arts & Sciences,0,1
I am continuing my education,0,Environmental Sciences,Male,College and Graduate School of Arts & Sciences,0,0
I have not finalized my plans.  I am seeking employment or acceptance to an academic program,0,Data Science,Male,School of Data Science,0,0
I have not finalized my plans.  I am seeking employment or acceptance to an academic program,2,Education - Kinesiology,Female,School of Education and Human Development,0,1
I have not finalized my plans.  I am seeking employment or acceptance to an academic program,1,Architecture - Urban & Environmental Planning,Female,School of Architecture,0,1
Working,3,Engineering - Computer Science,Male,School of Engineering & Applied Science,1,1
Working,0,Sociology,Male,College and Graduate School of Arts & Sciences,1,0
Working,2,Architecture,Female,School of Architecture,1,1
Working,2,Psychology,Female,College and Graduate School of Arts & Sciences,1,1
Working,1,Art - History of Art & Architecture,Female,College and Graduate School of Arts & Sciences,1,1
I have not finalized my plans.  I am seeking employment or acceptance to an academic program,1,Engineering - Computer Science,Female,School of Engineering & Applied Science,0,1
I have accepted a fellowship,1,Anthropology,Female,College and Graduate School of Arts & Sciences,0,1
I am continuing my education,1,History,Female,College and Graduate School of Arts & Sciences,0,1
Working,0,Data Science,Male,School of Data Science,1,0
Working,0,Chemistry,Female,College and Graduate School of Arts & Sciences,1,0
I have not finalized my plans.  I am seeking employment or acceptance to an academic program,0,Biology,Female,College and Graduate School of Arts & Sciences,0,0
Working,0,Mathematics,Male,College and Graduate School of Arts & Sciences,1,0
I am continuing my education,3,Spanish,Female,College and Graduate School of Arts & Sciences,0,1
I am continuing my education,2,Education - Kinesiology,Female,School of Education and Human Development,0,1
I am taking a break,3,Global Studies - Interdisciplinary,Female,College and Graduate School of Arts & Sciences,0,1
I have not finalized my plans.  I am seeking employment or acceptance to an academic program,0,Philosophy,Male,College and Graduate School of Arts & Sciences,0,0
I have not finalized my plans.  I am seeking employment or acceptance to an academic program,2,Computer Science - Interdisciplinary,Male,College and Graduate School of Arts & Sciences,0,1
Working,0,Global Studies - Interdisciplinary,Female,College and Graduate School of Arts & Sciences,1,0
I have accepted a fellowship,3,Physics,Male,College and Graduate School of Arts & Sciences,0,1
Working,0,English,Female,College and Graduate School of Arts & Sciences,1,0
I have not finalized my plans.  I am seeking employment or acceptance to an academic program,1,East Asian Studies - Interdisciplinary,Female,College and Graduate School of Arts & Sciences,0,1
I have not finalized my plans.  I am seeking employment or acceptance to an academic program,1,Music,Male,College and Graduate School of Arts & Sciences,0,1
Working,1,Education - Kinesiology,Female,School of Education and Human Development,1,1
I have not finalized my plans.  I am seeking employment or acceptance to an academic program,3,English,Female,College and Graduate School of Arts & Sciences,0,1
I have not finalized my plans.  I am seeking employment or acceptance to an academic program,1,Foreign Affairs,Female,College and Graduate School of Arts & Sciences,0,1
Working,0,Biology,Male,College and Graduate School of Arts & Sciences,1,0
Working,2,Computer Science - Interdisciplinary,Female,College and Graduate School of Arts & Sciences,1,1
Working,2,Engineering - Computer Science,Male,School of Engineering & Applied Science,1,1
Working,0,Engineering - Biomedical Engineering,Male,School of Engineering & Applied Science,1,0
Working,2,Computer Science - Interdisciplinary,Female,College and Graduate School of Arts & Sciences,1,1
Working,0,Biology,Male,College and Graduate School of Arts & Sciences,1,0
I am continuing my education,0,Education - Curriculum & Instruction,Female,School of Education and Human Development,0,0
I am continuing my education,3,Education - Kinesiology,Female,School of Education and Human Development,0,1
Working,1,Statistics,Male,College and Graduate School of Arts & Sciences,1,1
I am continuing my education,0,Engineering - Computer Science,Male,School of Engineering & Applied Science,0,0
I have not finalized my plans.  I am seeking employment or acceptance to an academic program,3,Environmental Thought & Practice - Interdisciplinary,Female,College and Graduate School of Arts & Sciences,0,1
Working,1,Engineering - Biomedical Engineering,Female,School of Engineering & Applied Science,1,1
Working,1,Engineering - Electrical Engineering,Male,School of Engineering & Applied Science,1,1
I am continuing my education,2,Psychology,Female,College and Graduate School of Arts & Sciences,0,1
I am continuing my education,1,Statistics,Male,College and Graduate School of Arts & Sciences,0,1
Working,1,Cognitive Science - Interdisciplinary,Female,College and Graduate School of Arts & Sciences,1,1
I am continuing my education,1,Engineering - Biomedical Engineering,Male,School of Engineering & Applied Science,0,1
I have accepted a fellowship,2,Environmental Sciences,Female,College and Graduate School of Arts & Sciences,0,1
I have not finalized my plans.  I am seeking employment or acceptance to an academic program,1,Global Studies - Interdisciplinary,Female,College and Graduate School of Arts & Sciences,0,1
I have not finalized my plans.  I am seeking employment or acceptance to an academic program,0,Psychology,Female,College and Graduate School of Arts & Sciences,0,0
Working,3,Global Studies - Interdisciplinary,Female,College and Graduate School of Arts & Sciences,1,1
I have not finalized my plans.  I am seeking employment or acceptance to an academic program,3,Global Studies - Interdisciplinary,Female,College and Graduate School of Arts & Sciences,0,1
I have not finalized my plans.  I am seeking employment or acceptance to an academic program,1,Global Studies - Interdisciplinary,Female,College and Graduate School of Arts & Sciences,0,1
Working,0,Education - Elementary Education,Female,School of Education and Human Development,1,0
I have accepted a fellowship,1,Anthropology,Female,College and Graduate School of Arts & Sciences,0,1
I am continuing my education,0,Engineering - Computer Engineering,Male,School of Engineering & Applied Science,0,0
Working,1,Engineering - Computer Science,Male,School of Engineering & Applied Science,1,1
I have not finalized my plans.  I am seeking employment or acceptance to an academic program,0,Computer Science - Interdisciplinary,Male,College and Graduate School of Arts & Sciences,0,0
I have not finalized my plans.  I am seeking employment or acceptance to an academic program,0,Biology,Female,College and Graduate School of Arts & Sciences,0,0
I have not finalized my plans.  I am seeking employment or acceptance to an academic program,2,Mathematics,Male,College and Graduate School of Arts & Sciences,0,1
Working,0,Foreign Affairs,Male,College and Graduate School of Arts & Sciences,1,0
Working,2,Economics,Female,College and Graduate School of Arts & Sciences,1,1
Working,1,Engineering - Civil Engineering,Male,School of Engineering & Applied Science,1,1
Working,0,Foreign Affairs,Female,College and Graduate School of Arts & Sciences,1,0
I am continuing my education,2,Environmental Sciences,Female,College and Graduate School of Arts & Sciences,0,1
I am continuing my education,2,Economics,Male,College and Graduate School of Arts & Sciences,0,1
Working,0,Education - Reading Education,Female,School of Education and Human Development,1,0
Working,0,Biology,Female,College and Graduate School of Arts & Sciences,1,0
Working,1,Computer Science - Interdisciplinary,Male,College and Graduate School of Arts & Sciences,1,1
Working,0,Foreign Affairs,Female,College and Graduate School of Arts & Sciences,1,0
Working,1,Biology,Female,College and Graduate School of Arts & Sciences,1,1
I have not finalized my plans.  I am seeking employment or acceptance to an academic program,0,English,Female,College and Graduate School of Arts & Sciences,0,0
Working,3,Global Studies - Interdisciplinary,Female,College and Graduate School of Arts & Sciences,1,1
I am continuing my education,0,Religious Studies,Female,College and Graduate School of Arts & Sciences,0,0
Working,1,Latin American Studies,Male,College and Graduate School of Arts & Sciences,1,1
Working,1,Environmental Sciences,Male,College and Graduate School of Arts & Sciences,1,1
I am continuing my education,1,Global Studies - Interdisciplinary,Female,College and Graduate School of Arts & Sciences,0,1
Working,1,Engineering - Chemical Engineering,Male,School of Engineering & Applied Science,1,1
I have not finalized my plans.  I am seeking employment or acceptance to an academic program,0,Foreign Affairs,Male,College and Graduate School of Arts & Sciences,0,0
I am continuing my education,3,Biology,Female,College and Graduate School of Arts & Sciences,0,1
I am continuing my education,1,Education - Elementary Education,Female,School of Education and Human Development,0,1
Working,3,Engineering - Computer Science,Male,School of Engineering & Applied Science,1,1
I am continuing my education,0,Engineering - Computer Science,Male,School of Engineering & Applied Science,0,0
I am continuing my education,1,Economics,Male,College and Graduate School of Arts & Sciences,0,1
I have not finalized my plans.  I am seeking employment or acceptance to an academic program,3,Engineering - Computer Science,Male,School of Engineering & Applied Science,0,1
Working,0,Engineering - Computer Engineering,Male,School of Engineering & Applied Science,1,0
Working,1,Economics,Female,College and Graduate School of Arts & Sciences,1,1
I am continuing my education,3,Economics,Female,College and Graduate School of Arts & Sciences,0,1
Working,3,Computer Science - Interdisciplinary,Female,College and Graduate School of Arts & Sciences,1,1
Working,0,Engineering - Biomedical Engineering,Female,School of Engineering & Applied Science,1,0
Working,0,Engineering - Computer Science,Female,School of Engineering & Applied Science,1,0
Working,3,Applied Statistics,Female,College and Graduate School of Arts & Sciences,1,1
Working,1,Psychology,Female,College and Graduate School of Arts & Sciences,1,1
Working,2,Media Studies,Female,College and Graduate School of Arts & Sciences,1,1
Working,0,Engineering - Biomedical Engineering,Male,School of Engineering & Applied Science,1,0
I am taking a break,0,English,Male,College and Graduate School of Arts & Sciences,0,0
I have not finalized my plans.  I am seeking employment or acceptance to an academic program,2,Architecture,Female,School of Architecture,0,1
Working,2,Engineering - Computer Science,Male,School of Engineering & Applied Science,1,1
I am continuing my education,0,Psychology,Male,College and Graduate School of Arts & Sciences,0,0
I have not finalized my plans.  I am seeking employment or acceptance to an academic program,0,English,Female,College and Graduate School of Arts & Sciences,0,0
Working,2,Computer Science - Interdisciplinary,Male,College and Graduate School of Arts & Sciences,1,1
Working,1,Engineering - Systems Engineering,Female,School of Engineering & Applied Science,1,1
Working,3,Economics,Male,College and Graduate School of Arts & Sciences,1,1
Working,1,Biology,Female,College and Graduate School of Arts & Sciences,1,1
I have not finalized my plans.  I am seeking employment or acceptance to an academic program,0,Computer Science - Interdisciplinary,Male,College and Graduate School of Arts & Sciences,0,0
Working,1,Engineering - Biomedical Engineering,Female,School of Engineering & Applied Science,1,1
Working,0,Engineering - Electrical Engineering,Male,School of Engineering & Applied Science,1,0
Working,2,East Asian Studies - Interdisciplinary,Female,College and Graduate School of Arts & Sciences,1,1
I am continuing my education,1,Computer Science - Interdisciplinary,Male,College and Graduate School of Arts & Sciences,0,1
Working,2,Computer Science - Interdisciplinary,Female,College and Graduate School of Arts & Sciences,1,1
I have not finalized my plans.  I am seeking employment or acceptance to an academic program,0,Foreign Affairs,Female,College and Graduate School of Arts & Sciences,0,0
I am continuing my education,0,Architecture - Urban & Environmental Planning,Female,School of Architecture,0,0
I am continuing my education,2,Neuroscience - Interdisciplinary,Female,College and Graduate School of Arts & Sciences,0,1
Working,3,Engineering - Biomedical Engineering,Female,School of Engineering & Applied Science,1,1
Working,1,Education - Counselor Education,Female,School of Education and Human Development,1,1
I am taking a break,2,Engineering - Chemical Engineering,Male,School of Engineering & Applied Science,0,1
I am continuing my education,0,Astronomy,Female,College and Graduate School of Arts & Sciences,0,0
Working,3,Media Studies,Female,College and Graduate School of Arts & Sciences,1,1
Working,2,Government,Male,College and Graduate School of Arts & Sciences,1,1
I am continuing my education,1,Religious Studies,Male,College and Graduate School of Arts & Sciences,0,1
I have not finalized my plans.  I am seeking employment or acceptance to an academic program,2,Global Studies - Interdisciplinary,Female,College and Graduate School of Arts & Sciences,0,1
Working,1,Engineering - Systems Engineering,Female,School of Engineering & Applied Science,1,1
Working,0,Engineering - Systems Engineering,Male,School of Engineering & Applied Science,1,0
Working,2,Education - English Education,Female,School of Education and Human Development,1,1
I am continuing my education,0,English,Female,College and Graduate School of Arts & Sciences,0,0
I am continuing my education,1,Statistics,Female,College and Graduate School of Arts & Sciences,0,1
I have not finalized my plans.  I am seeking employment or acceptance to an academic program,0,Psychology,Male,College and Graduate School of Arts & Sciences,0,0
Working,2,Computer Science - Interdisciplinary,Male,College and Graduate School of Arts & Sciences,1,1
Working,1,Engineering - Electrical Engineering,Male,School of Engineering & Applied Science,1,1
I will be serving in the military,0,Data Science,Female,School of Data Science,0,0
I am continuing my education,1,Government,Female,College and Graduate School of Arts & Sciences,0,1
Working,3,Engineering - Systems Engineering,Male,School of Engineering & Applied Science,1,1
Working,0,Computer Science - Interdisciplinary,Male,College and Graduate School of Arts & Sciences,1,0
Working,2,Education - Elementary Education,Female,School of Education and Human Development,1,1
Working,0,Biology,Female,College and Graduate School of Arts & Sciences,1,0
I am continuing my education,3,Engineering - Biomedical Engineering,Female,School of Engineering & Applied Science,0,1
Working,0,Health Sciences Management (SCPS),Female,School of Continuing and Professional Studies,1,0
Working,0,Biology,Male,College and Graduate School of Arts & Sciences,1,0
Working,0,Economics,Male,College and Graduate School of Arts & Sciences,1,0
Working,1,Political & Social Thought - Interdisciplinary,Male,College and Graduate School of Arts & Sciences,1,1
Working,1,Computer Science - Interdisciplinary,Female,College and Graduate School of Arts & Sciences,1,1
I have not finalized my plans.  I am seeking employment or acceptance to an academic program,0,Cognitive Science - Interdisciplinary,Male,College and Graduate School of Arts & Sciences,0,0
I have not finalized my plans.  I am seeking employment or acceptance to an academic program,2,Education - Elementary Education,Female,School of Education and Human Development,0,1
I have not finalized my plans.  I am seeking employment or acceptance to an academic program,0,Engineering - Materials Science and Engineering,Female,School of Engineering & Applied Science,0,0
I have not finalized my plans.  I am seeking employment or acceptance to an academic program,0,Data Science,Male,School of Data Science,0,0
I am continuing my education,0,Cognitive Science - Interdisciplinary,Female,College and Graduate School of Arts & Sciences,0,0
I will be serving in the military,1,Engineering - Engineering Science,Male,School of Engineering & Applied Science,0,1
I am continuing my education,0,Economics,Female,College and Graduate School of Arts & Sciences,0,0
I am taking a break,0,Psychology,Female,College and Graduate School of Arts & Sciences,0,0
Working,1,Biology,Female,College and Graduate School of Arts & Sciences,1,1
I am continuing my education,3,Economics,Female,College and Graduate School of Arts & Sciences,0,1
I am continuing my education,0,Engineering - Aerospace Engineering,Male,School of Engineering & Applied Science,0,0
I am taking a break,3,Psychology,Female,College and Graduate School of Arts & Sciences,0,1
I have not finalized my plans.  I am seeking employment or acceptance to an academic program,0,Education - Reading Education,Female,School of Education and Human Development,0,0
I will be volunteering,1,Engineering - Computer Science,Male,School of Engineering & Applied Science,0,1
Working,1,Education - English Education,Female,School of Education and Human Development,1,1
I have not finalized my plans.  I am seeking employment or acceptance to an academic program,1,Engineering - Civil Engineering,Male,School of Engineering & Applied Science,0,1
I will be serving in the military,2,Education - Kinesiology,Male,School of Education and Human Development,0,1
Working,3,Education - Special Education,Female,School of Education and Human Development,1,1
Working,3,Economics,Female,College and Graduate School of Arts & Sciences,1,1
Working,1,Middle Eastern and South Asian Languages and Cultures,Female,College and Graduate School of Arts & Sciences,1,1
I am continuing my education,3,Education - Kinesiology,Female,School of Education and Human Development,0,1
Working,1,Computer Science - Interdisciplinary,Female,College and Graduate School of Arts & Sciences,1,1
I am continuing my education,0,Engineering - Computer Science,Female,School of Engineering & Applied Science,0,0
Working,0,Spanish,Female,College and Graduate School of Arts & Sciences,1,0
I have not finalized my plans.  I am seeking employment or acceptance to an academic program,3,Global Studies - Interdisciplinary,Female,College and Graduate School of Arts & Sciences,0,1
I am continuing my education,1,Cognitive Science - Interdisciplinary,Male,College and Graduate School of Arts & Sciences,0,1
Working,1,Education - Kinesiology,Female,School of Education and Human Development,1,1
Working,2,Engineering - Aerospace Engineering,Male,School of Engineering & Applied Science,1,1
Working,3,Computer Science - Interdisciplinary,Female,College and Graduate School of Arts & Sciences,1,1
Working,2,Engineering - Computer Science,Male,School of Engineering & Applied Science,1,1
I have not finalized my plans.  I am seeking employment or acceptance to an academic program,1,Anthropology,Female,College and Graduate School of Arts & Sciences,0,1
Working,0,History,Female,College and Graduate School of Arts & Sciences,1,0
Working,1,Education - Kinesiology,Female,School of Education and Human Development,1,1
Working,3,Architecture,Male,School of Architecture,1,1
Working,0,Engineering - Mechanical Engineering,Female,School of Engineering & Applied Science,1,0
Working,1,Economics,Female,College and Graduate School of Arts & Sciences,1,1
Working,3,Architecture,Female,School of Architecture,1,1
Working,2,Engineering - Mechanical Engineering,Female,School of Engineering & Applied Science,1,1
I will be serving in the military,0,Engineering - Computer Science,Female,School of Engineering & Applied Science,0,0
I am taking a break,0,Statistics,Male,College and Graduate School of Arts & Sciences,0,0
Working,0,Education - Reading Education,Female,School of Education and Human Development,1,0
I have not finalized my plans.  I am seeking employment or acceptance to an academic program,0,Sociology,Female,College and Graduate School of Arts & Sciences,0,0
Working,0,Education - Reading Education,Female,School of Education and Human Development,1,0
Working,1,Biology,Female,College and Graduate School of Arts & Sciences,1,1
I have not finalized my plans.  I am seeking employment or acceptance to an academic program,2,Education - English Education,Male,School of Education and Human Development,0,1
Working,0,Interdisciplinary (SCPS-BIS),Female,School of Continuing and Professional Studies,1,0
Working,0,Biology,Male,College and Graduate School of Arts & Sciences,1,0
I have not finalized my plans.  I am seeking employment or acceptance to an academic program,1,Astronomy,Female,College and Graduate School of Arts & Sciences,0,1
I have not finalized my plans.  I am seeking employment or acceptance to an academic program,1,Media Studies,Female,College and Graduate School of Arts & Sciences,0,1
Working,3,Education - Speech Communication Disorders,Female,School of Education and Human Development,1,1
Working,2,Engineering - Biomedical Engineering,Male,School of Engineering & Applied Science,1,1
I am continuing my education,0,Engineering - Electrical Engineering,Male,School of Engineering & Applied Science,0,0
Working,2,Architecture - Urban & Environmental Planning,Male,School of Architecture,1,1
Working,2,Foreign Affairs,Female,College and Graduate School of Arts & Sciences,1,1
Working,0,Computer Science - Interdisciplinary,Male,College and Graduate School of Arts & Sciences,1,0
Working,1,Computer Science - Interdisciplinary,Female,College and Graduate School of Arts & Sciences,1,1
I am continuing my education,3,Architecture,Female,School of Architecture,0,1
Working,3,Computer Science - Interdisciplinary,Male,College and Graduate School of Arts & Sciences,1,1
Working,2,Engineering - Computer Science,Female,School of Engineering & Applied Science,1,1
Working,2,Economics,Male,College and Graduate School of Arts & Sciences,1,1
I have not finalized my plans.  I am seeking employment or acceptance to an academic program,0,Architecture,Male,School of Architecture,0,0
Working,3,Economics,Female,College and Graduate School of Arts & Sciences,1,1
I have not finalized my plans.  I am seeking employment or acceptance to an academic program,3,Architecture - Urban & Environmental Planning,Female,School of Architecture,0,1
Working,2,Economics,Female,College and Graduate School of Arts & Sciences,1,1
Working,1,Architecture - Urban & Environmental Planning,Female,School of Architecture,1,1
I have not finalized my plans.  I am seeking employment or acceptance to an academic program,0,Architecture,Female,School of Architecture,0,0
I am continuing my education,2,Political Philosophy Policy & Law - Interdisciplinary,Female,College and Graduate School of Arts & Sciences,0,1
Working,0,Psychology,Female,College and Graduate School of Arts & Sciences,1,0
Working,0,English,Female,College and Graduate School of Arts & Sciences,1,0
Working,0,Engineering - Electrical Engineering,Male,School of Engineering & Applied Science,1,0
Working,2,Engineering - Computer Science,Female,School of Engineering & Applied Science,1,1
I have not finalized my plans.  I am seeking employment or acceptance to an academic program,0,History,Male,College and Graduate School of Arts & Sciences,0,0
I have accepted a fellowship,3,Political & Social Thought - Interdisciplinary,Female,College and Graduate School of Arts & Sciences,0,1
I am continuing my education,1,Engineering - Systems Engineering,Male,School of Engineering & Applied Science,0,1
Working,0,Biology,Female,College and Graduate School of Arts & Sciences,1,0
Working,0,Spanish,Male,College and Graduate School of Arts & Sciences,1,0
I am continuing my education,0,Cognitive Science - Interdisciplinary,Male,College and Graduate School of Arts & Sciences,0,0
I have not finalized my plans.  I am seeking employment or acceptance to an academic program,3,Engineering - Computer Science,Male,School of Engineering & Applied Science,0,1
I have not finalized my plans.  I am seeking employment or acceptance to an academic program,0,English,Female,College and Graduate School of Arts & Sciences,0,0
Working,0,Education - Curriculum & Instruction,Male,School of Education and Human Development,1,0
Working,3,Education - Speech Communication Disorders,Female,School of Education and Human Development,1,1
Working,0,Global Studies - Interdisciplinary,Female,College and Graduate School of Arts & Sciences,1,0
I am continuing my education,1,Political Philosophy Policy & Law - Interdisciplinary,Female,College and Graduate School of Arts & Sciences,0,1
Working,3,Engineering - Computer Science,Male,School of Engineering & Applied Science,1,1
Working,1,Architecture - Urban & Environmental Planning,Male,School of Architecture,1,1
I have not finalized my plans.  I am seeking employment or acceptance to an academic program,1,Education - Social Studies Education,Male,School of Education and Human Development,0,1
Working,2,Engineering - Computer Science,Female,School of Engineering & Applied Science,1,1
Working,3,Education - Elementary Education,Female,School of Education and Human Development,1,1
I have not finalized my plans.  I am seeking employment or acceptance to an academic program,3,English,Female,College and Graduate School of Arts & Sciences,0,1
Working,0,Engineering - Mechanical Engineering,Male,School of Engineering & Applied Science,1,0
Working,0,Education - Special Education,Female,School of Education and Human Development,1,0
Working,0,Engineering - Mechanical & Aerospace Engineering,Female,School of Engineering & Applied Science,1,0
Working,1,Mathematics,Male,College and Graduate School of Arts & Sciences,1,1
I am taking a break,0,Psychology,Female,College and Graduate School of Arts & Sciences,0,0
I have not finalized my plans.  I am seeking employment or acceptance to an academic program,0,Linguistics,Female,College and Graduate School of Arts & Sciences,0,0
Working,0,Education - Elementary Education,Female,School of Education and Human Development,1,0
Working,0,Engineering - Civil Engineering,Male,School of Engineering & Applied Science,1,0
Working,0,Interdisciplinary (SCPS-BIS),Female,School of Continuing and Professional Studies,1,0
I have accepted a fellowship,0,Cognitive Science - Interdisciplinary,Female,College and Graduate School of Arts & Sciences,0,0
I am continuing my education,2,Engineering - Mechanical Engineering,Male,School of Engineering & Applied Science,0,1
I am taking a break,0,Philosophy,Female,College and Graduate School of Arts & Sciences,0,0
I have not finalized my plans.  I am seeking employment or acceptance to an academic program,2,Education - Youth & Social Innovation,Female,School of Education and Human Development,0,1
I am continuing my education,3,Foreign Affairs,Male,College and Graduate School of Arts & Sciences,0,1
Working,2,Computer Science - Interdisciplinary,Female,College and Graduate School of Arts & Sciences,1,1
I have accepted a fellowship,0,English,Male,College and Graduate School of Arts & Sciences,0,0
I am continuing my education,2,Media Studies,Female,College and Graduate School of Arts & Sciences,0,1
I am continuing my education,3,Foreign Affairs,Female,College and Graduate School of Arts & Sciences,0,1
Working,3,Cognitive Science - Interdisciplinary,Female,College and Graduate School of Arts & Sciences,1,1
I will be serving in the military,1,Computer Science - Interdisciplinary,Male,College and Graduate School of Arts & Sciences,0,1
Working,0,Education - Elementary Education,Female,School of Education and Human Development,1,0
I have not finalized my plans.  I am seeking employment or acceptance to an academic program,0,Psychology,Female,College and Graduate School of Arts & Sciences,0,0
I have not finalized my plans.  I am seeking employment or acceptance to an academic program,2,Architecture,Female,School of Architecture,0,1
Working,3,Computer Science - Interdisciplinary,Female,College and Graduate School of Arts & Sciences,1,1
I am continuing my education,2,Government,Male,College and Graduate School of Arts & Sciences,0,1
Working,2,Education - Elementary Education,Female,School of Education and Human Development,1,1
I am continuing my education,0,Education - Curriculum & Instruction,Female,School of Education and Human Development,0,0
I am continuing my education,0,Chemistry,Female,College and Graduate School of Arts & Sciences,0,0
I have accepted a fellowship,0,English,Female,College and Graduate School of Arts & Sciences,0,0
Working,2,Engineering - Computer Science,Male,School of Engineering & Applied Science,1,1
I am continuing my education,1,Classics,Female,College and Graduate School of Arts & Sciences,0,1
Working,1,Engineering - Systems Engineering,Male,School of Engineering & Applied Science,1,1
Working,1,Education - Counselor Education,Female,School of Education and Human Development,1,1
I am continuing my education,3,Engineering - Mechanical Engineering,Female,School of Engineering & Applied Science,0,1
I have not finalized my plans.  I am seeking employment or acceptance to an academic program,0,Physics,Male,College and Graduate School of Arts & Sciences,0,0
I have not finalized my plans.  I am seeking employment or acceptance to an academic program,1,Engineering - Biomedical Engineering,Female,School of Engineering & Applied Science,0,1
I have not finalized my plans.  I am seeking employment or acceptance to an academic program,1,Education - Higher Education,Male,School of Education and Human Development,0,1
Working,2,Education - Social Studies Education,Male,School of Education and Human Development,1,1
Working,3,Engineering - Biomedical Engineering,Female,School of Engineering & Applied Science,1,1
I have not finalized my plans.  I am seeking employment or acceptance to an academic program,0,Government,Male,College and Graduate School of Arts & Sciences,0,0
I am continuing my education,1,Biology,Female,College and Graduate School of Arts & Sciences,0,1
I have not finalized my plans.  I am seeking employment or acceptance to an academic program,3,Global Studies - Interdisciplinary,Female,College and Graduate School of Arts & Sciences,0,1
I have not finalized my plans.  I am seeking employment or acceptance to an academic program,1,Engineering - Electrical Engineering,Male,School of Engineering & Applied Science,0,1
Working,2,Engineering - Systems Engineering,Female,School of Engineering & Applied Science,1,1
I am continuing my education,1,Engineering - Computer Science,Male,School of Engineering & Applied Science,0,1
I have not finalized my plans.  I am seeking employment or acceptance to an academic program,1,Art - Art History,Female,College and Graduate School of Arts & Sciences,0,1
I am continuing my education,2,English,Female,College and Graduate School of Arts & Sciences,0,1
Working,0,Anthropology,Female,College and Graduate School of Arts & Sciences,1,0
I have not finalized my plans.  I am seeking employment or acceptance to an academic program,0,Architecture,Male,School of Architecture,0,0
Working,1,Architecture,Female,School of Architecture,1,1
I have not finalized my plans.  I am seeking employment or acceptance to an academic program,0,Physics,Female,College and Graduate School of Arts & Sciences,0,0
Working,1,Engineering - Systems Engineering,Male,School of Engineering & Applied Science,1,1
I am continuing my education,2,Archaeology - Interdisciplinary,Female,College and Graduate School of Arts & Sciences,0,1
Working,2,Foreign Affairs,Female,College and Graduate School of Arts & Sciences,1,1
I have not finalized my plans.  I am seeking employment or acceptance to an academic program,1,Education - Curriculum & Instruction,Female,School of Education and Human Development,0,1
Working,1,Engineering - Electrical Engineering,Male,School of Engineering & Applied Science,1,1
Working,2,Engineering - Computer Science,Male,School of Engineering & Applied Science,1,1
Working,0,Sociology,Female,College and Graduate School of Arts & Sciences,1,0
Working,3,Engineering - Computer Science,Male,School of Engineering & Applied Science,1,1
Working,3,Education - Speech Communication Disorders,Female,School of Education and Human Development,1,1
Working,1,Economics,Male,College and Graduate School of Arts & Sciences,1,1
Working,3,Mathematics,Male,College and Graduate School of Arts & Sciences,1,1
Working,1,Engineering - Civil Engineering,Male,School of Engineering & Applied Science,1,1
Working,1,Engineering - Computer Science,Male,School of Engineering & Applied Science,1,1
I have not finalized my plans.  I am seeking employment or acceptance to an academic program,1,Architecture - Urban & Environmental Planning,Female,School of Architecture,0,1
I am continuing my education,0,Astronomy,Female,College and Graduate School of Arts & Sciences,0,0
I am continuing my education,1,Engineering - Systems Engineering,Female,School of Engineering & Applied Science,0,1
I have not finalized my plans.  I am seeking employment or acceptance to an academic program,1,Biology,Female,College and Graduate School of Arts & Sciences,0,1
Working,1,Engineering - Mechanical Engineering,Male,School of Engineering & Applied Science,1,1
Working,0,Engineering - Chemical Engineering,Male,School of Engineering & Applied Science,1,0
Working,1,Cognitive Science - Interdisciplinary,Female,College and Graduate School of Arts & Sciences,1,1
Working,0,Education - Reading Education,Female,School of Education and Human Development,1,0
Working,2,American Studies - Interdisciplinary,Female,College and Graduate School of Arts & Sciences,1,1
Working,1,Human Biology - Interdisciplinary,Female,College and Graduate School of Arts & Sciences,1,1
Working,0,Environmental Sciences,Male,College and Graduate School of Arts & Sciences,1,0
I have not finalized my plans.  I am seeking employment or acceptance to an academic program,1,American Studies - Interdisciplinary,Male,College and Graduate School of Arts & Sciences,0,1
Working,0,Education - Curriculum & Instruction,Female,School of Education and Human Development,1,0
Working,2,Engineering - Systems Engineering,Female,School of Engineering & Applied Science,1,1
Working,1,Education - Kinesiology,Female,School of Education and Human Development,1,1
I have not finalized my plans.  I am seeking employment or acceptance to an academic program,2,Mathematics,Male,College and Graduate School of Arts & Sciences,0,1
Working,2,Economics,Male,College and Graduate School of Arts & Sciences,1,1
I have not finalized my plans.  I am seeking employment or acceptance to an academic program,1,Philosophy,Male,College and Graduate School of Arts & Sciences,0,1
Working,2,Statistics,Female,College and Graduate School of Arts & Sciences,1,1
Working,0,Engineering - Mechanical Engineering,Male,School of Engineering & Applied Science,1,0
Working,0,Philosophy,Male,College and Graduate School of Arts & Sciences,1,0
I am continuing my education,2,Engineering - Biomedical Engineering,Female,School of Engineering & Applied Science,0,1
Working,1,Architecture - Urban & Environmental Planning,Male,School of Architecture,1,1
I am taking a break,2,Psychology,Female,College and Graduate School of Arts & Sciences,0,1
Working,0,Interdisciplinary (SCPS-BIS),Female,School of Continuing and Professional Studies,1,0
Working,2,Architecture,Female,School of Architecture,1,1
Working,1,Architecture - Urban & Environmental Planning,Female,School of Architecture,1,1
I have not finalized my plans.  I am seeking employment or acceptance to an academic program,3,Architecture,Female,School of Architecture,0,1
I am continuing my education,2,Architecture,Male,School of Architecture,0,1
I am continuing my education,3,Physics,Female,College and Graduate School of Arts & Sciences,0,1
Working,1,Architecture,Female,School of Architecture,1,1
I have not finalized my plans.  I am seeking employment or acceptance to an academic program,1,Architecture - Urban & Environmental Planning,Female,School of Architecture,0,1
Working,0,Architecture,Male,School of Architecture,1,0
I have not finalized my plans.  I am seeking employment or acceptance to an academic program,1,Engineering - Computer Science,Male,School of Engineering & Applied Science,0,1
I have not finalized my plans.  I am seeking employment or acceptance to an academic program,0,Anthropology,Female,College and Graduate School of Arts & Sciences,0,0
I am continuing my education,0,Spanish,Female,College and Graduate School of Arts & Sciences,0,0
I am taking a break,0,Education - Speech Communication Disorders,Female,School of Education and Human Development,0,0
Working,0,Environmental Sciences,Female,College and Graduate School of Arts & Sciences,1,0
I am continuing my education,3,Media Studies,Male,College and Graduate School of Arts & Sciences,0,1
I am continuing my education,0,Chemistry,Male,College and Graduate School of Arts & Sciences,0,0
I am continuing my education,1,Media Studies,Female,College and Graduate School of Arts & Sciences,0,1
I will be serving in the military,0,Global Studies - Interdisciplinary,Female,College and Graduate School of Arts & Sciences,0,0
I am continuing my education,0,Psychology,Female,College and Graduate School of Arts & Sciences,0,0
Working,1,Engineering - Computer Science,Male,School of Engineering & Applied Science,1,1
Working,2,Statistics,Female,College and Graduate School of Arts & Sciences,1,1
I am continuing my education,2,Statistics,Female,College and Graduate School of Arts & Sciences,0,1
Working,0,Biology,Female,College and Graduate School of Arts & Sciences,1,0
Working,3,Engineering - Civil Engineering,Male,School of Engineering & Applied Science,1,1
Working,1,Applied Statistics,Male,College and Graduate School of Arts & Sciences,1,1
Working,1,Engineering - Civil Engineering,Male,School of Engineering & Applied Science,1,1
I have not finalized my plans.  I am seeking employment or acceptance to an academic program,2,Government,Male,College and Graduate School of Arts & Sciences,0,1
Working,0,Engineering - Electrical Engineering,Male,School of Engineering & Applied Science,1,0
Working,0,Education - Science Education,Female,School of Education and Human Development,1,0
I am continuing my education,1,Environmental Sciences,Female,College and Graduate School of Arts & Sciences,0,1
Working,1,Engineering - Systems Engineering,Male,School of Engineering & Applied Science,1,1
I am continuing my education,3,History,Female,College and Graduate School of Arts & Sciences,0,1
Working,2,Engineering - Mechanical Engineering,Male,School of Engineering & Applied Science,1,1
I have not finalized my plans.  I am seeking employment or acceptance to an academic program,0,Applied Statistics,Male,College and Graduate School of Arts & Sciences,0,0
I am continuing my education,1,English,Female,College and Graduate School of Arts & Sciences,0,1
I have not finalized my plans.  I am seeking employment or acceptance to an academic program,0,Computer Science - Interdisciplinary,Male,College and Graduate School of Arts & Sciences,0,0
Working,1,History,Male,College and Graduate School of Arts & Sciences,1,1
I have not finalized my plans.  I am seeking employment or acceptance to an academic program,0,Psychology,Female,College and Graduate School of Arts & Sciences,0,0
I am continuing my education,2,Media Studies,Female,College and Graduate School of Arts & Sciences,0,1
Working,2,Education - Elementary Education,Female,School of Education and Human Development,1,1
Working,2,Computer Science - Interdisciplinary,Female,College and Graduate School of Arts & Sciences,1,1
I am continuing my education,0,Biology,Female,College and Graduate School of Arts & Sciences,0,0
Working,0,Engineering - Civil Engineering,Male,School of Engineering & Applied Science,1,0
Working,0,Engineering - Systems Engineering,Female,School of Engineering & Applied Science,1,0
Working,1,Music,Male,College and Graduate School of Arts & Sciences,1,1
Working,2,Computer Science - Interdisciplinary,Male,College and Graduate School of Arts & Sciences,1,1
I have not finalized my plans.  I am seeking employment or acceptance to an academic program,3,Urban Development,Female,School of Architecture,0,1
Working,1,Biology,Female,College and Graduate School of Arts & Sciences,1,1
Working,0,English,Female,College and Graduate School of Arts & Sciences,1,0
Working,2,Media Studies,Female,College and Graduate School of Arts & Sciences,1,1
Working,3,Neuroscience - Interdisciplinary,Female,College and Graduate School of Arts & Sciences,1,1
I will be serving in the military,0,Environmental Sciences,Female,College and Graduate School of Arts & Sciences,0,0
I am continuing my education,0,Biology,Female,College and Graduate School of Arts & Sciences,0,0
Working,1,Education - Counselor Education,Female,School of Education and Human Development,1,1
I am continuing my education,1,Economics,Male,College and Graduate School of Arts & Sciences,0,1
I have not finalized my plans.  I am seeking employment or acceptance to an academic program,3,Engineering - Computer Science,Male,School of Engineering & Applied Science,0,1
I have not finalized my plans.  I am seeking employment or acceptance to an academic program,0,Art - Studio Art,Male,College and Graduate School of Arts & Sciences,0,0
I have not finalized my plans.  I am seeking employment or acceptance to an academic program,2,Statistics,Male,College and Graduate School of Arts & Sciences,0,1
I am taking a break,0,Anthropology,Female,College and Graduate School of Arts & Sciences,0,0
Working,0,Philosophy,Male,College and Graduate School of Arts & Sciences,1,0
I have not finalized my plans.  I am seeking employment or acceptance to an academic program,1,Education - Youth & Social Innovation,Female,School of Education and Human Development,0,1
I will be serving in the military,0,Health Sciences Management (SCPS),Female,School of Continuing and Professional Studies,0,0
Working,0,Engineering - Mechanical & Aerospace Engineering,Female,School of Engineering & Applied Science,1,0
Working,0,Interdisciplinary (SCPS-BIS),Female,School of Continuing and Professional Studies,1,0
Working,0,Psychology,Female,College and Graduate School of Arts & Sciences,1,0
Working,2,Engineering - Systems Engineering,Male,School of Engineering & Applied Science,1,1
I am continuing my education,0,Cognitive Science - Interdisciplinary,Female,College and Graduate School of Arts & Sciences,0,0
I have not finalized my plans.  I am seeking employment or acceptance to an academic program,2,Foreign Affairs,Female,College and Graduate School of Arts & Sciences,0,1
I will be serving in the military,0,Engineering - Mechanical Engineering,Male,School of Engineering & Applied Science,0,0
Working,1,Computer Science - Interdisciplinary,Female,College and Graduate School of Arts & Sciences,1,1
Working,3,Art - Art History,Female,College and Graduate School of Arts & Sciences,1,1
I am continuing my education,0,Biology,Female,College and Graduate School of Arts & Sciences,0,0
I have not finalized my plans.  I am seeking employment or acceptance to an academic program,1,Sociology,Male,College and Graduate School of Arts & Sciences,0,1
I have not finalized my plans.  I am seeking employment or acceptance to an academic program,1,Global Studies - Interdisciplinary,Male,College and Graduate School of Arts & Sciences,0,1
Working,0,Economics,Male,College and Graduate School of Arts & Sciences,1,0
I am continuing my education,3,Cognitive Science - Interdisciplinary,Female,College and Graduate School of Arts & Sciences,0,1
Working,1,Engineering - Computer Science,Male,School of Engineering & Applied Science,1,1
Working,1,Spanish,Female,College and Graduate School of Arts & Sciences,1,1
I am taking a break,0,Creative Writing,Male,College and Graduate School of Arts & Sciences,0,0
Working,2,Education - Speech Communication Disorders,Female,School of Education and Human Development,1,1
Working,1,Engineering - Computer Science,Female,School of Engineering & Applied Science,1,1
Working,2,Engineering - Computer Science,Male,School of Engineering & Applied Science,1,1
I am continuing my education,0,Biology,Female,College and Graduate School of Arts & Sciences,0,0
I am continuing my education,1,Government,Female,College and Graduate School of Arts & Sciences,0,1
Working,1,Psychology,Female,College and Graduate School of Arts & Sciences,1,1
I have not finalized my plans.  I am seeking employment or acceptance to an academic program,2,Media Studies,Male,College and Graduate School of Arts & Sciences,0,1
Working,1,Engineering - Systems Engineering,Male,School of Engineering & Applied Science,1,1
I am continuing my education,1,Applied Statistics,Female,College and Graduate School of Arts & Sciences,0,1
Working,0,Education - Elementary Education,Female,School of Education and Human Development,1,0
I have not finalized my plans.  I am seeking employment or acceptance to an academic program,2,Cognitive Science - Interdisciplinary,Female,College and Graduate School of Arts & Sciences,0,1
I have not finalized my plans.  I am seeking employment or acceptance to an academic program,1,Psychology,Female,College and Graduate School of Arts & Sciences,0,1
Working,1,Engineering - Biomedical Engineering,Male,School of Engineering & Applied Science,1,1
I am continuing my education,0,Psychology,Female,College and Graduate School of Arts & Sciences,0,0
Working,3,Engineering - Civil Engineering,Male,School of Engineering & Applied Science,1,1
Working,0,Engineering - Systems Engineering,Female,School of Engineering & Applied Science,1,0
Working,2,Cognitive Science - Interdisciplinary,Female,College and Graduate School of Arts & Sciences,1,1
I am continuing my education,3,Education - Special Education,Female,School of Education and Human Development,0,1
Working,0,Engineering - Materials Science and Engineering,Male,School of Engineering & Applied Science,1,0
I am continuing my education,2,Engineering - Systems Engineering,Female,School of Engineering & Applied Science,0,1
I am continuing my education,0,Education - Kinesiology,Female,School of Education and Human Development,0,0
I am continuing my education,0,Education - Speech Communication Disorders,Female,School of Education and Human Development,0,0
I am continuing my education,0,East Asian Studies - Interdisciplinary,Female,College and Graduate School of Arts & Sciences,0,0
I have not finalized my plans.  I am seeking employment or acceptance to an academic program,0,Engineering - Computer Science,Female,School of Engineering & Applied Science,0,0
I have not finalized my plans.  I am seeking employment or acceptance to an academic program,1,Environmental Sciences,Female,College and Graduate School of Arts & Sciences,0,1
I have not finalized my plans.  I am seeking employment or acceptance to an academic program,3,English,Female,College and Graduate School of Arts & Sciences,0,1
Working,0,Biochemistry & Molecular Genetics,Male,School of Medicine,1,0
I am continuing my education,3,Engineering - Computer Science,Female,School of Engineering & Applied Science,0,1
Working,0,Psychology,Female,College and Graduate School of Arts & Sciences,1,0
I am continuing my education,3,Engineering - Biomedical Engineering,Female,School of Engineering & Applied Science,0,1
Working,2,Engineering - Computer Science,Male,School of Engineering & Applied Science,1,1
Working,0,French,Female,College and Graduate School of Arts & Sciences,1,0
I have not finalized my plans.  I am seeking employment or acceptance to an academic program,1,Engineering - Biomedical Engineering,Female,School of Engineering & Applied Science,0,1
I am continuing my education,2,Foreign Affairs,Male,College and Graduate School of Arts & Sciences,0,1
I am taking a break,0,Chemistry,Female,College and Graduate School of Arts & Sciences,0,0
Working,2,Engineering - Mechanical Engineering,Female,School of Engineering & Applied Science,1,1
Working,0,Economics,Female,College and Graduate School of Arts & Sciences,1,0
Working,0,Architecture - Architectural History,Male,School of Architecture,1,0
I have accepted a fellowship,3,Spanish,Female,College and Graduate School of Arts & Sciences,0,1
I am taking a break,0,Engineering - Computer Science,Male,School of Engineering & Applied Science,0,0
Working,3,Engineering - Computer Engineering,Male,School of Engineering & Applied Science,1,1
Working,2,Engineering - Biomedical Engineering,Female,School of Engineering & Applied Science,1,1
Working,1,Business Administration,Female,Darden Graduate School of Business Administration,1,1
Working,0,Education - Kinesiology,Male,School of Education and Human Development,1,0
Working,0,Engineering - Biomedical Engineering,Female,School of Engineering & Applied Science,1,0
Working,1,Engineering - Mechanical Engineering,Male,School of Engineering & Applied Science,1,1
Working,1,Engineering - Computer Science,Male,School of Engineering & Applied Science,1,1
I am continuing my education,3,Engineering - Civil Engineering,Male,School of Engineering & Applied Science,0,1
Working,1,Engineering - Computer Science,Male,School of Engineering & Applied Science,1,1
Working,1,Engineering - Aerospace Engineering,Male,School of Engineering & Applied Science,1,1
I have not finalized my plans.  I am seeking employment or acceptance to an academic program,0,Global Studies - Interdisciplinary,Female,College and Graduate School of Arts & Sciences,0,0
Working,1,Computer Science - Interdisciplinary,Male,College and Graduate School of Arts & Sciences,1,1
I am taking a break,0,Engineering - Biomedical Engineering,Male,School of Engineering & Applied Science,0,0
I have accepted a fellowship,3,Global Studies - Interdisciplinary,Female,College and Graduate School of Arts & Sciences,0,1
Working,1,Engineering - Biomedical Engineering,Male,School of Engineering & Applied Science,1,1
Working,1,Engineering - Biomedical Engineering,Male,School of Engineering & Applied Science,1,1
Working,1,Engineering - Biomedical Engineering,Male,School of Engineering & Applied Science,1,1
I have not finalized my plans.  I am seeking employment or acceptance to an academic program,1,Computer Science - Interdisciplinary,Female,College and Graduate School of Arts & Sciences,0,1
Working,1,Architecture,Female,School of Architecture,1,1
Working,1,Engineering - Mechanical & Aerospace Engineering,Male,School of Engineering & Applied Science,1,1
I have not finalized my plans.  I am seeking employment or acceptance to an academic program,1,Architecture - Architectural History,Female,School of Architecture,0,1
Working,0,Architecture,Female,School of Architecture,1,0
Working,1,Environmental Sciences,Male,College and Graduate School of Arts & Sciences,1,1
I am taking a break,2,Engineering - Biomedical Engineering,Male,School of Engineering & Applied Science,0,1
I am continuing my education,0,Engineering - Biomedical Engineering,Female,School of Engineering & Applied Science,0,0
I have not finalized my plans.  I am seeking employment or acceptance to an academic program,0,Foreign Affairs,Male,College and Graduate School of Arts & Sciences,0,0
I am taking a break,1,Engineering - Biomedical Engineering,Male,School of Engineering & Applied Science,0,1
I am continuing my education,3,Computer Science - Interdisciplinary,Male,College and Graduate School of Arts & Sciences,0,1
I am continuing my education,1,Human Biology - Interdisciplinary,Female,College and Graduate School of Arts & Sciences,0,1
I am continuing my education,3,Education - Elementary Education,Male,School of Education and Human Development,0,1
Working,0,Engineering - Biomedical Engineering,Female,School of Engineering & Applied Science,1,0
Working,3,Architecture - Urban & Environmental Planning,Male,School of Architecture,1,1
Working,1,Education - Social Studies Education,Female,School of Education and Human Development,1,1
Working,1,Engineering - Computer Engineering,Male,School of Engineering & Applied Science,1,1
Working,2,Physics,Male,College and Graduate School of Arts & Sciences,1,1
Working,0,Engineering - Civil Engineering,Female,School of Engineering & Applied Science,1,0
I am continuing my education,0,Environmental Sciences,Female,College and Graduate School of Arts & Sciences,0,0
I have not finalized my plans.  I am seeking employment or acceptance to an academic program,0,Biology,Female,College and Graduate School of Arts & Sciences,0,0
Working,1,Philosophy,Female,College and Graduate School of Arts & Sciences,1,1
I am continuing my education,0,Human Biology - Interdisciplinary,Female,College and Graduate School of Arts & Sciences,0,0
Working,0,Chemistry,Female,College and Graduate School of Arts & Sciences,1,0
I have not finalized my plans.  I am seeking employment or acceptance to an academic program,2,Cognitive Science - Interdisciplinary,Female,College and Graduate School of Arts & Sciences,0,1
I am continuing my education,3,Government,Female,College and Graduate School of Arts & Sciences,0,1
I am continuing my education,1,Architecture,Female,School of Architecture,0,1
I am continuing my education,0,Applied Statistics,Male,College and Graduate School of Arts & Sciences,0,0
Working,0,Psychology,Female,College and Graduate School of Arts & Sciences,1,0
Working,0,Education - Curriculum & Instruction,Male,School of Education and Human Development,1,0
Working,0,Education - Curriculum & Instruction,Female,School of Education and Human Development,1,0
Working,1,Economics,Male,College and Graduate School of Arts & Sciences,1,1
Working,0,Engineering - Biomedical Engineering,Female,School of Engineering & Applied Science,1,0
Working,1,Global Studies - Interdisciplinary,Female,College and Graduate School of Arts & Sciences,1,1
Working,3,Global Studies - Interdisciplinary,Female,College and Graduate School of Arts & Sciences,1,1
I have not finalized my plans.  I am seeking employment or acceptance to an academic program,3,Engineering - Computer Science,Female,School of Engineering & Applied Science,0,1
I am taking a break,0,Engineering - Biomedical Engineering,Female,School of Engineering & Applied Science,0,0
Working,2,Environmental Sciences,Male,College and Graduate School of Arts & Sciences,1,1
I will be serving in the military,0,East Asian Studies - Interdisciplinary,Male,College and Graduate School of Arts & Sciences,0,0
Working,3,Foreign Affairs,Female,College and Graduate School of Arts & Sciences,1,1
I have not finalized my plans.  I am seeking employment or acceptance to an academic program,0,Engineering - Materials Science & Engineering,Male,School of Engineering & Applied Science,0,0
I am continuing my education,1,Media Studies,Female,College and Graduate School of Arts & Sciences,0,1
I am taking a break,0,Architecture,Female,School of Architecture,0,0
Working,1,Anthropology,Female,College and Graduate School of Arts & Sciences,1,1
I am continuing my education,0,Sociology,Female,College and Graduate School of Arts & Sciences,0,0
Working,2,Engineering - Materials Science and Engineering,Male,School of Engineering & Applied Science,1,1
Working,0,Engineering - Biomedical Engineering,Male,School of Engineering & Applied Science,1,0
Working,3,Engineering - Biomedical Engineering,Male,School of Engineering & Applied Science,1,1
I have not finalized my plans.  I am seeking employment or acceptance to an academic program,0,Engineering - Biomedical Engineering,Female,School of Engineering & Applied Science,0,0
I have not finalized my plans.  I am seeking employment or acceptance to an academic program,0,Education - Curriculum & Instruction,Female,School of Education and Human Development,0,0
Working,2,Foreign Affairs,Male,College and Graduate School of Arts & Sciences,1,1
Working,1,Engineering - Mechanical Engineering,Male,School of Engineering & Applied Science,1,1
I have not finalized my plans.  I am seeking employment or acceptance to an academic program,0,Sociology,Female,College and Graduate School of Arts & Sciences,0,0
I am continuing my education,2,Education - Administration & Supervision,Male,School of Education and Human Development,0,1
Working,1,Engineering - Biomedical Engineering,Male,School of Engineering & Applied Science,1,1
I have not finalized my plans.  I am seeking employment or acceptance to an academic program,1,Engineering - Biomedical Engineering,Male,School of Engineering & Applied Science,0,1
Working,1,Computer Science - Interdisciplinary,Male,College and Graduate School of Arts & Sciences,1,1
Working,1,Engineering - Computer Science,Male,School of Engineering & Applied Science,1,1
Working,1,Engineering - Systems Engineering,Female,School of Engineering & Applied Science,1,1
I am continuing my education,3,Spanish,Female,College and Graduate School of Arts & Sciences,0,1
Working,1,Economics,Female,College and Graduate School of Arts & Sciences,1,1
Working,1,Engineering - Biomedical Engineering,Female,School of Engineering & Applied Science,1,1
Working,1,History,Female,College and Graduate School of Arts & Sciences,1,1
I have not finalized my plans.  I am seeking employment or acceptance to an academic program,0,Data Science,Male,School of Data Science,0,0
I am continuing my education,0,History,Male,College and Graduate School of Arts & Sciences,0,0
I am continuing my education,1,Engineering - Biomedical Engineering,Male,School of Engineering & Applied Science,0,1
I am taking a break,0,Engineering - Biomedical Engineering,Male,School of Engineering & Applied Science,0,0
I have accepted a fellowship,0,Biology,Male,College and Graduate School of Arts & Sciences,0,0
Working,1,Engineering - Biomedical Engineering,Male,School of Engineering & Applied Science,1,1
I have not finalized my plans.  I am seeking employment or acceptance to an academic program,1,Biology,Female,College and Graduate School of Arts & Sciences,0,1
Working,0,Engineering - Aerospace Engineering,Male,School of Engineering & Applied Science,1,0
I am continuing my education,2,Global Studies - Interdisciplinary,Female,College and Graduate School of Arts & Sciences,0,1
Working,1,Chemistry,Male,College and Graduate School of Arts & Sciences,1,1
Working,0,Environmental Sciences,Female,College and Graduate School of Arts & Sciences,1,0
I am continuing my education,0,Biology,Female,College and Graduate School of Arts & Sciences,0,0
I have not finalized my plans.  I am seeking employment or acceptance to an academic program,0,Foreign Affairs,Male,College and Graduate School of Arts & Sciences,0,0
Working,0,Engineering - Engineering Science,Female,School of Engineering & Applied Science,1,0
Working,1,Engineering - Computer Science,Male,School of Engineering & Applied Science,1,1
Working,2,Engineering - Biomedical Engineering,Male,School of Engineering & Applied Science,1,1
Working,1,Engineering - Aerospace Engineering,Male,School of Engineering & Applied Science,1,1
I have not finalized my plans.  I am seeking employment or acceptance to an academic program,0,Engineering - Biomedical Engineering,Female,School of Engineering & Applied Science,0,0
I have not finalized my plans.  I am seeking employment or acceptance to an academic program,3,Architecture,Female,School of Architecture,0,1
Working,2,Engineering - Computer Science,Male,School of Engineering & Applied Science,1,1
Working,1,Art - Art History,Female,College and Graduate School of Arts & Sciences,1,1
Working,2,History,Male,College and Graduate School of Arts & Sciences,1,1
Working,0,Education - Higher Education,Female,School of Education and Human Development,1,0
I have not finalized my plans.  I am seeking employment or acceptance to an academic program,3,Education - Elementary Education,Female,School of Education and Human Development,0,1
I am continuing my education,1,Architecture - Urban & Environmental Planning,Male,School of Architecture,0,1
Working,1,Architecture,Male,School of Architecture,1,1
Working,3,Architecture - Landscape Architecture,Female,School of Architecture,1,1
Working,2,Architecture - Landscape Architecture,Female,School of Architecture,1,1
I have not finalized my plans.  I am seeking employment or acceptance to an academic program,0,Psychology,Female,College and Graduate School of Arts & Sciences,0,0
I have not finalized my plans.  I am seeking employment or acceptance to an academic program,2,European Studies,Female,College and Graduate School of Arts & Sciences,0,1
Working,0,Data Science,Male,School of Data Science,1,0
Working,1,Architecture,Female,School of Architecture,1,1
Working,2,Government,Female,College and Graduate School of Arts & Sciences,1,1
Working,0,Data Science,Female,School of Data Science,1,0
I have not finalized my plans.  I am seeking employment or acceptance to an academic program,0,Psychology,Female,College and Graduate School of Arts & Sciences,0,0
I am continuing my education,0,Foreign Affairs,Male,College and Graduate School of Arts & Sciences,0,0
Working,0,Education - Curriculum & Instruction,Female,School of Education and Human Development,1,0
I have not finalized my plans.  I am seeking employment or acceptance to an academic program,1,Engineering - Biomedical Engineering,Female,School of Engineering & Applied Science,0,1
Working,2,Engineering - Biomedical Engineering,Female,School of Engineering & Applied Science,1,1
I am continuing my education,0,Health Sciences Management (SCPS),Male,School of Continuing and Professional Studies,0,0
Working,1,Engineering - Biomedical Engineering,Male,School of Engineering & Applied Science,1,1
I have not finalized my plans.  I am seeking employment or acceptance to an academic program,0,Education - Curriculum & Instruction,Female,School of Education and Human Development,0,0
I have not finalized my plans.  I am seeking employment or acceptance to an academic program,2,Engineering - Biomedical Engineering,Female,School of Engineering & Applied Science,0,1
I have not finalized my plans.  I am seeking employment or acceptance to an academic program,0,Engineering - Biomedical Engineering,Male,School of Engineering & Applied Science,0,0
Working,2,Engineering - Biomedical Engineering,Male,School of Engineering & Applied Science,1,1
I am continuing my education,2,Economics,Female,College and Graduate School of Arts & Sciences,0,1
Working,1,Engineering - Biomedical Engineering,Male,School of Engineering & Applied Science,1,1
I have accepted a fellowship,0,Biology,Female,College and Graduate School of Arts & Sciences,0,0
I will be volunteering,1,Engineering - Biomedical Engineering,Female,School of Engineering & Applied Science,0,1
Working,0,Engineering - Biomedical Engineering,Female,School of Engineering & Applied Science,1,0
I have not finalized my plans.  I am seeking employment or acceptance to an academic program,1,Engineering - Biomedical Engineering,Female,School of Engineering & Applied Science,0,1
Working,0,Engineering - Materials Science & Engineering,Female,School of Engineering & Applied Science,1,0
Working,2,Government,Female,College and Graduate School of Arts & Sciences,1,1
I am continuing my education,2,Economics,Male,College and Graduate School of Arts & Sciences,0,1
Working,2,Economics,Male,College and Graduate School of Arts & Sciences,1,1
Working,3,Economics,Female,College and Graduate School of Arts & Sciences,1,1
I am continuing my education,0,Religious Studies,Male,College and Graduate School of Arts & Sciences,0,0
Working,1,Engineering - Biomedical Engineering,Male,School of Engineering & Applied Science,1,1
Working,3,Economics,Male,College and Graduate School of Arts & Sciences,1,1
I will be serving in the military,0,Neuroscience,Female,School of Medicine,0,0
Working,3,Engineering - Computer Science,Male,School of Engineering & Applied Science,1,1
I have not finalized my plans.  I am seeking employment or acceptance to an academic program,0,Biology,Female,College and Graduate School of Arts & Sciences,0,0
I have not finalized my plans.  I am seeking employment or acceptance to an academic program,2,Engineering - Computer Science,Male,School of Engineering & Applied Science,0,1
I have not finalized my plans.  I am seeking employment or acceptance to an academic program,2,Economics,Female,College and Graduate School of Arts & Sciences,0,1
Working,3,Media Studies,Female,College and Graduate School of Arts & Sciences,1,1
Working,1,Chemistry,Male,College and Graduate School of Arts & Sciences,1,1
Working,2,Spanish,Female,College and Graduate School of Arts & Sciences,1,1
I have not finalized my plans.  I am seeking employment or acceptance to an academic program,3,Statistics,Male,College and Graduate School of Arts & Sciences,0,1
I have accepted a fellowship,3,Education - Kinesiology,Male,School of Education and Human Development,0,1
Working,0,Economics,Male,College and Graduate School of Arts & Sciences,1,0
I have accepted a fellowship,0,Psychology,Male,College and Graduate School of Arts & Sciences,0,0
Working,2,Engineering - Computer Science,Male,School of Engineering & Applied Science,1,1
I have not finalized my plans.  I am seeking employment or acceptance to an academic program,0,Physics,Male,College and Graduate School of Arts & Sciences,0,0
Working,1,Data Science,Female,School of Data Science,1,1
Working,2,Engineering - Computer Engineering,Male,School of Engineering & Applied Science,1,1
Working,2,Computer Science - Interdisciplinary,Male,College and Graduate School of Arts & Sciences,1,1
I have not finalized my plans.  I am seeking employment or acceptance to an academic program,0,Data Science,Female,School of Data Science,0,0
I am continuing my education,2,Education - Higher Education,Female,School of Education and Human Development,0,1
Working,2,Sociology,Female,College and Graduate School of Arts & Sciences,1,1
I am continuing my education,2,English,Female,College and Graduate School of Arts & Sciences,0,1
Working,2,Media Studies,Female,College and Graduate School of Arts & Sciences,1,1
Working,2,Engineering - Computer Science,Male,School of Engineering & Applied Science,1,1
I am taking a break,1,Economics,Male,College and Graduate School of Arts & Sciences,0,1
Working,2,Media Studies,Female,College and Graduate School of Arts & Sciences,1,1
I have not finalized my plans.  I am seeking employment or acceptance to an academic program,2,Foreign Affairs,Female,College and Graduate School of Arts & Sciences,0,1
I am continuing my education,1,Education - Youth & Social Innovation,Female,School of Education and Human Development,0,1
I have not finalized my plans.  I am seeking employment or acceptance to an academic program,3,History,Female,College and Graduate School of Arts & Sciences,0,1
Working,0,Philosophy,Male,College and Graduate School of Arts & Sciences,1,0
I am continuing my education,0,Microbiology,Male,School of Medicine,0,0
I have not finalized my plans.  I am seeking employment or acceptance to an academic program,2,Engineering - Mechanical Engineering,Male,School of Engineering & Applied Science,0,1
I have not finalized my plans.  I am seeking employment or acceptance to an academic program,0,Biology,Female,College and Graduate School of Arts & Sciences,0,0
Working,2,Computer Science - Interdisciplinary,Female,College and Graduate School of Arts & Sciences,1,1
Working,0,Cognitive Science - Interdisciplinary,Female,College and Graduate School of Arts & Sciences,1,0
Working,1,Engineering - Systems Engineering,Male,School of Engineering & Applied Science,1,1
I am continuing my education,3,Biology,Female,College and Graduate School of Arts & Sciences,0,1
Working,3,Environmental Sciences,Female,College and Graduate School of Arts & Sciences,1,1
Working,2,Cognitive Science - Interdisciplinary,Female,College and Graduate School of Arts & Sciences,1,1
I will be serving in the military,1,Computer Science - Interdisciplinary,Male,College and Graduate School of Arts & Sciences,0,1
Working,2,Engineering - Computer Science,Male,School of Engineering & Applied Science,1,1
I am continuing my education,0,Global Studies - Interdisciplinary,Female,College and Graduate School of Arts & Sciences,0,0
I will be serving in the military,0,Engineering - Computer Science,Male,School of Engineering & Applied Science,0,0
Working,3,Media Studies,Female,College and Graduate School of Arts & Sciences,1,1
Working,2,Engineering - Computer Science,Male,School of Engineering & Applied Science,1,1
I have not finalized my plans.  I am seeking employment or acceptance to an academic program,0,Anthropology,Female,College and Graduate School of Arts & Sciences,0,0
Working,2,Engineering - Civil Engineering,Male,School of Engineering & Applied Science,1,1
Working,0,Interdisciplinary (SCPS-BIS),Female,School of Continuing and Professional Studies,1,0
Working,3,Economics,Female,College and Graduate School of Arts & Sciences,1,1
Working,2,Computer Science - Interdisciplinary,Female,College and Graduate School of Arts & Sciences,1,1
I have not finalized my plans.  I am seeking employment or acceptance to an academic program,1,Applied Statistics,Male,College and Graduate School of Arts & Sciences,0,1
I have not finalized my plans.  I am seeking employment or acceptance to an academic program,2,Media Studies,Female,College and Graduate School of Arts & Sciences,0,1
Working,1,Education - English Education,Female,School of Education and Human Development,1,1
Working,0,Computer Science - Interdisciplinary,Male,College and Graduate School of Arts & Sciences,1,0
I am continuing my education,0,Computer Science - Interdisciplinary,Female,College and Graduate School of Arts & Sciences,0,0
Working,2,Economics,Male,College and Graduate School of Arts & Sciences,1,1
I am continuing my education,0,Psychology,Female,College and Graduate School of Arts & Sciences,0,0
Working,3,History,Female,College and Graduate School of Arts & Sciences,1,1
I have not finalized my plans.  I am seeking employment or acceptance to an academic program,0,Engineering - Civil Engineering,Female,School of Engineering & Applied Science,0,0
I have not finalized my plans.  I am seeking employment or acceptance to an academic program,1,Education - Educational Psychology,Female,School of Education and Human Development,0,1
Working,2,Engineering - Computer Science,Male,School of Engineering & Applied Science,1,1
I am continuing my education,0,Engineering - Biomedical Engineering,Male,School of Engineering & Applied Science,0,0
I have not finalized my plans.  I am seeking employment or acceptance to an academic program,0,Data Science,Male,School of Data Science,0,0
Working,2,Environmental Sciences,Female,College and Graduate School of Arts & Sciences,1,1
Working,0,Data Science,Female,School of Data Science,1,0
Working,0,Engineering - Electrical Engineering,Male,School of Engineering & Applied Science,1,0
Working,1,Engineering - Aerospace Engineering,Male,School of Engineering & Applied Science,1,1
Working,2,Economics,Male,College and Graduate School of Arts & Sciences,1,1
Working,0,Cognitive Science - Interdisciplinary,Female,College and Graduate School of Arts & Sciences,1,0
Working,2,Economics,Male,College and Graduate School of Arts & Sciences,1,1
I am continuing my education,0,Engineering - Biomedical Engineering,Female,School of Engineering & Applied Science,0,0
Working,3,Engineering - Biomedical Engineering,Male,School of Engineering & Applied Science,1,1
I have not finalized my plans.  I am seeking employment or acceptance to an academic program,1,Engineering - Biomedical Engineering,Male,School of Engineering & Applied Science,0,1
Working,1,Engineering - Biomedical Engineering,Male,School of Engineering & Applied Science,1,1
I am continuing my education,1,Engineering - Biomedical Engineering,Female,School of Engineering & Applied Science,0,1
Working,1,Architecture,Male,School of Architecture,1,1
Working,2,Mathematics,Male,College and Graduate School of Arts & Sciences,1,1
Working,1,Engineering - Computer Science,Male,School of Engineering & Applied Science,1,1
I am continuing my education,0,Government,Female,College and Graduate School of Arts & Sciences,0,0
I am taking a break,2,Political Philosophy Policy & Law - Interdisciplinary,Male,College and Graduate School of Arts & Sciences,0,1
Working,0,Foreign Affairs,Female,College and Graduate School of Arts & Sciences,1,0
Working,1,Cognitive Science - Interdisciplinary,Female,College and Graduate School of Arts & Sciences,1,1
Working,2,Education - Kinesiology,Male,School of Education and Human Development,1,1
Working,2,Engineering - Computer Science,Male,School of Engineering & Applied Science,1,1
Working,1,Applied Statistics,Female,College and Graduate School of Arts & Sciences,1,1
Working,1,Economics,Male,College and Graduate School of Arts & Sciences,1,1
I have not finalized my plans.  I am seeking employment or acceptance to an academic program,2,Sociology,Female,College and Graduate School of Arts & Sciences,0,1
I have not finalized my plans.  I am seeking employment or acceptance to an academic program,1,History,Female,College and Graduate School of Arts & Sciences,0,1
Working,2,Media Studies,Female,College and Graduate School of Arts & Sciences,1,1
Working,2,Computer Science - Interdisciplinary,Male,College and Graduate School of Arts & Sciences,1,1
I have not finalized my plans.  I am seeking employment or acceptance to an academic program,2,Data Science,Male,School of Data Science,0,1
I am taking a break,1,Engineering - Systems Engineering,Male,School of Engineering & Applied Science,0,1
Working,0,Architecture,Female,School of Architecture,1,0
Working,1,Engineering - Computer Science,Male,School of Engineering & Applied Science,1,1
Working,2,Economics,Female,College and Graduate School of Arts & Sciences,1,1
I have not finalized my plans.  I am seeking employment or acceptance to an academic program,1,Statistics,Female,College and Graduate School of Arts & Sciences,0,1
I am continuing my education,0,East Asian Studies - Interdisciplinary,Female,College and Graduate School of Arts & Sciences,0,0
Working,0,Slavic Languages and Literatures,Female,College and Graduate School of Arts & Sciences,1,0
Working,2,Statistics,Male,College and Graduate School of Arts & Sciences,1,1
Working,1,Environmental Sciences,Male,College and Graduate School of Arts & Sciences,1,1
Working,1,Statistics,Male,College and Graduate School of Arts & Sciences,1,1
Working,3,Computer Science - Interdisciplinary,Female,College and Graduate School of Arts & Sciences,1,1
I am continuing my education,3,Applied Statistics,Male,College and Graduate School of Arts & Sciences,0,1
I am taking a break,0,Chemistry,Female,College and Graduate School of Arts & Sciences,0,0
Working,3,Education - Speech Communication Disorders,Female,School of Education and Human Development,1,1
I am continuing my education,0,Biology,Female,College and Graduate School of Arts & Sciences,0,0
Working,0,Education - Curriculum & Instruction,Female,School of Education and Human Development,1,0
I have accepted a fellowship,0,Economics,Male,College and Graduate School of Arts & Sciences,0,0
Working,0,Chemistry,Male,College and Graduate School of Arts & Sciences,1,0
Working,2,Biology,Female,College and Graduate School of Arts & Sciences,1,1
Working,2,Biology,Male,College and Graduate School of Arts & Sciences,1,1
I have not finalized my plans.  I am seeking employment or acceptance to an academic program,0,Environmental Sciences,Male,College and Graduate School of Arts & Sciences,0,0
Working,3,Economics,Male,College and Graduate School of Arts & Sciences,1,1
I have not finalized my plans.  I am seeking employment or acceptance to an academic program,0,Economics,Male,College and Graduate School of Arts & Sciences,0,0
Working,1,Education - Higher Education,Female,School of Education and Human Development,1,1
Working,0,Global Studies - Interdisciplinary,Female,College and Graduate School of Arts & Sciences,1,0
I have not finalized my plans.  I am seeking employment or acceptance to an academic program,0,English,Female,College and Graduate School of Arts & Sciences,0,0
Working,2,Engineering - Computer Science,Male,School of Engineering & Applied Science,1,1
I have not finalized my plans.  I am seeking employment or acceptance to an academic program,0,Engineering - Biomedical Engineering,Male,School of Engineering & Applied Science,0,0
Working,0,East Asian Studies - Interdisciplinary,Male,College and Graduate School of Arts & Sciences,1,0
Working,2,Engineering - Computer Science,Female,School of Engineering & Applied Science,1,1
Working,1,Architecture - Urban & Environmental Planning,Male,School of Architecture,1,1
I have not finalized my plans.  I am seeking employment or acceptance to an academic program,0,Education - Reading Education,Female,School of Education and Human Development,0,0
I have not finalized my plans.  I am seeking employment or acceptance to an academic program,0,Psychology,Female,College and Graduate School of Arts & Sciences,0,0
Working,3,Computer Science - Interdisciplinary,Female,College and Graduate School of Arts & Sciences,1,1
Working,1,Biology,Female,College and Graduate School of Arts & Sciences,1,1
Working,1,Engineering - Electrical Engineering,Male,School of Engineering & Applied Science,1,1
Working,1,Spanish,Female,College and Graduate School of Arts & Sciences,1,1
Working,1,Engineering - Mechanical Engineering,Male,School of Engineering & Applied Science,1,1
Working,1,Chemistry,Female,College and Graduate School of Arts & Sciences,1,1
Working,0,Education - Curriculum & Instruction,Female,School of Education and Human Development,1,0
I have not finalized my plans.  I am seeking employment or acceptance to an academic program,0,Engineering - Systems Engineering,Female,School of Engineering & Applied Science,0,0
I am continuing my education,0,English,Female,College and Graduate School of Arts & Sciences,0,0
I have accepted a fellowship,1,Human Biology - Interdisciplinary,Female,College and Graduate School of Arts & Sciences,0,1
Working,2,Engineering - Biomedical Engineering,Female,School of Engineering & Applied Science,1,1
I am continuing my education,0,Biology,Male,College and Graduate School of Arts & Sciences,0,0
Working,2,Political Philosophy Policy & Law - Interdisciplinary,Male,College and Graduate School of Arts & Sciences,1,1
I am continuing my education,2,Economics,Male,College and Graduate School of Arts & Sciences,0,1
Working,0,Public Safety,Female,School of Continuing and Professional Studies,1,0
Working,1,Engineering - Computer Science,Male,School of Engineering & Applied Science,1,1
Working,2,Engineering - Systems Engineering,Male,School of Engineering & Applied Science,1,1
Working,2,Engineering - Civil Engineering,Male,School of Engineering & Applied Science,1,1
Working,0,Education - Counselor Education,Female,School of Education and Human Development,1,0
Working,1,Engineering - Computer Science,Male,School of Engineering & Applied Science,1,1
Working,3,Education - Athletic Training,Female,School of Education and Human Development,1,1
Working,1,Engineering - Computer Science,Male,School of Engineering & Applied Science,1,1
I am continuing my education,3,Engineering - Computer Science,Male,School of Engineering & Applied Science,0,1
I have not finalized my plans.  I am seeking employment or acceptance to an academic program,2,Mathematics,Male,College and Graduate School of Arts & Sciences,0,1
Working,1,Engineering - Computer Science,Male,School of Engineering & Applied Science,1,1
Working,2,Engineering - Mechanical Engineering,Male,School of Engineering & Applied Science,1,1
Working,1,Engineering - Computer Science,Male,School of Engineering & Applied Science,1,1
Working,3,Engineering - Computer Science,Male,School of Engineering & Applied Science,1,1
I have not finalized my plans.  I am seeking employment or acceptance to an academic program,3,Physics,Male,College and Graduate School of Arts & Sciences,0,1
Working,0,Psychology,Male,College and Graduate School of Arts & Sciences,1,0
Working,0,Engineering - Civil Engineering,Male,School of Engineering & Applied Science,1,0
Working,0,Education - Curriculum & Instruction,Female,School of Education and Human Development,1,0
I am continuing my education,1,Engineering - Computer Science,Male,School of Engineering & Applied Science,0,1
Working,2,Global Studies - Interdisciplinary,Female,College and Graduate School of Arts & Sciences,1,1
Working,1,Education - Kinesiology,Female,School of Education and Human Development,1,1
I am continuing my education,1,Psychology,Female,College and Graduate School of Arts & Sciences,0,1
Working,1,English,Female,College and Graduate School of Arts & Sciences,1,1
Working,0,Education - Curriculum & Instruction,Male,School of Education and Human Development,1,0
Working,1,Engineering - Electrical Engineering,Male,School of Engineering & Applied Science,1,1
Working,2,Engineering - Systems Engineering,Male,School of Engineering & Applied Science,1,1
I am taking a break,0,Art - Art History,Female,College and Graduate School of Arts & Sciences,0,0
Working,1,Engineering - Computer Science,Male,School of Engineering & Applied Science,1,1
I am continuing my education,2,English,Female,College and Graduate School of Arts & Sciences,0,1
I am continuing my education,1,Engineering - Mechanical Engineering,Male,School of Engineering & Applied Science,0,1
Working,3,Computer Science - Interdisciplinary,Male,College and Graduate School of Arts & Sciences,1,1
I am continuing my education,0,Applied Statistics,Male,College and Graduate School of Arts & Sciences,0,0
Working,2,Computer Science - Interdisciplinary,Male,College and Graduate School of Arts & Sciences,1,1
Working,2,Engineering - Computer Science,Male,School of Engineering & Applied Science,1,1
Working,0,Data Science,Female,School of Data Science,1,0
I am continuing my education,1,Engineering - Systems Engineering,Female,School of Engineering & Applied Science,0,1
I have accepted a fellowship,0,Engineering - Materials Science & Engineering,Female,School of Engineering & Applied Science,0,0
Working,0,English,Female,College and Graduate School of Arts & Sciences,1,0
I am continuing my education,2,Architecture,Male,School of Architecture,0,1
Working,1,Biology,Female,College and Graduate School of Arts & Sciences,1,1
I have not finalized my plans.  I am seeking employment or acceptance to an academic program,0,Engineering - Mechanical & Aerospace Engineering,Male,School of Engineering & Applied Science,0,0
Working,1,Economics,Male,College and Graduate School of Arts & Sciences,1,1
I am continuing my education,0,History,Male,College and Graduate School of Arts & Sciences,0,0
I have not finalized my plans.  I am seeking employment or acceptance to an academic program,1,Global Studies - Interdisciplinary,Female,College and Graduate School of Arts & Sciences,0,1
I am continuing my education,0,Biology,Female,College and Graduate School of Arts & Sciences,0,0
Working,1,Engineering - Computer Science,Male,School of Engineering & Applied Science,1,1
I am continuing my education,0,Archaeology - Interdisciplinary,Female,College and Graduate School of Arts & Sciences,0,0
I am continuing my education,0,History,Female,College and Graduate School of Arts & Sciences,0,0
I am continuing my education,0,Engineering - Computer Science,Male,School of Engineering & Applied Science,0,0
Working,0,Education - Curriculum & Instruction,Female,School of Education and Human Development,1,0
I have not finalized my plans.  I am seeking employment or acceptance to an academic program,0,Biology,Female,College and Graduate School of Arts & Sciences,0,0
Working,1,Statistics,Male,College and Graduate School of Arts & Sciences,1,1
I am taking a break,0,Biology,Female,College and Graduate School of Arts & Sciences,0,0
I have not finalized my plans.  I am seeking employment or acceptance to an academic program,1,Anthropology,Male,College and Graduate School of Arts & Sciences,0,1
Working,3,Engineering - Computer Science,Male,School of Engineering & Applied Science,1,1
Working,1,Biology,Female,College and Graduate School of Arts & Sciences,1,1
I am continuing my education,0,Global Studies - Interdisciplinary,Female,College and Graduate School of Arts & Sciences,0,0
I have not finalized my plans.  I am seeking employment or acceptance to an academic program,2,Data Science,Male,School of Data Science,0,1
I am continuing my education,0,Sociology,Female,College and Graduate School of Arts & Sciences,0,0
I have not finalized my plans.  I am seeking employment or acceptance to an academic program,2,Education - Counselor Education,Female,School of Education and Human Development,0,1
I have accepted a fellowship,3,Foreign Affairs,Male,College and Graduate School of Arts & Sciences,0,1
Working,0,Nursing,Male,College and Graduate School of Arts & Sciences,1,0
Working,2,Computer Science - Interdisciplinary,Male,College and Graduate School of Arts & Sciences,1,1
Working,1,Engineering - Computer Science,Male,School of Engineering & Applied Science,1,1
I have not finalized my plans.  I am seeking employment or acceptance to an academic program,1,Biology,Female,College and Graduate School of Arts & Sciences,0,1
I have not finalized my plans.  I am seeking employment or acceptance to an academic program,1,Engineering - Materials Science and Engineering,Male,School of Engineering & Applied Science,0,1
Working,3,Engineering - Computer Science,Male,School of Engineering & Applied Science,1,1
I have accepted a fellowship,0,Religious Studies,Male,College and Graduate School of Arts & Sciences,0,0
I have not finalized my plans.  I am seeking employment or acceptance to an academic program,1,Education - Athletic Training,Female,School of Education and Human Development,0,1
Working,0,Biology,Male,College and Graduate School of Arts & Sciences,1,0
Working,1,Engineering - Computer Engineering,Male,School of Engineering & Applied Science,1,1
I have not finalized my plans.  I am seeking employment or acceptance to an academic program,0,Pharmacology,Female,School of Medicine,0,0
Working,0,French,Female,College and Graduate School of Arts & Sciences,1,0
I have not finalized my plans.  I am seeking employment or acceptance to an academic program,1,Biology,Female,College and Graduate School of Arts & Sciences,0,1
Working,0,Engineering - Biomedical Engineering,Female,School of Engineering & Applied Science,1,0
Working,0,Biology,Female,College and Graduate School of Arts & Sciences,1,0
Working,1,Engineering - Biomedical Engineering,Female,School of Engineering & Applied Science,1,1
I am taking a break,0,Statistics,Male,College and Graduate School of Arts & Sciences,0,0
I am continuing my education,0,History,Female,College and Graduate School of Arts & Sciences,0,0
I am continuing my education,3,Chemistry,Female,College and Graduate School of Arts & Sciences,0,1
I am continuing my education,0,Interdisciplinary (SCPS-BIS),Female,School of Continuing and Professional Studies,0,0
Working,1,Education - Curriculum & Instruction,Male,School of Education and Human Development,1,1
Working,0,Data Science,Male,School of Data Science,1,0
Working,2,Economics,Male,College and Graduate School of Arts & Sciences,1,1
I have not finalized my plans.  I am seeking employment or acceptance to an academic program,0,Biology,Male,College and Graduate School of Arts & Sciences,0,0
Working,1,Cognitive Science - Interdisciplinary,Male,College and Graduate School of Arts & Sciences,1,1
Working,0,Engineering - Computer Science,Female,School of Engineering & Applied Science,1,0
Working,1,Economics,Male,College and Graduate School of Arts & Sciences,1,1
I am continuing my education,2,Computer Science - Interdisciplinary,Male,College and Graduate School of Arts & Sciences,0,1
Working,1,Philosophy,Male,College and Graduate School of Arts & Sciences,1,1
I am continuing my education,3,History,Male,College and Graduate School of Arts & Sciences,0,1
I have not finalized my plans.  I am seeking employment or acceptance to an academic program,1,Cognitive Science - Interdisciplinary,Female,College and Graduate School of Arts & Sciences,0,1
Working,3,Education - Elementary Education,Female,School of Education and Human Development,1,1
Working,2,Education - Special Education,Female,School of Education and Human Development,1,1
Working,2,Media Studies,Female,College and Graduate School of Arts & Sciences,1,1
Working,3,Engineering - Computer Science,Male,School of Engineering & Applied Science,1,1
Working,2,Education - Social Studies Education,Female,School of Education and Human Development,1,1
I have not finalized my plans.  I am seeking employment or acceptance to an academic program,2,Foreign Affairs,Female,College and Graduate School of Arts & Sciences,0,1
I am continuing my education,0,Psychology,Male,College and Graduate School of Arts & Sciences,0,0
I am taking a break,0,Computer Science,Male,College and Graduate School of Arts & Sciences,0,0
I have not finalized my plans.  I am seeking employment or acceptance to an academic program,1,Cognitive Science - Interdisciplinary,Female,College and Graduate School of Arts & Sciences,0,1
Working,3,Education - Social Studies Education,Female,School of Education and Human Development,1,1
I am continuing my education,1,Political Philosophy Policy & Law - Interdisciplinary,Female,College and Graduate School of Arts & Sciences,0,1
I am continuing my education,1,Mathematics,Male,College and Graduate School of Arts & Sciences,0,1
Working,3,Political Philosophy Policy & Law - Interdisciplinary,Female,College and Graduate School of Arts & Sciences,1,1
I am continuing my education,3,Archaeology - Interdisciplinary,Female,College and Graduate School of Arts & Sciences,0,1
Working,1,Statistics,Female,College and Graduate School of Arts & Sciences,1,1
I am continuing my education,2,Computer Science - Interdisciplinary,Male,College and Graduate School of Arts & Sciences,0,1
I am continuing my education,0,Applied Statistics,Male,College and Graduate School of Arts & Sciences,0,0
I will be serving in the military,0,Biology,Male,College and Graduate School of Arts & Sciences,0,0
Working,0,Computer Science - Interdisciplinary,Female,College and Graduate School of Arts & Sciences,1,0
Working,0,Psychology,Female,College and Graduate School of Arts & Sciences,1,0
Working,2,Economics,Male,College and Graduate School of Arts & Sciences,1,1
Working,2,Global Studies - Interdisciplinary,Female,College and Graduate School of Arts & Sciences,1,1
Working,2,Architecture,Male,School of Architecture,1,1
Working,0,Biology,Female,College and Graduate School of Arts & Sciences,1,0
Working,3,Media Studies,Female,College and Graduate School of Arts & Sciences,1,1
Working,1,Engineering - Computer Engineering,Male,School of Engineering & Applied Science,1,1
I have not finalized my plans.  I am seeking employment or acceptance to an academic program,0,Foreign Affairs,Male,College and Graduate School of Arts & Sciences,0,0
Working,3,Environmental Thought & Practice - Interdisciplinary,Female,College and Graduate School of Arts & Sciences,1,1
Working,3,American Studies - Interdisciplinary,Female,College and Graduate School of Arts & Sciences,1,1
I am continuing my education,1,Engineering - Mechanical Engineering,Male,School of Engineering & Applied Science,0,1
Working,0,Education - Administration & Supervision,Female,School of Education and Human Development,1,0
Working,1,Economics,Male,College and Graduate School of Arts & Sciences,1,1
I am continuing my education,2,Media Studies,Female,College and Graduate School of Arts & Sciences,0,1
I have not finalized my plans.  I am seeking employment or acceptance to an academic program,0,Engineering - Systems Engineering,Male,School of Engineering & Applied Science,0,0
I am continuing my education,2,Applied Statistics,Female,College and Graduate School of Arts & Sciences,0,1
I have accepted a fellowship,0,Mathematics,Female,College and Graduate School of Arts & Sciences,0,0
Working,0,Chemistry,Male,College and Graduate School of Arts & Sciences,1,0
I have accepted a fellowship,3,English,Female,College and Graduate School of Arts & Sciences,0,1
I am continuing my education,1,Education - Youth & Social Innovation,Male,School of Education and Human Development,0,1
I have not finalized my plans.  I am seeking employment or acceptance to an academic program,0,History,Female,College and Graduate School of Arts & Sciences,0,0
I am continuing my education,2,Biology,Female,College and Graduate School of Arts & Sciences,0,1
Working,2,Foreign Affairs,Female,College and Graduate School of Arts & Sciences,1,1
I am continuing my education,1,Statistics,Female,College and Graduate School of Arts & Sciences,0,1
Working,1,Human Biology - Interdisciplinary,Female,College and Graduate School of Arts & Sciences,1,1
Working,2,Education - Higher Education,Male,School of Education and Human Development,1,1
I have not finalized my plans.  I am seeking employment or acceptance to an academic program,2,Government,Male,College and Graduate School of Arts & Sciences,0,1
I have not finalized my plans.  I am seeking employment or acceptance to an academic program,1,Architecture,Female,School of Architecture,0,1
Working,1,Applied Statistics,Male,College and Graduate School of Arts & Sciences,1,1
Working,2,Statistics,Male,College and Graduate School of Arts & Sciences,1,1
I have accepted a fellowship,0,Engineering - Civil Engineering,Male,School of Engineering & Applied Science,0,0
I am taking a break,0,Education - Reading Education,Female,School of Education and Human Development,0,0
Working,2,Economics,Female,College and Graduate School of Arts & Sciences,1,1
I am continuing my education,1,Cognitive Science - Interdisciplinary,Female,College and Graduate School of Arts & Sciences,0,1
Working,3,Global Studies - Interdisciplinary,Female,College and Graduate School of Arts & Sciences,1,1
Working,3,History,Female,College and Graduate School of Arts & Sciences,1,1
I have not finalized my plans.  I am seeking employment or acceptance to an academic program,0,Computer Science - Interdisciplinary,Male,College and Graduate School of Arts & Sciences,0,0
I am continuing my education,0,Interdisciplinary (SCPS-BIS),Female,School of Continuing and Professional Studies,0,0
Working,0,Engineering - Mechanical & Aerospace Engineering,Male,School of Engineering & Applied Science,1,0
Working,1,Education - Higher Education,Female,School of Education and Human Development,1,1
I have not finalized my plans.  I am seeking employment or acceptance to an academic program,0,Government,Female,College and Graduate School of Arts & Sciences,0,0
I have not finalized my plans.  I am seeking employment or acceptance to an academic program,2,Computer Science - Interdisciplinary,Male,College and Graduate School of Arts & Sciences,0,1
I have accepted a fellowship,2,Global Studies - Interdisciplinary,Female,College and Graduate School of Arts & Sciences,0,1
I have not finalized my plans.  I am seeking employment or acceptance to an academic program,1,English,Female,College and Graduate School of Arts & Sciences,0,1
Working,2,Computer Science - Interdisciplinary,Female,College and Graduate School of Arts & Sciences,1,1
Working,0,Drama,Male,College and Graduate School of Arts & Sciences,1,0
I have not finalized my plans.  I am seeking employment or acceptance to an academic program,3,Economics,Female,College and Graduate School of Arts & Sciences,0,1
Working,0,Engineering - Civil Engineering,Female,School of Engineering & Applied Science,1,0
I have not finalized my plans.  I am seeking employment or acceptance to an academic program,2,Global Studies - Interdisciplinary,Female,College and Graduate School of Arts & Sciences,0,1
Working,1,Applied Statistics,Female,College and Graduate School of Arts & Sciences,1,1
Working,3,Engineering - Computer Science,Male,School of Engineering & Applied Science,1,1
I am continuing my education,2,Psychology,Female,College and Graduate School of Arts & Sciences,0,1
Working,0,Data Science,Female,School of Data Science,1,0
Working,0,Statistics,Male,College and Graduate School of Arts & Sciences,1,0
I am continuing my education,2,Anthropology,Female,College and Graduate School of Arts & Sciences,0,1
Working,0,Psychology,Female,College and Graduate School of Arts & Sciences,1,0
Working,1,Architecture,Male,School of Architecture,1,1
Working,2,American Studies - Interdisciplinary,Female,College and Graduate School of Arts & Sciences,1,1
Working,0,Chemistry,Female,College and Graduate School of Arts & Sciences,1,0
I have not finalized my plans.  I am seeking employment or acceptance to an academic program,0,Engineering - Computer Science,Male,School of Engineering & Applied Science,0,0
I am continuing my education,0,Psychology,Male,College and Graduate School of Arts & Sciences,0,0
I have accepted a fellowship,1,Environmental Sciences,Female,College and Graduate School of Arts & Sciences,0,1
I have not finalized my plans.  I am seeking employment or acceptance to an academic program,0,Engineering - Mechanical & Aerospace Engineering,Male,School of Engineering & Applied Science,0,0
Working,1,Music,Female,College and Graduate School of Arts & Sciences,1,1
Working,1,Mathematics,Male,College and Graduate School of Arts & Sciences,1,1
I am continuing my education,1,Education - Clinical & School Psychology,Female,School of Education and Human Development,0,1
I have accepted a fellowship,3,Education - Clinical & School Psychology,Female,School of Education and Human Development,0,1
Working,0,Religious Studies,Male,College and Graduate School of Arts & Sciences,1,0
Working,1,Psychology,Male,College and Graduate School of Arts & Sciences,1,1
Working,0,Public Safety,Male,School of Continuing and Professional Studies,1,0
I am continuing my education,0,Engineering - Computer Science,Male,School of Engineering & Applied Science,0,0
I am continuing my education,3,Statistics,Male,School of Education and Human Development,0,1
Working,0,Interdisciplinary (SCPS-BIS),Female,School of Continuing and Professional Studies,1,0
Working,0,Physics,Male,College and Graduate School of Arts & Sciences,1,0
I have not finalized my plans.  I am seeking employment or acceptance to an academic program,0,Interdisciplinary (SCPS-BIS),Female,School of Continuing and Professional Studies,0,0
Working,0,Interdisciplinary (SCPS-BIS),Female,School of Continuing and Professional Studies,1,0
Working,3,Education - Clinical & School Psychology,Female,School of Education and Human Development,1,1
Working,0,Engineering - Civil Engineering,Male,School of Engineering & Applied Science,1,0
I have not finalized my plans.  I am seeking employment or acceptance to an academic program,0,Interdisciplinary (SCPS-BIS),Male,School of Continuing and Professional Studies,0,0
Working,1,Engineering - Computer Science,Male,School of Engineering & Applied Science,1,1
Working,0,Interdisciplinary (SCPS-BIS),Male,School of Continuing and Professional Studies,1,0
Working,0,Psychology,Female,College and Graduate School of Arts & Sciences,1,0
Working,0,Education - Administration & Supervision,Female,School of Education and Human Development,1,0
Working,0,Engineering - Systems Engineering,Male,School of Engineering & Applied Science,1,0
I have not finalized my plans.  I am seeking employment or acceptance to an academic program,0,Education - Youth & Social Innovation,Female,School of Education and Human Development,0,0
Working,0,Engineering - Mechanical & Aerospace Engineering,Male,School of Engineering & Applied Science,1,0
Working,1,Education - Reading Education,Female,School of Education and Human Development,1,1
Working,0,Engineering - Mechanical & Aerospace Engineering,Male,School of Engineering & Applied Science,1,0
Working,0,Engineering - Electrical Engineering,Male,School of Engineering & Applied Science,1,0
I have accepted a fellowship,3,Education - Clinical & School Psychology,Female,School of Education and Human Development,0,1
I have accepted a fellowship,1,Education - Clinical & School Psychology,Female,School of Education and Human Development,0,1
Working,0,Chemistry,Male,College and Graduate School of Arts & Sciences,1,0
I have accepted a fellowship,1,Nursing,Female,College and Graduate School of Arts & Sciences,0,1
Working,0,Biology,Female,College and Graduate School of Arts & Sciences,1,0
Working,1,Engineering - Materials Science & Engineering,Male,School of Engineering & Applied Science,1,1
Working,1,Education - Administration & Supervision,Female,School of Education and Human Development,1,1
I have not finalized my plans.  I am seeking employment or acceptance to an academic program,1,Interdisciplinary (SCPS-BIS),Female,School of Continuing and Professional Studies,0,1
Working,0,Public Safety,Male,School of Continuing and Professional Studies,1,0
Working,0,Public Safety,Male,School of Continuing and Professional Studies,1,0
Working,0,Education - Reading Education,Female,School of Education and Human Development,1,0
Working,0,Public Safety,Male,School of Continuing and Professional Studies,1,0
Working,0,Education - Reading Education,Female,School of Education and Human Development,1,0
Working,0,History,Male,College and Graduate School of Arts & Sciences,1,0
I have not finalized my plans.  I am seeking employment or acceptance to an academic program,0,Nursing,Female,College and Graduate School of Arts & Sciences,0,0
I have accepted a fellowship,1,Education - Clinical & School Psychology,Female,School of Education and Human Development,0,1
I am continuing my education,2,Education - Kinesiology,Female,School of Education and Human Development,0,1
I have accepted a fellowship,1,Engineering - Computer Engineering,Male,School of Engineering & Applied Science,0,1
I have not finalized my plans.  I am seeking employment or acceptance to an academic program,0,Anthropology,Female,College and Graduate School of Arts & Sciences,0,0
Working,0,Interdisciplinary (SCPS-BIS),Male,School of Continuing and Professional Studies,1,0
Working,0,Nursing,Female,School of Nursing,1,0
I am continuing my education,3,Public Policy,Female,College and Graduate School of Arts & Sciences,0,1
I am taking a break,0,Mathematics,Female,College and Graduate School of Arts & Sciences,0,0
I am taking a break,0,Psychology,Male,College and Graduate School of Arts & Sciences,0,0
Working,2,Engineering - Computer Science,Female,School of Engineering & Applied Science,1,1
I have not finalized my plans.  I am seeking employment or acceptance to an academic program,0,Art - Studio Art,Female,College and Graduate School of Arts & Sciences,0,0
Working,0,Public Safety,Male,School of Continuing and Professional Studies,1,0
Working,2,Interdisciplinary (SCPS-BIS),Male,School of Continuing and Professional Studies,1,1
Working,1,Engineering - Computer Science,Male,School of Engineering & Applied Science,1,1
I have accepted a fellowship,0,Engineering - Materials Science & Engineering,Female,School of Engineering & Applied Science,0,0
Working,0,Education - English Education,Female,School of Education and Human Development,1,0
Working,0,Public Safety,Male,School of Continuing and Professional Studies,1,0
Working,0,Education - Higher Education,Female,School of Education and Human Development,1,0
Working,0,Education - English Education,Female,School of Education and Human Development,1,0
I have not finalized my plans.  I am seeking employment or acceptance to an academic program,1,Education - Reading Education,Female,School of Education and Human Development,0,1
I have not finalized my plans.  I am seeking employment or acceptance to an academic program,2,Engineering - Systems Engineering,Male,School of Engineering & Applied Science,0,1
I have not finalized my plans.  I am seeking employment or acceptance to an academic program,1,Interdisciplinary (SCPS-BIS),Female,School of Continuing and Professional Studies,0,1
I have not finalized my plans.  I am seeking employment or acceptance to an academic program,0,Music,Male,College and Graduate School of Arts & Sciences,0,0
Working,0,Anthropology,Female,College and Graduate School of Arts & Sciences,1,0
I have accepted a fellowship,1,Astronomy,Female,College and Graduate School of Arts & Sciences,0,1
I will be serving in the military,0,Engineering - Systems Engineering,Male,School of Engineering & Applied Science,0,0
Working,1,Education - English Education,Female,School of Education and Human Development,1,1
Working,0,Sociology,Female,College and Graduate School of Arts & Sciences,1,0
Working,3,Global Studies - Interdisciplinary,Female,College and Graduate School of Arts & Sciences,1,1
I have not finalized my plans.  I am seeking employment or acceptance to an academic program,0,Engineering - Computer Science,Male,School of Engineering & Applied Science,0,0
Working,0,Cognitive Science - Interdisciplinary,Female,College and Graduate School of Arts & Sciences,1,0
Working,1,Religious Studies,Male,College and Graduate School of Arts & Sciences,1,1
I have not finalized my plans.  I am seeking employment or acceptance to an academic program,3,Chemistry,Male,College and Graduate School of Arts & Sciences,0,1
Working,0,Education - English Education,Male,School of Education and Human Development,1,0
Working,1,Engineering - Computer Engineering,Male,School of Engineering & Applied Science,1,1
Working,0,Education - Curriculum & Instruction,Female,School of Education and Human Development,1,0
I am continuing my education,2,Education - Administration & Supervision,Male,School of Education and Human Development,0,1
Working,0,Interdisciplinary (SCPS-BIS),Female,School of Continuing and Professional Studies,1,0
Working,0,Mathematics,Female,College and Graduate School of Arts & Sciences,1,0
Working,1,Engineering - Chemical Engineering,Male,School of Engineering & Applied Science,1,1
Working,3,Economics,Male,College and Graduate School of Arts & Sciences,1,1
Working,0,Art - History of Art & Architecture,Male,College and Graduate School of Arts & Sciences,1,0
Working,2,Engineering - Computer Science,Male,School of Engineering & Applied Science,1,1
Working,0,Engineering - Biomedical Engineering,Male,School of Engineering & Applied Science,1,0
Working,2,Engineering - Computer Science,Female,School of Engineering & Applied Science,1,1
I am continuing my education,2,Government,Male,College and Graduate School of Arts & Sciences,0,1
Working,0,Education - Special Education,Male,School of Education and Human Development,1,0
Working,0,Education - Reading Education,Male,School of Education and Human Development,1,0
I am continuing my education,0,Engineering - Civil Engineering,Female,School of Engineering & Applied Science,0,0
Working,0,Engineering - Civil Engineering,Female,School of Engineering & Applied Science,1,0
Working,0,Education - Administration & Supervision,Female,School of Education and Human Development,1,0
I have accepted a fellowship,0,Engineering - Biomedical Engineering,Female,School of Engineering & Applied Science,0,0
Working,0,Engineering - Civil Engineering,Male,School of Engineering & Applied Science,1,0
Working,1,Architecture - Urban & Environmental Planning,Male,School of Architecture,1,1
Working,3,Engineering - Systems Engineering,Male,School of Engineering & Applied Science,1,1
I am continuing my education,2,Engineering - Mechanical Engineering,Female,School of Engineering & Applied Science,0,1
Working,1,Computer Science - Interdisciplinary,Female,College and Graduate School of Arts & Sciences,1,1
Working,3,Engineering - Computer Science,Male,School of Engineering & Applied Science,1,1
Working,1,Computer Science - Interdisciplinary,Female,College and Graduate School of Arts & Sciences,1,1
Working,3,Engineering - Computer Engineering,Female,School of Engineering & Applied Science,1,1
Working,3,Engineering - Mechanical Engineering,Male,School of Engineering & Applied Science,1,1
Working,1,Engineering - Computer Science,Male,School of Engineering & Applied Science,1,1
I am continuing my education,2,Engineering - Computer Science,Male,School of Engineering & Applied Science,0,1
Working,1,Engineering - Biomedical Engineering,Female,School of Engineering & Applied Science,1,1
Working,2,Engineering - Systems Engineering,Female,School of Engineering & Applied Science,1,1
I am continuing my education,2,Engineering - Aerospace Engineering,Male,School of Engineering & Applied Science,0,1
Working,1,Engineering - Engineering Science,Female,School of Engineering & Applied Science,1,1
Working,2,Engineering - Systems Engineering,Female,School of Engineering & Applied Science,1,1
Working,2,Engineering - Chemical Engineering,Female,School of Engineering & Applied Science,1,1
I am continuing my education,3,Engineering - Biomedical Engineering,Female,School of Engineering & Applied Science,0,1
Working,3,Engineering - Computer Science,Female,School of Engineering & Applied Science,1,1
Working,2,Engineering - Computer Engineering,Male,School of Engineering & Applied Science,1,1
I am continuing my education,3,Engineering - Systems Engineering,Female,School of Engineering & Applied Science,0,1
Working,2,Engineering - Biomedical Engineering,Female,School of Engineering & Applied Science,1,1
Working,3,Engineering - Biomedical Engineering,Female,School of Engineering & Applied Science,1,1
I am continuing my education,2,Engineering - Computer Science,Male,School of Engineering & Applied Science,0,1
Working,3,Engineering - Computer Engineering,Male,School of Engineering & Applied Science,1,1
Working,2,Engineering - Computer Science,Male,School of Engineering & Applied Science,1,1
Working,2,Engineering - Electrical Engineering,Female,School of Engineering & Applied Science,1,1
Working,2,Engineering - Civil Engineering,Male,School of Engineering & Applied Science,1,1
Working,2,Engineering - Computer Science,Male,School of Engineering & Applied Science,1,1
Working,3,Engineering - Biomedical Engineering,Male,School of Engineering & Applied Science,1,1
Working,2,Engineering - Computer Science,Male,School of Engineering & Applied Science,1,1
Working,1,Engineering - Systems Engineering,Male,School of Engineering & Applied Science,1,1
Working,2,Engineering - Chemical Engineering,Male,School of Engineering & Applied Science,1,1
Working,2,Engineering - Mechanical Engineering,Male,School of Engineering & Applied Science,1,1
I have not finalized my plans.  I am seeking employment or acceptance to an academic program,0,Engineering - Computer Science,Male,School of Engineering & Applied Science,0,0
Working,1,Engineering - Aerospace Engineering,Female,School of Engineering & Applied Science,1,1
Working,2,Engineering - Computer Science,Male,School of Engineering & Applied Science,1,1
Working,3,Engineering - Systems Engineering,Female,School of Engineering & Applied Science,1,1
Working,1,Engineering - Chemical Engineering,Female,School of Engineering & Applied Science,1,1
Working,2,Engineering - Computer Science,Male,School of Engineering & Applied Science,1,1
Working,1,Engineering - Computer Engineering,Male,School of Engineering & Applied Science,1,1
Working,2,Engineering - Civil Engineering,Female,School of Engineering & Applied Science,1,1
Working,3,Engineering - Computer Science,Female,School of Engineering & Applied Science,1,1
I am continuing my education,2,Engineering - Biomedical Engineering,Female,School of Engineering & Applied Science,0,1
I am continuing my education,1,Engineering - Mechanical Engineering,Male,School of Engineering & Applied Science,0,1
Working,2,Engineering - Biomedical Engineering,Female,School of Engineering & Applied Science,1,1
Working,2,Engineering - Computer Science,Male,School of Engineering & Applied Science,1,1
Working,0,Engineering - Systems Engineering,Female,School of Engineering & Applied Science,1,0
I am continuing my education,1,Engineering - Biomedical Engineering,Female,School of Engineering & Applied Science,0,1
Working,1,Engineering - Biomedical Engineering,Male,School of Engineering & Applied Science,1,1
Working,2,Engineering - Computer Science,Female,School of Engineering & Applied Science,1,1
Working,3,Engineering - Computer Science,Female,School of Engineering & Applied Science,1,1
Working,2,Engineering - Systems Engineering,Female,School of Engineering & Applied Science,1,1
I am continuing my education,3,Engineering - Computer Science,Male,School of Engineering & Applied Science,0,1
Working,2,Engineering - Computer Science,Male,School of Engineering & Applied Science,1,1
I am continuing my education,2,Engineering - Aerospace Engineering,Female,School of Engineering & Applied Science,0,1
I am continuing my education,3,Engineering - Civil Engineering,Male,School of Engineering & Applied Science,0,1
Working,3,Computer Science - Interdisciplinary,Male,College and Graduate School of Arts & Sciences,1,1
I am continuing my education,1,Computer Science - Interdisciplinary,Male,College and Graduate School of Arts & Sciences,0,1
I have not finalized my plans.  I am seeking employment or acceptance to an academic program,2,Foreign Affairs,Female,College and Graduate School of Arts & Sciences,0,1
Working,0,Business Administration,Male,Darden Graduate School of Business Administration,1,0
I have not finalized my plans.  I am seeking employment or acceptance to an academic program,1,Applied Statistics,Female,College and Graduate School of Arts & Sciences,0,1
I have not finalized my plans.  I am seeking employment or acceptance to an academic program,3,Psychology,Female,College and Graduate School of Arts & Sciences,0,1
I have not finalized my plans.  I am seeking employment or acceptance to an academic program,1,Engineering - Computer Science,Male,School of Engineering & Applied Science,0,1
Working,1,Spanish,Female,College and Graduate School of Arts & Sciences,1,1
I am continuing my education,2,Engineering - Biomedical Engineering,Male,School of Engineering & Applied Science,0,1
Working,1,Business Administration,Male,Darden Graduate School of Business Administration,1,1
I have not finalized my plans.  I am seeking employment or acceptance to an academic program,1,Engineering - Computer Science,Female,School of Engineering & Applied Science,0,1
I am continuing my education,1,Biology,Female,College and Graduate School of Arts & Sciences,0,1
I have not finalized my plans.  I am seeking employment or acceptance to an academic program,1,Applied Statistics,Female,College and Graduate School of Arts & Sciences,0,1
Working,0,Media Studies,Male,College and Graduate School of Arts & Sciences,1,0
I am continuing my education,3,Anthropology,Female,College and Graduate School of Arts & Sciences,0,1
Working,0,Engineering - Computer Science,Male,School of Engineering & Applied Science,1,0
Working,0,Nursing,Female,School of Nursing,1,0
Working,3,Computer Science - Interdisciplinary,Female,College and Graduate School of Arts & Sciences,1,1
I am continuing my education,1,Global Studies - Interdisciplinary,Female,College and Graduate School of Arts & Sciences,0,1
I have not finalized my plans.  I am seeking employment or acceptance to an academic program,1,History,Female,College and Graduate School of Arts & Sciences,0,1
Working,2,Applied Statistics,Male,College and Graduate School of Arts & Sciences,1,1
Working,2,Biology,Female,College and Graduate School of Arts & Sciences,1,1
I have not finalized my plans.  I am seeking employment or acceptance to an academic program,1,Education - Youth & Social Innovation,Male,School of Education and Human Development,0,1
Working,2,Engineering - Computer Science,Male,School of Engineering & Applied Science,1,1
I am continuing my education,1,Art - Art History,Female,College and Graduate School of Arts & Sciences,0,1
I am continuing my education,2,Anthropology,Female,College and Graduate School of Arts & Sciences,0,1
I am continuing my education,2,History,Male,College and Graduate School of Arts & Sciences,0,1
Working,2,Economics,Male,College and Graduate School of Arts & Sciences,1,1
Working,2,Engineering - Systems Engineering,Female,School of Engineering & Applied Science,1,1
Working,0,Engineering - Materials Science & Engineering,Male,School of Engineering & Applied Science,1,0
I will be volunteering,1,Foreign Affairs,Female,College and Graduate School of Arts & Sciences,0,1
Working,1,Engineering - Civil Engineering,Female,School of Engineering & Applied Science,1,1
I am continuing my education,1,History,Female,College and Graduate School of Arts & Sciences,0,1
Working,1,Neuroscience - Interdisciplinary,Male,College and Graduate School of Arts & Sciences,1,1
I am continuing my education,1,Environmental Sciences,Male,College and Graduate School of Arts & Sciences,0,1
Working,2,Statistics,Male,College and Graduate School of Arts & Sciences,1,1
Working,0,Education - Elementary Education,Female,School of Education and Human Development,1,0
I am continuing my education,2,Applied Statistics,Female,College and Graduate School of Arts & Sciences,0,1
Working,2,Engineering - Civil Engineering,Male,School of Engineering & Applied Science,1,1
Working,2,Computer Science - Interdisciplinary,Male,College and Graduate School of Arts & Sciences,1,1
Working,2,Engineering - Systems Engineering,Female,School of Engineering & Applied Science,1,1
Working,1,Applied Statistics,Male,College and Graduate School of Arts & Sciences,1,1
Working,1,Engineering - Computer Science,Female,School of Engineering & Applied Science,1,1
I have not finalized my plans.  I am seeking employment or acceptance to an academic program,0,Engineering - Electrical Engineering,Female,School of Engineering & Applied Science,0,0
I am continuing my education,0,Chemistry,Female,College and Graduate School of Arts & Sciences,0,0
Working,1,Engineering - Computer Science,Female,School of Engineering & Applied Science,1,1
Working,1,Engineering - Chemical Engineering,Female,School of Engineering & Applied Science,1,1
I will be volunteering,2,Spanish,Female,College and Graduate School of Arts & Sciences,0,1
I am continuing my education,0,Biology,Female,College and Graduate School of Arts & Sciences,0,0
Working,2,Environmental Sciences,Female,College and Graduate School of Arts & Sciences,1,1
I am continuing my education,0,Psychology,Female,College and Graduate School of Arts & Sciences,0,0
Working,1,Engineering - Biomedical Engineering,Male,School of Engineering & Applied Science,1,1
I am continuing my education,0,History,Female,College and Graduate School of Arts & Sciences,0,0
Working,0,Nursing,Female,School of Nursing,1,0
I am continuing my education,3,English,Male,College and Graduate School of Arts & Sciences,0,1
I have not finalized my plans.  I am seeking employment or acceptance to an academic program,1,Foreign Affairs,Female,College and Graduate School of Arts & Sciences,0,1
Working,2,Education - Higher Education,Female,School of Education and Human Development,1,1
Working,1,Cognitive Science - Interdisciplinary,Female,College and Graduate School of Arts & Sciences,1,1
Working,3,Engineering - Systems Engineering,Male,School of Engineering & Applied Science,1,1
I am continuing my education,3,Engineering - Biomedical Engineering,Female,School of Engineering & Applied Science,0,1
I have not finalized my plans.  I am seeking employment or acceptance to an academic program,0,Data Science,Male,School of Data Science,0,0
I am continuing my education,3,Education - Kinesiology,Female,School of Education and Human Development,0,1
Working,1,Foreign Affairs,Male,College and Graduate School of Arts & Sciences,1,1
I am continuing my education,2,Education - Kinesiology,Female,School of Education and Human Development,0,1
Working,0,Engineering - Biomedical Engineering,Male,School of Engineering & Applied Science,1,0
Working,2,Law,Male,School of Law,1,1
Working,3,Philosophy,Female,College and Graduate School of Arts & Sciences,1,1
Working,3,Economics,Male,College and Graduate School of Arts & Sciences,1,1
Working,2,Education - Counselor Education,Female,School of Education and Human Development,1,1
Working,2,Engineering - Materials Science and Engineering,Female,School of Engineering & Applied Science,1,1
Working,1,Engineering - Systems Engineering,Male,School of Engineering & Applied Science,1,1
Working,0,History,Male,College and Graduate School of Arts & Sciences,1,0
Working,0,Nursing,Female,School of Nursing,1,0
I am continuing my education,1,Economics,Female,College and Graduate School of Arts & Sciences,0,1
Working,1,Neuroscience - Interdisciplinary,Female,College and Graduate School of Arts & Sciences,1,1
Working,2,Engineering - Systems Engineering,Male,School of Engineering & Applied Science,1,1
I am continuing my education,2,Engineering - Biomedical Engineering,Male,School of Engineering & Applied Science,0,1
Working,1,Chemistry,Male,College and Graduate School of Arts & Sciences,1,1
Working,0,Nursing,Female,School of Nursing,1,0
I have not finalized my plans.  I am seeking employment or acceptance to an academic program,1,Education - Educational Psychology,Female,School of Education and Human Development,0,1
Working,1,Mathematics,Male,College and Graduate School of Arts & Sciences,1,1
Working,2,Nursing,Female,School of Nursing,1,1
I am continuing my education,1,Anthropology,Female,College and Graduate School of Arts & Sciences,0,1
Working,2,Architecture,Female,School of Architecture,1,1
Working,2,Applied Statistics,Female,College and Graduate School of Arts & Sciences,1,1
Working,2,Environmental Thought & Practice - Interdisciplinary,Female,College and Graduate School of Arts & Sciences,1,1
Working,0,English,Female,College and Graduate School of Arts & Sciences,1,0
I am continuing my education,2,History,Female,College and Graduate School of Arts & Sciences,0,1
Working,1,Nursing,Female,School of Nursing,1,1
Working,0,Japanese Language & Literature - Interdisciplinary,Female,College and Graduate School of Arts & Sciences,1,0
Working,1,Architecture - Urban & Environmental Planning,Female,School of Architecture,1,1
Working,3,Economics,Male,College and Graduate School of Arts & Sciences,1,1
Working,2,Nursing,Female,School of Nursing,1,1
I am continuing my education,0,Engineering - Biomedical Engineering,Female,School of Engineering & Applied Science,0,0
I am continuing my education,3,Engineering - Aerospace Engineering,Male,School of Engineering & Applied Science,0,1
Working,2,Economics,Male,College and Graduate School of Arts & Sciences,1,1
I am continuing my education,3,Biology,Female,College and Graduate School of Arts & Sciences,0,1
Working,1,Education - English Education,Male,School of Education and Human Development,1,1
Working,2,Government,Female,College and Graduate School of Arts & Sciences,1,1
I am continuing my education,1,Education - Kinesiology,Female,School of Education and Human Development,0,1
Working,1,Global Studies - Interdisciplinary,Female,College and Graduate School of Arts & Sciences,1,1
Working,1,Business Administration,Male,Darden Graduate School of Business Administration,1,1
I have not finalized my plans.  I am seeking employment or acceptance to an academic program,1,Engineering - Biomedical Engineering,Female,School of Engineering & Applied Science,0,1
I am continuing my education,1,Foreign Affairs,Male,College and Graduate School of Arts & Sciences,0,1
Working,0,Education - Elementary Education,Female,School of Education and Human Development,1,0
Working,1,Physics,Male,College and Graduate School of Arts & Sciences,1,1
I am continuing my education,0,Cognitive Science - Interdisciplinary,Female,College and Graduate School of Arts & Sciences,0,0
I will be volunteering,2,Engineering - Civil Engineering,Female,School of Engineering & Applied Science,0,1
I have not finalized my plans.  I am seeking employment or acceptance to an academic program,2,Government,Male,College and Graduate School of Arts & Sciences,0,1
Working,1,Nursing,Female,School of Nursing,1,1
Working,2,Government,Female,College and Graduate School of Arts & Sciences,1,1
Working,3,Computer Science,Male,College and Graduate School of Arts & Sciences,1,1
I will be serving in the military,1,History,Female,College and Graduate School of Arts & Sciences,0,1
I have not finalized my plans.  I am seeking employment or acceptance to an academic program,0,Physics,Male,College and Graduate School of Arts & Sciences,0,0
Working,1,Engineering - Biomedical Engineering,Female,School of Engineering & Applied Science,1,1
Working,3,Anthropology,Male,College and Graduate School of Arts & Sciences,1,1
Working,1,English,Female,College and Graduate School of Arts & Sciences,1,1
Working,2,Economics,Female,College and Graduate School of Arts & Sciences,1,1
Working,2,Economics,Female,College and Graduate School of Arts & Sciences,1,1
Working,3,Education - Special Education,Female,School of Education and Human Development,1,1
Working,2,Engineering - Mechanical Engineering,Male,School of Engineering & Applied Science,1,1
I am continuing my education,1,Sociology,Female,College and Graduate School of Arts & Sciences,0,1
I have not finalized my plans.  I am seeking employment or acceptance to an academic program,3,Cognitive Science - Interdisciplinary,Female,College and Graduate School of Arts & Sciences,0,1
Working,2,Engineering - Computer Science,Male,School of Engineering & Applied Science,1,1
Working,2,Engineering - Computer Science,Male,School of Engineering & Applied Science,1,1
I have not finalized my plans.  I am seeking employment or acceptance to an academic program,2,Media Studies,Male,College and Graduate School of Arts & Sciences,0,1
I am continuing my education,0,Economics,Female,College and Graduate School of Arts & Sciences,0,0
I am continuing my education,1,Education - Kinesiology,Female,School of Education and Human Development,0,1
I am continuing my education,2,English,Female,College and Graduate School of Arts & Sciences,0,1
Working,2,Engineering - Mechanical Engineering,Male,School of Engineering & Applied Science,1,1
Working,2,Engineering - Systems Engineering,Female,School of Engineering & Applied Science,1,1
I am continuing my education,2,Nursing,Female,School of Nursing,0,1
I have not finalized my plans.  I am seeking employment or acceptance to an academic program,0,Sociology,Female,College and Graduate School of Arts & Sciences,0,0
I have not finalized my plans.  I am seeking employment or acceptance to an academic program,0,Chemistry,Male,College and Graduate School of Arts & Sciences,0,0
I have accepted a fellowship,2,Biology,Female,College and Graduate School of Arts & Sciences,0,1
I have not finalized my plans.  I am seeking employment or acceptance to an academic program,1,Cognitive Science - Interdisciplinary,Male,College and Graduate School of Arts & Sciences,0,1
I am continuing my education,2,Architecture,Female,School of Architecture,0,1
Working,2,Applied Statistics,Female,College and Graduate School of Arts & Sciences,1,1
I am continuing my education,0,Chemistry,Female,College and Graduate School of Arts & Sciences,0,0
Working,2,Engineering - Systems Engineering,Female,School of Engineering & Applied Science,1,1
I am continuing my education,3,Engineering - Computer Science,Male,School of Engineering & Applied Science,0,1
I am continuing my education,0,Chemistry,Female,College and Graduate School of Arts & Sciences,0,0
Working,0,Public Safety,Male,School of Continuing and Professional Studies,1,0
Working,1,Cognitive Science - Interdisciplinary,Female,College and Graduate School of Arts & Sciences,1,1
Working,2,Environmental Sciences,Male,College and Graduate School of Arts & Sciences,1,1
Working,2,Engineering - Chemical Engineering,Female,School of Engineering & Applied Science,1,1
Working,2,Economics,Male,College and Graduate School of Arts & Sciences,1,1
I am taking a break,1,French,Female,College and Graduate School of Arts & Sciences,0,1
Working,2,Engineering - Mechanical Engineering,Male,School of Engineering & Applied Science,1,1
I have not finalized my plans.  I am seeking employment or acceptance to an academic program,3,Foreign Affairs,Female,College and Graduate School of Arts & Sciences,0,1
I am continuing my education,1,Environmental Sciences,Female,College and Graduate School of Arts & Sciences,0,1
Working,2,Education - Kinesiology,Female,School of Education and Human Development,1,1
I am continuing my education,0,Cognitive Science - Interdisciplinary,Female,College and Graduate School of Arts & Sciences,0,0
Working,2,Economics,Male,College and Graduate School of Arts & Sciences,1,1
I have not finalized my plans.  I am seeking employment or acceptance to an academic program,3,Architecture - Landscape Architecture,Female,School of Architecture,0,1
Working,2,Economics,Female,College and Graduate School of Arts & Sciences,1,1
I am continuing my education,0,History,Female,College and Graduate School of Arts & Sciences,0,0
Working,3,Computer Science - Interdisciplinary,Male,College and Graduate School of Arts & Sciences,1,1
Working,1,Behavioral Neuroscience,Female,College and Graduate School of Arts & Sciences,1,1
Working,1,Engineering - Aerospace Engineering,Male,School of Engineering & Applied Science,1,1
I am continuing my education,1,Global Studies - Interdisciplinary,Female,College and Graduate School of Arts & Sciences,0,1
Working,0,Nursing,Female,School of Nursing,1,0
Working,1,Education - Administration & Supervision,Female,School of Education and Human Development,1,1
I am continuing my education,0,Nursing,Male,School of Nursing,0,0
Working,2,Law,Male,School of Law,1,1
I have not finalized my plans.  I am seeking employment or acceptance to an academic program,3,Linguistics,Female,College and Graduate School of Arts & Sciences,0,1
Working,0,Mathematics,Male,College and Graduate School of Arts & Sciences,1,0
I am continuing my education,1,Human Biology - Interdisciplinary,Female,College and Graduate School of Arts & Sciences,0,1
I am continuing my education,2,Environmental Thought & Practice - Interdisciplinary,Male,College and Graduate School of Arts & Sciences,0,1
I have not finalized my plans.  I am seeking employment or acceptance to an academic program,0,Engineering - Computer Engineering,Male,School of Engineering & Applied Science,0,0
I am continuing my education,2,Applied Statistics,Female,College and Graduate School of Arts & Sciences,0,1
Working,2,Economics,Male,College and Graduate School of Arts & Sciences,1,1
I am continuing my education,2,Global Studies - Interdisciplinary,Female,College and Graduate School of Arts & Sciences,0,1
Working,1,Engineering - Biomedical Engineering,Female,School of Engineering & Applied Science,1,1
I am continuing my education,1,Education - Higher Education,Female,School of Education and Human Development,0,1
Working,0,Data Science,Female,School of Data Science,1,0
I am continuing my education,0,Engineering - Computer Science,Male,School of Engineering & Applied Science,0,0
Working,0,Engineering - Civil Engineering,Male,School of Engineering & Applied Science,1,0
I have not finalized my plans.  I am seeking employment or acceptance to an academic program,2,Economics,Female,College and Graduate School of Arts & Sciences,0,1
Working,1,Education - Youth & Social Innovation,Female,School of Education and Human Development,1,1
I have not finalized my plans.  I am seeking employment or acceptance to an academic program,0,Global Studies - Interdisciplinary,Female,College and Graduate School of Arts & Sciences,0,0
I have not finalized my plans.  I am seeking employment or acceptance to an academic program,2,Data Science,Male,School of Data Science,0,1
Working,2,Architecture,Female,School of Architecture,1,1
Working,3,Architecture,Female,School of Architecture,1,1
Working,0,Architecture,Female,School of Architecture,1,0
I have not finalized my plans.  I am seeking employment or acceptance to an academic program,2,Media Studies,Female,College and Graduate School of Arts & Sciences,0,1
I am continuing my education,3,American Studies - Interdisciplinary,Female,College and Graduate School of Arts & Sciences,0,1
I have not finalized my plans.  I am seeking employment or acceptance to an academic program,3,Global Studies - Interdisciplinary,Male,College and Graduate School of Arts & Sciences,0,1
I have not finalized my plans.  I am seeking employment or acceptance to an academic program,1,Architecture - Urban & Environmental Planning,Male,School of Architecture,0,1
I will be volunteering,0,Cognitive Science - Interdisciplinary,Female,College and Graduate School of Arts & Sciences,0,0
Working,2,Data Science,Male,School of Data Science,1,1
I am continuing my education,2,Engineering - Mechanical Engineering,Male,School of Engineering & Applied Science,0,1
Working,2,Computer Science - Interdisciplinary,Female,College and Graduate School of Arts & Sciences,1,1
Working,2,Government - Foreign Affairs,Female,College and Graduate School of Arts & Sciences,1,1
Working,0,Education - Social Studies Education,Female,School of Education and Human Development,1,0
Working,3,Engineering - Chemical Engineering,Female,School of Engineering & Applied Science,1,1
Working,1,Engineering - Aerospace Engineering,Female,School of Engineering & Applied Science,1,1
Working,3,Education - Kinesiology,Female,School of Education and Human Development,1,1
Working,0,Education - Kinesiology,Male,School of Education and Human Development,1,0
Working,2,Economics,Female,College and Graduate School of Arts & Sciences,1,1
I am continuing my education,2,Applied Statistics,Female,College and Graduate School of Arts & Sciences,0,1
I am continuing my education,3,Economics,Male,College and Graduate School of Arts & Sciences,0,1
Working,1,Engineering - Electrical Engineering,Male,School of Engineering & Applied Science,1,1
Working,3,Engineering - Chemical Engineering,Female,School of Engineering & Applied Science,1,1
Working,2,Economics,Female,College and Graduate School of Arts & Sciences,1,1
I am continuing my education,2,Government,Female,College and Graduate School of Arts & Sciences,0,1
I am continuing my education,0,American Studies - Interdisciplinary,Female,College and Graduate School of Arts & Sciences,0,0
Working,2,Applied Statistics,Female,College and Graduate School of Arts & Sciences,1,1
Working,2,Global Studies - Interdisciplinary,Female,College and Graduate School of Arts & Sciences,1,1
I am continuing my education,0,Chemistry,Male,College and Graduate School of Arts & Sciences,0,0
Working,2,Foreign Affairs,Male,College and Graduate School of Arts & Sciences,1,1
Working,1,French,Female,College and Graduate School of Arts & Sciences,1,1
I am continuing my education,2,Engineering - Computer Science,Male,School of Engineering & Applied Science,0,1
I am continuing my education,3,Engineering - Chemical Engineering,Female,School of Engineering & Applied Science,0,1
I am continuing my education,2,Neuroscience - Interdisciplinary,Female,College and Graduate School of Arts & Sciences,0,1
Working,3,Engineering - Computer Science,Female,School of Engineering & Applied Science,1,1
Working,0,Nursing,Female,School of Nursing,1,0
Working,2,Philosophy,Male,College and Graduate School of Arts & Sciences,1,1
Working,2,Engineering - Aerospace Engineering,Female,School of Engineering & Applied Science,1,1
I will be serving in the military,1,Government,Male,College and Graduate School of Arts & Sciences,0,1
Working,2,Engineering - Computer Science,Male,School of Engineering & Applied Science,1,1
I have not finalized my plans.  I am seeking employment or acceptance to an academic program,3,Government,Female,College and Graduate School of Arts & Sciences,0,1
I am continuing my education,0,Education - Kinesiology,Female,School of Education and Human Development,0,0
I am continuing my education,1,Political Philosophy Policy & Law - Interdisciplinary,Female,College and Graduate School of Arts & Sciences,0,1
I have accepted a fellowship,1,Biology,Male,College and Graduate School of Arts & Sciences,0,1
I have not finalized my plans.  I am seeking employment or acceptance to an academic program,0,Engineering - Biomedical Engineering,Male,School of Engineering & Applied Science,0,0
I have not finalized my plans.  I am seeking employment or acceptance to an academic program,0,Government,Male,College and Graduate School of Arts & Sciences,0,0
Working,0,Computer Science - Interdisciplinary,Female,College and Graduate School of Arts & Sciences,1,0
Working,2,Computer Science - Interdisciplinary,Male,College and Graduate School of Arts & Sciences,1,1
I have not finalized my plans.  I am seeking employment or acceptance to an academic program,2,Global Studies - Interdisciplinary,Female,College and Graduate School of Arts & Sciences,0,1
Working,1,Nursing,Female,School of Nursing,1,1
Working,0,Education - Counselor Education,Female,School of Education and Human Development,1,0
I am continuing my education,0,English,Female,College and Graduate School of Arts & Sciences,0,0
I am continuing my education,2,Engineering - Mechanical Engineering,Male,School of Engineering & Applied Science,0,1
I am continuing my education,2,Global Studies - Interdisciplinary,Male,College and Graduate School of Arts & Sciences,0,1
I am continuing my education,0,Biology,Female,College and Graduate School of Arts & Sciences,0,0
I have not finalized my plans.  I am seeking employment or acceptance to an academic program,1,Government,Female,College and Graduate School of Arts & Sciences,0,1
Working,2,Computer Science,Female,College and Graduate School of Arts & Sciences,1,1
I am continuing my education,0,Government,Male,College and Graduate School of Arts & Sciences,0,0
I have not finalized my plans.  I am seeking employment or acceptance to an academic program,0,Data Science,Female,School of Data Science,0,0
I have not finalized my plans.  I am seeking employment or acceptance to an academic program,1,American Studies - Interdisciplinary,Male,College and Graduate School of Arts & Sciences,0,1
Working,2,Computer Science - Interdisciplinary,Female,College and Graduate School of Arts & Sciences,1,1
I am continuing my education,1,Biology,Female,College and Graduate School of Arts & Sciences,0,1
I am continuing my education,0,Applied Statistics,Female,College and Graduate School of Arts & Sciences,0,0
I have not finalized my plans.  I am seeking employment or acceptance to an academic program,0,Chemistry,Female,College and Graduate School of Arts & Sciences,0,0
I am continuing my education,2,Education - Kinesiology,Male,School of Education and Human Development,0,1
Working,1,Engineering - Computer Science,Male,School of Engineering & Applied Science,1,1
Working,3,Cognitive Science - Interdisciplinary,Female,College and Graduate School of Arts & Sciences,1,1
Working,2,Education - Elementary Education,Female,School of Education and Human Development,1,1
Working,0,Cognitive Science - Interdisciplinary,Female,College and Graduate School of Arts & Sciences,1,0
Working,3,Economics,Female,College and Graduate School of Arts & Sciences,1,1
Working,3,Nursing,Female,School of Nursing,1,1
I have accepted a fellowship,1,Public Health,Female,School of Medicine,0,1
I am continuing my education,3,Economics,Male,College and Graduate School of Arts & Sciences,0,1
Working,2,French,Female,College and Graduate School of Arts & Sciences,1,1
I am continuing my education,1,Economics,Female,College and Graduate School of Arts & Sciences,0,1
Working,1,English,Female,College and Graduate School of Arts & Sciences,1,1
I have not finalized my plans.  I am seeking employment or acceptance to an academic program,2,Engineering - Engineering Science,Female,School of Engineering & Applied Science,0,1
Working,2,Economics,Male,College and Graduate School of Arts & Sciences,1,1
Working,1,Nursing,Female,School of Nursing,1,1
I am continuing my education,0,Sociology,Female,College and Graduate School of Arts & Sciences,0,0
Working,2,Biology,Female,College and Graduate School of Arts & Sciences,1,1
Working,3,Global Studies - Interdisciplinary,Male,College and Graduate School of Arts & Sciences,1,1
Working,0,Engineering - Computer Science,Male,School of Engineering & Applied Science,1,0
I am continuing my education,1,Foreign Affairs,Female,College and Graduate School of Arts & Sciences,0,1
I am continuing my education,3,Sociology,Female,College and Graduate School of Arts & Sciences,0,1
Working,2,Engineering - Mechanical Engineering,Female,School of Engineering & Applied Science,1,1
Working,1,Mathematics,Female,College and Graduate School of Arts & Sciences,1,1
I have not finalized my plans.  I am seeking employment or acceptance to an academic program,1,Cognitive Science - Interdisciplinary,Female,College and Graduate School of Arts & Sciences,0,1
Working,0,Education - Reading Education,Female,School of Education and Human Development,1,0
I have not finalized my plans.  I am seeking employment or acceptance to an academic program,1,Foreign Affairs,Female,College and Graduate School of Arts & Sciences,0,1
I have not finalized my plans.  I am seeking employment or acceptance to an academic program,2,Data Science,Male,School of Data Science,0,1
Working,1,Architecture - Urban & Environmental Planning,Female,School of Architecture,1,1
I am continuing my education,1,Education - Educational Psychology,Female,School of Education and Human Development,0,1
Working,0,Nursing,Male,School of Nursing,1,0
I am continuing my education,0,Data Science,Male,School of Data Science,0,0
Working,0,Public Safety,Male,School of Continuing and Professional Studies,1,0
I am continuing my education,1,Economics,Male,College and Graduate School of Arts & Sciences,0,1
Working,3,Environmental Sciences,Female,College and Graduate School of Arts & Sciences,1,1
I have not finalized my plans.  I am seeking employment or acceptance to an academic program,3,Data Science,Male,School of Data Science,0,1
I have not finalized my plans.  I am seeking employment or acceptance to an academic program,2,Art - Art History,Female,College and Graduate School of Arts & Sciences,0,1
Working,3,Architecture,Male,School of Architecture,1,1
I have not finalized my plans.  I am seeking employment or acceptance to an academic program,2,Economics,Female,College and Graduate School of Arts & Sciences,0,1
I have not finalized my plans.  I am seeking employment or acceptance to an academic program,0,Engineering - Biomedical Engineering,Female,School of Engineering & Applied Science,0,0
Working,2,Nursing,Female,School of Nursing,1,1
Working,2,Engineering - Electrical Engineering,Male,School of Engineering & Applied Science,1,1
Working,1,Economics,Female,College and Graduate School of Arts & Sciences,1,1
I am continuing my education,1,Architecture,Female,School of Architecture,0,1
I am continuing my education,3,Biology,Male,College and Graduate School of Arts & Sciences,0,1
Working,2,Engineering - Computer Engineering,Female,School of Engineering & Applied Science,1,1
I am continuing my education,2,Engineering - Biomedical Engineering,Female,School of Engineering & Applied Science,0,1
I am continuing my education,3,Engineering - Biomedical Engineering,Female,School of Engineering & Applied Science,0,1
I am continuing my education,2,Engineering - Biomedical Engineering,Female,School of Engineering & Applied Science,0,1
Working,0,Astronomy,Male,College and Graduate School of Arts & Sciences,1,0
Working,2,Economics,Male,College and Graduate School of Arts & Sciences,1,1
Working,2,Economics,Female,College and Graduate School of Arts & Sciences,1,1
Working,0,Mathematics,Female,College and Graduate School of Arts & Sciences,1,0
Working,2,Engineering - Systems Engineering,Male,School of Engineering & Applied Science,1,1
I am continuing my education,2,Biology,Female,College and Graduate School of Arts & Sciences,0,1
Working,3,Economics,Female,College and Graduate School of Arts & Sciences,1,1
Working,0,Engineering - Systems Engineering,Female,School of Engineering & Applied Science,1,0
I am continuing my education,2,Media Studies,Male,College and Graduate School of Arts & Sciences,0,1
Working,2,Engineering - Systems Engineering,Female,School of Engineering & Applied Science,1,1
I am continuing my education,1,Biology,Female,College and Graduate School of Arts & Sciences,0,1
Working,2,Computer Science - Interdisciplinary,Female,College and Graduate School of Arts & Sciences,1,1
I have not finalized my plans.  I am seeking employment or acceptance to an academic program,0,Foreign Affairs,Female,College and Graduate School of Arts & Sciences,0,0
I am continuing my education,3,Cognitive Science - Interdisciplinary,Male,College and Graduate School of Arts & Sciences,0,1
Working,0,Cognitive Science - Interdisciplinary,Female,College and Graduate School of Arts & Sciences,1,0
I am continuing my education,3,Engineering - Computer Engineering,Male,School of Engineering & Applied Science,0,1
Working,1,Architecture - Urban & Environmental Planning,Female,School of Architecture,1,1
Working,2,Biology,Male,College and Graduate School of Arts & Sciences,1,1
I have not finalized my plans.  I am seeking employment or acceptance to an academic program,0,Engineering - Chemical Engineering,Male,School of Engineering & Applied Science,0,0
Working,1,Media Studies,Female,College and Graduate School of Arts & Sciences,1,1
Working,1,English,Male,College and Graduate School of Arts & Sciences,1,1
I am continuing my education,1,Government,Female,College and Graduate School of Arts & Sciences,0,1
I am continuing my education,2,Biology,Female,College and Graduate School of Arts & Sciences,0,1
I am continuing my education,2,Education - Kinesiology,Female,School of Education and Human Development,0,1
I am continuing my education,2,Women Gender & Sexuality - Interdisciplinary,Female,College and Graduate School of Arts & Sciences,0,1
I have not finalized my plans.  I am seeking employment or acceptance to an academic program,3,Applied Statistics,Male,College and Graduate School of Arts & Sciences,0,1
I am continuing my education,0,Sociology,Female,College and Graduate School of Arts & Sciences,0,0
Working,2,Government,Male,College and Graduate School of Arts & Sciences,1,1
Working,1,Engineering - Aerospace Engineering,Male,School of Engineering & Applied Science,1,1
Working,3,Computer Science - Interdisciplinary,Male,College and Graduate School of Arts & Sciences,1,1
I am continuing my education,2,Government,Male,College and Graduate School of Arts & Sciences,0,1
Working,2,Chemistry,Female,College and Graduate School of Arts & Sciences,1,1
Working,2,Economics,Male,College and Graduate School of Arts & Sciences,1,1
Working,2,Architecture,Female,School of Architecture,1,1
Working,0,Biology,Female,College and Graduate School of Arts & Sciences,1,0
Working,0,Education - Reading Education,Female,School of Education and Human Development,1,0
Working,1,Chemistry,Male,College and Graduate School of Arts & Sciences,1,1
Working,1,Architecture - Urban & Environmental Planning,Male,School of Architecture,1,1
I have not finalized my plans.  I am seeking employment or acceptance to an academic program,0,Psychology,Male,College and Graduate School of Arts & Sciences,0,0
I am continuing my education,1,Statistics,Female,College and Graduate School of Arts & Sciences,0,1
Working,2,Psychology,Male,College and Graduate School of Arts & Sciences,1,1
Working,3,Architecture,Female,School of Architecture,1,1
I am continuing my education,0,Education - Speech Communication Disorders,Female,School of Education and Human Development,0,0
Working,3,History,Male,College and Graduate School of Arts & Sciences,1,1
I have not finalized my plans.  I am seeking employment or acceptance to an academic program,1,Biology,Female,College and Graduate School of Arts & Sciences,0,1
Working,2,Engineering - Chemical Engineering,Female,School of Engineering & Applied Science,1,1
I have not finalized my plans.  I am seeking employment or acceptance to an academic program,2,Political & Social Thought - Interdisciplinary,Female,College and Graduate School of Arts & Sciences,0,1
I am continuing my education,0,Biochemistry & Molecular Genetics,Female,School of Medicine,0,0
I will be volunteering,1,Philosophy,Male,College and Graduate School of Arts & Sciences,0,1
I am continuing my education,1,Education - Youth & Social Innovation,Female,School of Education and Human Development,0,1
Working,3,Economics,Male,College and Graduate School of Arts & Sciences,1,1
Working,2,Economics,Male,College and Graduate School of Arts & Sciences,1,1
I have not finalized my plans.  I am seeking employment or acceptance to an academic program,1,History,Female,College and Graduate School of Arts & Sciences,0,1
I have not finalized my plans.  I am seeking employment or acceptance to an academic program,2,Undeclared,Male,College and Graduate School of Arts & Sciences,0,1
I have accepted a fellowship,1,English,Male,College and Graduate School of Arts & Sciences,0,1
I am continuing my education,1,History,Female,College and Graduate School of Arts & Sciences,0,1
I have not finalized my plans.  I am seeking employment or acceptance to an academic program,1,Computer Science,Female,College and Graduate School of Arts & Sciences,0,1
Working,1,Economics,Female,College and Graduate School of Arts & Sciences,1,1
Working,2,Computer Science,Male,College and Graduate School of Arts & Sciences,1,1
I have not finalized my plans.  I am seeking employment or acceptance to an academic program,1,Computer Science,Female,College and Graduate School of Arts & Sciences,0,1
I am continuing my education,2,Global Studies - Interdisciplinary,Male,College and Graduate School of Arts & Sciences,0,1
Working,1,Education - Kinesiology,Male,School of Education and Human Development,1,1
Working,1,Cognitive Science - Interdisciplinary,Male,College and Graduate School of Arts & Sciences,1,1
Working,2,Foreign Affairs,Female,College and Graduate School of Arts & Sciences,1,1
Working,1,Sociology,Male,College and Graduate School of Arts & Sciences,1,1
Working,2,Nursing,Female,School of Nursing,1,1
Working,3,Engineering - Mechanical Engineering,Male,School of Engineering & Applied Science,1,1
I am continuing my education,2,Physics,Female,College and Graduate School of Arts & Sciences,0,1
I have not finalized my plans.  I am seeking employment or acceptance to an academic program,2,Psychology,Male,College and Graduate School of Arts & Sciences,0,1
I am continuing my education,2,Global Studies - Interdisciplinary,Female,College and Graduate School of Arts & Sciences,0,1
Working,0,Economics,Male,College and Graduate School of Arts & Sciences,1,0
I am continuing my education,1,Education - Kinesiology,Female,School of Education and Human Development,0,1
Working,2,Foreign Affairs,Female,College and Graduate School of Arts & Sciences,1,1
Working,1,Chemistry,Female,College and Graduate School of Arts & Sciences,1,1
I have not finalized my plans.  I am seeking employment or acceptance to an academic program,0,Drama,Female,College and Graduate School of Arts & Sciences,0,0
Working,2,Education - Youth & Social Innovation,Female,School of Education and Human Development,1,1
Working,2,Engineering - Civil Engineering,Female,School of Engineering & Applied Science,1,1
Working,3,Media Studies,Female,College and Graduate School of Arts & Sciences,1,1
I am continuing my education,1,Media Culture & Technology,Female,College and Graduate School of Arts & Sciences,0,1
Working,2,Education - Kinesiology,Female,School of Education and Human Development,1,1
Working,2,Economics,Male,College and Graduate School of Arts & Sciences,1,1
Working,3,Economics,Female,College and Graduate School of Arts & Sciences,1,1
I am continuing my education,1,Environmental Sciences,Female,College and Graduate School of Arts & Sciences,0,1
Working,0,Nursing,Female,School of Nursing,1,0
Working,3,Global Studies - Interdisciplinary,Female,College and Graduate School of Arts & Sciences,1,1
Working,0,Psychology,Female,College and Graduate School of Arts & Sciences,1,0
I am continuing my education,3,Architecture,Female,School of Architecture,0,1
Working,2,Cognitive Science - Interdisciplinary,Female,College and Graduate School of Arts & Sciences,1,1
Working,1,Nursing,Female,School of Nursing,1,1
I am continuing my education,1,Foreign Affairs,Male,College and Graduate School of Arts & Sciences,0,1
I am continuing my education,0,Chemistry,Female,College and Graduate School of Arts & Sciences,0,0
Working,2,History,Female,College and Graduate School of Arts & Sciences,1,1
I will be volunteering,3,Political & Social Thought - Interdisciplinary,Female,College and Graduate School of Arts & Sciences,0,1
I am continuing my education,3,Psychology,Male,College and Graduate School of Arts & Sciences,0,1
Working,2,Architecture - Landscape Architecture,Female,School of Architecture,1,1
Working,3,Spanish,Male,College and Graduate School of Arts & Sciences,1,1
Working,2,Computer Science - Interdisciplinary,Female,College and Graduate School of Arts & Sciences,1,1
Working,0,Statistics,Male,College and Graduate School of Arts & Sciences,1,0
I have not finalized my plans.  I am seeking employment or acceptance to an academic program,2,Architecture - Landscape Architecture,Male,School of Architecture,0,1
I am continuing my education,0,Government,Male,College and Graduate School of Arts & Sciences,0,0
I am continuing my education,0,Engineering - Aerospace Engineering,Male,School of Engineering & Applied Science,0,0
I am continuing my education,2,Architecture - Urban & Environmental Planning,Female,School of Architecture,0,1
I have accepted a fellowship,0,Chinese Language and Literature - Interdisciplinary,Female,College and Graduate School of Arts & Sciences,0,0
I have not finalized my plans.  I am seeking employment or acceptance to an academic program,1,Architecture,Male,School of Architecture,0,1
I have not finalized my plans.  I am seeking employment or acceptance to an academic program,0,Media Studies,Female,College and Graduate School of Arts & Sciences,0,0
I am continuing my education,2,Engineering - Computer Science,Male,School of Engineering & Applied Science,0,1
Working,1,Architecture,Male,School of Architecture,1,1
I am continuing my education,0,Education - Youth & Social Innovation,Male,School of Education and Human Development,0,0
Working,1,Psychology,Male,College and Graduate School of Arts & Sciences,1,1
I have not finalized my plans.  I am seeking employment or acceptance to an academic program,0,Music,Male,College and Graduate School of Arts & Sciences,0,0
I have not finalized my plans.  I am seeking employment or acceptance to an academic program,3,Architecture - Urban & Environmental Planning,Female,School of Architecture,0,1
I am continuing my education,1,Classics,Female,College and Graduate School of Arts & Sciences,0,1
Working,0,Education - English Education,Female,School of Education and Human Development,1,0
Working,2,Cognitive Science - Interdisciplinary,Female,College and Graduate School of Arts & Sciences,1,1
Working,1,Spanish,Female,College and Graduate School of Arts & Sciences,1,1
I have accepted a fellowship,3,Engineering - Systems Engineering,Female,School of Engineering & Applied Science,0,1
Working,1,Architecture,Female,School of Architecture,1,1
I have not finalized my plans.  I am seeking employment or acceptance to an academic program,0,Engineering - Computer Science,Male,School of Engineering & Applied Science,0,0
I have not finalized my plans.  I am seeking employment or acceptance to an academic program,0,Architecture,Male,School of Architecture,0,0
Working,0,Architecture,Female,School of Architecture,1,0
Working,2,Architecture,Female,School of Architecture,1,1
Working,0,Nursing,Female,School of Nursing,1,0
Working,0,Nursing,Female,School of Nursing,1,0
I have not finalized my plans.  I am seeking employment or acceptance to an academic program,2,Architecture - Landscape Architecture,Female,School of Architecture,0,1
Working,1,Architecture - Urban & Environmental Planning,Female,School of Architecture,1,1
Working,1,Architecture,Female,School of Architecture,1,1
I have not finalized my plans.  I am seeking employment or acceptance to an academic program,1,Architecture,Female,School of Architecture,0,1
Working,2,Computer Science - Interdisciplinary,Female,College and Graduate School of Arts & Sciences,1,1
Working,2,Engineering - Civil Engineering,Male,School of Engineering & Applied Science,1,1
Working,2,Economics,Male,College and Graduate School of Arts & Sciences,1,1
Working,0,Engineering - Computer Engineering,Male,School of Engineering & Applied Science,1,0
Working,3,Architecture,Female,School of Architecture,1,1
Working,2,Engineering - Electrical Engineering,Male,School of Engineering & Applied Science,1,1
I have not finalized my plans.  I am seeking employment or acceptance to an academic program,1,Media Studies,Female,College and Graduate School of Arts & Sciences,0,1
Working,2,Art - Art History,Female,College and Graduate School of Arts & Sciences,1,1
I am continuing my education,3,Spanish,Female,College and Graduate School of Arts & Sciences,0,1
Working,1,Architecture,Female,School of Architecture,1,1
Working,0,Public Safety,Male,School of Continuing and Professional Studies,1,0
Working,0,Biology,Female,College and Graduate School of Arts & Sciences,1,0
Working,2,Global Studies - Interdisciplinary,Female,College and Graduate School of Arts & Sciences,1,1
Working,0,Architecture,Female,School of Architecture,1,0
I am continuing my education,3,Psychology,Male,College and Graduate School of Arts & Sciences,0,1
I am continuing my education,0,Education - Speech Communication Disorders,Female,School of Education and Human Development,0,0
I am continuing my education,2,Mathematics,Male,College and Graduate School of Arts & Sciences,0,1
Working,1,Chemistry,Female,College and Graduate School of Arts & Sciences,1,1
I am continuing my education,3,Engineering - Civil Engineering,Female,School of Engineering & Applied Science,0,1
Working,2,Media Studies,Female,College and Graduate School of Arts & Sciences,1,1
I have not finalized my plans.  I am seeking employment or acceptance to an academic program,1,Architecture - Urban & Environmental Planning,Male,School of Architecture,0,1
Working,2,Architecture,Female,School of Architecture,1,1
Working,2,Architecture,Male,School of Architecture,1,1
I am continuing my education,2,Sociology,Female,College and Graduate School of Arts & Sciences,0,1
I am taking a break,1,Engineering - Biomedical Engineering,Female,School of Engineering & Applied Science,0,1
Working,1,Data Science,Female,School of Data Science,1,1
Working,1,Nursing,Female,School of Nursing,1,1
Working,2,Media Studies,Female,College and Graduate School of Arts & Sciences,1,1
I have not finalized my plans.  I am seeking employment or acceptance to an academic program,0,Anthropology,Male,College and Graduate School of Arts & Sciences,0,0
I have not finalized my plans.  I am seeking employment or acceptance to an academic program,1,Global Studies - Interdisciplinary,Female,College and Graduate School of Arts & Sciences,0,1
Working,2,Foreign Affairs,Female,College and Graduate School of Arts & Sciences,1,1
I am continuing my education,0,Psychology,Female,College and Graduate School of Arts & Sciences,0,0
Working,3,Engineering - Civil Engineering,Male,School of Engineering & Applied Science,1,1
I have not finalized my plans.  I am seeking employment or acceptance to an academic program,1,Cognitive Science - Interdisciplinary,Male,College and Graduate School of Arts & Sciences,0,1
I have not finalized my plans.  I am seeking employment or acceptance to an academic program,0,Cognitive Science - Interdisciplinary,Female,College and Graduate School of Arts & Sciences,0,0
I am continuing my education,2,Engineering - Mechanical Engineering,Male,School of Engineering & Applied Science,0,1
I am continuing my education,0,Chemistry,Female,College and Graduate School of Arts & Sciences,0,0
I am continuing my education,1,Applied Statistics,Male,College and Graduate School of Arts & Sciences,0,1
I am continuing my education,3,Economics,Male,College and Graduate School of Arts & Sciences,0,1
I am continuing my education,3,Global Studies - Interdisciplinary,Female,College and Graduate School of Arts & Sciences,0,1
Working,3,Engineering - Computer Science,Male,School of Engineering & Applied Science,1,1
Working,1,Nursing,Female,School of Nursing,1,1
Working,2,Education - Youth & Social Innovation,Female,School of Education and Human Development,1,1
I have not finalized my plans.  I am seeking employment or acceptance to an academic program,2,Data Science,Female,School of Data Science,0,1
I am continuing my education,0,Biology,Female,College and Graduate School of Arts & Sciences,0,0
I am continuing my education,2,Neuroscience - Interdisciplinary,Female,College and Graduate School of Arts & Sciences,0,1
I am continuing my education,0,Chemistry,Male,College and Graduate School of Arts & Sciences,0,0
Working,2,Engineering - Civil Engineering,Female,School of Engineering & Applied Science,1,1
Working,2,Engineering - Computer Science,Male,School of Engineering & Applied Science,1,1
Working,1,Nursing,Female,School of Nursing,1,1
I am continuing my education,1,History,Male,College and Graduate School of Arts & Sciences,0,1
Working,0,Education - Administration & Supervision,Female,School of Education and Human Development,1,0
Working,1,Engineering - Computer Science,Female,School of Engineering & Applied Science,1,1
I am continuing my education,1,Computer Science - Interdisciplinary,Male,College and Graduate School of Arts & Sciences,0,1
Working,3,Applied Statistics,Male,College and Graduate School of Arts & Sciences,1,1
I am continuing my education,2,Political & Social Thought - Interdisciplinary,Male,College and Graduate School of Arts & Sciences,0,1
Working,2,Applied Statistics,Female,College and Graduate School of Arts & Sciences,1,1
Working,0,Education - Athletic Training,Female,School of Education and Human Development,1,0
I am continuing my education,0,Biology,Female,College and Graduate School of Arts & Sciences,0,0
I am continuing my education,1,Architecture,Female,School of Architecture,0,1
Working,1,Nursing,Female,School of Nursing,1,1
Working,2,Mathematics,Male,College and Graduate School of Arts & Sciences,1,1
Working,2,Architecture,Male,School of Architecture,1,1
Working,1,Economics,Female,College and Graduate School of Arts & Sciences,1,1
I am continuing my education,3,History,Female,College and Graduate School of Arts & Sciences,0,1
Working,2,American Studies - Interdisciplinary,Female,College and Graduate School of Arts & Sciences,1,1
I am continuing my education,3,Architecture,Female,School of Architecture,0,1
I have not finalized my plans.  I am seeking employment or acceptance to an academic program,2,Architecture - Landscape Architecture,Female,School of Architecture,0,1
Working,1,Economics,Female,College and Graduate School of Arts & Sciences,1,1
Working,2,Economics,Male,College and Graduate School of Arts & Sciences,1,1
I am taking a break,1,Computer Science - Interdisciplinary,Female,College and Graduate School of Arts & Sciences,0,1
I have not finalized my plans.  I am seeking employment or acceptance to an academic program,1,Architecture - Urban & Environmental Planning,Male,School of Architecture,0,1
I have not finalized my plans.  I am seeking employment or acceptance to an academic program,0,English,Female,College and Graduate School of Arts & Sciences,0,0
I have not finalized my plans.  I am seeking employment or acceptance to an academic program,1,Data Science,Female,School of Data Science,0,1
I have not finalized my plans.  I am seeking employment or acceptance to an academic program,1,Data Science,Male,School of Data Science,0,1
Working,0,Economics,Male,College and Graduate School of Arts & Sciences,1,0
Working,0,Psychology,Female,College and Graduate School of Arts & Sciences,1,0
Working,2,Education - Kinesiology,Female,School of Education and Human Development,1,1
I have not finalized my plans.  I am seeking employment or acceptance to an academic program,2,History,Male,College and Graduate School of Arts & Sciences,0,1
Working,2,Economics,Male,College and Graduate School of Arts & Sciences,1,1
I am continuing my education,3,Architecture,Female,School of Architecture,0,1
Working,3,Interdisciplinary (SCPS-BIS),Male,School of Continuing and Professional Studies,1,1
I have not finalized my plans.  I am seeking employment or acceptance to an academic program,3,Global Studies - Interdisciplinary,Female,College and Graduate School of Arts & Sciences,0,1
Working,1,Nursing,Female,School of Nursing,1,1
Working,0,Nursing,Male,School of Nursing,1,0
I have not finalized my plans.  I am seeking employment or acceptance to an academic program,0,French,Male,College and Graduate School of Arts & Sciences,0,0
I have not finalized my plans.  I am seeking employment or acceptance to an academic program,1,Music,Male,College and Graduate School of Arts & Sciences,0,1
I have not finalized my plans.  I am seeking employment or acceptance to an academic program,3,English,Male,College and Graduate School of Arts & Sciences,0,1
I have not finalized my plans.  I am seeking employment or acceptance to an academic program,1,Architecture - Urban & Environmental Planning,Female,School of Architecture,0,1
Working,1,Computer Science - Interdisciplinary,Male,College and Graduate School of Arts & Sciences,1,1
I am continuing my education,3,Government,Female,College and Graduate School of Arts & Sciences,0,1
I have not finalized my plans.  I am seeking employment or acceptance to an academic program,2,Architecture - Architectural History,Male,School of Architecture,0,1
Working,0,Architecture - Constructed Environment,Female,School of Architecture,1,0
I have not finalized my plans.  I am seeking employment or acceptance to an academic program,2,Education - Elementary Education,Female,School of Education and Human Development,0,1
Working,0,Nursing,Female,School of Nursing,1,0
Working,0,Nursing,Female,School of Nursing,1,0
Working,2,Economics,Male,College and Graduate School of Arts & Sciences,1,1
I have not finalized my plans.  I am seeking employment or acceptance to an academic program,3,Architecture - Urban & Environmental Planning,Female,School of Architecture,0,1
I have not finalized my plans.  I am seeking employment or acceptance to an academic program,2,Architecture,Female,School of Architecture,0,1
I have accepted a fellowship,3,Data Science,Female,School of Data Science,0,1
I am continuing my education,0,Engineering - Computer Science,Female,School of Engineering & Applied Science,0,0
Working,0,Education - Special Education,Male,School of Education and Human Development,1,0
I have not finalized my plans.  I am seeking employment or acceptance to an academic program,0,Biology,Female,College and Graduate School of Arts & Sciences,0,0
Working,0,Education - Reading Education,Female,School of Education and Human Development,1,0
I have not finalized my plans.  I am seeking employment or acceptance to an academic program,0,Education - Curriculum & Instruction,Male,School of Education and Human Development,0,0
Working,0,Data Science,Male,School of Data Science,1,0
I am continuing my education,0,Mathematics,Female,College and Graduate School of Arts & Sciences,0,0
I am continuing my education,0,Foreign Affairs,Male,College and Graduate School of Arts & Sciences,0,0
Working,3,Engineering - Computer Science,Male,School of Engineering & Applied Science,1,1
Working,2,Architecture - Urban & Environmental Planning,Male,School of Architecture,1,1
Working,0,Engineering - Materials Science & Engineering,Male,School of Engineering & Applied Science,1,0
Working,2,Education - Speech Communication Disorders,Female,School of Education and Human Development,1,1
I have not finalized my plans.  I am seeking employment or acceptance to an academic program,1,Architecture,Male,School of Architecture,0,1
I am continuing my education,0,Biology,Female,College and Graduate School of Arts & Sciences,0,0
I have not finalized my plans.  I am seeking employment or acceptance to an academic program,1,Architecture,Female,School of Architecture,0,1
I am continuing my education,1,Cognitive Science - Interdisciplinary,Female,College and Graduate School of Arts & Sciences,0,1
I am continuing my education,3,Media Studies,Male,College and Graduate School of Arts & Sciences,0,1
I have not finalized my plans.  I am seeking employment or acceptance to an academic program,0,Chemistry,Female,College and Graduate School of Arts & Sciences,0,0
Working,2,Environmental Thought & Practice - Interdisciplinary,Female,College and Graduate School of Arts & Sciences,1,1
Working,0,Biology,Male,College and Graduate School of Arts & Sciences,1,0
Working,1,Engineering - Civil Engineering,Female,School of Engineering & Applied Science,1,1
I have not finalized my plans.  I am seeking employment or acceptance to an academic program,2,Environmental Sciences,Female,College and Graduate School of Arts & Sciences,0,1
Working,2,Statistics,Male,College and Graduate School of Arts & Sciences,1,1
Working,0,Education - Special Education,Female,School of Education and Human Development,1,0
I am continuing my education,3,Education - Kinesiology,Female,School of Education and Human Development,0,1
Working,0,Neuroscience - Interdisciplinary,Female,College and Graduate School of Arts & Sciences,1,0
Working,0,Nursing,Female,School of Nursing,1,0
I am continuing my education,0,Applied Statistics,Female,College and Graduate School of Arts & Sciences,0,0
Working,1,Education - Administration & Supervision,Female,School of Education and Human Development,1,1
Working,3,Economics,Male,College and Graduate School of Arts & Sciences,1,1
Working,2,American Studies - Interdisciplinary,Female,College and Graduate School of Arts & Sciences,1,1
Working,0,Data Science,Male,School of Data Science,1,0
I am continuing my education,0,Education - Kinesiology,Female,School of Education and Human Development,0,0
Working,1,Applied Statistics,Male,College and Graduate School of Arts & Sciences,1,1
I have not finalized my plans.  I am seeking employment or acceptance to an academic program,1,Architecture,Female,School of Architecture,0,1
I have not finalized my plans.  I am seeking employment or acceptance to an academic program,2,Psychology,Female,College and Graduate School of Arts & Sciences,0,1
I am continuing my education,2,Global Studies - Interdisciplinary,Male,College and Graduate School of Arts & Sciences,0,1
I have not finalized my plans.  I am seeking employment or acceptance to an academic program,2,Public Health,Female,School of Medicine,0,1
Working,2,Psychology,Male,College and Graduate School of Arts & Sciences,1,1
I am continuing my education,0,Anthropology,Male,College and Graduate School of Arts & Sciences,0,0
Working,1,Data Science,Male,School of Data Science,1,1
I am continuing my education,2,Computer Science,Male,College and Graduate School of Arts & Sciences,0,1
I am continuing my education,2,Education - Kinesiology,Female,School of Education and Human Development,0,1
I am continuing my education,3,Global Studies - Interdisciplinary,Female,College and Graduate School of Arts & Sciences,0,1
Working,3,Education - Athletic Training,Female,School of Education and Human Development,1,1
Working,0,Psychology,Female,College and Graduate School of Arts & Sciences,1,0
I am taking a break,2,Engineering - Electrical Engineering,Male,School of Engineering & Applied Science,0,1
I have not finalized my plans.  I am seeking employment or acceptance to an academic program,3,Education - Kinesiology,Male,School of Education and Human Development,0,1
Working,0,Nursing,Female,School of Nursing,1,0
Working,1,Nursing,Male,School of Nursing,1,1
Working,0,Nursing,Female,School of Nursing,1,0
Working,1,Religious Studies,Female,College and Graduate School of Arts & Sciences,1,1
I have not finalized my plans.  I am seeking employment or acceptance to an academic program,0,Chemistry,Female,College and Graduate School of Arts & Sciences,0,0
I am continuing my education,0,Interdisciplinary (SCPS-BIS),Female,School of Continuing and Professional Studies,0,0
Working,1,Economics,Female,College and Graduate School of Arts & Sciences,1,1
Working,0,Education - Kinesiology,Female,School of Education and Human Development,1,0
Working,2,Media Studies,Female,College and Graduate School of Arts & Sciences,1,1
I have not finalized my plans.  I am seeking employment or acceptance to an academic program,0,Biology,Female,College and Graduate School of Arts & Sciences,0,0
I have not finalized my plans.  I am seeking employment or acceptance to an academic program,0,Architecture - Architectural History,Male,School of Architecture,0,0
Working,0,Engineering - Biomedical Engineering,Female,School of Engineering & Applied Science,1,0
I am continuing my education,1,Spanish,Female,College and Graduate School of Arts & Sciences,0,1
I have not finalized my plans.  I am seeking employment or acceptance to an academic program,3,Psychology,Female,College and Graduate School of Arts & Sciences,0,1
I am continuing my education,0,Chemistry,Male,College and Graduate School of Arts & Sciences,0,0
Working,2,Global Studies - Interdisciplinary,Male,College and Graduate School of Arts & Sciences,1,1
I am continuing my education,0,English,Female,College and Graduate School of Arts & Sciences,0,0
Working,0,Nursing,Female,School of Nursing,1,0
Working,3,Education - Speech Communication Disorders,Female,School of Education and Human Development,1,1
I have not finalized my plans.  I am seeking employment or acceptance to an academic program,1,Biology,Female,College and Graduate School of Arts & Sciences,0,1
I am continuing my education,1,Cognitive Science - Interdisciplinary,Female,College and Graduate School of Arts & Sciences,0,1
Working,2,Economics,Male,College and Graduate School of Arts & Sciences,1,1
Working,3,Economics,Female,College and Graduate School of Arts & Sciences,1,1
Working,1,Engineering - Aerospace Engineering,Male,School of Engineering & Applied Science,1,1
I am continuing my education,2,Media Studies,Female,College and Graduate School of Arts & Sciences,0,1
I am continuing my education,0,Biology,Female,College and Graduate School of Arts & Sciences,0,0
I am continuing my education,0,Government,Female,College and Graduate School of Arts & Sciences,0,0
I have not finalized my plans.  I am seeking employment or acceptance to an academic program,0,History,Male,College and Graduate School of Arts & Sciences,0,0
I am continuing my education,2,Education - Youth & Social Innovation,Female,School of Education and Human Development,0,1
Working,2,Nursing,Female,School of Nursing,1,1
I am continuing my education,0,Sociology,Male,College and Graduate School of Arts & Sciences,0,0
Working,2,Engineering - Computer Engineering,Male,School of Engineering & Applied Science,1,1
Working,2,Religious Studies,Male,College and Graduate School of Arts & Sciences,1,1
I am continuing my education,0,Global Studies - Interdisciplinary,Female,College and Graduate School of Arts & Sciences,0,0
I have not finalized my plans.  I am seeking employment or acceptance to an academic program,0,Education - Kinesiology,Female,School of Education and Human Development,0,0
Working,3,Engineering - Computer Science,Female,School of Engineering & Applied Science,1,1
I am continuing my education,3,Applied Statistics,Male,College and Graduate School of Arts & Sciences,0,1
Working,2,Nursing,Female,School of Nursing,1,1
I am continuing my education,1,Engineering - Civil Engineering,Female,School of Engineering & Applied Science,0,1
I have not finalized my plans.  I am seeking employment or acceptance to an academic program,2,Foreign Affairs,Female,College and Graduate School of Arts & Sciences,0,1
Working,3,Engineering - Computer Science,Male,School of Engineering & Applied Science,1,1
Working,0,Nursing,Female,School of Nursing,1,0
I am continuing my education,0,Chemistry,Female,College and Graduate School of Arts & Sciences,0,0
I have not finalized my plans.  I am seeking employment or acceptance to an academic program,0,Nursing,Female,School of Nursing,0,0
Working,0,Education - Youth & Social Innovation,Female,School of Education and Human Development,1,0
I have not finalized my plans.  I am seeking employment or acceptance to an academic program,0,Chemistry,Male,College and Graduate School of Arts & Sciences,0,0
Working,0,Nursing,Female,School of Nursing,1,0
Working,3,Government - Foreign Affairs,Female,College and Graduate School of Arts & Sciences,1,1
Working,0,Classics,Male,College and Graduate School of Arts & Sciences,1,0
Working,1,Applied Statistics,Female,College and Graduate School of Arts & Sciences,1,1
Working,1,Engineering - Aerospace Engineering,Male,School of Engineering & Applied Science,1,1
I am continuing my education,2,Drama,Female,College and Graduate School of Arts & Sciences,0,1
Working,0,Health Sciences Management (SCPS),Female,School of Continuing and Professional Studies,1,0
Working,0,Data Science,Male,School of Data Science,1,0
I have not finalized my plans.  I am seeking employment or acceptance to an academic program,1,Data Science,Female,School of Data Science,0,1
I am continuing my education,1,History,Female,College and Graduate School of Arts & Sciences,0,1
I have not finalized my plans.  I am seeking employment or acceptance to an academic program,3,Architecture,Female,School of Architecture,0,1
Working,1,Education - Elementary Education,Female,School of Education and Human Development,1,1
Working,0,Public Safety,Male,School of Continuing and Professional Studies,1,0
I have not finalized my plans.  I am seeking employment or acceptance to an academic program,2,Architecture,Male,School of Architecture,0,1
Working,1,Education - Athletic Training,Female,School of Education and Human Development,1,1
I am continuing my education,0,Data Science,Female,School of Data Science,0,0
I am continuing my education,2,Physics,Male,College and Graduate School of Arts & Sciences,0,1
Working,3,Architecture,Female,School of Architecture,1,1
I am continuing my education,0,Engineering - Systems Engineering,Male,School of Engineering & Applied Science,0,0
Working,0,Public Safety,Female,School of Continuing and Professional Studies,1,0
I am continuing my education,2,Education - Youth & Social Innovation,Female,School of Education and Human Development,0,1
Working,0,Nursing,Male,School of Nursing,1,0
Working,3,Engineering - Mechanical Engineering,Male,School of Engineering & Applied Science,1,1
Working,0,Education - Curriculum & Instruction,Female,School of Education and Human Development,1,0
Working,0,Global Studies - Interdisciplinary,Female,College and Graduate School of Arts & Sciences,1,0
Working,1,Sociology,Female,College and Graduate School of Arts & Sciences,1,1
I am continuing my education,0,History,Female,College and Graduate School of Arts & Sciences,0,0
Working,0,Environmental Sciences,Female,College and Graduate School of Arts & Sciences,1,0
Working,3,Computer Science - Interdisciplinary,Female,College and Graduate School of Arts & Sciences,1,1
Working,1,Engineering - Computer Science,Male,School of Engineering & Applied Science,1,1
Working,1,Economics,Female,College and Graduate School of Arts & Sciences,1,1
Working,2,Education - Science Education,Female,School of Education and Human Development,1,1
Working,2,Education - Elementary Education,Female,School of Education and Human Development,1,1
Working,1,Mathematics,Female,College and Graduate School of Arts & Sciences,1,1
Working,0,Education - Mathematics Education,Female,School of Education and Human Development,1,0
I have not finalized my plans.  I am seeking employment or acceptance to an academic program,1,Architecture - Urban & Environmental Planning,Male,School of Architecture,0,1
Working,0,Nursing,Female,School of Nursing,1,0
I am continuing my education,2,Education - Youth & Social Innovation,Female,School of Education and Human Development,0,1
I have not finalized my plans.  I am seeking employment or acceptance to an academic program,0,Global Studies - Interdisciplinary,Female,College and Graduate School of Arts & Sciences,0,0
I am continuing my education,2,Applied Statistics,Female,College and Graduate School of Arts & Sciences,0,1
I am continuing my education,2,Environmental Sciences,Male,College and Graduate School of Arts & Sciences,0,1
Working,0,Nursing,Female,School of Nursing,1,0
Working,0,Nursing,Female,School of Nursing,1,0
Working,2,Education - Elementary Education,Female,School of Education and Human Development,1,1
Working,3,History,Male,College and Graduate School of Arts & Sciences,1,1
Working,2,Engineering - Aerospace Engineering,Female,School of Engineering & Applied Science,1,1
I have not finalized my plans.  I am seeking employment or acceptance to an academic program,0,Architecture - Architectural History,Female,School of Architecture,0,0
Working,1,Architecture - Architectural History,Female,School of Architecture,1,1
Working,0,Nursing,Female,School of Nursing,1,0
I have not finalized my plans.  I am seeking employment or acceptance to an academic program,1,Architecture - Architectural History,Female,School of Architecture,0,1
I have accepted a fellowship,1,Economics,Female,College and Graduate School of Arts & Sciences,0,1
I am continuing my education,0,Religious Studies,Male,College and Graduate School of Arts & Sciences,0,0
Working,0,Physics,Male,College and Graduate School of Arts & Sciences,1,0
Working,2,Education - Science Education,Male,School of Education and Human Development,1,1
Working,2,Architecture - Architectural History,Female,School of Architecture,1,1
Working,2,Education - Social Studies Education,Female,School of Education and Human Development,1,1
Working,0,Education - Special Education,Female,School of Education and Human Development,1,0
Working,2,Global Studies - Interdisciplinary,Male,College and Graduate School of Arts & Sciences,1,1
I have not finalized my plans.  I am seeking employment or acceptance to an academic program,2,Architecture - Landscape Architecture,Female,School of Architecture,0,1
I have not finalized my plans.  I am seeking employment or acceptance to an academic program,2,Cognitive Science - Interdisciplinary,Female,College and Graduate School of Arts & Sciences,0,1
Working,2,Engineering - Computer Engineering,Male,School of Engineering & Applied Science,1,1
Working,3,Architecture - Landscape Architecture,Female,School of Architecture,1,1
Working,1,Psychology,Female,College and Graduate School of Arts & Sciences,1,1
Working,3,Engineering - Systems Engineering,Female,School of Engineering & Applied Science,1,1
Working,0,Education - Reading Education,Female,School of Education and Human Development,1,0
I have not finalized my plans.  I am seeking employment or acceptance to an academic program,0,Biology,Female,College and Graduate School of Arts & Sciences,0,0
Working,3,Architecture - Urban & Environmental Planning,Male,School of Architecture,1,1
I have not finalized my plans.  I am seeking employment or acceptance to an academic program,2,History,Male,College and Graduate School of Arts & Sciences,0,1
I am continuing my education,2,Applied Statistics,Male,College and Graduate School of Arts & Sciences,0,1
I am continuing my education,3,Engineering - Biomedical Engineering,Female,School of Engineering & Applied Science,0,1
I have not finalized my plans.  I am seeking employment or acceptance to an academic program,0,Engineering - Computer Science,Female,School of Engineering & Applied Science,0,0
Working,2,Education - Elementary Education,Female,School of Education and Human Development,1,1
Working,2,Education - Special Education,Female,School of Education and Human Development,1,1
I am continuing my education,0,Religious Studies,Male,College and Graduate School of Arts & Sciences,0,0
Working,1,Psychology,Female,College and Graduate School of Arts & Sciences,1,1
I am continuing my education,3,Government,Female,College and Graduate School of Arts & Sciences,0,1
I have not finalized my plans.  I am seeking employment or acceptance to an academic program,3,Education - Higher Education,Female,School of Education and Human Development,0,1
I am continuing my education,1,Biology,Female,College and Graduate School of Arts & Sciences,0,1
I am continuing my education,0,Engineering - Biomedical Engineering,Male,School of Engineering & Applied Science,0,0
Working,2,Computer Science - Interdisciplinary,Female,College and Graduate School of Arts & Sciences,1,1
Working,1,Government,Male,College and Graduate School of Arts & Sciences,1,1
Working,1,Economics,Male,College and Graduate School of Arts & Sciences,1,1
I am continuing my education,2,Global Studies - Interdisciplinary,Female,College and Graduate School of Arts & Sciences,0,1
Working,1,Neuroscience - Interdisciplinary,Female,College and Graduate School of Arts & Sciences,1,1
I am continuing my education,3,Education - Elementary Education,Female,School of Education and Human Development,0,1
I have not finalized my plans.  I am seeking employment or acceptance to an academic program,0,Data Science,Female,School of Data Science,0,0
Working,2,Engineering - Computer Science,Male,School of Engineering & Applied Science,1,1
Working,1,Computer Science - Interdisciplinary,Female,College and Graduate School of Arts & Sciences,1,1
Working,1,Foreign Affairs,Female,College and Graduate School of Arts & Sciences,1,1
Working,1,Foreign Affairs,Male,College and Graduate School of Arts & Sciences,1,1
Working,1,Architecture - Landscape Architecture,Female,School of Architecture,1,1
Working,2,Physics,Male,College and Graduate School of Arts & Sciences,1,1
Working,1,Business Administration,Female,Darden Graduate School of Business Administration,1,1
I am taking a break,1,Architecture,Female,School of Architecture,0,1
Working,2,Education - Social Studies Education,Female,School of Education and Human Development,1,1
Working,2,Architecture - Landscape Architecture,Female,School of Architecture,1,1
Working,0,Biology,Female,College and Graduate School of Arts & Sciences,1,0
I have not finalized my plans.  I am seeking employment or acceptance to an academic program,0,Astronomy-Physics,Male,College and Graduate School of Arts & Sciences,0,0
Working,1,Nursing,Female,School of Nursing,1,1
Working,3,Architecture,Female,School of Architecture,1,1
I have not finalized my plans.  I am seeking employment or acceptance to an academic program,2,Nursing,Female,School of Nursing,0,1
I have not finalized my plans.  I am seeking employment or acceptance to an academic program,1,Engineering - Biomedical Engineering,Male,School of Engineering & Applied Science,0,1
I am continuing my education,1,Foreign Affairs,Male,College and Graduate School of Arts & Sciences,0,1
I am continuing my education,3,Engineering - Systems Engineering,Male,School of Engineering & Applied Science,0,1
I have not finalized my plans.  I am seeking employment or acceptance to an academic program,1,Philosophy,Female,College and Graduate School of Arts & Sciences,0,1
I have not finalized my plans.  I am seeking employment or acceptance to an academic program,3,History,Female,College and Graduate School of Arts & Sciences,0,1
I have not finalized my plans.  I am seeking employment or acceptance to an academic program,1,Biology,Male,College and Graduate School of Arts & Sciences,0,1
I have not finalized my plans.  I am seeking employment or acceptance to an academic program,2,Media Studies,Female,College and Graduate School of Arts & Sciences,0,1
I am continuing my education,3,Foreign Affairs,Female,College and Graduate School of Arts & Sciences,0,1
I have not finalized my plans.  I am seeking employment or acceptance to an academic program,0,Chemistry,Male,College and Graduate School of Arts & Sciences,0,0
Working,0,Education - Elementary Education,Female,School of Education and Human Development,1,0
I have not finalized my plans.  I am seeking employment or acceptance to an academic program,3,Economics,Male,College and Graduate School of Arts & Sciences,0,1
I have not finalized my plans.  I am seeking employment or acceptance to an academic program,1,Economics,Female,College and Graduate School of Arts & Sciences,0,1
I am continuing my education,1,Engineering - Biomedical Engineering,Female,School of Engineering & Applied Science,0,1
I have not finalized my plans.  I am seeking employment or acceptance to an academic program,0,Applied Statistics,Male,College and Graduate School of Arts & Sciences,0,0
I am continuing my education,3,Education - Kinesiology,Female,School of Education and Human Development,0,1
Working,2,Law,Male,School of Law,1,1
I am continuing my education,2,Sociology,Female,College and Graduate School of Arts & Sciences,0,1
I will be serving in the military,0,Global Studies - Interdisciplinary,Female,College and Graduate School of Arts & Sciences,0,0
Working,0,Education - Curriculum & Instruction,Female,School of Education and Human Development,1,0
Working,3,Psychology,Female,College and Graduate School of Arts & Sciences,1,1
Working,0,Clinical Research,Male,School of Medicine,1,0
I have not finalized my plans.  I am seeking employment or acceptance to an academic program,0,Global Studies - Interdisciplinary,Male,College and Graduate School of Arts & Sciences,0,0
Working,2,Law,Female,School of Law,1,1
I am continuing my education,0,Biology,Female,College and Graduate School of Arts & Sciences,0,0
I am continuing my education,1,Government,Male,College and Graduate School of Arts & Sciences,0,1
I am continuing my education,2,American Studies - Interdisciplinary,Female,College and Graduate School of Arts & Sciences,0,1
Working,2,Sociology,Male,College and Graduate School of Arts & Sciences,1,1
I am continuing my education,0,Chemistry,Female,College and Graduate School of Arts & Sciences,0,0
Working,2,Computer Science - Interdisciplinary,Female,College and Graduate School of Arts & Sciences,1,1
Working,2,Psychology,Female,College and Graduate School of Arts & Sciences,1,1
Working,0,Environmental Sciences,Female,College and Graduate School of Arts & Sciences,1,0
I have not finalized my plans.  I am seeking employment or acceptance to an academic program,2,Media Studies,Female,College and Graduate School of Arts & Sciences,0,1
Working,2,Law,Female,School of Law,1,1
I am taking a break,0,American Studies - Interdisciplinary,Female,College and Graduate School of Arts & Sciences,0,0
I have not finalized my plans.  I am seeking employment or acceptance to an academic program,1,Cognitive Science - Interdisciplinary,Female,College and Graduate School of Arts & Sciences,0,1
Working,0,Music,Male,College and Graduate School of Arts & Sciences,1,0
I have not finalized my plans.  I am seeking employment or acceptance to an academic program,1,Cognitive Science - Interdisciplinary,Male,College and Graduate School of Arts & Sciences,0,1
Working,1,Computer Science - Interdisciplinary,Male,College and Graduate School of Arts & Sciences,1,1
I have not finalized my plans.  I am seeking employment or acceptance to an academic program,3,Education - Speech Communication Disorders,Female,School of Education and Human Development,0,1
Working,0,Chemistry,Female,College and Graduate School of Arts & Sciences,1,0
Working,1,Neuroscience - Interdisciplinary,Male,College and Graduate School of Arts & Sciences,1,1
Working,0,Architecture,Female,School of Architecture,1,0
Working,3,Engineering - Mechanical Engineering,Male,School of Engineering & Applied Science,1,1
I am continuing my education,1,Linguistics,Male,College and Graduate School of Arts & Sciences,0,1
Working,1,Nursing,Female,School of Nursing,1,1
Working,1,Engineering - Computer Science,Male,School of Engineering & Applied Science,1,1
I am continuing my education,1,Government,Female,College and Graduate School of Arts & Sciences,0,1
I have not finalized my plans.  I am seeking employment or acceptance to an academic program,2,Economics,Male,College and Graduate School of Arts & Sciences,0,1
Working,2,Psychology,Male,College and Graduate School of Arts & Sciences,1,1
I have not finalized my plans.  I am seeking employment or acceptance to an academic program,0,Engineering - Computer Science,Male,School of Engineering & Applied Science,0,0
I have not finalized my plans.  I am seeking employment or acceptance to an academic program,0,Political Philosophy Policy & Law - Interdisciplinary,Male,College and Graduate School of Arts & Sciences,0,0
I have not finalized my plans.  I am seeking employment or acceptance to an academic program,1,Engineering - Computer Science,Male,School of Engineering & Applied Science,0,1
Working,2,Engineering - Computer Engineering,Male,School of Engineering & Applied Science,1,1
Working,0,Public Safety,Male,School of Continuing and Professional Studies,1,0
Working,2,Education - Kinesiology,Female,School of Education and Human Development,1,1
I am continuing my education,2,Global Studies - Interdisciplinary,Female,College and Graduate School of Arts & Sciences,0,1
Working,1,Education - Elementary Education,Female,School of Education and Human Development,1,1
Working,2,Computer Science - Interdisciplinary,Female,College and Graduate School of Arts & Sciences,1,1
Working,0,Data Science,Male,School of Data Science,1,0
Working,0,Interdisciplinary (SCPS-BIS),Female,School of Continuing and Professional Studies,1,0
I have not finalized my plans.  I am seeking employment or acceptance to an academic program,0,Psychology,Female,College and Graduate School of Arts & Sciences,0,0
I am continuing my education,0,Human Biology - Interdisciplinary,Female,College and Graduate School of Arts & Sciences,0,0
Working,0,Chemistry,Female,College and Graduate School of Arts & Sciences,1,0
Working,2,Nursing,Male,School of Nursing,1,1
I am continuing my education,1,Economics,Male,College and Graduate School of Arts & Sciences,0,1
I have not finalized my plans.  I am seeking employment or acceptance to an academic program,0,Biology,Female,College and Graduate School of Arts & Sciences,0,0
I have not finalized my plans.  I am seeking employment or acceptance to an academic program,3,Education - Speech Communication Disorders,Female,School of Education and Human Development,0,1
I am continuing my education,2,Education - Youth & Social Innovation,Female,School of Education and Human Development,0,1
I have not finalized my plans.  I am seeking employment or acceptance to an academic program,1,Psychology,Female,College and Graduate School of Arts & Sciences,0,1
I am continuing my education,1,History,Male,College and Graduate School of Arts & Sciences,0,1
Working,1,Education - Youth & Social Innovation,Female,School of Education and Human Development,1,1
Working,2,Education - Youth & Social Innovation,Female,School of Education and Human Development,1,1
Working,0,Engineering - Chemical Engineering,Male,School of Engineering & Applied Science,1,0
I am continuing my education,2,Cognitive Science - Interdisciplinary,Female,College and Graduate School of Arts & Sciences,0,1
Working,1,Economics,Male,College and Graduate School of Arts & Sciences,1,1
I am taking a break,1,Sociology,Female,College and Graduate School of Arts & Sciences,0,1
Working,2,Cognitive Science - Interdisciplinary,Female,College and Graduate School of Arts & Sciences,1,1
I have not finalized my plans.  I am seeking employment or acceptance to an academic program,0,Engineering - Chemical Engineering,Male,School of Engineering & Applied Science,0,0
Working,0,Education - Curriculum & Instruction,Female,School of Education and Human Development,1,0
I am continuing my education,0,Psychology,Female,College and Graduate School of Arts & Sciences,0,0
I have not finalized my plans.  I am seeking employment or acceptance to an academic program,0,Psychology,Male,College and Graduate School of Arts & Sciences,0,0
Working,3,Engineering - Computer Science,Male,School of Engineering & Applied Science,1,1
I am continuing my education,1,Statistics,Male,College and Graduate School of Arts & Sciences,0,1
Working,2,Engineering - Computer Science,Male,School of Engineering & Applied Science,1,1
I have accepted a fellowship,2,Astronomy-Physics,Female,College and Graduate School of Arts & Sciences,0,1
Working,3,History,Male,College and Graduate School of Arts & Sciences,1,1
Working,0,Interdisciplinary (SCPS-BIS),Female,School of Continuing and Professional Studies,1,0
I am continuing my education,1,Engineering - Mechanical Engineering,Female,School of Engineering & Applied Science,0,1
Working,0,Nursing,Female,School of Nursing,1,0
Working,2,Engineering - Computer Science,Female,School of Engineering & Applied Science,1,1
I have not finalized my plans.  I am seeking employment or acceptance to an academic program,1,Cognitive Science - Interdisciplinary,Male,College and Graduate School of Arts & Sciences,0,1
Working,2,Neuroscience - Interdisciplinary,Male,College and Graduate School of Arts & Sciences,1,1
Working,1,Global Studies - Interdisciplinary,Female,College and Graduate School of Arts & Sciences,1,1
Working,1,Chemistry,Female,College and Graduate School of Arts & Sciences,1,1
I have not finalized my plans.  I am seeking employment or acceptance to an academic program,1,Engineering - Computer Science,Male,School of Engineering & Applied Science,0,1
I have not finalized my plans.  I am seeking employment or acceptance to an academic program,0,Engineering - Biomedical Engineering,Male,School of Engineering & Applied Science,0,0
I am continuing my education,3,Economics,Male,College and Graduate School of Arts & Sciences,0,1
I am continuing my education,1,Engineering - Aerospace Engineering,Male,School of Engineering & Applied Science,0,1
I have not finalized my plans.  I am seeking employment or acceptance to an academic program,0,Applied Statistics,Female,College and Graduate School of Arts & Sciences,0,0
Working,1,Economics,Female,College and Graduate School of Arts & Sciences,1,1
I have not finalized my plans.  I am seeking employment or acceptance to an academic program,2,Engineering - Biomedical Engineering,Female,School of Engineering & Applied Science,0,1
Working,2,American Studies - Interdisciplinary,Female,College and Graduate School of Arts & Sciences,1,1
Working,0,Education - Special Education,Female,School of Education and Human Development,1,0
I am continuing my education,3,American Studies - Interdisciplinary,Male,College and Graduate School of Arts & Sciences,0,1
I am continuing my education,0,Engineering - Systems Engineering,Female,School of Engineering & Applied Science,0,0
Working,1,History,Male,College and Graduate School of Arts & Sciences,1,1
Working,2,Global Studies - Interdisciplinary,Female,College and Graduate School of Arts & Sciences,1,1
Working,1,Business Administration,Male,Darden Graduate School of Business Administration,1,1
I have not finalized my plans.  I am seeking employment or acceptance to an academic program,2,Architecture,Male,School of Architecture,0,1
Working,2,Music,Female,College and Graduate School of Arts & Sciences,1,1
Working,1,Computer Science - Interdisciplinary,Male,College and Graduate School of Arts & Sciences,1,1
I am continuing my education,3,Media Studies,Male,College and Graduate School of Arts & Sciences,0,1
Working,2,Political Philosophy Policy & Law - Interdisciplinary,Female,College and Graduate School of Arts & Sciences,1,1
I have not finalized my plans.  I am seeking employment or acceptance to an academic program,1,Education - Athletic Training,Female,School of Education and Human Development,0,1
Working,3,Engineering - Electrical Engineering,Male,School of Engineering & Applied Science,1,1
I am continuing my education,3,Biology,Female,College and Graduate School of Arts & Sciences,0,1
Working,1,Nursing,Female,School of Nursing,1,1
Working,2,Computer Science - Interdisciplinary,Male,College and Graduate School of Arts & Sciences,1,1
Working,1,Engineering - Biomedical Engineering,Female,School of Engineering & Applied Science,1,1
Working,1,Computer Science - Interdisciplinary,Male,College and Graduate School of Arts & Sciences,1,1
Working,3,Economics,Male,College and Graduate School of Arts & Sciences,1,1
I have not finalized my plans.  I am seeking employment or acceptance to an academic program,0,Engineering - Mechanical Engineering,Male,School of Engineering & Applied Science,0,0
Working,3,Computer Science - Interdisciplinary,Male,College and Graduate School of Arts & Sciences,1,1
Working,0,Biology,Female,College and Graduate School of Arts & Sciences,1,0
Working,1,Economics,Male,College and Graduate School of Arts & Sciences,1,1
Working,2,Computer Science - Interdisciplinary,Female,College and Graduate School of Arts & Sciences,1,1
Working,2,Biology,Female,College and Graduate School of Arts & Sciences,1,1
Working,1,Engineering - Computer Science,Male,School of Engineering & Applied Science,1,1
Working,1,Computer Science - Interdisciplinary,Male,College and Graduate School of Arts & Sciences,1,1
Working,3,Architecture,Female,School of Architecture,1,1
I will be serving in the military,0,Biology,Female,College and Graduate School of Arts & Sciences,0,0
Working,2,Business Administration,Male,Darden Graduate School of Business Administration,1,1
Working,0,Computer Science - Interdisciplinary,Male,College and Graduate School of Arts & Sciences,1,0
Working,2,Engineering - Computer Science,Male,School of Engineering & Applied Science,1,1
I have not finalized my plans.  I am seeking employment or acceptance to an academic program,3,Education - Youth & Social Innovation,Female,School of Education and Human Development,0,1
Working,0,Nursing,Female,School of Nursing,1,0
I am continuing my education,0,Pharmacology,Male,School of Medicine,0,0
Working,3,Environmental Sciences,Female,College and Graduate School of Arts & Sciences,1,1
I am continuing my education,3,Engineering - Aerospace Engineering,Male,School of Engineering & Applied Science,0,1
Working,0,Education - Elementary Education,Female,School of Education and Human Development,1,0
Working,1,Computer Science - Interdisciplinary,Male,College and Graduate School of Arts & Sciences,1,1
I have not finalized my plans.  I am seeking employment or acceptance to an academic program,0,Psychology,Male,College and Graduate School of Arts & Sciences,0,0
I will be serving in the military,0,Foreign Affairs,Male,College and Graduate School of Arts & Sciences,0,0
Working,1,Engineering - Electrical Engineering,Male,School of Engineering & Applied Science,1,1
I am continuing my education,0,Interdisciplinary (SCPS-BIS),Female,School of Continuing and Professional Studies,0,0
I am continuing my education,2,Mathematics,Female,College and Graduate School of Arts & Sciences,0,1
Working,1,Engineering - Mechanical Engineering,Male,School of Engineering & Applied Science,1,1
I am continuing my education,2,Engineering - Civil Engineering,Male,School of Engineering & Applied Science,0,1
I am continuing my education,0,History,Female,College and Graduate School of Arts & Sciences,0,0
I have not finalized my plans.  I am seeking employment or acceptance to an academic program,0,Cognitive Science - Interdisciplinary,Male,College and Graduate School of Arts & Sciences,0,0
Working,1,Public Health,Female,School of Medicine,1,1
I have not finalized my plans.  I am seeking employment or acceptance to an academic program,2,Economics,Male,College and Graduate School of Arts & Sciences,0,1
I have not finalized my plans.  I am seeking employment or acceptance to an academic program,0,Chemistry,Male,College and Graduate School of Arts & Sciences,0,0
I will be serving in the military,3,Nursing,Male,School of Nursing,0,1
I am continuing my education,0,Computer Science,Male,College and Graduate School of Arts & Sciences,0,0
Working,0,Physics,Male,College and Graduate School of Arts & Sciences,1,0
Working,3,Engineering - Aerospace Engineering,Female,School of Engineering & Applied Science,1,1
Working,3,History,Male,College and Graduate School of Arts & Sciences,1,1
I have not finalized my plans.  I am seeking employment or acceptance to an academic program,2,Nursing,Female,School of Nursing,0,1
Working,2,Economics,Female,College and Graduate School of Arts & Sciences,1,1
I am continuing my education,2,Chemistry,Female,College and Graduate School of Arts & Sciences,0,1
Working,0,Economics,Male,College and Graduate School of Arts & Sciences,1,0
I have not finalized my plans.  I am seeking employment or acceptance to an academic program,1,Psychology,Male,College and Graduate School of Arts & Sciences,0,1
I am continuing my education,1,Economics,Female,College and Graduate School of Arts & Sciences,0,1
I am continuing my education,3,History,Female,College and Graduate School of Arts & Sciences,0,1
Working,2,Economics,Female,College and Graduate School of Arts & Sciences,1,1
Working,1,Architecture - Landscape Architecture,Female,School of Architecture,1,1
I have not finalized my plans.  I am seeking employment or acceptance to an academic program,0,Biology,Female,College and Graduate School of Arts & Sciences,0,0
I am continuing my education,1,Environmental Thought & Practice - Interdisciplinary,Male,College and Graduate School of Arts & Sciences,0,1
I am continuing my education,2,History,Female,College and Graduate School of Arts & Sciences,0,1
I have not finalized my plans.  I am seeking employment or acceptance to an academic program,1,Government,Male,College and Graduate School of Arts & Sciences,0,1
Working,2,Architecture,Female,School of Architecture,1,1
I am continuing my education,2,Government,Male,College and Graduate School of Arts & Sciences,0,1
Working,2,Education - Counselor Education,Female,School of Education and Human Development,1,1
Working,0,Nursing,Female,School of Nursing,1,0
Working,2,Education - Counselor Education,Female,School of Education and Human Development,1,1
Working,0,Engineering - Mechanical & Aerospace Engineering,Male,School of Engineering & Applied Science,1,0
I have not finalized my plans.  I am seeking employment or acceptance to an academic program,0,Education - Curriculum & Instruction,Female,School of Education and Human Development,0,0
Working,2,Economics,Female,College and Graduate School of Arts & Sciences,1,1
Working,2,Religious Studies,Male,College and Graduate School of Arts & Sciences,1,1
I have not finalized my plans.  I am seeking employment or acceptance to an academic program,0,Chemistry,Male,College and Graduate School of Arts & Sciences,0,0
I have not finalized my plans.  I am seeking employment or acceptance to an academic program,3,Media Studies,Female,College and Graduate School of Arts & Sciences,0,1
I am continuing my education,2,Media Studies,Female,College and Graduate School of Arts & Sciences,0,1
I am continuing my education,2,Chemistry,Female,College and Graduate School of Arts & Sciences,0,1
I am continuing my education,0,English,Female,College and Graduate School of Arts & Sciences,0,0
Working,2,Engineering - Systems Engineering,Female,School of Engineering & Applied Science,1,1
I am continuing my education,3,Government,Female,College and Graduate School of Arts & Sciences,0,1
Working,0,Nursing,Female,School of Nursing,1,0
I have accepted a fellowship,1,Biophysics,Female,School of Medicine,0,1
Working,0,Engineering - Civil Engineering,Female,School of Engineering & Applied Science,1,0
I have not finalized my plans.  I am seeking employment or acceptance to an academic program,2,Architecture,Male,School of Architecture,0,1
I am continuing my education,2,Psychology,Female,College and Graduate School of Arts & Sciences,0,1
I have not finalized my plans.  I am seeking employment or acceptance to an academic program,2,Education - Counselor Education,Male,School of Education and Human Development,0,1
I am continuing my education,1,Engineering - Biomedical Engineering,Female,School of Engineering & Applied Science,0,1
Working,0,Engineering - Systems Engineering,Male,School of Engineering & Applied Science,1,0
I have accepted a fellowship,1,Education - Athletic Training,Female,School of Education and Human Development,0,1
I have not finalized my plans.  I am seeking employment or acceptance to an academic program,1,Environmental Sciences,Female,College and Graduate School of Arts & Sciences,0,1
I have not finalized my plans.  I am seeking employment or acceptance to an academic program,2,Applied Statistics,Male,College and Graduate School of Arts & Sciences,0,1
I am taking a break,0,Education - Kinesiology,Male,School of Education and Human Development,0,0
I am continuing my education,2,History,Female,College and Graduate School of Arts & Sciences,0,1
I have not finalized my plans.  I am seeking employment or acceptance to an academic program,3,Environmental Sciences,Male,College and Graduate School of Arts & Sciences,0,1
I am continuing my education,1,Economics,Male,College and Graduate School of Arts & Sciences,0,1
Working,3,Chemistry,Female,College and Graduate School of Arts & Sciences,1,1
Working,1,Business Administration,Male,Darden Graduate School of Business Administration,1,1
Working,0,Pharmacology,Female,School of Medicine,1,0
Working,0,Nursing,Female,School of Nursing,1,0
Working,0,Clinical Research,Female,School of Medicine,1,0
Working,1,Environmental Sciences,Male,College and Graduate School of Arts & Sciences,1,1
Working,0,Data Science,Female,School of Data Science,1,0
I am continuing my education,2,Sociology,Male,College and Graduate School of Arts & Sciences,0,1
I am continuing my education,2,Economics,Male,College and Graduate School of Arts & Sciences,0,1
Working,0,Nursing,Male,School of Nursing,1,0
Working,1,Psychology,Female,College and Graduate School of Arts & Sciences,1,1
Working,1,Engineering - Mechanical Engineering,Female,School of Engineering & Applied Science,1,1
I am continuing my education,2,Psychology,Female,College and Graduate School of Arts & Sciences,0,1
Working,2,Biology,Male,College and Graduate School of Arts & Sciences,1,1
Working,0,Mathematics,Male,College and Graduate School of Arts & Sciences,1,0
I have not finalized my plans.  I am seeking employment or acceptance to an academic program,2,Engineering - Civil Engineering,Male,School of Engineering & Applied Science,0,1
I have not finalized my plans.  I am seeking employment or acceptance to an academic program,0,Physics,Male,College and Graduate School of Arts & Sciences,0,0
Working,0,Cognitive Science - Interdisciplinary,Female,College and Graduate School of Arts & Sciences,1,0
Working,0,Nursing,Female,School of Nursing,1,0
Working,2,Law,Female,School of Law,1,1
I am continuing my education,0,Engineering - Materials Science & Engineering,Female,School of Engineering & Applied Science,0,0
Working,2,Engineering - Systems Engineering,Male,School of Engineering & Applied Science,1,1
I am continuing my education,1,Media Studies,Female,College and Graduate School of Arts & Sciences,0,1
Working,0,Nursing,Female,School of Nursing,1,0
I am continuing my education,0,Biology,Female,College and Graduate School of Arts & Sciences,0,0
I have not finalized my plans.  I am seeking employment or acceptance to an academic program,2,Media Studies,Female,College and Graduate School of Arts & Sciences,0,1
Working,2,Engineering - Computer Science,Male,School of Engineering & Applied Science,1,1
I am continuing my education,0,Physics,Male,College and Graduate School of Arts & Sciences,0,0
Working,0,Nursing,Female,School of Nursing,1,0
Working,1,Applied Statistics,Female,College and Graduate School of Arts & Sciences,1,1
I have not finalized my plans.  I am seeking employment or acceptance to an academic program,2,Architecture,Female,School of Architecture,0,1
Working,2,Economics,Female,College and Graduate School of Arts & Sciences,1,1
I have accepted a fellowship,2,Education - Athletic Training,Female,School of Education and Human Development,0,1
I am continuing my education,0,Global Studies - Interdisciplinary,Female,College and Graduate School of Arts & Sciences,0,0
Working,1,Computer Science - Interdisciplinary,Male,College and Graduate School of Arts & Sciences,1,1
Working,3,Architecture,Female,School of Architecture,1,1
I am continuing my education,3,Education - Kinesiology,Male,School of Education and Human Development,0,1
I am continuing my education,0,Foreign Affairs,Male,College and Graduate School of Arts & Sciences,0,0
Working,3,Cognitive Science - Interdisciplinary,Female,College and Graduate School of Arts & Sciences,1,1
I have not finalized my plans.  I am seeking employment or acceptance to an academic program,1,Global Studies - Interdisciplinary,Female,College and Graduate School of Arts & Sciences,0,1
I will be serving in the military,0,Data Science,Male,School of Data Science,0,0
Working,3,Computer Science - Interdisciplinary,Male,College and Graduate School of Arts & Sciences,1,1
I have not finalized my plans.  I am seeking employment or acceptance to an academic program,1,English,Female,College and Graduate School of Arts & Sciences,0,1
Working,0,Education - Elementary Education,Female,School of Education and Human Development,1,0
Working,1,Education - Kinesiology,Female,School of Education and Human Development,1,1
Working,1,Nursing,Female,School of Nursing,1,1
I am continuing my education,0,Biology,Female,College and Graduate School of Arts & Sciences,0,0
Working,0,Interdisciplinary (SCPS-BIS),Male,School of Continuing and Professional Studies,1,0
I have not finalized my plans.  I am seeking employment or acceptance to an academic program,1,Architecture - Urban & Environmental Planning,Female,School of Architecture,0,1
Working,3,Economics,Male,College and Graduate School of Arts & Sciences,1,1
Working,2,Psychology,Female,College and Graduate School of Arts & Sciences,1,1
I am continuing my education,0,Education - Kinesiology,Female,School of Education and Human Development,0,0
Working,1,Cognitive Science - Interdisciplinary,Female,College and Graduate School of Arts & Sciences,1,1
I have not finalized my plans.  I am seeking employment or acceptance to an academic program,0,Biology,Male,College and Graduate School of Arts & Sciences,0,0
Working,3,Foreign Affairs,Female,College and Graduate School of Arts & Sciences,1,1
I am continuing my education,2,Biology,Female,College and Graduate School of Arts & Sciences,0,1
I am continuing my education,3,Global Studies - Interdisciplinary,Female,College and Graduate School of Arts & Sciences,0,1
I am continuing my education,1,Economics,Male,College and Graduate School of Arts & Sciences,0,1
Working,2,Education - Elementary Education,Female,School of Education and Human Development,1,1
I am continuing my education,1,Architecture - Urban & Environmental Planning,Female,School of Architecture,0,1
Working,2,Computer Science - Interdisciplinary,Female,College and Graduate School of Arts & Sciences,1,1
I have not finalized my plans.  I am seeking employment or acceptance to an academic program,3,Economics,Male,College and Graduate School of Arts & Sciences,0,1
Working,2,Engineering - Mechanical Engineering,Female,School of Engineering & Applied Science,1,1
I am continuing my education,3,Architecture,Female,School of Architecture,0,1
I am continuing my education,1,Computer Science - Interdisciplinary,Female,College and Graduate School of Arts & Sciences,0,1
Working,3,Engineering - Mechanical Engineering,Female,School of Engineering & Applied Science,1,1
Working,1,Nursing,Female,School of Nursing,1,1
Working,2,Engineering - Computer Science,Male,School of Engineering & Applied Science,1,1
I am continuing my education,0,Economics,Male,College and Graduate School of Arts & Sciences,0,0
I have not finalized my plans.  I am seeking employment or acceptance to an academic program,0,Environmental Sciences,Male,College and Graduate School of Arts & Sciences,0,0
Working,1,Engineering - Aerospace Engineering,Female,School of Engineering & Applied Science,1,1
Working,3,Environmental Sciences,Female,College and Graduate School of Arts & Sciences,1,1
Working,1,Nursing,Female,School of Nursing,1,1
Working,2,English,Female,College and Graduate School of Arts & Sciences,1,1
I have not finalized my plans.  I am seeking employment or acceptance to an academic program,1,Engineering - Mechanical Engineering,Female,School of Engineering & Applied Science,0,1
Working,2,Spanish,Female,College and Graduate School of Arts & Sciences,1,1
I am taking a break,1,Engineering - Computer Engineering,Male,School of Engineering & Applied Science,0,1
I have not finalized my plans.  I am seeking employment or acceptance to an academic program,3,Media Studies,Female,College and Graduate School of Arts & Sciences,0,1
Working,0,Nursing,Female,School of Nursing,1,0
I am continuing my education,0,Nursing,Female,School of Nursing,0,0
Working,3,Engineering - Electrical Engineering,Female,School of Engineering & Applied Science,1,1
I have not finalized my plans.  I am seeking employment or acceptance to an academic program,0,Computer Science - Interdisciplinary,Male,College and Graduate School of Arts & Sciences,0,0
I have not finalized my plans.  I am seeking employment or acceptance to an academic program,1,Environmental Thought & Practice - Interdisciplinary,Female,College and Graduate School of Arts & Sciences,0,1
Working,2,Engineering - Computer Science,Male,School of Engineering & Applied Science,1,1
I have not finalized my plans.  I am seeking employment or acceptance to an academic program,0,Chemistry,Male,College and Graduate School of Arts & Sciences,0,0
I am continuing my education,2,Global Studies - Interdisciplinary,Female,College and Graduate School of Arts & Sciences,0,1
I am continuing my education,0,Psychology,Female,College and Graduate School of Arts & Sciences,0,0
Working,1,Engineering - Computer Science,Male,School of Engineering & Applied Science,1,1
Working,3,Computer Science - Interdisciplinary,Female,College and Graduate School of Arts & Sciences,1,1
I have not finalized my plans.  I am seeking employment or acceptance to an academic program,2,Engineering - Biomedical Engineering,Female,School of Engineering & Applied Science,0,1
Working,0,Clinical Research,Female,School of Medicine,1,0
I am continuing my education,1,Chemistry,Female,College and Graduate School of Arts & Sciences,0,1
Working,2,Economics,Female,College and Graduate School of Arts & Sciences,1,1
Working,0,History,Female,College and Graduate School of Arts & Sciences,1,0
I have not finalized my plans.  I am seeking employment or acceptance to an academic program,2,Nursing,Female,School of Nursing,0,1
I have not finalized my plans.  I am seeking employment or acceptance to an academic program,1,Media Studies,Female,College and Graduate School of Arts & Sciences,0,1
Working,3,Engineering - Civil Engineering,Male,School of Engineering & Applied Science,1,1
I am continuing my education,1,Architecture,Female,School of Architecture,0,1
Working,2,Cognitive Science - Interdisciplinary,Female,College and Graduate School of Arts & Sciences,1,1
Working,1,Education - Higher Education,Female,School of Education and Human Development,1,1
I have not finalized my plans.  I am seeking employment or acceptance to an academic program,0,Cognitive Science - Interdisciplinary,Female,College and Graduate School of Arts & Sciences,0,0
Working,0,Public Safety,Male,School of Continuing and Professional Studies,1,0
I have not finalized my plans.  I am seeking employment or acceptance to an academic program,0,History,Male,College and Graduate School of Arts & Sciences,0,0
I am continuing my education,0,Education - Speech Communication Disorders,Female,School of Education and Human Development,0,0
Working,1,Economics,Female,College and Graduate School of Arts & Sciences,1,1
I have not finalized my plans.  I am seeking employment or acceptance to an academic program,3,Engineering - Civil Engineering,Female,School of Engineering & Applied Science,0,1
I am continuing my education,0,English,Female,College and Graduate School of Arts & Sciences,0,0
I have not finalized my plans.  I am seeking employment or acceptance to an academic program,1,Cognitive Science - Interdisciplinary,Male,College and Graduate School of Arts & Sciences,0,1
I have accepted a fellowship,0,Economics,Female,College and Graduate School of Arts & Sciences,0,0
Working,2,Architecture,Male,School of Architecture,1,1
I am continuing my education,1,Sociology,Female,College and Graduate School of Arts & Sciences,0,1
I am continuing my education,2,History,Female,College and Graduate School of Arts & Sciences,0,1
Working,0,Nursing,Female,School of Nursing,1,0
I will be serving in the military,2,Economics,Male,College and Graduate School of Arts & Sciences,0,1
Working,2,Chemistry,Male,College and Graduate School of Arts & Sciences,1,1
Working,0,Physics,Female,College and Graduate School of Arts & Sciences,1,0
Working,0,Education - Curriculum & Instruction,Female,School of Education and Human Development,1,0
Working,1,Education - Counselor Education,Female,School of Education and Human Development,1,1
I have not finalized my plans.  I am seeking employment or acceptance to an academic program,0,Engineering - Biomedical Engineering,Male,School of Engineering & Applied Science,0,0
Working,1,Education - Counselor Education,Female,School of Education and Human Development,1,1
Working,3,Computer Science - Interdisciplinary,Male,College and Graduate School of Arts & Sciences,1,1
I will be serving in the military,1,Slavic Languages and Literatures,Female,College and Graduate School of Arts & Sciences,0,1
Working,1,Business Administration,Female,Darden Graduate School of Business Administration,1,1
I have not finalized my plans.  I am seeking employment or acceptance to an academic program,1,Government,Female,College and Graduate School of Arts & Sciences,0,1
I am continuing my education,3,Global Studies - Interdisciplinary,Male,College and Graduate School of Arts & Sciences,0,1
Working,2,Engineering - Systems Engineering,Female,School of Engineering & Applied Science,1,1
I am continuing my education,3,Global Studies - Interdisciplinary,Female,College and Graduate School of Arts & Sciences,0,1
I have not finalized my plans.  I am seeking employment or acceptance to an academic program,2,Computer Science - Interdisciplinary,Male,College and Graduate School of Arts & Sciences,0,1
I have not finalized my plans.  I am seeking employment or acceptance to an academic program,0,Applied Statistics,Male,College and Graduate School of Arts & Sciences,0,0
I have not finalized my plans.  I am seeking employment or acceptance to an academic program,1,Chemistry,Male,College and Graduate School of Arts & Sciences,0,1
Working,1,Engineering - Computer Science,Male,School of Engineering & Applied Science,1,1
I have not finalized my plans.  I am seeking employment or acceptance to an academic program,0,Biology,Male,College and Graduate School of Arts & Sciences,0,0
Working,0,Education - Administration & Supervision,Female,School of Education and Human Development,1,0
I have not finalized my plans.  I am seeking employment or acceptance to an academic program,2,American Studies - Interdisciplinary,Female,College and Graduate School of Arts & Sciences,0,1
I have not finalized my plans.  I am seeking employment or acceptance to an academic program,2,Chemistry,Male,College and Graduate School of Arts & Sciences,0,1
I am continuing my education,1,Economics,Male,College and Graduate School of Arts & Sciences,0,1
I am continuing my education,2,English,Male,College and Graduate School of Arts & Sciences,0,1
I am continuing my education,2,Religious Studies,Male,College and Graduate School of Arts & Sciences,0,1
Working,3,Public Health,Female,School of Medicine,1,1
Working,0,Government,Male,College and Graduate School of Arts & Sciences,1,0
Working,2,Cognitive Science - Interdisciplinary,Female,College and Graduate School of Arts & Sciences,1,1
I have not finalized my plans.  I am seeking employment or acceptance to an academic program,1,Engineering - Civil Engineering,Male,School of Engineering & Applied Science,0,1
Working,0,Public Safety,Male,School of Continuing and Professional Studies,1,0
Working,1,Architecture - Urban & Environmental Planning,Female,School of Architecture,1,1
I am continuing my education,0,English,Female,College and Graduate School of Arts & Sciences,0,0
I am taking a break,0,Engineering - Mechanical Engineering,Male,School of Engineering & Applied Science,0,0
I have accepted a fellowship,0,Religious Studies,Male,College and Graduate School of Arts & Sciences,0,0
I have not finalized my plans.  I am seeking employment or acceptance to an academic program,3,Architecture,Female,School of Architecture,0,1
I am continuing my education,1,Education - Kinesiology,Female,School of Education and Human Development,0,1
Working,2,Computer Science - Interdisciplinary,Male,College and Graduate School of Arts & Sciences,1,1
Working,1,Computer Science - Interdisciplinary,Female,College and Graduate School of Arts & Sciences,1,1
Working,1,Engineering - Electrical Engineering,Female,School of Engineering & Applied Science,1,1
Working,2,Nursing,Female,School of Nursing,1,1
I have not finalized my plans.  I am seeking employment or acceptance to an academic program,1,Architecture - Urban & Environmental Planning,Female,School of Architecture,0,1
Working,1,Astronomy,Male,College and Graduate School of Arts & Sciences,1,1
Working,1,Architecture,Female,School of Architecture,1,1
I have not finalized my plans.  I am seeking employment or acceptance to an academic program,1,Astronomy,Female,College and Graduate School of Arts & Sciences,0,1
I have not finalized my plans.  I am seeking employment or acceptance to an academic program,3,Sociology,Female,College and Graduate School of Arts & Sciences,0,1
I have not finalized my plans.  I am seeking employment or acceptance to an academic program,1,Biology,Female,College and Graduate School of Arts & Sciences,0,1
Working,0,Education - Curriculum & Instruction,Female,School of Education and Human Development,1,0
Working,3,Cognitive Science - Interdisciplinary,Male,College and Graduate School of Arts & Sciences,1,1
Working,2,Statistics,Male,College and Graduate School of Arts & Sciences,1,1
Working,2,Anthropology,Female,College and Graduate School of Arts & Sciences,1,1
I have not finalized my plans.  I am seeking employment or acceptance to an academic program,0,Public Health,Female,School of Medicine,0,0
I have not finalized my plans.  I am seeking employment or acceptance to an academic program,2,Engineering - Computer Science,Male,School of Engineering & Applied Science,0,1
Working,0,Nursing,Male,School of Nursing,1,0
Working,1,Biology,Male,College and Graduate School of Arts & Sciences,1,1
I have not finalized my plans.  I am seeking employment or acceptance to an academic program,1,Biology,Female,College and Graduate School of Arts & Sciences,0,1
I have not finalized my plans.  I am seeking employment or acceptance to an academic program,3,Music,Male,College and Graduate School of Arts & Sciences,0,1
I have accepted a fellowship,2,Physics,Male,College and Graduate School of Arts & Sciences,0,1
Working,3,Environmental Sciences,Male,College and Graduate School of Arts & Sciences,1,1
Working,1,Engineering - Biomedical Engineering,Female,School of Engineering & Applied Science,1,1
I am continuing my education,0,Education - Kinesiology,Female,School of Education and Human Development,0,0
Working,1,Economics,Female,College and Graduate School of Arts & Sciences,1,1
Working,1,Computer Science - Interdisciplinary,Male,College and Graduate School of Arts & Sciences,1,1
Working,0,Engineering - Civil Engineering,Female,School of Engineering & Applied Science,1,0
Working,1,Nursing,Male,School of Nursing,1,1
I am continuing my education,2,Biology,Female,College and Graduate School of Arts & Sciences,0,1
I am continuing my education,0,History,Male,College and Graduate School of Arts & Sciences,0,0
Working,0,Public Safety,Male,School of Continuing and Professional Studies,1,0
I am continuing my education,1,Global Studies - Interdisciplinary,Female,College and Graduate School of Arts & Sciences,0,1
Working,1,Cognitive Science - Interdisciplinary,Female,College and Graduate School of Arts & Sciences,1,1
I have not finalized my plans.  I am seeking employment or acceptance to an academic program,0,Psychology,Female,College and Graduate School of Arts & Sciences,0,0
Working,1,Nursing,Female,School of Nursing,1,1
I have not finalized my plans.  I am seeking employment or acceptance to an academic program,0,Linguistics,Male,College and Graduate School of Arts & Sciences,0,0
I am continuing my education,0,Engineering - Electrical Engineering,Male,School of Engineering & Applied Science,0,0
Working,1,Education - English Education,Female,School of Education and Human Development,1,1
Working,3,Women Gender & Sexuality - Interdisciplinary,Female,College and Graduate School of Arts & Sciences,1,1
Working,3,Architecture - Landscape Architecture,Male,School of Architecture,1,1
Working,0,Nursing,Female,School of Nursing,1,0
Working,1,Engineering - Chemical Engineering,Female,School of Engineering & Applied Science,1,1
Working,2,Global Studies - Interdisciplinary,Female,College and Graduate School of Arts & Sciences,1,1
Working,1,Engineering - Computer Science,Female,School of Engineering & Applied Science,1,1
Working,3,Engineering - Computer Science,Female,School of Engineering & Applied Science,1,1
Working,0,Data Science,Male,School of Data Science,1,0
I have not finalized my plans.  I am seeking employment or acceptance to an academic program,0,Data Science,Female,School of Data Science,0,0
Working,1,Engineering - Chemical Engineering,Male,School of Engineering & Applied Science,1,1
I am continuing my education,1,Engineering - Chemical Engineering,Female,School of Engineering & Applied Science,0,1
I am continuing my education,0,Nursing,Female,School of Nursing,0,0
I have not finalized my plans.  I am seeking employment or acceptance to an academic program,0,Architecture,Male,School of Architecture,0,0
I am continuing my education,2,Global Studies - Interdisciplinary,Female,College and Graduate School of Arts & Sciences,0,1
I have not finalized my plans.  I am seeking employment or acceptance to an academic program,0,Anthropology,Female,College and Graduate School of Arts & Sciences,0,0
Working,2,Nursing,Female,School of Nursing,1,1
I have not finalized my plans.  I am seeking employment or acceptance to an academic program,2,Government,Female,College and Graduate School of Arts & Sciences,0,1
I am continuing my education,1,Cognitive Science - Interdisciplinary,Female,College and Graduate School of Arts & Sciences,0,1
Working,2,Computer Science - Interdisciplinary,Male,College and Graduate School of Arts & Sciences,1,1
Working,3,Economics,Male,College and Graduate School of Arts & Sciences,1,1
I am continuing my education,1,Physics,Male,College and Graduate School of Arts & Sciences,0,1
Working,0,Education - Curriculum & Instruction,Female,School of Education and Human Development,1,0
Working,2,Psychology,Female,College and Graduate School of Arts & Sciences,1,1
I have not finalized my plans.  I am seeking employment or acceptance to an academic program,2,Architecture,Female,School of Architecture,0,1
Working,2,English,Female,College and Graduate School of Arts & Sciences,1,1
I have not finalized my plans.  I am seeking employment or acceptance to an academic program,0,Education - Special Education,Female,School of Education and Human Development,0,0
Working,2,Engineering - Computer Engineering,Female,School of Engineering & Applied Science,1,1
I have not finalized my plans.  I am seeking employment or acceptance to an academic program,1,Cognitive Science - Interdisciplinary,Male,College and Graduate School of Arts & Sciences,0,1
Working,1,Engineering - Mechanical Engineering,Male,School of Engineering & Applied Science,1,1
I am taking a break,0,Psychology,Male,College and Graduate School of Arts & Sciences,0,0
Working,1,Government,Female,College and Graduate School of Arts & Sciences,1,1
Working,2,Data Science,Male,School of Data Science,1,1
I am continuing my education,1,Global Studies - Interdisciplinary,Female,College and Graduate School of Arts & Sciences,0,1
I have not finalized my plans.  I am seeking employment or acceptance to an academic program,0,Architecture,Female,School of Architecture,0,0
I have not finalized my plans.  I am seeking employment or acceptance to an academic program,1,Foreign Affairs,Male,College and Graduate School of Arts & Sciences,0,1
Working,0,Education - Curriculum & Instruction,Female,School of Education and Human Development,1,0
Working,0,Education - Curriculum & Instruction,Male,School of Education and Human Development,1,0
Working,1,Computer Science - Interdisciplinary,Female,College and Graduate School of Arts & Sciences,1,1
Working,2,Engineering - Civil Engineering,Male,School of Engineering & Applied Science,1,1
I am continuing my education,0,Education - Youth & Social Innovation,Female,School of Education and Human Development,0,0
Working,0,Nursing,Female,School of Nursing,1,0
Working,0,Engineering - Materials Science and Engineering,Female,School of Engineering & Applied Science,1,0
Working,3,Law,Female,School of Law,1,1
I am continuing my education,3,Engineering - Computer Science,Male,School of Engineering & Applied Science,0,1
I am continuing my education,0,Biology,Female,College and Graduate School of Arts & Sciences,0,0
Working,1,African-American & African Studies,Female,College and Graduate School of Arts & Sciences,1,1
Working,2,Engineering - Computer Science,Male,School of Engineering & Applied Science,1,1
I am continuing my education,2,Economics,Female,College and Graduate School of Arts & Sciences,0,1
I have not finalized my plans.  I am seeking employment or acceptance to an academic program,0,Engineering - Mechanical Engineering,Male,School of Engineering & Applied Science,0,0
Working,3,Economics,Male,College and Graduate School of Arts & Sciences,1,1
I have not finalized my plans.  I am seeking employment or acceptance to an academic program,3,Architecture,Female,School of Architecture,0,1
Working,0,Architecture,Female,School of Architecture,1,0
I have not finalized my plans.  I am seeking employment or acceptance to an academic program,1,Education - Kinesiology,Female,School of Education and Human Development,0,1
I have not finalized my plans.  I am seeking employment or acceptance to an academic program,0,Biology,Female,College and Graduate School of Arts & Sciences,0,0
I am taking a break,1,Education - Reading Education,Female,School of Education and Human Development,0,1
Working,3,Statistics,Male,College and Graduate School of Arts & Sciences,1,1
I am continuing my education,2,Architecture,Male,School of Architecture,0,1
Working,0,Data Science,Male,School of Data Science,1,0
Working,0,Nursing,Male,School of Nursing,1,0
I am continuing my education,3,Global Studies - Interdisciplinary,Female,College and Graduate School of Arts & Sciences,0,1
Working,0,Engineering - Mechanical Engineering,Male,School of Engineering & Applied Science,1,0
Working,0,Nursing,Female,School of Nursing,1,0
Working,2,Global Studies - Interdisciplinary,Female,College and Graduate School of Arts & Sciences,1,1
I have not finalized my plans.  I am seeking employment or acceptance to an academic program,0,Architecture - Landscape Architecture,Male,School of Architecture,0,0
Working,0,Education - Curriculum & Instruction,Male,School of Education and Human Development,1,0
Working,1,Engineering - Electrical Engineering,Male,School of Engineering & Applied Science,1,1
Working,0,Biology,Male,College and Graduate School of Arts & Sciences,1,0
I have not finalized my plans.  I am seeking employment or acceptance to an academic program,3,Sociology,Female,College and Graduate School of Arts & Sciences,0,1
Working,2,Economics,Male,College and Graduate School of Arts & Sciences,1,1
Working,0,Nursing,Male,School of Nursing,1,0
I am continuing my education,1,Education - Educational Psychology,Female,School of Education and Human Development,0,1
I have not finalized my plans.  I am seeking employment or acceptance to an academic program,0,Computer Science,Male,College and Graduate School of Arts & Sciences,0,0
I am continuing my education,0,Nursing,Female,School of Nursing,0,0
I have not finalized my plans.  I am seeking employment or acceptance to an academic program,2,Education - English Education,Female,School of Education and Human Development,0,1
Working,1,Education - Elementary Education,Female,School of Education and Human Development,1,1
Working,2,Computer Science,Male,College and Graduate School of Arts & Sciences,1,1
I have not finalized my plans.  I am seeking employment or acceptance to an academic program,0,Psychology,Female,College and Graduate School of Arts & Sciences,0,0
Working,2,Spanish,Male,College and Graduate School of Arts & Sciences,1,1
Working,3,Education - Athletic Training,Female,School of Education and Human Development,1,1
I am continuing my education,1,Engineering - Electrical Engineering,Male,School of Engineering & Applied Science,0,1
I am continuing my education,3,Applied Statistics,Female,College and Graduate School of Arts & Sciences,0,1
I have not finalized my plans.  I am seeking employment or acceptance to an academic program,0,History,Female,College and Graduate School of Arts & Sciences,0,0
Working,2,Global Studies - Interdisciplinary,Male,College and Graduate School of Arts & Sciences,1,1
I have accepted a fellowship,1,Biology,Female,College and Graduate School of Arts & Sciences,0,1
I am continuing my education,1,Media Studies,Male,College and Graduate School of Arts & Sciences,0,1
Working,2,Education - English Education,Female,School of Education and Human Development,1,1
Working,0,Education - Curriculum & Instruction,Female,School of Education and Human Development,1,0
I have not finalized my plans.  I am seeking employment or acceptance to an academic program,1,Architecture,Male,School of Architecture,0,1
Working,1,Engineering - Biomedical Engineering,Male,School of Engineering & Applied Science,1,1
Working,0,Engineering - Materials Science & Engineering,Female,School of Engineering & Applied Science,1,0
Working,3,Economics,Male,College and Graduate School of Arts & Sciences,1,1
I am continuing my education,0,Education - Kinesiology,Male,School of Education and Human Development,0,0
I have not finalized my plans.  I am seeking employment or acceptance to an academic program,1,Engineering - Computer Science,Male,School of Engineering & Applied Science,0,1
I am taking a break,0,Astronomy-Physics,Male,College and Graduate School of Arts & Sciences,0,0
I have not finalized my plans.  I am seeking employment or acceptance to an academic program,0,Global Studies - Interdisciplinary,Female,College and Graduate School of Arts & Sciences,0,0
Working,2,Engineering - Computer Science,Male,School of Engineering & Applied Science,1,1
I am continuing my education,3,Applied Statistics,Male,College and Graduate School of Arts & Sciences,0,1
Working,0,Engineering - Computer Science,Male,School of Engineering & Applied Science,1,0
I am taking a break,1,Engineering - Systems Engineering,Female,School of Engineering & Applied Science,0,1
I am continuing my education,1,Neuroscience - Interdisciplinary,Male,College and Graduate School of Arts & Sciences,0,1
Working,2,Engineering - Systems Engineering,Male,School of Engineering & Applied Science,1,1
Working,2,Nursing,Female,School of Nursing,1,1
Working,0,Education - Curriculum & Instruction,Female,School of Education and Human Development,1,0
Working,2,Education - Special Education,Female,School of Education and Human Development,1,1
Working,1,Nursing,Female,School of Nursing,1,1
Working,2,Environmental Sciences,Female,College and Graduate School of Arts & Sciences,1,1
I have not finalized my plans.  I am seeking employment or acceptance to an academic program,0,Nursing,Female,College and Graduate School of Arts & Sciences,0,0
Working,2,Engineering - Systems Engineering,Male,School of Engineering & Applied Science,1,1
I have not finalized my plans.  I am seeking employment or acceptance to an academic program,1,Biology,Female,College and Graduate School of Arts & Sciences,0,1
I am continuing my education,2,Art - Art History,Female,College and Graduate School of Arts & Sciences,0,1
Working,3,Economics,Male,College and Graduate School of Arts & Sciences,1,1
I have accepted a fellowship,0,History,Female,College and Graduate School of Arts & Sciences,0,0
Working,0,Engineering - Systems Engineering,Male,School of Engineering & Applied Science,1,0
Working,3,Applied Statistics,Male,College and Graduate School of Arts & Sciences,1,1
I have not finalized my plans.  I am seeking employment or acceptance to an academic program,1,Biology,Female,College and Graduate School of Arts & Sciences,0,1
I am continuing my education,1,Education - Youth & Social Innovation,Female,School of Education and Human Development,0,1
I have not finalized my plans.  I am seeking employment or acceptance to an academic program,2,Global Studies - Interdisciplinary,Female,College and Graduate School of Arts & Sciences,0,1
I am continuing my education,2,Political & Social Thought - Interdisciplinary,Male,College and Graduate School of Arts & Sciences,0,1
I have not finalized my plans.  I am seeking employment or acceptance to an academic program,0,Engineering - Computer Science,Male,School of Engineering & Applied Science,0,0
I am continuing my education,1,Engineering - Electrical Engineering,Male,School of Engineering & Applied Science,0,1
I have not finalized my plans.  I am seeking employment or acceptance to an academic program,0,Cognitive Science - Interdisciplinary,Male,College and Graduate School of Arts & Sciences,0,0
I have not finalized my plans.  I am seeking employment or acceptance to an academic program,1,Education - Higher Education,Female,School of Education and Human Development,0,1
I am continuing my education,1,Government,Female,College and Graduate School of Arts & Sciences,0,1
I have not finalized my plans.  I am seeking employment or acceptance to an academic program,0,Engineering - Biomedical Engineering,Male,School of Engineering & Applied Science,0,0
Working,3,Mathematics,Male,College and Graduate School of Arts & Sciences,1,1
Working,0,Education - Curriculum & Instruction,Female,School of Education and Human Development,1,0
I have not finalized my plans.  I am seeking employment or acceptance to an academic program,1,Architecture - Urban & Environmental Planning,Female,School of Architecture,0,1
Working,3,Engineering - Computer Science,Female,School of Engineering & Applied Science,1,1
I am taking a break,0,Nursing,Female,School of Nursing,0,0
Working,0,Engineering - Materials Science & Engineering,Female,School of Engineering & Applied Science,1,0
I am continuing my education,0,History,Male,College and Graduate School of Arts & Sciences,0,0
Working,2,Government,Female,College and Graduate School of Arts & Sciences,1,1
I will be serving in the military,0,Applied Statistics,Female,College and Graduate School of Arts & Sciences,0,0
I have not finalized my plans.  I am seeking employment or acceptance to an academic program,1,French,Male,College and Graduate School of Arts & Sciences,0,1
I have not finalized my plans.  I am seeking employment or acceptance to an academic program,2,Media Studies,Male,College and Graduate School of Arts & Sciences,0,1
Working,2,Applied Statistics,Male,College and Graduate School of Arts & Sciences,1,1
I am continuing my education,0,Cognitive Science - Interdisciplinary,Male,College and Graduate School of Arts & Sciences,0,0
I am continuing my education,2,Astronomy-Physics,Male,College and Graduate School of Arts & Sciences,0,1
Working,0,Cognitive Science - Interdisciplinary,Female,College and Graduate School of Arts & Sciences,1,0
I am continuing my education,3,Economics,Male,College and Graduate School of Arts & Sciences,0,1
Working,3,Economics,Male,College and Graduate School of Arts & Sciences,1,1
I am continuing my education,0,Undeclared,Female,College and Graduate School of Arts & Sciences,0,0
I am continuing my education,1,Education - Elementary Education,Female,School of Education and Human Development,0,1
I am continuing my education,2,Foreign Affairs,Female,College and Graduate School of Arts & Sciences,0,1
Working,1,Psychology,Male,College and Graduate School of Arts & Sciences,1,1
Working,3,Economics,Male,College and Graduate School of Arts & Sciences,1,1
Working,1,Engineering - Computer Engineering,Male,School of Engineering & Applied Science,1,1
I am continuing my education,0,Economics,Male,College and Graduate School of Arts & Sciences,0,0
Working,0,Spanish,Male,College and Graduate School of Arts & Sciences,1,0
I have not finalized my plans.  I am seeking employment or acceptance to an academic program,0,Chemistry,Male,College and Graduate School of Arts & Sciences,0,0
I am continuing my education,0,Engineering - Biomedical Engineering,Female,School of Engineering & Applied Science,0,0
I am continuing my education,0,Engineering - Systems Engineering,Female,School of Engineering & Applied Science,0,0
I have not finalized my plans.  I am seeking employment or acceptance to an academic program,0,Sociology,Female,College and Graduate School of Arts & Sciences,0,0
I will be volunteering,0,Psychology,Female,College and Graduate School of Arts & Sciences,0,0
I have not finalized my plans.  I am seeking employment or acceptance to an academic program,1,Computer Science,Male,College and Graduate School of Arts & Sciences,0,1
I am continuing my education,0,Engineering - Biomedical Engineering,Male,School of Engineering & Applied Science,0,0
I have not finalized my plans.  I am seeking employment or acceptance to an academic program,0,Education - Kinesiology,Female,School of Education and Human Development,0,0
Working,0,Applied Statistics,Female,College and Graduate School of Arts & Sciences,1,0
Working,3,Applied Statistics,Male,College and Graduate School of Arts & Sciences,1,1
Working,2,Engineering - Electrical Engineering,Female,School of Engineering & Applied Science,1,1
I have not finalized my plans.  I am seeking employment or acceptance to an academic program,0,Interdisciplinary (SCPS-BIS),Male,School of Continuing and Professional Studies,0,0
I am continuing my education,0,History,Male,College and Graduate School of Arts & Sciences,0,0
Working,2,Nursing,Female,School of Nursing,1,1
I am continuing my education,0,Physics,Male,College and Graduate School of Arts & Sciences,0,0
I have not finalized my plans.  I am seeking employment or acceptance to an academic program,0,Psychology,Female,College and Graduate School of Arts & Sciences,0,0
Working,0,Nursing,Female,School of Nursing,1,0
I have not finalized my plans.  I am seeking employment or acceptance to an academic program,0,Education - Curriculum & Instruction,Female,School of Education and Human Development,0,0
Working,0,Public Safety,Male,School of Continuing and Professional Studies,1,0
Working,0,Nursing,Female,School of Nursing,1,0
Working,3,Engineering - Materials Science and Engineering,Female,School of Engineering & Applied Science,1,1
Working,0,Nursing,Male,School of Nursing,1,0
Working,0,Nursing,Female,School of Nursing,1,0
I have not finalized my plans.  I am seeking employment or acceptance to an academic program,2,Engineering - Computer Science,Male,School of Engineering & Applied Science,0,1
Working,3,Computer Science,Male,College and Graduate School of Arts & Sciences,1,1
I am continuing my education,0,Biology,Female,College and Graduate School of Arts & Sciences,0,0
I have not finalized my plans.  I am seeking employment or acceptance to an academic program,0,Psychology,Female,College and Graduate School of Arts & Sciences,0,0
Working,1,Education - English Education,Female,School of Education and Human Development,1,1
Working,2,Political Philosophy Policy & Law - Interdisciplinary,Male,College and Graduate School of Arts & Sciences,1,1
Working,1,Media Studies,Female,College and Graduate School of Arts & Sciences,1,1
Working,0,Public Safety,Male,School of Continuing and Professional Studies,1,0
I am continuing my education,0,Engineering - Chemical Engineering,Male,School of Engineering & Applied Science,0,0
Working,2,Economics,Female,College and Graduate School of Arts & Sciences,1,1
I am continuing my education,2,Engineering - Computer Engineering,Male,School of Engineering & Applied Science,0,1
I have not finalized my plans.  I am seeking employment or acceptance to an academic program,0,Biology,Male,College and Graduate School of Arts & Sciences,0,0
Working,0,Psychology,Female,College and Graduate School of Arts & Sciences,1,0
I am continuing my education,2,Statistics,Female,College and Graduate School of Arts & Sciences,0,1
I have not finalized my plans.  I am seeking employment or acceptance to an academic program,1,Cognitive Science - Interdisciplinary,Female,College and Graduate School of Arts & Sciences,0,1
I will be serving in the military,0,Physics,Male,College and Graduate School of Arts & Sciences,0,0
Working,0,Education - Curriculum & Instruction,Female,School of Education and Human Development,1,0
I have not finalized my plans.  I am seeking employment or acceptance to an academic program,3,Architecture,Male,School of Architecture,0,1
I am taking a break,0,Nursing,Female,School of Nursing,0,0
I am continuing my education,2,Biology,Female,College and Graduate School of Arts & Sciences,0,1
Working,3,Biology,Female,College and Graduate School of Arts & Sciences,1,1
Working,1,Engineering - Chemical Engineering,Female,School of Engineering & Applied Science,1,1
Working,0,Education - Special Education,Female,School of Education and Human Development,1,0
I have not finalized my plans.  I am seeking employment or acceptance to an academic program,0,Environmental Thought & Practice - Interdisciplinary,Female,College and Graduate School of Arts & Sciences,0,0
Working,1,Nursing,Female,School of Nursing,1,1
I have not finalized my plans.  I am seeking employment or acceptance to an academic program,0,Education - Special Education,Female,School of Education and Human Development,0,0
I am continuing my education,0,Biology,Female,College and Graduate School of Arts & Sciences,0,0
I am continuing my education,1,Biology,Female,College and Graduate School of Arts & Sciences,0,1
Working,0,Environmental Sciences,Female,College and Graduate School of Arts & Sciences,1,0
I have not finalized my plans.  I am seeking employment or acceptance to an academic program,0,Interdisciplinary (SCPS-BIS),Female,School of Continuing and Professional Studies,0,0
Working,1,Neuroscience - Interdisciplinary,Female,College and Graduate School of Arts & Sciences,1,1
Working,2,Global Studies - Interdisciplinary,Female,College and Graduate School of Arts & Sciences,1,1
Working,2,Architecture - Urban & Environmental Planning,Female,School of Architecture,1,1
Working,0,Chemistry,Female,College and Graduate School of Arts & Sciences,1,0
I am taking a break,0,Biology,Female,College and Graduate School of Arts & Sciences,0,0
Working,0,Public Safety,Female,School of Continuing and Professional Studies,1,0
Working,0,Education - Educational Psychology,Female,School of Education and Human Development,1,0
Working,0,Education - Administration & Supervision,Female,School of Education and Human Development,1,0
I have not finalized my plans.  I am seeking employment or acceptance to an academic program,3,Architecture,Female,School of Architecture,0,1
Working,0,Nursing,Female,School of Nursing,1,0
I am continuing my education,0,Engineering - Materials Science and Engineering,Male,School of Engineering & Applied Science,0,0
I have not finalized my plans.  I am seeking employment or acceptance to an academic program,2,Biology,Female,College and Graduate School of Arts & Sciences,0,1
Working,0,Education - English Education,Female,School of Education and Human Development,1,0
Working,0,Engineering - Materials Science & Engineering,Female,School of Engineering & Applied Science,1,0
Working,0,Biology,Female,College and Graduate School of Arts & Sciences,1,0
Working,3,Architecture,Female,School of Architecture,1,1
Working,0,Nursing,Female,School of Nursing,1,0
Working,2,Economics,Male,College and Graduate School of Arts & Sciences,1,1
Working,0,Biology,Female,College and Graduate School of Arts & Sciences,1,0
I have not finalized my plans.  I am seeking employment or acceptance to an academic program,0,Data Science,Male,School of Data Science,0,0
I have not finalized my plans.  I am seeking employment or acceptance to an academic program,0,Environmental Sciences,Female,College and Graduate School of Arts & Sciences,0,0
Working,0,Anthropology,Male,College and Graduate School of Arts & Sciences,1,0
Working,2,Engineering - Computer Science,Female,School of Engineering & Applied Science,1,1
Working,3,Education - Speech Communication Disorders,Male,School of Education and Human Development,1,1
Working,3,Education - Youth & Social Innovation,Female,School of Education and Human Development,1,1
I am continuing my education,1,Mathematics,Male,College and Graduate School of Arts & Sciences,0,1
I am continuing my education,1,Biology,Female,College and Graduate School of Arts & Sciences,0,1
Working,1,Psychology,Female,College and Graduate School of Arts & Sciences,1,1
I have not finalized my plans.  I am seeking employment or acceptance to an academic program,0,Media Studies,Male,College and Graduate School of Arts & Sciences,0,0
Working,0,Engineering - Electrical Engineering,Male,School of Engineering & Applied Science,1,0
Working,0,Nursing,Female,School of Nursing,1,0
I am taking a break,2,Economics,Male,College and Graduate School of Arts & Sciences,0,1
Working,1,Computer Science - Interdisciplinary,Male,College and Graduate School of Arts & Sciences,1,1
I am continuing my education,3,Engineering - Civil Engineering,Male,School of Engineering & Applied Science,0,1
I am continuing my education,2,Education - Elementary Education,Female,School of Education and Human Development,0,1
Working,1,Economics,Female,College and Graduate School of Arts & Sciences,1,1
Working,0,Philosophy,Female,College and Graduate School of Arts & Sciences,1,0
Working,0,Education - Educational Psychology,Female,School of Education and Human Development,1,0
Working,1,Neuroscience - Interdisciplinary,Female,College and Graduate School of Arts & Sciences,1,1
I am continuing my education,1,Architecture - Urban & Environmental Planning,Female,School of Architecture,0,1
Working,0,Biology,Female,College and Graduate School of Arts & Sciences,1,0
I am continuing my education,2,Psychology,Female,College and Graduate School of Arts & Sciences,0,1
I am continuing my education,0,Chemistry,Female,College and Graduate School of Arts & Sciences,0,0
Working,1,Data Science,Male,School of Data Science,1,1
Working,0,Education - Special Education,Male,School of Education and Human Development,1,0
I am continuing my education,0,Mathematics,Male,College and Graduate School of Arts & Sciences,0,0
Working,0,Linguistics,Male,College and Graduate School of Arts & Sciences,1,0
I have not finalized my plans.  I am seeking employment or acceptance to an academic program,0,Microbiology,Female,School of Medicine,0,0
I have not finalized my plans.  I am seeking employment or acceptance to an academic program,1,Engineering - Computer Engineering,Male,School of Engineering & Applied Science,0,1
Working,2,Economics,Male,College and Graduate School of Arts & Sciences,1,1
I am continuing my education,0,English,Female,College and Graduate School of Arts & Sciences,0,0
Working,2,Environmental Thought & Practice - Interdisciplinary,Female,College and Graduate School of Arts & Sciences,1,1
I am continuing my education,3,Computer Science,Male,College and Graduate School of Arts & Sciences,0,1
I am continuing my education,0,Education - Speech Communication Disorders,Female,School of Education and Human Development,0,0
I am continuing my education,1,Economics,Male,College and Graduate School of Arts & Sciences,0,1
I am continuing my education,2,Engineering - Biomedical Engineering,Female,School of Engineering & Applied Science,0,1
I am continuing my education,1,Education - Speech Communication Disorders,Female,School of Education and Human Development,0,1
I have not finalized my plans.  I am seeking employment or acceptance to an academic program,0,Mathematics,Male,College and Graduate School of Arts & Sciences,0,0
Working,2,Global Studies - Interdisciplinary,Female,College and Graduate School of Arts & Sciences,1,1
Working,0,Chemistry,Female,College and Graduate School of Arts & Sciences,1,0
I have not finalized my plans.  I am seeking employment or acceptance to an academic program,2,Architecture - Landscape Architecture,Female,School of Architecture,0,1
I have not finalized my plans.  I am seeking employment or acceptance to an academic program,1,Architecture - Architectural History,Female,School of Architecture,0,1
I have not finalized my plans.  I am seeking employment or acceptance to an academic program,3,Architecture,Female,School of Architecture,0,1
I have not finalized my plans.  I am seeking employment or acceptance to an academic program,1,Architecture,Female,School of Architecture,0,1
I have not finalized my plans.  I am seeking employment or acceptance to an academic program,1,Data Science,Male,School of Data Science,0,1
I am taking a break,2,Architecture,Female,School of Architecture,0,1
Working,2,Engineering - Civil Engineering,Female,School of Engineering & Applied Science,1,1
I have not finalized my plans.  I am seeking employment or acceptance to an academic program,1,Education - English Education,Female,School of Education and Human Development,0,1
Working,2,Computer Science - Interdisciplinary,Male,College and Graduate School of Arts & Sciences,1,1
Working,0,Architecture,Female,School of Architecture,1,0
I have not finalized my plans.  I am seeking employment or acceptance to an academic program,0,Global Studies - Interdisciplinary,Female,College and Graduate School of Arts & Sciences,0,0
Working,0,Nursing,Female,School of Nursing,1,0
Working,0,Engineering - Biomedical Engineering,Female,School of Engineering & Applied Science,1,0
Working,3,Economics,Female,College and Graduate School of Arts & Sciences,1,1
Working,0,Education - Special Education,Female,School of Education and Human Development,1,0
Working,3,Engineering - Computer Science,Female,School of Engineering & Applied Science,1,1
I have not finalized my plans.  I am seeking employment or acceptance to an academic program,0,Architecture,Male,School of Architecture,0,0
Working,2,Engineering - Biomedical Engineering,Female,School of Engineering & Applied Science,1,1
Working,1,Education - Administration & Supervision,Male,School of Education and Human Development,1,1
Working,3,Environmental Thought & Practice - Interdisciplinary,Female,College and Graduate School of Arts & Sciences,1,1
I will be serving in the military,0,Computer Science - Interdisciplinary,Male,College and Graduate School of Arts & Sciences,0,0
I have not finalized my plans.  I am seeking employment or acceptance to an academic program,0,Biology,Female,College and Graduate School of Arts & Sciences,0,0
Working,0,Nursing,Female,School of Nursing,1,0
I am taking a break,2,Cognitive Science - Interdisciplinary,Female,College and Graduate School of Arts & Sciences,0,1
I am continuing my education,1,Education - Educational Psychology,Female,School of Education and Human Development,0,1
Working,0,Biology,Male,College and Graduate School of Arts & Sciences,1,0
I have not finalized my plans.  I am seeking employment or acceptance to an academic program,2,Psychology,Female,College and Graduate School of Arts & Sciences,0,1
I am continuing my education,3,History,Female,College and Graduate School of Arts & Sciences,0,1
I am continuing my education,0,Psychology,Female,College and Graduate School of Arts & Sciences,0,0
I am continuing my education,2,Engineering - Computer Engineering,Male,School of Engineering & Applied Science,0,1
Working,0,Economics,Male,College and Graduate School of Arts & Sciences,1,0
Working,2,Computer Science,Male,College and Graduate School of Arts & Sciences,1,1
I am continuing my education,0,Chemistry,Female,College and Graduate School of Arts & Sciences,0,0
Working,3,Engineering - Computer Science,Male,School of Engineering & Applied Science,1,1
Working,1,Computer Science - Interdisciplinary,Female,College and Graduate School of Arts & Sciences,1,1
I have accepted a fellowship,2,English,Female,College and Graduate School of Arts & Sciences,0,1
I have not finalized my plans.  I am seeking employment or acceptance to an academic program,3,Architecture,Female,School of Architecture,0,1
I will be volunteering,2,Chemistry,Female,College and Graduate School of Arts & Sciences,0,1
I am continuing my education,3,Engineering - Computer Science,Male,School of Engineering & Applied Science,0,1
Working,1,Nursing,Female,School of Nursing,1,1
I have not finalized my plans.  I am seeking employment or acceptance to an academic program,1,Economics,Male,College and Graduate School of Arts & Sciences,0,1
Working,0,Education - Kinesiology,Male,School of Education and Human Development,1,0
Working,0,Education - Curriculum & Instruction,Female,School of Education and Human Development,1,0
I have not finalized my plans.  I am seeking employment or acceptance to an academic program,1,Applied Statistics,Male,College and Graduate School of Arts & Sciences,0,1
Working,1,Nursing,Female,School of Nursing,1,1
I have not finalized my plans.  I am seeking employment or acceptance to an academic program,0,Nursing,Female,School of Nursing,0,0
I have not finalized my plans.  I am seeking employment or acceptance to an academic program,0,Computer Science - Interdisciplinary,Male,College and Graduate School of Arts & Sciences,0,0
Working,0,English,Female,College and Graduate School of Arts & Sciences,1,0
Working,3,Education - Higher Education,Female,School of Education and Human Development,1,1
Working,2,American Studies - Interdisciplinary,Male,College and Graduate School of Arts & Sciences,1,1
Working,3,Psychology,Female,College and Graduate School of Arts & Sciences,1,1
Working,0,Data Science,Female,School of Data Science,1,0
I am continuing my education,1,Cognitive Science - Interdisciplinary,Male,College and Graduate School of Arts & Sciences,0,1
I am continuing my education,0,East Asian Studies - Interdisciplinary,Male,College and Graduate School of Arts & Sciences,0,0
I am continuing my education,2,Biology,Female,College and Graduate School of Arts & Sciences,0,1
Working,0,Biology,Female,College and Graduate School of Arts & Sciences,1,0
Working,1,Engineering - Computer Science,Female,School of Engineering & Applied Science,1,1
Working,0,Education - Counselor Education,Female,School of Education and Human Development,1,0
Working,2,Engineering - Computer Science,Female,School of Engineering & Applied Science,1,1
I have not finalized my plans.  I am seeking employment or acceptance to an academic program,0,Engineering - Aerospace Engineering,Male,School of Engineering & Applied Science,0,0
I am continuing my education,1,Architecture,Male,School of Architecture,0,1
I am continuing my education,3,Mathematics,Male,College and Graduate School of Arts & Sciences,0,1
Working,0,Engineering - Chemical Engineering,Female,School of Engineering & Applied Science,1,0
I am continuing my education,2,Engineering - Aerospace Engineering,Male,School of Engineering & Applied Science,0,1
I am continuing my education,2,Global Studies - Interdisciplinary,Female,College and Graduate School of Arts & Sciences,0,1
I am continuing my education,2,Global Studies - Interdisciplinary,Female,College and Graduate School of Arts & Sciences,0,1
I am taking a break,1,French,Female,College and Graduate School of Arts & Sciences,0,1
I have not finalized my plans.  I am seeking employment or acceptance to an academic program,3,Global Studies - Interdisciplinary,Male,College and Graduate School of Arts & Sciences,0,1
Working,0,Astronomy,Male,College and Graduate School of Arts & Sciences,1,0
Working,0,Education - Athletic Training,Female,School of Education and Human Development,1,0
I have not finalized my plans.  I am seeking employment or acceptance to an academic program,0,Engineering - Mechanical Engineering,Female,School of Engineering & Applied Science,0,0
I am continuing my education,1,Engineering - Mechanical Engineering,Male,School of Engineering & Applied Science,0,1
Working,2,Psychology,Female,College and Graduate School of Arts & Sciences,1,1
Working,1,Biology,Male,College and Graduate School of Arts & Sciences,1,1
I am continuing my education,0,Neuroscience - Interdisciplinary,Female,College and Graduate School of Arts & Sciences,0,0
Working,1,Philosophy,Male,College and Graduate School of Arts & Sciences,1,1
Working,1,Engineering - Computer Science,Male,School of Engineering & Applied Science,1,1
Working,3,Engineering - Civil Engineering,Male,School of Engineering & Applied Science,1,1
Working,0,Economics,Male,College and Graduate School of Arts & Sciences,1,0
I am continuing my education,1,Education - Curriculum & Instruction,Male,School of Education and Human Development,0,1
Working,1,Engineering - Biomedical Engineering,Female,School of Engineering & Applied Science,1,1
I have not finalized my plans.  I am seeking employment or acceptance to an academic program,0,Biology,Female,College and Graduate School of Arts & Sciences,0,0
I will be serving in the military,0,Nursing,Female,School of Nursing,0,0
Working,0,Environmental Sciences,Female,College and Graduate School of Arts & Sciences,1,0
Working,0,Biology,Female,College and Graduate School of Arts & Sciences,1,0
I am continuing my education,0,Slavic Languages and Literatures,Female,College and Graduate School of Arts & Sciences,0,0
I am continuing my education,2,Biology,Male,College and Graduate School of Arts & Sciences,0,1
I have not finalized my plans.  I am seeking employment or acceptance to an academic program,2,Media Studies,Female,College and Graduate School of Arts & Sciences,0,1
I am continuing my education,3,Engineering - Electrical Engineering,Male,School of Engineering & Applied Science,0,1
Working,0,Engineering - Computer Science,Female,School of Engineering & Applied Science,1,0
Working,3,Education - Athletic Training,Female,School of Education and Human Development,1,1
I am continuing my education,2,Global Studies - Interdisciplinary,Female,College and Graduate School of Arts & Sciences,0,1
Working,1,Engineering - Chemical Engineering,Female,School of Engineering & Applied Science,1,1
I am continuing my education,0,Economics,Male,College and Graduate School of Arts & Sciences,0,0
Working,1,Human Biology - Interdisciplinary,Female,College and Graduate School of Arts & Sciences,1,1
Working,0,Neuroscience - Interdisciplinary,Male,College and Graduate School of Arts & Sciences,1,0
I have not finalized my plans.  I am seeking employment or acceptance to an academic program,1,Cognitive Science - Interdisciplinary,Female,College and Graduate School of Arts & Sciences,0,1
I have not finalized my plans.  I am seeking employment or acceptance to an academic program,2,Foreign Affairs,Male,College and Graduate School of Arts & Sciences,0,1
I am continuing my education,1,Global Studies - Interdisciplinary,Female,College and Graduate School of Arts & Sciences,0,1
I am continuing my education,0,Classics,Female,College and Graduate School of Arts & Sciences,0,0
I am taking a break,1,Engineering - Computer Science,Female,School of Engineering & Applied Science,0,1
I am continuing my education,3,English,Female,College and Graduate School of Arts & Sciences,0,1
Working,1,Engineering - Computer Engineering,Female,School of Engineering & Applied Science,1,1
Working,1,Economics,Male,College and Graduate School of Arts & Sciences,1,1
I am continuing my education,1,Biology,Male,College and Graduate School of Arts & Sciences,0,1
I am continuing my education,0,Education - Kinesiology,Female,School of Education and Human Development,0,0
I have not finalized my plans.  I am seeking employment or acceptance to an academic program,3,Philosophy,Male,College and Graduate School of Arts & Sciences,0,1
Working,2,Computer Science,Female,College and Graduate School of Arts & Sciences,1,1
I am continuing my education,2,Economics,Male,College and Graduate School of Arts & Sciences,0,1
I have not finalized my plans.  I am seeking employment or acceptance to an academic program,0,Computer Science - Interdisciplinary,Male,College and Graduate School of Arts & Sciences,0,0
I am continuing my education,2,Philosophy,Female,College and Graduate School of Arts & Sciences,0,1
I will be serving in the military,2,Engineering - Computer Science,Male,School of Engineering & Applied Science,0,1
Working,3,Education - Kinesiology,Male,School of Education and Human Development,1,1
I have not finalized my plans.  I am seeking employment or acceptance to an academic program,2,Psychology,Female,College and Graduate School of Arts & Sciences,0,1
Working,1,Foreign Affairs,Male,College and Graduate School of Arts & Sciences,1,1
Working,0,Nursing,Male,School of Nursing,1,0
I am continuing my education,2,Applied Statistics,Female,College and Graduate School of Arts & Sciences,0,1
I am continuing my education,0,Computer Science,Female,College and Graduate School of Arts & Sciences,0,0
I am continuing my education,2,Computer Science,Male,College and Graduate School of Arts & Sciences,0,1
Working,2,Applied Statistics,Female,College and Graduate School of Arts & Sciences,1,1
Working,0,Economics,Female,College and Graduate School of Arts & Sciences,1,0
Working,1,Education - Educational Psychology,Female,School of Education and Human Development,1,1
I am continuing my education,1,Architecture,Male,School of Architecture,0,1
Working,0,Linguistics,Female,College and Graduate School of Arts & Sciences,1,0
Working,0,Health Sciences Management (SCPS),Female,School of Continuing and Professional Studies,1,0
I am continuing my education,0,Psychology,Female,College and Graduate School of Arts & Sciences,0,0
I have accepted a fellowship,2,Computer Science - Interdisciplinary,Male,College and Graduate School of Arts & Sciences,0,1
I have not finalized my plans.  I am seeking employment or acceptance to an academic program,1,Engineering - Systems Engineering,Male,School of Engineering & Applied Science,0,1
Working,0,Education - Elementary Education,Female,School of Education and Human Development,1,0
I have not finalized my plans.  I am seeking employment or acceptance to an academic program,0,Education - Kinesiology,Female,School of Education and Human Development,0,0
I have not finalized my plans.  I am seeking employment or acceptance to an academic program,3,Environmental Sciences,Female,College and Graduate School of Arts & Sciences,0,1
Working,3,Environmental Thought & Practice - Interdisciplinary,Female,College and Graduate School of Arts & Sciences,1,1
I have not finalized my plans.  I am seeking employment or acceptance to an academic program,1,Computer Science,Female,College and Graduate School of Arts & Sciences,0,1
Working,3,Religious Studies,Female,College and Graduate School of Arts & Sciences,1,1
I am continuing my education,2,Environmental Sciences,Female,College and Graduate School of Arts & Sciences,0,1
Working,1,Engineering - Mechanical Engineering,Male,School of Engineering & Applied Science,1,1
Working,2,Computer Science - Interdisciplinary,Male,College and Graduate School of Arts & Sciences,1,1
I am continuing my education,2,Global Studies - Interdisciplinary,Female,College and Graduate School of Arts & Sciences,0,1
Working,3,Media Studies,Female,College and Graduate School of Arts & Sciences,1,1
I am continuing my education,3,Media Studies,Female,College and Graduate School of Arts & Sciences,0,1
Working,0,Middle Eastern and South Asian Languages and Cultures,Female,College and Graduate School of Arts & Sciences,1,0
I am continuing my education,0,American Studies - Interdisciplinary,Male,College and Graduate School of Arts & Sciences,0,0
I am continuing my education,2,Engineering - Aerospace Engineering,Male,School of Engineering & Applied Science,0,1
Working,0,Education - Special Education,Male,School of Education and Human Development,1,0
Working,1,Media Studies,Male,College and Graduate School of Arts & Sciences,1,1
Working,2,Education - Social Studies Education,Male,School of Education and Human Development,1,1
I am continuing my education,1,Engineering - Biomedical Engineering,Female,School of Engineering & Applied Science,0,1
Working,2,Education - Counselor Education,Female,School of Education and Human Development,1,1
I am continuing my education,1,Computer Science - Interdisciplinary,Male,College and Graduate School of Arts & Sciences,0,1
Working,2,Applied Statistics,Female,College and Graduate School of Arts & Sciences,1,1
I am taking a break,0,Education - Youth & Social Innovation,Female,School of Education and Human Development,0,0
I am taking a break,0,Psychology,Female,College and Graduate School of Arts & Sciences,0,0
I have not finalized my plans.  I am seeking employment or acceptance to an academic program,0,Computer Science - Interdisciplinary,Female,College and Graduate School of Arts & Sciences,0,0
Working,2,Engineering - Mechanical & Aerospace Engineering,Female,School of Engineering & Applied Science,1,1
Working,1,Computer Science - Interdisciplinary,Male,College and Graduate School of Arts & Sciences,1,1
I have not finalized my plans.  I am seeking employment or acceptance to an academic program,2,Education - Elementary Education,Female,School of Education and Human Development,0,1
I am continuing my education,0,Education - Elementary Education,Female,School of Education and Human Development,0,0
I am continuing my education,0,Engineering - Electrical Engineering,Male,School of Engineering & Applied Science,0,0
I am continuing my education,0,English,Female,College and Graduate School of Arts & Sciences,0,0
I have not finalized my plans.  I am seeking employment or acceptance to an academic program,1,Linguistics,Male,College and Graduate School of Arts & Sciences,0,1
Working,2,Engineering - Mechanical Engineering,Male,School of Engineering & Applied Science,1,1
Working,3,Economics,Male,College and Graduate School of Arts & Sciences,1,1
Working,0,Biology,Female,College and Graduate School of Arts & Sciences,1,0
Working,1,Engineering - Biomedical Engineering,Female,School of Engineering & Applied Science,1,1
I am continuing my education,3,History,Male,College and Graduate School of Arts & Sciences,0,1
Working,0,Public Health,Female,School of Medicine,1,0
I am continuing my education,1,Education - Kinesiology,Male,School of Education and Human Development,0,1
Working,3,Education - Elementary Education,Female,School of Education and Human Development,1,1
Working,3,Education - Special Education,Female,School of Education and Human Development,1,1
I have not finalized my plans.  I am seeking employment or acceptance to an academic program,1,Computer Science - Interdisciplinary,Male,College and Graduate School of Arts & Sciences,0,1
I am continuing my education,1,Engineering - Systems Engineering,Male,School of Engineering & Applied Science,0,1
I have not finalized my plans.  I am seeking employment or acceptance to an academic program,0,Chemistry,Female,College and Graduate School of Arts & Sciences,0,0
Working,3,Engineering - Biomedical Engineering,Female,School of Engineering & Applied Science,1,1
Working,1,Engineering - Materials Science & Engineering,Male,School of Engineering & Applied Science,1,1
I have not finalized my plans.  I am seeking employment or acceptance to an academic program,0,Chemistry,Female,College and Graduate School of Arts & Sciences,0,0
I have not finalized my plans.  I am seeking employment or acceptance to an academic program,1,Psychology,Female,College and Graduate School of Arts & Sciences,0,1
Working,3,Global Studies - Interdisciplinary,Female,College and Graduate School of Arts & Sciences,1,1
I am continuing my education,3,Economics,Male,College and Graduate School of Arts & Sciences,0,1
Working,3,Engineering - Computer Science,Female,School of Engineering & Applied Science,1,1
I am continuing my education,3,Drama,Female,College and Graduate School of Arts & Sciences,0,1
I am continuing my education,3,Biology,Female,College and Graduate School of Arts & Sciences,0,1
I am continuing my education,0,Education - Kinesiology,Female,School of Education and Human Development,0,0
Working,1,Engineering - Civil Engineering,Female,School of Engineering & Applied Science,1,1
I am continuing my education,0,Economics,Female,College and Graduate School of Arts & Sciences,0,0
I will be serving in the military,0,Astronomy,Male,College and Graduate School of Arts & Sciences,0,0
Working,0,Education - Curriculum & Instruction,Female,School of Education and Human Development,1,0
I have not finalized my plans.  I am seeking employment or acceptance to an academic program,1,Data Science,Male,School of Data Science,0,1
I am continuing my education,0,Psychology,Female,College and Graduate School of Arts & Sciences,0,0
I am continuing my education,0,English,Male,College and Graduate School of Arts & Sciences,0,0
I am continuing my education,2,Mathematics,Female,College and Graduate School of Arts & Sciences,0,1
Working,2,Engineering - Systems Engineering,Male,School of Engineering & Applied Science,1,1
I have accepted a fellowship,0,Astronomy,Female,College and Graduate School of Arts & Sciences,0,0
I have not finalized my plans.  I am seeking employment or acceptance to an academic program,0,History,Male,College and Graduate School of Arts & Sciences,0,0
Working,2,Education - Speech Communication Disorders,Female,School of Education and Human Development,1,1
I have not finalized my plans.  I am seeking employment or acceptance to an academic program,0,Biology,Male,College and Graduate School of Arts & Sciences,0,0
I have not finalized my plans.  I am seeking employment or acceptance to an academic program,2,Computer Science,Male,College and Graduate School of Arts & Sciences,0,1
I have not finalized my plans.  I am seeking employment or acceptance to an academic program,2,Data Science,Male,School of Data Science,0,1
I am continuing my education,2,Engineering - Chemical Engineering,Female,School of Engineering & Applied Science,0,1
Working,0,Psychology,Female,College and Graduate School of Arts & Sciences,1,0
Working,0,Engineering - Materials Science & Engineering,Female,School of Engineering & Applied Science,1,0
I am continuing my education,0,Psychology,Male,College and Graduate School of Arts & Sciences,0,0
Working,1,Foreign Affairs,Female,College and Graduate School of Arts & Sciences,1,1
I have not finalized my plans.  I am seeking employment or acceptance to an academic program,1,Spanish,Female,College and Graduate School of Arts & Sciences,0,1
Working,2,Engineering - Computer Engineering,Male,School of Engineering & Applied Science,1,1
I have not finalized my plans.  I am seeking employment or acceptance to an academic program,3,Cognitive Science - Interdisciplinary,Female,College and Graduate School of Arts & Sciences,0,1
Working,0,History,Female,College and Graduate School of Arts & Sciences,1,0
I am continuing my education,2,Chemistry,Female,College and Graduate School of Arts & Sciences,0,1
I am continuing my education,1,Mathematics,Female,College and Graduate School of Arts & Sciences,0,1
Working,0,Biology,Female,College and Graduate School of Arts & Sciences,1,0
I am continuing my education,0,History,Male,College and Graduate School of Arts & Sciences,0,0
Working,3,Computer Science,Female,College and Graduate School of Arts & Sciences,1,1
I am continuing my education,2,Psychology,Female,College and Graduate School of Arts & Sciences,0,1
Working,1,Engineering - Chemical Engineering,Male,School of Engineering & Applied Science,1,1
Working,1,Engineering - Civil Engineering,Male,School of Engineering & Applied Science,1,1
Working,0,Education - Elementary Education,Female,School of Education and Human Development,1,0
I have not finalized my plans.  I am seeking employment or acceptance to an academic program,1,Environmental Sciences,Male,College and Graduate School of Arts & Sciences,0,1
Working,0,Education - Curriculum & Instruction,Female,School of Education and Human Development,1,0
I have not finalized my plans.  I am seeking employment or acceptance to an academic program,0,Psychology,Male,College and Graduate School of Arts & Sciences,0,0
I am continuing my education,1,Media Culture & Technology,Female,College and Graduate School of Arts & Sciences,0,1
I have not finalized my plans.  I am seeking employment or acceptance to an academic program,0,Cognitive Science - Interdisciplinary,Female,College and Graduate School of Arts & Sciences,0,0
I am continuing my education,2,Foreign Affairs,Female,College and Graduate School of Arts & Sciences,0,1
Working,3,Cognitive Science - Interdisciplinary,Female,College and Graduate School of Arts & Sciences,1,1
Working,0,Nursing,Female,School of Nursing,1,0
I am continuing my education,0,Psychology,Female,College and Graduate School of Arts & Sciences,0,0
I am continuing my education,1,Engineering - Systems Engineering,Male,School of Engineering & Applied Science,0,1
Working,1,Engineering - Computer Science,Male,School of Engineering & Applied Science,1,1
I am continuing my education,0,Psychology,Male,College and Graduate School of Arts & Sciences,0,0
Working,3,Engineering - Computer Science,Male,School of Engineering & Applied Science,1,1
Working,0,Education - Curriculum & Instruction,Male,School of Education and Human Development,1,0
Working,0,Psychology,Female,College and Graduate School of Arts & Sciences,1,0
Working,0,Religious Studies,Male,College and Graduate School of Arts & Sciences,1,0
I am continuing my education,2,Statistics,Female,College and Graduate School of Arts & Sciences,0,1
I have not finalized my plans.  I am seeking employment or acceptance to an academic program,2,Engineering - Computer Science,Male,School of Engineering & Applied Science,0,1
Working,2,Engineering - Mechanical Engineering,Male,School of Engineering & Applied Science,1,1
Working,0,Education - Curriculum & Instruction,Female,School of Education and Human Development,1,0
Working,0,Engineering - Electrical Engineering,Male,School of Engineering & Applied Science,1,0
Working,3,Engineering - Computer Science,Male,School of Engineering & Applied Science,1,1
I have not finalized my plans.  I am seeking employment or acceptance to an academic program,0,English,Male,College and Graduate School of Arts & Sciences,0,0
Working,0,Nursing,Female,School of Nursing,1,0
I am continuing my education,1,Nursing,Female,College and Graduate School of Arts & Sciences,0,1
Working,3,Cognitive Science - Interdisciplinary,Male,College and Graduate School of Arts & Sciences,1,1
Working,0,Data Science,Male,School of Data Science,1,0
Working,1,Education - Curriculum & Instruction,Female,School of Education and Human Development,1,1
Working,1,Computer Science,Female,College and Graduate School of Arts & Sciences,1,1
I have not finalized my plans.  I am seeking employment or acceptance to an academic program,2,Chemistry,Female,College and Graduate School of Arts & Sciences,0,1
I have not finalized my plans.  I am seeking employment or acceptance to an academic program,0,Economics,Male,College and Graduate School of Arts & Sciences,0,0
Working,2,Engineering - Computer Science,Male,School of Engineering & Applied Science,1,1
I am taking a break,2,History,Female,College and Graduate School of Arts & Sciences,0,1
I have not finalized my plans.  I am seeking employment or acceptance to an academic program,1,Education - Youth & Social Innovation,Female,School of Education and Human Development,0,1
Working,2,Engineering - Electrical Engineering,Male,School of Engineering & Applied Science,1,1
I am continuing my education,2,Architecture,Female,School of Architecture,0,1
I am continuing my education,0,Sociology,Female,College and Graduate School of Arts & Sciences,0,0
I have not finalized my plans.  I am seeking employment or acceptance to an academic program,0,Biology,Male,College and Graduate School of Arts & Sciences,0,0
Working,0,Public Safety,Male,School of Continuing and Professional Studies,1,0
I have not finalized my plans.  I am seeking employment or acceptance to an academic program,0,Architecture,Male,School of Architecture,0,0
I am continuing my education,2,Architecture,Female,School of Architecture,0,1
Working,0,Spanish,Female,College and Graduate School of Arts & Sciences,1,0
I have not finalized my plans.  I am seeking employment or acceptance to an academic program,0,Interdisciplinary (SCPS-BIS),Male,School of Continuing and Professional Studies,0,0
I am continuing my education,0,Applied Statistics,Female,College and Graduate School of Arts & Sciences,0,0
I have not finalized my plans.  I am seeking employment or acceptance to an academic program,1,Astronomy,Female,College and Graduate School of Arts & Sciences,0,1
I have not finalized my plans.  I am seeking employment or acceptance to an academic program,0,Global Studies - Interdisciplinary,Female,College and Graduate School of Arts & Sciences,0,0
I have not finalized my plans.  I am seeking employment or acceptance to an academic program,0,African-American & African Studies,Male,College and Graduate School of Arts & Sciences,0,0
I am continuing my education,2,Economics,Male,College and Graduate School of Arts & Sciences,0,1
I have not finalized my plans.  I am seeking employment or acceptance to an academic program,2,Architecture,Male,School of Architecture,0,1
I am continuing my education,2,Architecture - Urban & Environmental Planning,Female,School of Architecture,0,1
Working,2,Architecture - Urban & Environmental Planning,Male,School of Architecture,1,1
Working,0,American Studies - Interdisciplinary,Female,College and Graduate School of Arts & Sciences,1,0
I am continuing my education,3,Architecture,Female,School of Architecture,0,1
I have not finalized my plans.  I am seeking employment or acceptance to an academic program,2,Architecture,Male,School of Architecture,0,1
Working,0,Nursing,Female,School of Nursing,1,0
Working,2,Architecture,Female,School of Architecture,1,1
Working,3,English,Female,College and Graduate School of Arts & Sciences,1,1
I have not finalized my plans.  I am seeking employment or acceptance to an academic program,2,Engineering - Computer Science,Female,School of Engineering & Applied Science,0,1
Working,3,Architecture,Female,School of Architecture,1,1
Working,1,Engineering - Systems Engineering,Female,School of Engineering & Applied Science,1,1
I am continuing my education,2,Global Studies - Interdisciplinary,Female,College and Graduate School of Arts & Sciences,0,1
I am continuing my education,0,Engineering - Biomedical Engineering,Male,School of Engineering & Applied Science,0,0
Working,0,Biophysics,Female,School of Medicine,1,0
Working,0,Interdisciplinary (SCPS-BIS),Female,School of Continuing and Professional Studies,1,0
Working,2,Engineering - Systems Engineering,Male,School of Engineering & Applied Science,1,1
Working,2,Cognitive Science - Interdisciplinary,Female,College and Graduate School of Arts & Sciences,1,1
I am continuing my education,0,Chemistry,Female,College and Graduate School of Arts & Sciences,0,0
I have not finalized my plans.  I am seeking employment or acceptance to an academic program,0,Education - Special Education,Female,School of Education and Human Development,0,0
Working,3,Engineering - Systems Engineering,Female,School of Engineering & Applied Science,1,1
I am continuing my education,0,Foreign Affairs,Female,College and Graduate School of Arts & Sciences,0,0
I am continuing my education,2,Anthropology,Female,College and Graduate School of Arts & Sciences,0,1
I am continuing my education,2,Chemistry,Female,College and Graduate School of Arts & Sciences,0,1
I have not finalized my plans.  I am seeking employment or acceptance to an academic program,0,Economics,Male,College and Graduate School of Arts & Sciences,0,0
I have not finalized my plans.  I am seeking employment or acceptance to an academic program,0,Education - Speech Communication Disorders,Female,School of Education and Human Development,0,0
I have not finalized my plans.  I am seeking employment or acceptance to an academic program,0,Interdisciplinary (SCPS-BIS),Female,School of Continuing and Professional Studies,0,0
I am taking a break,1,Media Studies,Male,College and Graduate School of Arts & Sciences,0,1
I am continuing my education,0,Education - Kinesiology,Male,School of Education and Human Development,0,0
Working,1,Nursing,Female,School of Nursing,1,1
Working,0,Psychology,Female,College and Graduate School of Arts & Sciences,1,0
I am taking a break,0,Engineering - Electrical Engineering,Male,School of Engineering & Applied Science,0,0
Working,2,Engineering - Computer Science,Male,School of Engineering & Applied Science,1,1
Working,0,Environmental Sciences,Male,College and Graduate School of Arts & Sciences,1,0
I am continuing my education,1,Engineering - Aerospace Engineering,Male,School of Engineering & Applied Science,0,1
I am continuing my education,0,Mathematics,Male,College and Graduate School of Arts & Sciences,0,0
I have not finalized my plans.  I am seeking employment or acceptance to an academic program,3,Psychology,Female,College and Graduate School of Arts & Sciences,0,1
I am continuing my education,3,Engineering - Computer Science,Male,School of Engineering & Applied Science,0,1
Working,1,Nursing,Female,School of Nursing,1,1
Working,2,Neuroscience - Interdisciplinary,Female,College and Graduate School of Arts & Sciences,1,1
I am continuing my education,0,Biology,Female,College and Graduate School of Arts & Sciences,0,0
Working,2,Engineering - Systems Engineering,Male,School of Engineering & Applied Science,1,1
I will be serving in the military,1,Foreign Affairs,Male,College and Graduate School of Arts & Sciences,0,1
Working,3,Education - Early Childhood Development,Female,School of Education and Human Development,1,1
Working,2,Global Studies - Interdisciplinary,Male,College and Graduate School of Arts & Sciences,1,1
Working,1,Music,Male,College and Graduate School of Arts & Sciences,1,1
Working,1,Psychology,Female,College and Graduate School of Arts & Sciences,1,1
Working,2,Education - Kinesiology,Female,School of Education and Human Development,1,1
I have not finalized my plans.  I am seeking employment or acceptance to an academic program,2,Archaeology - Interdisciplinary,Female,College and Graduate School of Arts & Sciences,0,1
I am taking a break,0,Environmental Sciences,Male,College and Graduate School of Arts & Sciences,0,0
I have not finalized my plans.  I am seeking employment or acceptance to an academic program,0,Cognitive Science - Interdisciplinary,Male,College and Graduate School of Arts & Sciences,0,0
Working,3,Engineering - Biomedical Engineering,Male,School of Engineering & Applied Science,1,1
I have not finalized my plans.  I am seeking employment or acceptance to an academic program,1,Foreign Affairs,Female,College and Graduate School of Arts & Sciences,0,1
Working,2,Chemistry,Female,College and Graduate School of Arts & Sciences,1,1
I have not finalized my plans.  I am seeking employment or acceptance to an academic program,0,Engineering - Chemical Engineering,Female,School of Engineering & Applied Science,0,0
Working,2,Computer Science,Female,College and Graduate School of Arts & Sciences,1,1
I have not finalized my plans.  I am seeking employment or acceptance to an academic program,1,Engineering - Biomedical Engineering,Female,School of Engineering & Applied Science,0,1
I have not finalized my plans.  I am seeking employment or acceptance to an academic program,2,Biology,Female,College and Graduate School of Arts & Sciences,0,1
I am continuing my education,0,Architecture,Female,School of Architecture,0,0
Working,2,Foreign Affairs,Female,College and Graduate School of Arts & Sciences,1,1
I have not finalized my plans.  I am seeking employment or acceptance to an academic program,1,Engineering - Chemical Engineering,Female,School of Engineering & Applied Science,0,1
Working,3,Political & Social Thought - Interdisciplinary,Female,College and Graduate School of Arts & Sciences,1,1
Working,3,Education - Elementary Education,Female,School of Education and Human Development,1,1
I have not finalized my plans.  I am seeking employment or acceptance to an academic program,0,Engineering - Systems Engineering,Male,School of Engineering & Applied Science,0,0
I have not finalized my plans.  I am seeking employment or acceptance to an academic program,1,Applied Statistics,Male,College and Graduate School of Arts & Sciences,0,1
Working,1,Spanish,Male,College and Graduate School of Arts & Sciences,1,1
Working,0,Nursing,Female,School of Nursing,1,0
Working,2,Education - Counselor Education,Female,School of Education and Human Development,1,1
Working,0,Data Science,Male,School of Data Science,1,0
I have not finalized my plans.  I am seeking employment or acceptance to an academic program,2,Education - English Education,Female,School of Education and Human Development,0,1
I am continuing my education,1,Foreign Affairs,Male,College and Graduate School of Arts & Sciences,0,1
I have not finalized my plans.  I am seeking employment or acceptance to an academic program,0,Engineering - Systems Engineering,Female,School of Engineering & Applied Science,0,0
Working,2,Religious Studies,Male,College and Graduate School of Arts & Sciences,1,1
Working,3,Engineering - Civil Engineering,Male,School of Engineering & Applied Science,1,1
I am continuing my education,1,Engineering - Computer Science,Male,School of Engineering & Applied Science,0,1
I am continuing my education,3,Mathematics,Female,College and Graduate School of Arts & Sciences,0,1
I am taking a break,3,Sociology,Female,College and Graduate School of Arts & Sciences,0,1
I am continuing my education,3,Public Health,Female,School of Medicine,0,1
I am continuing my education,1,Engineering - Systems Engineering,Male,School of Engineering & Applied Science,0,1
I have not finalized my plans.  I am seeking employment or acceptance to an academic program,0,Experimental Pathology,Female,School of Medicine,0,0
Working,2,Biology,Female,College and Graduate School of Arts & Sciences,1,1
I have not finalized my plans.  I am seeking employment or acceptance to an academic program,3,Biology,Female,College and Graduate School of Arts & Sciences,0,1
I am continuing my education,2,Engineering - Computer Science,Female,School of Engineering & Applied Science,0,1
I am continuing my education,3,Cognitive Science - Interdisciplinary,Female,College and Graduate School of Arts & Sciences,0,1
I am continuing my education,1,Architecture,Female,School of Architecture,0,1
I am continuing my education,0,American Studies - Interdisciplinary,Female,College and Graduate School of Arts & Sciences,0,0
Working,1,Engineering - Chemical Engineering,Male,School of Engineering & Applied Science,1,1
I have not finalized my plans.  I am seeking employment or acceptance to an academic program,1,Biology,Male,College and Graduate School of Arts & Sciences,0,1
Working,1,Biology,Female,College and Graduate School of Arts & Sciences,1,1
Working,0,Nursing,Female,School of Nursing,1,0
Working,0,Data Science,Female,School of Data Science,1,0
I have not finalized my plans.  I am seeking employment or acceptance to an academic program,2,Global Studies - Interdisciplinary,Female,College and Graduate School of Arts & Sciences,0,1
I am taking a break,0,Biology,Female,College and Graduate School of Arts & Sciences,0,0
Working,2,Biology,Female,College and Graduate School of Arts & Sciences,1,1
Working,0,Education - Mathematics Education,Female,School of Education and Human Development,1,0
I will be serving in the military,0,Data Science,Male,School of Data Science,0,0
Working,0,Chemistry,Female,College and Graduate School of Arts & Sciences,1,0
I am continuing my education,2,Global Studies - Interdisciplinary,Male,College and Graduate School of Arts & Sciences,0,1
I am continuing my education,3,Engineering - Chemical Engineering,Male,School of Engineering & Applied Science,0,1
I have not finalized my plans.  I am seeking employment or acceptance to an academic program,0,Engineering - Computer Science,Female,School of Engineering & Applied Science,0,0
I have not finalized my plans.  I am seeking employment or acceptance to an academic program,0,Engineering - Computer Engineering,Male,School of Engineering & Applied Science,0,0
Working,1,Economics,Male,College and Graduate School of Arts & Sciences,1,1
Working,1,Foreign Affairs,Male,College and Graduate School of Arts & Sciences,1,1
Working,0,Nursing,Female,School of Nursing,1,0
Working,1,History,Male,College and Graduate School of Arts & Sciences,1,1
Working,0,Engineering - Civil Engineering,Female,School of Engineering & Applied Science,1,0
Working,1,Nursing,Female,School of Nursing,1,1
I have not finalized my plans.  I am seeking employment or acceptance to an academic program,0,Psychology,Female,College and Graduate School of Arts & Sciences,0,0
I have not finalized my plans.  I am seeking employment or acceptance to an academic program,0,Education - English Education,Female,School of Education and Human Development,0,0
I am continuing my education,0,Engineering - Computer Science,Male,School of Engineering & Applied Science,0,0
Working,1,Media Studies,Female,College and Graduate School of Arts & Sciences,1,1
I am continuing my education,0,Interdisciplinary (SCPS-BIS),Female,School of Continuing and Professional Studies,0,0
Working,1,Engineering - Electrical Engineering,Male,School of Engineering & Applied Science,1,1
Working,0,Biology,Female,College and Graduate School of Arts & Sciences,1,0
I have not finalized my plans.  I am seeking employment or acceptance to an academic program,0,Applied Statistics,Male,College and Graduate School of Arts & Sciences,0,0
Working,2,Architecture,Male,School of Architecture,1,1
I am continuing my education,0,Cognitive Science - Interdisciplinary,Male,College and Graduate School of Arts & Sciences,0,0
I am continuing my education,2,Architecture,Female,School of Architecture,0,1
I am continuing my education,0,Education - Kinesiology,Female,School of Education and Human Development,0,0
I will be serving in the military,2,Engineering - Systems Engineering,Male,School of Engineering & Applied Science,0,1
I have not finalized my plans.  I am seeking employment or acceptance to an academic program,2,Government,Female,College and Graduate School of Arts & Sciences,0,1
I have not finalized my plans.  I am seeking employment or acceptance to an academic program,1,Education - Counselor Education,Female,School of Education and Human Development,0,1
I am continuing my education,3,Political & Social Thought - Interdisciplinary,Female,College and Graduate School of Arts & Sciences,0,1
I have not finalized my plans.  I am seeking employment or acceptance to an academic program,0,Architecture,Male,School of Architecture,0,0
I have not finalized my plans.  I am seeking employment or acceptance to an academic program,2,Engineering - Computer Engineering,Male,School of Engineering & Applied Science,0,1
I have not finalized my plans.  I am seeking employment or acceptance to an academic program,3,Spanish,Female,College and Graduate School of Arts & Sciences,0,1
Working,2,Computer Science,Male,College and Graduate School of Arts & Sciences,1,1
I am continuing my education,0,Foreign Affairs,Female,College and Graduate School of Arts & Sciences,0,0
Working,1,Business Administration,Male,Darden Graduate School of Business Administration,1,1
Working,2,Engineering - Computer Science,Male,School of Engineering & Applied Science,1,1
Working,2,Engineering - Mechanical Engineering,Male,School of Engineering & Applied Science,1,1
Working,0,Architecture,Female,School of Architecture,1,0
Working,3,Engineering - Computer Science,Male,School of Engineering & Applied Science,1,1
Working,0,Education - Reading Education,Female,School of Education and Human Development,1,0
Working,2,Architecture,Male,School of Architecture,1,1
I am taking a break,0,Computer Science - Interdisciplinary,Female,College and Graduate School of Arts & Sciences,0,0
Working,0,Public Safety,Male,School of Continuing and Professional Studies,1,0
Working,0,Data Science,Female,School of Data Science,1,0
I have not finalized my plans.  I am seeking employment or acceptance to an academic program,0,Architecture,Female,School of Architecture,0,0
Working,3,Environmental Sciences,Male,College and Graduate School of Arts & Sciences,1,1
Working,0,Education - Curriculum & Instruction,Female,School of Education and Human Development,1,0
I have not finalized my plans.  I am seeking employment or acceptance to an academic program,1,Economics,Male,College and Graduate School of Arts & Sciences,0,1
I have not finalized my plans.  I am seeking employment or acceptance to an academic program,2,Architecture,Female,School of Architecture,0,1
I have accepted a fellowship,2,Psychology,Female,College and Graduate School of Arts & Sciences,0,1
Working,2,Architecture,Male,School of Architecture,1,1
I am continuing my education,2,Mathematics,Female,College and Graduate School of Arts & Sciences,0,1
I have not finalized my plans.  I am seeking employment or acceptance to an academic program,3,Global Studies - Interdisciplinary,Female,College and Graduate School of Arts & Sciences,0,1
Working,0,Education - English Education,Female,School of Education and Human Development,1,0
Working,1,Engineering - Civil Engineering,Male,School of Engineering & Applied Science,1,1
I have not finalized my plans.  I am seeking employment or acceptance to an academic program,1,Biology,Male,College and Graduate School of Arts & Sciences,0,1
Working,2,Foreign Affairs,Female,College and Graduate School of Arts & Sciences,1,1
I have not finalized my plans.  I am seeking employment or acceptance to an academic program,2,Global Studies - Interdisciplinary,Male,College and Graduate School of Arts & Sciences,0,1
Working,0,Psychology,Female,College and Graduate School of Arts & Sciences,1,0
I am taking a break,1,Psychology,Female,College and Graduate School of Arts & Sciences,0,1
I have not finalized my plans.  I am seeking employment or acceptance to an academic program,0,Media Studies,Female,College and Graduate School of Arts & Sciences,0,0
I have not finalized my plans.  I am seeking employment or acceptance to an academic program,1,Astronomy,Male,College and Graduate School of Arts & Sciences,0,1
Working,3,Spanish,Female,College and Graduate School of Arts & Sciences,1,1
Working,2,Physics,Male,College and Graduate School of Arts & Sciences,1,1
Working,1,Political & Social Thought - Interdisciplinary,Female,College and Graduate School of Arts & Sciences,1,1
Working,1,Engineering - Mechanical Engineering,Male,School of Engineering & Applied Science,1,1
Working,0,Education - English Education,Female,School of Education and Human Development,1,0
Working,0,Engineering - Materials Science & Engineering,Male,School of Engineering & Applied Science,1,0
I have not finalized my plans.  I am seeking employment or acceptance to an academic program,1,Philosophy,Male,College and Graduate School of Arts & Sciences,0,1
Working,1,Biology,Female,College and Graduate School of Arts & Sciences,1,1
I am continuing my education,0,Data Science,Female,School of Data Science,0,0
Working,3,Engineering - Systems Engineering,Female,School of Engineering & Applied Science,1,1
I have not finalized my plans.  I am seeking employment or acceptance to an academic program,2,Economics,Female,College and Graduate School of Arts & Sciences,0,1
Working,2,Public Safety,Male,School of Continuing and Professional Studies,1,1
I am continuing my education,0,Education - Curriculum & Instruction,Female,School of Education and Human Development,0,0
I have not finalized my plans.  I am seeking employment or acceptance to an academic program,3,Architecture - Landscape Architecture,Female,School of Architecture,0,1
Working,1,Environmental Sciences,Male,College and Graduate School of Arts & Sciences,1,1
Working,0,Engineering - Mechanical Engineering,Male,School of Engineering & Applied Science,1,0
Working,1,Architecture,Female,School of Architecture,1,1
Working,2,Cognitive Science - Interdisciplinary,Female,College and Graduate School of Arts & Sciences,1,1
Working,2,Engineering - Systems Engineering,Female,School of Engineering & Applied Science,1,1
Working,2,Engineering - Computer Science,Male,School of Engineering & Applied Science,1,1
Working,2,Nursing,Female,School of Nursing,1,1
I am taking a break,0,Architecture,Female,School of Architecture,0,0
Working,3,Psychology,Male,College and Graduate School of Arts & Sciences,1,1
I have not finalized my plans.  I am seeking employment or acceptance to an academic program,0,Interdisciplinary (SCPS-BIS),Female,School of Continuing and Professional Studies,0,0
I am continuing my education,2,Engineering - Chemical Engineering,Male,School of Engineering & Applied Science,0,1
I will be serving in the military,0,Nursing,Male,School of Nursing,0,0
Working,2,Physics,Female,College and Graduate School of Arts & Sciences,1,1
Working,0,History,Female,College and Graduate School of Arts & Sciences,1,0
I am continuing my education,3,American Studies - Interdisciplinary,Male,College and Graduate School of Arts & Sciences,0,1
I have not finalized my plans.  I am seeking employment or acceptance to an academic program,3,Architecture,Female,School of Architecture,0,1
Working,1,Anthropology,Male,College and Graduate School of Arts & Sciences,1,1
Working,1,Environmental Thought & Practice - Interdisciplinary,Female,College and Graduate School of Arts & Sciences,1,1
I am continuing my education,1,Chemistry,Male,College and Graduate School of Arts & Sciences,0,1
I am continuing my education,2,Engineering - Computer Science,Male,School of Engineering & Applied Science,0,1
Working,0,Nursing,Female,School of Nursing,1,0
Working,0,Nursing,Female,School of Nursing,1,0
Working,0,Education - Curriculum & Instruction,Male,School of Education and Human Development,1,0
Working,2,Engineering - Computer Science,Male,School of Engineering & Applied Science,1,1
Working,0,Education - Curriculum & Instruction,Female,School of Education and Human Development,1,0
Working,3,Engineering - Systems Engineering,Male,School of Engineering & Applied Science,1,1
Working,0,Nursing,Female,College and Graduate School of Arts & Sciences,1,0
Working,0,Education - Curriculum & Instruction,Female,School of Education and Human Development,1,0
Working,3,English,Female,College and Graduate School of Arts & Sciences,1,1
Working,0,Education - Kinesiology,Female,School of Education and Human Development,1,0
I will be serving in the military,0,Nursing,Female,School of Nursing,0,0
I have not finalized my plans.  I am seeking employment or acceptance to an academic program,2,Music,Female,College and Graduate School of Arts & Sciences,0,1
Working,1,Environmental Sciences,Female,College and Graduate School of Arts & Sciences,1,1
Working,0,French,Male,College and Graduate School of Arts & Sciences,1,0
I am continuing my education,2,Computer Science - Interdisciplinary,Female,College and Graduate School of Arts & Sciences,0,1
Working,1,Education - English Education,Female,School of Education and Human Development,1,1
Working,2,Engineering - Computer Science,Male,School of Engineering & Applied Science,1,1
I have not finalized my plans.  I am seeking employment or acceptance to an academic program,1,Engineering - Biomedical Engineering,Male,School of Engineering & Applied Science,0,1
I am continuing my education,1,Engineering - Systems Engineering,Female,School of Engineering & Applied Science,0,1
I have not finalized my plans.  I am seeking employment or acceptance to an academic program,0,Foreign Affairs,Male,College and Graduate School of Arts & Sciences,0,0
Working,0,Engineering - Biomedical Engineering,Male,School of Engineering & Applied Science,1,0
Working,0,Biology,Female,College and Graduate School of Arts & Sciences,1,0
I have not finalized my plans.  I am seeking employment or acceptance to an academic program,1,French,Female,College and Graduate School of Arts & Sciences,0,1
Working,0,Education - Curriculum & Instruction,Female,School of Education and Human Development,1,0
Working,2,Global Studies - Interdisciplinary,Male,College and Graduate School of Arts & Sciences,1,1
I have not finalized my plans.  I am seeking employment or acceptance to an academic program,1,Applied Statistics,Female,College and Graduate School of Arts & Sciences,0,1
Working,2,Education - Speech Communication Disorders,Female,School of Education and Human Development,1,1
I am continuing my education,3,Engineering - Biomedical Engineering,Male,School of Engineering & Applied Science,0,1
Working,2,Engineering - Computer Engineering,Male,School of Engineering & Applied Science,1,1
Working,3,Economics,Male,College and Graduate School of Arts & Sciences,1,1
I will be serving in the military,2,Engineering - Civil Engineering,Male,School of Engineering & Applied Science,0,1
I am taking a break,2,Engineering - Biomedical Engineering,Male,School of Engineering & Applied Science,0,1
Working,3,Engineering - Systems Engineering,Female,School of Engineering & Applied Science,1,1
Working,0,Biology,Female,College and Graduate School of Arts & Sciences,1,0
Working,1,Engineering - Biomedical Engineering,Male,School of Engineering & Applied Science,1,1
I am taking a break,0,Mathematics,Male,College and Graduate School of Arts & Sciences,0,0
I have not finalized my plans.  I am seeking employment or acceptance to an academic program,2,Anthropology,Female,College and Graduate School of Arts & Sciences,0,1
Working,2,Engineering - Computer Science,Male,School of Engineering & Applied Science,1,1
I have not finalized my plans.  I am seeking employment or acceptance to an academic program,0,Engineering - Chemical Engineering,Female,School of Engineering & Applied Science,0,0
I am taking a break,3,Architecture - Landscape Architecture,Female,School of Architecture,0,1
Working,2,Cognitive Science - Interdisciplinary,Female,College and Graduate School of Arts & Sciences,1,1
Working,1,Architecture - Urban & Environmental Planning,Female,School of Architecture,1,1
Working,3,African-American & African Studies,Female,College and Graduate School of Arts & Sciences,1,1
Working,0,Engineering - Civil Engineering,Male,School of Engineering & Applied Science,1,0
I have not finalized my plans.  I am seeking employment or acceptance to an academic program,0,Engineering - Electrical Engineering,Male,School of Engineering & Applied Science,0,0
Working,2,Economics,Male,College and Graduate School of Arts & Sciences,1,1
I am taking a break,0,Biology,Female,College and Graduate School of Arts & Sciences,0,0
I have not finalized my plans.  I am seeking employment or acceptance to an academic program,2,Engineering - Computer Science,Female,School of Engineering & Applied Science,0,1
Working,2,Education - Elementary Education,Male,School of Education and Human Development,1,1
I have not finalized my plans.  I am seeking employment or acceptance to an academic program,1,Economics,Female,College and Graduate School of Arts & Sciences,0,1
Working,0,Education - Curriculum & Instruction,Male,School of Education and Human Development,1,0
Working,2,Architecture,Male,School of Architecture,1,1
I have not finalized my plans.  I am seeking employment or acceptance to an academic program,2,Architecture - Urban & Environmental Planning,Male,School of Architecture,0,1
I am continuing my education,2,Architecture,Female,School of Architecture,0,1
I am continuing my education,2,Architecture,Female,School of Architecture,0,1
Working,3,Architecture,Male,School of Architecture,1,1
I have not finalized my plans.  I am seeking employment or acceptance to an academic program,1,Architecture,Male,School of Architecture,0,1
I have not finalized my plans.  I am seeking employment or acceptance to an academic program,3,Architecture - Landscape Architecture,Male,School of Architecture,0,1
Working,1,Architecture,Female,School of Architecture,1,1
Working,2,Nursing,Female,School of Nursing,1,1
I have not finalized my plans.  I am seeking employment or acceptance to an academic program,0,Data Science,Female,School of Data Science,0,0
I have not finalized my plans.  I am seeking employment or acceptance to an academic program,2,Architecture,Female,School of Architecture,0,1
I have not finalized my plans.  I am seeking employment or acceptance to an academic program,1,Architecture,Male,School of Architecture,0,1
Working,1,Biology,Female,College and Graduate School of Arts & Sciences,1,1
Working,3,Global Studies - Interdisciplinary,Female,College and Graduate School of Arts & Sciences,1,1
Working,2,Engineering - Computer Science,Female,School of Engineering & Applied Science,1,1
Working,1,Engineering - Computer Science,Male,School of Engineering & Applied Science,1,1
Working,1,Engineering - Electrical Engineering,Male,School of Engineering & Applied Science,1,1
Working,2,Economics,Female,College and Graduate School of Arts & Sciences,1,1
Working,3,Computer Science - Interdisciplinary,Female,College and Graduate School of Arts & Sciences,1,1
I have not finalized my plans.  I am seeking employment or acceptance to an academic program,1,Architecture - Urban & Environmental Planning,Male,School of Architecture,0,1
Working,2,Architecture,Male,School of Architecture,1,1
Working,3,Architecture,Female,School of Architecture,1,1
Working,2,Economics,Female,College and Graduate School of Arts & Sciences,1,1
I am continuing my education,1,Architecture,Female,School of Architecture,0,1
I have not finalized my plans.  I am seeking employment or acceptance to an academic program,0,Architecture,Female,School of Architecture,0,0
I have not finalized my plans.  I am seeking employment or acceptance to an academic program,3,Architecture,Female,School of Architecture,0,1
I am continuing my education,2,Architecture,Male,School of Architecture,0,1
I am continuing my education,1,Architecture,Female,School of Architecture,0,1
I am continuing my education,2,Architecture,Female,School of Architecture,0,1
Working,2,Architecture - Urban & Environmental Planning,Female,School of Architecture,1,1
Working,1,Architecture - Urban & Environmental Planning,Female,School of Architecture,1,1
Working,2,Architecture,Male,School of Architecture,1,1
Working,2,Computer Science - Interdisciplinary,Female,College and Graduate School of Arts & Sciences,1,1
I have not finalized my plans.  I am seeking employment or acceptance to an academic program,1,Engineering - Computer Science,Male,School of Engineering & Applied Science,0,1
Working,2,Cognitive Science - Interdisciplinary,Female,College and Graduate School of Arts & Sciences,1,1
Working,2,Computer Science - Interdisciplinary,Male,College and Graduate School of Arts & Sciences,1,1
I will be serving in the military,2,Engineering - Computer Science,Male,School of Engineering & Applied Science,0,1
Working,2,Economics,Male,College and Graduate School of Arts & Sciences,1,1
I have not finalized my plans.  I am seeking employment or acceptance to an academic program,1,Engineering - Aerospace Engineering,Male,School of Engineering & Applied Science,0,1
Working,0,Education - Higher Education,Female,School of Education and Human Development,1,0
Working,0,Nursing,Female,School of Nursing,1,0
Working,2,Religious Studies,Male,College and Graduate School of Arts & Sciences,1,1
Working,3,Law,Male,School of Law,1,1
I am continuing my education,1,Media Studies,Female,College and Graduate School of Arts & Sciences,0,1
Working,1,Environmental Thought & Practice - Interdisciplinary,Female,College and Graduate School of Arts & Sciences,1,1
I am continuing my education,3,Architecture - Urban & Environmental Planning,Female,School of Architecture,0,1
Working,2,Law,Male,School of Law,1,1
Working,0,Public Safety,Male,School of Continuing and Professional Studies,1,0
I have not finalized my plans.  I am seeking employment or acceptance to an academic program,3,Architecture - Landscape Architecture,Female,School of Architecture,0,1
I have accepted a fellowship,3,Architecture,Male,School of Architecture,0,1
Working,3,Architecture - Urban & Environmental Planning,Female,School of Architecture,1,1
Working,1,Economics,Male,College and Graduate School of Arts & Sciences,1,1
I have not finalized my plans.  I am seeking employment or acceptance to an academic program,0,Media Studies,Female,College and Graduate School of Arts & Sciences,0,0
I have not finalized my plans.  I am seeking employment or acceptance to an academic program,0,Psychology,Female,College and Graduate School of Arts & Sciences,0,0
Working,1,Cognitive Science - Interdisciplinary,Female,College and Graduate School of Arts & Sciences,1,1
I have not finalized my plans.  I am seeking employment or acceptance to an academic program,1,Engineering - Mechanical Engineering,Male,School of Engineering & Applied Science,0,1
Working,1,Music,Female,College and Graduate School of Arts & Sciences,1,1
Working,1,Engineering - Computer Science,Male,School of Engineering & Applied Science,1,1
I am continuing my education,1,Engineering - Mechanical Engineering,Male,School of Engineering & Applied Science,0,1
I have not finalized my plans.  I am seeking employment or acceptance to an academic program,0,Engineering - Chemical Engineering,Male,School of Engineering & Applied Science,0,0
I have not finalized my plans.  I am seeking employment or acceptance to an academic program,2,Political Philosophy Policy & Law - Interdisciplinary,Male,College and Graduate School of Arts & Sciences,0,1
Working,0,Engineering - Systems Engineering,Male,School of Engineering & Applied Science,1,0
Working,2,Nursing,Female,School of Nursing,1,1
Working,3,Government,Male,College and Graduate School of Arts & Sciences,1,1
Working,3,Computer Science - Interdisciplinary,Male,College and Graduate School of Arts & Sciences,1,1
Working,1,Engineering - Electrical Engineering,Male,School of Engineering & Applied Science,1,1
I am continuing my education,0,Psychology,Female,College and Graduate School of Arts & Sciences,0,0
Working,1,Media Culture & Technology,Male,College and Graduate School of Arts & Sciences,1,1
Working,1,American Studies - Interdisciplinary,Male,College and Graduate School of Arts & Sciences,1,1
Working,1,Statistics,Female,College and Graduate School of Arts & Sciences,1,1
Working,3,Cognitive Science - Interdisciplinary,Female,College and Graduate School of Arts & Sciences,1,1
I am continuing my education,0,Public Health,Female,School of Medicine,0,0
Working,1,Engineering - Biomedical Engineering,Male,School of Engineering & Applied Science,1,1
Working,2,Engineering - Computer Science,Female,School of Engineering & Applied Science,1,1
I have not finalized my plans.  I am seeking employment or acceptance to an academic program,0,Engineering - Electrical Engineering,Male,School of Engineering & Applied Science,0,0
Working,3,Education - Youth & Social Innovation,Female,School of Education and Human Development,1,1
I am continuing my education,1,Sociology,Male,College and Graduate School of Arts & Sciences,0,1
Working,0,Education - Reading Education,Female,School of Education and Human Development,1,0
Working,1,Applied Statistics,Female,College and Graduate School of Arts & Sciences,1,1
Working,2,Computer Science - Interdisciplinary,Female,College and Graduate School of Arts & Sciences,1,1
Working,3,Environmental Thought & Practice - Interdisciplinary,Female,College and Graduate School of Arts & Sciences,1,1
I have not finalized my plans.  I am seeking employment or acceptance to an academic program,2,Government,Male,College and Graduate School of Arts & Sciences,0,1
Working,2,Psychology,Male,College and Graduate School of Arts & Sciences,1,1
Working,2,Engineering - Systems Engineering,Male,School of Engineering & Applied Science,1,1
I am continuing my education,2,Art - Art History,Male,College and Graduate School of Arts & Sciences,0,1
Working,1,Engineering - Systems Engineering,Female,School of Engineering & Applied Science,1,1
Working,0,Biology,Female,College and Graduate School of Arts & Sciences,1,0
Working,2,Economics,Male,College and Graduate School of Arts & Sciences,1,1
Working,3,Engineering - Computer Science,Male,School of Engineering & Applied Science,1,1
Working,3,Engineering - Computer Science,Male,School of Engineering & Applied Science,1,1
Working,1,Applied Statistics,Male,College and Graduate School of Arts & Sciences,1,1
Working,1,Computer Science - Interdisciplinary,Female,College and Graduate School of Arts & Sciences,1,1
I am continuing my education,2,Engineering - Computer Science,Male,School of Engineering & Applied Science,0,1
Working,1,Economics,Male,College and Graduate School of Arts & Sciences,1,1
I have not finalized my plans.  I am seeking employment or acceptance to an academic program,0,Engineering - Mechanical Engineering,Female,School of Engineering & Applied Science,0,0
Working,0,Cognitive Science - Interdisciplinary,Male,College and Graduate School of Arts & Sciences,1,0
Working,0,Data Science,Female,School of Data Science,1,0
I am continuing my education,0,Applied Statistics,Male,College and Graduate School of Arts & Sciences,0,0
Working,2,Engineering - Computer Science,Female,School of Engineering & Applied Science,1,1
Working,0,Education - English Education,Female,School of Education and Human Development,1,0
I am continuing my education,2,Engineering - Computer Engineering,Male,School of Engineering & Applied Science,0,1
I have not finalized my plans.  I am seeking employment or acceptance to an academic program,1,Engineering - Biomedical Engineering,Female,School of Engineering & Applied Science,0,1
I have not finalized my plans.  I am seeking employment or acceptance to an academic program,3,Media Studies,Female,College and Graduate School of Arts & Sciences,0,1
Working,0,Public Safety,Male,School of Continuing and Professional Studies,1,0
I am taking a break,1,Music,Male,College and Graduate School of Arts & Sciences,0,1
I have not finalized my plans.  I am seeking employment or acceptance to an academic program,1,Psychology,Male,College and Graduate School of Arts & Sciences,0,1
Working,0,Public Safety,Male,School of Continuing and Professional Studies,1,0
I have not finalized my plans.  I am seeking employment or acceptance to an academic program,0,Education - Speech Communication Disorders,Female,School of Education and Human Development,0,0
Working,1,Foreign Affairs,Male,College and Graduate School of Arts & Sciences,1,1
Working,2,Foreign Affairs,Male,College and Graduate School of Arts & Sciences,1,1
I have not finalized my plans.  I am seeking employment or acceptance to an academic program,3,Engineering - Systems Engineering,Female,School of Engineering & Applied Science,0,1
I am continuing my education,2,Anthropology,Female,College and Graduate School of Arts & Sciences,0,1
Working,0,Education - Curriculum & Instruction,Female,School of Education and Human Development,1,0
I have not finalized my plans.  I am seeking employment or acceptance to an academic program,1,Foreign Affairs,Female,College and Graduate School of Arts & Sciences,0,1
Working,3,History,Male,College and Graduate School of Arts & Sciences,1,1
Working,3,Statistics,Female,College and Graduate School of Arts & Sciences,1,1
Working,0,Biology,Female,College and Graduate School of Arts & Sciences,1,0
I have not finalized my plans.  I am seeking employment or acceptance to an academic program,2,Engineering - Computer Science,Female,School of Engineering & Applied Science,0,1
Working,0,Public Safety,Male,School of Continuing and Professional Studies,1,0
I have accepted a fellowship,0,Pharmacology,Male,School of Medicine,0,0
I have not finalized my plans.  I am seeking employment or acceptance to an academic program,2,Astronomy,Male,College and Graduate School of Arts & Sciences,0,1
I am taking a break,0,Cognitive Science - Interdisciplinary,Male,College and Graduate School of Arts & Sciences,0,0
Working,1,English,Female,College and Graduate School of Arts & Sciences,1,1
I am continuing my education,2,English,Female,College and Graduate School of Arts & Sciences,0,1
Working,3,Engineering - Computer Science,Male,School of Engineering & Applied Science,1,1
Working,0,Data Science,Male,School of Data Science,1,0
I am continuing my education,1,Economics,Male,College and Graduate School of Arts & Sciences,0,1
I am taking a break,0,Education - Kinesiology,Female,School of Education and Human Development,0,0
I am continuing my education,3,Foreign Affairs,Female,College and Graduate School of Arts & Sciences,0,1
Working,1,Environmental Sciences,Female,College and Graduate School of Arts & Sciences,1,1
I will be serving in the military,0,Engineering - Mechanical & Aerospace Engineering,Female,School of Engineering & Applied Science,0,0
Working,2,Spanish,Female,College and Graduate School of Arts & Sciences,1,1
I am continuing my education,0,Sociology,Female,College and Graduate School of Arts & Sciences,0,0
Working,2,Engineering - Civil Engineering,Male,School of Engineering & Applied Science,1,1
I have not finalized my plans.  I am seeking employment or acceptance to an academic program,0,Global Studies - Interdisciplinary,Female,College and Graduate School of Arts & Sciences,0,0
Working,0,Education - Curriculum & Instruction,Female,School of Education and Human Development,1,0
I have not finalized my plans.  I am seeking employment or acceptance to an academic program,2,Economics,Male,College and Graduate School of Arts & Sciences,0,1
I am continuing my education,1,Education - Educational Psychology,Female,School of Education and Human Development,0,1
Working,0,Interdisciplinary (SCPS-BIS),Male,School of Continuing and Professional Studies,1,0
I am continuing my education,2,Economics,Male,College and Graduate School of Arts & Sciences,0,1
Working,3,Cognitive Science - Interdisciplinary,Female,College and Graduate School of Arts & Sciences,1,1
I have not finalized my plans.  I am seeking employment or acceptance to an academic program,1,German,Female,College and Graduate School of Arts & Sciences,0,1
Working,2,Environmental Sciences,Female,College and Graduate School of Arts & Sciences,1,1
I am continuing my education,0,Global Studies - Interdisciplinary,Female,College and Graduate School of Arts & Sciences,0,0
I am continuing my education,0,English,Male,College and Graduate School of Arts & Sciences,0,0
Working,1,Engineering - Computer Science,Male,School of Engineering & Applied Science,1,1
I have not finalized my plans.  I am seeking employment or acceptance to an academic program,3,Foreign Affairs,Female,College and Graduate School of Arts & Sciences,0,1
Working,3,Economics,Male,College and Graduate School of Arts & Sciences,1,1
Working,2,Computer Science,Female,College and Graduate School of Arts & Sciences,1,1
Working,0,Engineering - Mechanical Engineering,Male,School of Engineering & Applied Science,1,0
Working,2,Engineering - Aerospace Engineering,Male,School of Engineering & Applied Science,1,1
Working,0,Education - Curriculum & Instruction,Female,School of Education and Human Development,1,0
Working,0,Engineering - Mechanical Engineering,Male,School of Engineering & Applied Science,1,0
Working,3,Chemistry,Male,College and Graduate School of Arts & Sciences,1,1
I am continuing my education,3,Economics,Male,College and Graduate School of Arts & Sciences,0,1
Working,1,Economics,Male,College and Graduate School of Arts & Sciences,1,1
I have not finalized my plans.  I am seeking employment or acceptance to an academic program,1,Computer Science - Interdisciplinary,Female,College and Graduate School of Arts & Sciences,0,1
I am continuing my education,0,Economics,Male,College and Graduate School of Arts & Sciences,0,0
Working,0,Public Safety,Male,School of Continuing and Professional Studies,1,0
Working,0,Education - Higher Education,Male,School of Education and Human Development,1,0
I have not finalized my plans.  I am seeking employment or acceptance to an academic program,0,Engineering - Aerospace Engineering,Male,School of Engineering & Applied Science,0,0
Working,2,Economics,Female,College and Graduate School of Arts & Sciences,1,1
Working,1,Education - Administration & Supervision,Female,School of Education and Human Development,1,1
I have not finalized my plans.  I am seeking employment or acceptance to an academic program,2,Media Studies,Male,College and Graduate School of Arts & Sciences,0,1
Working,1,History,Male,College and Graduate School of Arts & Sciences,1,1
Working,2,Education - Counselor Education,Female,School of Education and Human Development,1,1
I have not finalized my plans.  I am seeking employment or acceptance to an academic program,1,Interdisciplinary (SCPS-BIS),Female,School of Continuing and Professional Studies,0,1
I have not finalized my plans.  I am seeking employment or acceptance to an academic program,1,Environmental Sciences,Female,College and Graduate School of Arts & Sciences,0,1
Working,1,Biology,Female,College and Graduate School of Arts & Sciences,1,1
Working,1,Foreign Affairs,Male,College and Graduate School of Arts & Sciences,1,1
Working,3,Sociology,Male,College and Graduate School of Arts & Sciences,1,1
Working,3,Government,Female,College and Graduate School of Arts & Sciences,1,1
Working,2,American Studies - Interdisciplinary,Male,College and Graduate School of Arts & Sciences,1,1
Working,0,Anthropology,Male,College and Graduate School of Arts & Sciences,1,0
Working,0,Biology,Female,College and Graduate School of Arts & Sciences,1,0
Working,0,Education - Educational Psychology,Female,School of Education and Human Development,1,0
Working,1,Education - Elementary Education,Female,School of Education and Human Development,1,1
I am continuing my education,0,English,Male,College and Graduate School of Arts & Sciences,0,0
I am continuing my education,1,Engineering - Civil Engineering,Female,School of Engineering & Applied Science,0,1
Working,1,Data Science,Male,School of Data Science,1,1
Working,2,Foreign Affairs,Male,College and Graduate School of Arts & Sciences,1,1
Working,2,Global Studies - Interdisciplinary,Female,College and Graduate School of Arts & Sciences,1,1
Working,2,History,Male,College and Graduate School of Arts & Sciences,1,1
I am continuing my education,3,Engineering - Biomedical Engineering,Female,School of Engineering & Applied Science,0,1
I have not finalized my plans.  I am seeking employment or acceptance to an academic program,1,Biology,Male,College and Graduate School of Arts & Sciences,0,1
I have not finalized my plans.  I am seeking employment or acceptance to an academic program,1,History,Male,College and Graduate School of Arts & Sciences,0,1
Working,3,Engineering - Computer Science,Male,School of Engineering & Applied Science,1,1
Working,1,Global Studies - Interdisciplinary,Female,College and Graduate School of Arts & Sciences,1,1
Working,2,Foreign Affairs,Male,College and Graduate School of Arts & Sciences,1,1
Working,1,Engineering - Civil Engineering,Female,School of Engineering & Applied Science,1,1
Working,1,Education - Social Studies Education,Female,School of Education and Human Development,1,1
I am continuing my education,2,Engineering - Computer Science,Male,School of Engineering & Applied Science,0,1
Working,1,Engineering - Computer Science,Male,School of Engineering & Applied Science,1,1
I have not finalized my plans.  I am seeking employment or acceptance to an academic program,1,American Studies - Interdisciplinary,Male,College and Graduate School of Arts & Sciences,0,1
Working,2,Engineering - Biomedical Engineering,Female,School of Engineering & Applied Science,1,1
Working,1,History,Male,College and Graduate School of Arts & Sciences,1,1
I have not finalized my plans.  I am seeking employment or acceptance to an academic program,3,Cognitive Science - Interdisciplinary,Female,College and Graduate School of Arts & Sciences,0,1
I am taking a break,0,Psychology,Female,College and Graduate School of Arts & Sciences,0,0
Working,3,Engineering - Computer Science,Male,School of Engineering & Applied Science,1,1
I have not finalized my plans.  I am seeking employment or acceptance to an academic program,2,Archaeology - Interdisciplinary,Female,College and Graduate School of Arts & Sciences,0,1
Working,0,Education - Science Education,Male,School of Education and Human Development,1,0
Working,1,Statistics,Male,College and Graduate School of Arts & Sciences,1,1
I am continuing my education,1,Mathematics,Male,College and Graduate School of Arts & Sciences,0,1
I have not finalized my plans.  I am seeking employment or acceptance to an academic program,2,Media Studies,Male,College and Graduate School of Arts & Sciences,0,1
Working,1,Economics,Male,College and Graduate School of Arts & Sciences,1,1
Working,0,Applied Statistics,Male,College and Graduate School of Arts & Sciences,1,0
Working,1,History,Male,College and Graduate School of Arts & Sciences,1,1
I have accepted a fellowship,0,Education - Elementary Education,Female,School of Education and Human Development,0,0
Working,2,Spanish,Female,College and Graduate School of Arts & Sciences,1,1
Working,3,Engineering - Computer Science,Male,School of Engineering & Applied Science,1,1
Working,0,Nursing,Female,College and Graduate School of Arts & Sciences,1,0
I am continuing my education,2,Psychology,Female,College and Graduate School of Arts & Sciences,0,1
Working,3,Engineering - Computer Science,Male,School of Engineering & Applied Science,1,1
Working,2,Engineering - Biomedical Engineering,Male,School of Engineering & Applied Science,1,1
I have not finalized my plans.  I am seeking employment or acceptance to an academic program,0,Public Health,Female,School of Medicine,0,0
Working,3,Foreign Affairs,Female,College and Graduate School of Arts & Sciences,1,1
I have not finalized my plans.  I am seeking employment or acceptance to an academic program,1,Data Science,Female,School of Data Science,0,1
Working,0,Data Science,Female,School of Data Science,1,0
I am continuing my education,0,Foreign Affairs,Male,College and Graduate School of Arts & Sciences,0,0
Working,3,Applied Statistics,Female,College and Graduate School of Arts & Sciences,1,1
Working,2,Engineering - Computer Science,Female,School of Engineering & Applied Science,1,1
I have accepted a fellowship,1,Religious Studies,Male,College and Graduate School of Arts & Sciences,0,1
I am continuing my education,2,Applied Statistics,Female,College and Graduate School of Arts & Sciences,0,1
Working,2,Mathematics,Male,College and Graduate School of Arts & Sciences,1,1
Working,1,Engineering - Computer Science,Male,School of Engineering & Applied Science,1,1
I have not finalized my plans.  I am seeking employment or acceptance to an academic program,0,Biology,Female,College and Graduate School of Arts & Sciences,0,0
Working,1,Engineering - Biomedical Engineering,Female,School of Engineering & Applied Science,1,1
I am continuing my education,0,Engineering - Biomedical Engineering,Female,School of Engineering & Applied Science,0,0
Working,0,Anthropology,Male,College and Graduate School of Arts & Sciences,1,0
Working,3,History,Female,College and Graduate School of Arts & Sciences,1,1
I have not finalized my plans.  I am seeking employment or acceptance to an academic program,0,Environmental Sciences,Male,College and Graduate School of Arts & Sciences,0,0
I am continuing my education,2,Economics,Male,College and Graduate School of Arts & Sciences,0,1
Working,1,Nursing,Female,School of Nursing,1,1
Working,2,Biology,Female,College and Graduate School of Arts & Sciences,1,1
Working,1,Engineering - Mechanical Engineering,Male,School of Engineering & Applied Science,1,1
Working,1,Cognitive Science - Interdisciplinary,Female,College and Graduate School of Arts & Sciences,1,1
