,avg_unemployment,survey_year,Outcome,number_of_internships,primary_major,Gender,primary_college,Outcome_binary,Total Unique Fairs Attended,total_apps,Educations Cumulative Gpa,ipp_flag,Internship_binary,binary_cont_education,binary_still_looking,fairs_above_avg,apps_above_avg,Appointment_Count,appointment_binary
0,5.4,2021,Working,3,Engineering - Computer Science,Male,School of Engineering & Applied Science,1,0,0,4.0,0,1,0,0,0,0,1.0,1
1,5.4,2021,Working,3,Engineering - Computer Science,Male,School of Engineering & Applied Science,1,0,0,3.8,0,1,0,0,0,0,1.0,1
2,5.4,2021,Working,0,Engineering - Mechanical & Aerospace Engineering,Male,School of Engineering & Applied Science,1,0,0,3.5,0,0,0,0,0,0,0.0,0
3,5.4,2021,Working,0,Engineering - Civil Engineering,Female,School of Engineering & Applied Science,1,0,0,,0,0,0,0,0,0,0.0,0
4,5.4,2021,Still Looking,1,Public Health,Female,School of Medicine,0,0,0,,0,1,0,1,0,0,0.0,0
5,5.4,2021,Still Looking,0,Engineering - Electrical Engineering,Male,School of Engineering & Applied Science,0,0,0,,0,0,0,1,0,0,0.0,0
6,5.4,2021,Still Looking,0,Engineering - Electrical Engineering,Male,School of Engineering & Applied Science,0,0,0,3.75,0,0,0,1,0,0,0.0,0
7,5.4,2021,Still Looking,0,Architecture - Landscape Architecture,Female,School of Architecture,0,0,0,3.34,0,0,0,1,0,0,0.0,0
8,5.4,2021,Still Looking,0,Architecture - Landscape Architecture,Female,School of Architecture,0,0,0,3.4,0,0,0,1,0,0,0.0,0
9,5.4,2021,Working,0,East Asian Studies - Interdisciplinary,Male,College and Graduate School of Arts & Sciences,1,0,0,3.91,0,0,0,0,0,0,0.0,0
10,5.4,2021,Working,0,East Asian Studies - Interdisciplinary,Male,College and Graduate School of Arts & Sciences,1,0,0,,0,0,0,0,0,0,0.0,0
11,5.4,2021,Working,1,Engineering - Biomedical Engineering,Female,School of Engineering & Applied Science,1,0,0,,0,1,0,0,0,0,1.0,1
12,5.4,2021,Working,1,Engineering - Systems Engineering,Male,School of Engineering & Applied Science,1,0,0,3.6,0,1,0,0,0,0,0.0,0
13,5.4,2021,Working,1,Engineering - Systems Engineering,Male,School of Engineering & Applied Science,1,0,0,,0,1,0,0,0,0,0.0,0
14,5.4,2021,Working,0,Engineering - Systems Engineering,Female,School of Engineering & Applied Science,1,0,0,,0,0,0,0,0,0,0.0,0
15,5.4,2021,Working,0,Engineering - Electrical Engineering,Male,School of Engineering & Applied Science,1,0,0,3.71,0,0,0,0,0,0,0.0,0
16,5.4,2021,Working,0,Engineering - Electrical Engineering,Male,School of Engineering & Applied Science,1,0,0,3.04,0,0,0,0,0,0,0.0,0
17,5.4,2021,Still Looking,0,Data Science,Male,School of Data Science,0,0,0,,0,0,0,1,0,0,0.0,0
18,5.4,2021,Still Looking,1,Engineering - Mechanical & Aerospace Engineering,Female,School of Engineering & Applied Science,0,0,0,4.0,0,1,0,1,0,0,0.0,0
19,5.4,2021,Still Looking,1,Engineering - Mechanical & Aerospace Engineering,Female,School of Engineering & Applied Science,0,0,0,3.65,0,1,0,1,0,0,0.0,0
20,5.4,2021,Working,0,Engineering - Biomedical Engineering,Female,School of Engineering & Applied Science,1,0,0,,0,0,0,0,0,0,0.0,0
21,5.4,2021,Still Looking,0,English,Female,College and Graduate School of Arts & Sciences,0,0,0,3.87,0,0,0,1,0,0,0.0,0
22,5.4,2021,Working,0,Chemistry,Male,College and Graduate School of Arts & Sciences,1,0,0,4.0,0,0,0,0,0,0,0.0,0
23,5.4,2021,Working,0,Chemistry,Female,College and Graduate School of Arts & Sciences,1,0,0,,0,0,0,0,0,0,0.0,0
24,5.4,2021,Working,0,Engineering - Computer Science,Female,School of Engineering & Applied Science,1,0,0,3.8,0,0,0,0,0,0,7.0,1
25,5.4,2021,Working,0,Engineering - Computer Science,Female,School of Engineering & Applied Science,1,0,0,,0,0,0,0,0,0,7.0,1
26,5.4,2021,Working,0,Public Health,Male,School of Medicine,1,0,0,2.7,0,0,0,0,0,0,0.0,0
27,5.4,2021,Working,0,Public Health,Male,School of Medicine,1,0,0,3.7,0,0,0,0,0,0,0.0,0
28,5.4,2021,Continuing Education,0,Chemistry,Male,College and Graduate School of Arts & Sciences,0,0,0,,0,0,1,0,0,0,0.0,0
29,5.4,2021,Working,0,Engineering - Materials Science & Engineering,Male,School of Engineering & Applied Science,1,0,0,3.4,0,0,0,0,0,0,1.0,1
30,5.4,2021,Working,0,Engineering - Electrical Engineering,Male,School of Engineering & Applied Science,1,0,0,,0,0,0,0,0,0,0.0,0
31,5.4,2021,Still Looking,0,Education - Kinesiology,Female,Curry School of Education,0,0,2,,0,0,0,1,0,0,0.0,0
32,5.4,2021,Working,0,Engineering - Civil Engineering,Male,School of Engineering & Applied Science,1,0,0,,0,0,0,0,0,0,1.0,1
33,5.4,2021,Still Looking,1,Engineering - Biomedical Engineering,Male,School of Engineering & Applied Science,0,0,0,,0,1,0,1,0,0,0.0,0
34,5.4,2021,Working,0,Engineering - Mechanical & Aerospace Engineering,Male,School of Engineering & Applied Science,1,0,0,,0,0,0,0,0,0,5.0,1
35,5.4,2021,Working,0,Engineering - Mechanical & Aerospace Engineering,Male,School of Engineering & Applied Science,1,0,0,4.0,0,0,0,0,0,0,5.0,1
36,5.4,2021,Working,1,Engineering - Computer Science,Male,School of Engineering & Applied Science,1,0,0,3.84,0,1,0,0,0,0,0.0,0
37,5.4,2021,Working,1,Engineering - Computer Science,Male,School of Engineering & Applied Science,1,0,0,,0,1,0,0,0,0,0.0,0
38,5.4,2021,Working,0,Engineering - Civil Engineering,Male,School of Engineering & Applied Science,1,0,0,,0,0,0,0,0,0,0.0,0
39,5.4,2021,Working,1,Data Science,Male,School of Data Science,1,0,0,4.0,0,1,0,0,0,0,0.0,0
40,5.4,2021,Still Looking,0,Engineering - Chemical Engineering,Male,School of Engineering & Applied Science,0,0,0,,0,0,0,1,0,0,0.0,0
41,5.4,2021,Still Looking,0,Engineering - Chemical Engineering,Male,School of Engineering & Applied Science,0,0,0,3.2,0,0,0,1,0,0,0.0,0
42,5.4,2021,Working,0,Engineering - Civil Engineering,Female,School of Engineering & Applied Science,1,0,0,,0,0,0,0,0,0,0.0,0
43,5.4,2021,Still Looking,0,Statistics,Male,College and Graduate School of Arts & Sciences,0,0,0,3.5,0,0,0,1,0,0,0.0,0
44,5.4,2021,Still Looking,0,Statistics,Male,College and Graduate School of Arts & Sciences,0,0,0,,0,0,0,1,0,0,0.0,0
45,5.4,2021,Working,0,Experimental Pathology,Male,School of Medicine,1,0,0,3.9,0,0,0,0,0,0,0.0,0
46,5.4,2021,Working,1,Public Health,Male,School of Medicine,1,0,0,,0,1,0,0,0,0,0.0,0
47,5.4,2021,Working,1,Education - Elementary Education,Female,Curry School of Education,1,0,0,,0,1,0,0,0,0,0.0,0
48,5.4,2021,Working,0,Engineering - Materials Science & Engineering,Male,School of Engineering & Applied Science,1,0,0,,0,0,0,0,0,0,0.0,0
49,5.4,2021,Still Looking,1,Engineering - Civil Engineering,Female,School of Engineering & Applied Science,0,0,0,3.57,0,1,0,1,0,0,0.0,0
50,5.4,2021,Still Looking,1,Engineering - Civil Engineering,Female,School of Engineering & Applied Science,0,0,0,3.93,0,1,0,1,0,0,0.0,0
51,5.4,2021,Working,0,Experimental Pathology,Male,School of Medicine,1,0,0,,0,0,0,0,0,0,0.0,0
52,5.4,2021,Working,0,History,Female,College and Graduate School of Arts & Sciences,1,0,0,,0,0,0,0,0,0,0.0,0
53,5.4,2021,Still Looking,0,Astronomy,Female,College and Graduate School of Arts & Sciences,0,0,0,,0,0,0,1,0,0,0.0,0
54,5.4,2021,Still Looking,0,Astronomy,Female,College and Graduate School of Arts & Sciences,0,0,0,4.0,0,0,0,1,0,0,0.0,0
55,5.4,2021,Still Looking,0,Education - Educational Psychology,Female,Curry School of Education,0,0,0,,0,0,0,1,0,0,0.0,0
56,5.4,2021,Working,0,Public Health,Female,School of Medicine,1,0,0,3.96,0,0,0,0,0,0,0.0,0
57,5.4,2021,Working,0,Public Health,Female,School of Medicine,1,0,0,3.27,0,0,0,0,0,0,0.0,0
58,5.4,2021,Still Looking,1,Architecture - Landscape Architecture,Female,School of Architecture,0,0,0,,0,1,0,1,0,0,0.0,0
59,5.4,2021,Still Looking,1,Architecture - Landscape Architecture,Female,School of Architecture,0,0,0,3.4,0,1,0,1,0,0,0.0,0
60,5.4,2021,Still Looking,1,Engineering - Computer Science,Female,School of Engineering & Applied Science,0,0,0,3.92,0,1,0,1,0,0,0.0,0
61,5.4,2021,Still Looking,1,Education - Speech Communication Disorders,Female,Curry School of Education,0,0,0,,0,1,0,1,0,0,0.0,0
62,5.4,2021,Working,1,Engineering - Electrical Engineering,Male,School of Engineering & Applied Science,1,0,0,,0,1,0,0,0,0,0.0,0
63,5.4,2021,Working,0,Engineering - Electrical Engineering,Male,School of Engineering & Applied Science,1,0,15,,0,0,0,0,0,0,0.0,0
64,5.4,2021,Working,3,Education - Speech Communication Disorders,Female,Curry School of Education,1,0,0,3.77,0,1,0,0,0,0,0.0,0
65,5.4,2021,Working,3,Education - Speech Communication Disorders,Female,Curry School of Education,1,0,0,,0,1,0,0,0,0,0.0,0
66,5.4,2021,Working,1,Education - Elementary Education,Female,Curry School of Education,1,0,0,,0,1,0,0,0,0,0.0,0
67,5.4,2021,Working,1,Engineering - Biomedical Engineering,Male,School of Engineering & Applied Science,1,0,0,,0,1,0,0,0,0,0.0,0
68,5.4,2021,Working,0,Neuroscience,Female,School of Medicine,1,0,0,,0,0,0,0,0,0,0.0,0
69,5.4,2021,Working,3,Engineering - Computer Science,Male,School of Engineering & Applied Science,1,0,0,3.7,0,1,0,0,0,0,0.0,0
70,5.4,2021,Still Looking,0,Engineering - Civil Engineering,Male,School of Engineering & Applied Science,0,0,0,,0,0,0,1,0,0,0.0,0
71,5.4,2021,Still Looking,0,Engineering - Civil Engineering,Male,School of Engineering & Applied Science,0,0,0,3.85,0,0,0,1,0,0,0.0,0
72,5.4,2021,Working,0,Experimental Pathology,Male,School of Medicine,1,0,0,,0,0,0,0,0,0,0.0,0
73,5.4,2021,Still Looking,1,Statistics,Female,College and Graduate School of Arts & Sciences,0,0,0,,0,1,0,1,0,0,0.0,0
74,5.4,2021,Still Looking,1,Statistics,Female,College and Graduate School of Arts & Sciences,0,0,0,3.51,0,1,0,1,0,0,0.0,0
75,5.4,2021,Working,0,Architecture,Male,School of Architecture,1,0,0,,0,0,0,0,0,0,0.0,0
76,5.4,2021,Still Looking,1,Linguistics,Male,College and Graduate School of Arts & Sciences,0,0,0,3.94,0,1,0,1,0,0,0.0,0
77,5.4,2021,Still Looking,1,Engineering - Mechanical & Aerospace Engineering,Male,School of Engineering & Applied Science,0,0,0,,0,1,0,1,0,0,1.0,1
78,5.4,2021,Working,0,Biology,Female,College and Graduate School of Arts & Sciences,1,0,0,,0,0,0,0,0,0,0.0,0
79,5.4,2021,Working,0,Engineering - Computer Science,Male,School of Engineering & Applied Science,1,0,0,4.0,0,0,0,0,0,0,0.0,0
80,5.4,2021,Working,3,Education - Special Education,Female,Curry School of Education,1,0,0,,0,1,0,0,0,0,0.0,0
81,5.4,2021,Working,0,Engineering - Electrical Engineering,Male,School of Engineering & Applied Science,1,0,1,,0,0,0,0,0,0,0.0,0
82,5.4,2021,Working,1,Education - Curriculum & Instruction,Male,Curry School of Education,1,0,0,,0,1,0,0,0,0,0.0,0
83,5.4,2021,Working,1,Engineering - Biomedical Engineering,Male,School of Engineering & Applied Science,1,0,0,4.0,0,1,0,0,0,0,1.0,1
84,5.4,2021,Working,1,Engineering - Biomedical Engineering,Male,School of Engineering & Applied Science,1,0,0,3.56,0,1,0,0,0,0,1.0,1
85,5.4,2021,Working,0,Engineering - Electrical Engineering,Female,School of Engineering & Applied Science,1,0,0,,0,0,0,0,0,0,0.0,0
86,5.4,2021,Working,2,Education - Administration & Supervision,Female,Curry School of Education,1,0,0,,0,1,0,0,0,0,0.0,0
87,5.4,2021,Working,1,Engineering - Chemical Engineering,Male,School of Engineering & Applied Science,1,0,0,,0,1,0,0,0,0,0.0,0
88,5.4,2021,Working,1,Engineering - Chemical Engineering,Male,School of Engineering & Applied Science,1,0,0,3.3,0,1,0,0,0,0,0.0,0
89,5.4,2021,Still Looking,2,Engineering - Systems Engineering,Female,School of Engineering & Applied Science,0,0,0,3.7,0,1,0,1,0,0,0.0,0
90,5.4,2021,Still Looking,2,Engineering - Systems Engineering,Female,School of Engineering & Applied Science,0,0,0,,0,1,0,1,0,0,0.0,0
91,5.4,2021,Working,0,Data Science,Male,School of Data Science,1,0,0,4.0,0,0,0,0,0,0,0.0,0
92,5.4,2021,Still Looking,0,Linguistics,Female,College and Graduate School of Arts & Sciences,0,0,0,,0,0,0,1,0,0,0.0,0
93,5.4,2021,Still Looking,1,Architecture - Landscape Architecture,Female,School of Architecture,0,0,0,,0,1,0,1,0,0,0.0,0
94,5.4,2021,Working,1,Engineering - Computer Science,Male,School of Engineering & Applied Science,1,0,0,4.0,0,1,0,0,0,0,0.0,0
95,5.4,2021,Working,2,Engineering - Chemical Engineering,Male,School of Engineering & Applied Science,1,0,0,3.5,0,1,0,0,0,0,0.0,0
96,5.4,2021,Working,0,Environmental Sciences,Female,College and Graduate School of Arts & Sciences,1,0,0,3.92,0,0,0,0,0,0,0.0,0
97,5.4,2021,Working,0,Environmental Sciences,Female,College and Graduate School of Arts & Sciences,1,0,0,,0,0,0,0,0,0,0.0,0
98,5.4,2021,Working,1,Engineering - Computer Science,Male,School of Engineering & Applied Science,1,0,0,,0,1,0,0,0,0,0.0,0
99,5.4,2021,Working,1,Engineering - Computer Science,Male,School of Engineering & Applied Science,1,0,0,3.76,0,1,0,0,0,0,0.0,0
100,5.4,2021,Still Looking,1,Engineering - Computer Science,Female,School of Engineering & Applied Science,0,0,0,4.0,0,1,0,1,0,0,0.0,0
101,5.4,2021,Still Looking,1,Engineering - Computer Science,Female,School of Engineering & Applied Science,0,0,0,3.6,0,1,0,1,0,0,0.0,0
102,5.4,2021,Working,0,Engineering - Biomedical Engineering,Female,School of Engineering & Applied Science,1,0,0,3.96,0,0,0,0,0,0,0.0,0
103,5.4,2021,Working,0,Engineering - Biomedical Engineering,Female,School of Engineering & Applied Science,1,0,0,,0,0,0,0,0,0,0.0,0
104,5.4,2021,Working,0,Religious Studies,Female,College and Graduate School of Arts & Sciences,1,1,0,,0,0,0,0,0,0,0.0,0
105,5.4,2021,Working,0,Pharmacology,Female,School of Medicine,1,0,0,,0,0,0,0,0,0,0.0,0
106,5.4,2021,Working,0,Pharmacology,Female,School of Medicine,1,0,0,3.89,0,0,0,0,0,0,0.0,0
107,5.4,2021,Working,0,Pharmacology,Female,School of Medicine,1,0,0,3.99,0,0,0,0,0,0,0.0,0
108,5.4,2021,Working,1,Engineering - Biomedical Engineering,Male,School of Engineering & Applied Science,1,0,0,,0,1,0,0,0,0,0.0,0
109,5.4,2021,Working,1,Engineering - Computer Science,Male,School of Engineering & Applied Science,1,0,0,3.6,0,1,0,0,0,0,1.0,1
110,5.4,2021,Working,1,Engineering - Computer Science,Male,School of Engineering & Applied Science,1,0,0,4.0,0,1,0,0,0,0,1.0,1
111,5.4,2021,Working,1,Engineering - Computer Science,Male,School of Engineering & Applied Science,1,0,0,4.0,0,1,0,0,0,0,2.0,1
112,5.4,2021,Continuing Education,3,Religious Studies,Female,College and Graduate School of Arts & Sciences,0,0,0,,0,1,1,0,0,0,0.0,0
113,5.4,2021,Working,0,Engineering - Electrical Engineering,Male,School of Engineering & Applied Science,1,0,0,3.67,0,0,0,0,0,0,0.0,0
114,5.4,2021,Working,0,Engineering - Electrical Engineering,Male,School of Engineering & Applied Science,1,0,0,,0,0,0,0,0,0,0.0,0
115,5.4,2021,Working,0,Engineering - Electrical Engineering,Male,School of Engineering & Applied Science,1,0,0,3.3,0,0,0,0,0,0,0.0,0
116,5.4,2021,Working,1,Education - Elementary Education,Female,Curry School of Education,1,0,0,3.93,0,1,0,0,0,0,0.0,0
117,5.4,2021,Working,0,Engineering - Mechanical & Aerospace Engineering,Female,School of Engineering & Applied Science,1,0,0,,0,0,0,0,0,0,0.0,0
118,5.4,2021,Working,1,Engineering - Biomedical Engineering,Female,School of Engineering & Applied Science,1,0,0,3.8,0,1,0,0,0,0,0.0,0
119,5.4,2021,Working,1,Engineering - Biomedical Engineering,Female,School of Engineering & Applied Science,1,0,0,4.0,0,1,0,0,0,0,0.0,0
120,5.4,2021,Working,1,Engineering - Electrical Engineering,Female,School of Engineering & Applied Science,1,0,0,,0,1,0,0,0,0,0.0,0
121,5.4,2021,Continuing Education,0,Engineering - Electrical Engineering,Male,School of Engineering & Applied Science,0,0,0,3.7,0,0,1,0,0,0,0.0,0
122,5.4,2021,Continuing Education,0,Engineering - Electrical Engineering,Male,School of Engineering & Applied Science,0,0,0,4.0,0,0,1,0,0,0,0.0,0
123,5.4,2021,Continuing Education,0,Engineering - Electrical Engineering,Male,School of Engineering & Applied Science,0,0,0,3.9,0,0,1,0,0,0,0.0,0
124,5.4,2021,Working,3,Engineering - Mechanical & Aerospace Engineering,Male,School of Engineering & Applied Science,1,0,0,,0,1,0,0,0,0,0.0,0
125,5.4,2021,Working,0,Data Science,Female,School of Data Science,1,0,8,3.9,0,0,0,0,0,0,1.0,1
126,5.4,2021,Working,0,Data Science,Female,School of Data Science,1,0,8,,0,0,0,0,0,0,1.0,1
127,5.4,2021,Working,0,Engineering - Civil Engineering,Female,School of Engineering & Applied Science,1,0,0,,0,0,0,0,0,0,0.0,0
128,5.4,2021,Working,0,Engineering - Civil Engineering,Female,School of Engineering & Applied Science,1,0,0,3.9,0,0,0,0,0,0,0.0,0
129,5.4,2021,Still Looking,0,Engineering - Computer Science,Male,School of Engineering & Applied Science,0,0,0,,0,0,0,1,0,0,0.0,0
130,5.4,2021,Working,0,Data Science,Male,School of Data Science,1,0,0,3.9,0,0,0,0,0,0,0.0,0
131,5.4,2021,Working,1,Data Science,Female,School of Data Science,1,2,46,,0,1,0,0,1,0,0.0,0
132,5.4,2021,Working,0,Education - Curriculum & Instruction,Male,Curry School of Education,1,0,0,3.85,0,0,0,0,0,0,0.0,0
133,5.4,2021,Working,2,Education - Counselor Education,Male,Curry School of Education,1,0,0,,0,1,0,0,0,0,0.0,0
134,5.4,2021,Working,0,Data Science,Female,School of Data Science,1,0,6,,0,0,0,0,0,0,0.0,0
135,5.4,2021,Not Seeking,1,Data Science,Female,School of Data Science,0,0,0,4.0,0,1,0,0,0,0,0.0,0
136,5.4,2021,Still Looking,1,Education - Elementary Education,Female,Curry School of Education,0,0,0,,0,1,0,1,0,0,0.0,0
137,5.4,2021,Still Looking,0,Architecture,Female,School of Architecture,0,0,0,3.66,0,0,0,1,0,0,0.0,0
138,5.4,2021,Still Looking,0,Architecture,Female,School of Architecture,0,0,0,,0,0,0,1,0,0,0.0,0
139,5.4,2021,Working,0,Data Science,Female,School of Data Science,1,0,0,4.0,0,0,0,0,0,0,0.0,0
140,5.4,2021,Working,0,Data Science,Female,School of Data Science,1,0,0,3.94,0,0,0,0,0,0,0.0,0
141,5.4,2021,Working,2,Education - Elementary Education,Female,Curry School of Education,1,0,0,3.9,0,1,0,0,0,0,0.0,0
142,5.4,2021,Working,2,Education - Elementary Education,Female,Curry School of Education,1,0,0,3.8,0,1,0,0,0,0,0.0,0
143,5.4,2021,Still Looking,0,Data Science,Male,School of Data Science,0,0,0,3.9,0,0,0,1,0,0,0.0,0
144,5.4,2021,Still Looking,1,Education - Science Education,Male,Curry School of Education,0,0,0,4.0,0,1,0,1,0,0,0.0,0
145,5.4,2021,Working,2,Education - Elementary Education,Female,Curry School of Education,1,0,0,,0,1,0,0,0,0,0.0,0
146,5.4,2021,Working,2,Education - Counselor Education,Female,Curry School of Education,1,0,0,,0,1,0,0,0,0,0.0,0
147,5.4,2021,Working,2,Education - Counselor Education,Female,Curry School of Education,1,0,0,3.84,0,1,0,0,0,0,0.0,0
148,5.4,2021,Still Looking,2,Architecture,Female,School of Architecture,0,0,0,,0,1,0,1,0,0,0.0,0
149,5.4,2021,Still Looking,2,Architecture,Female,School of Architecture,0,0,0,3.77,0,1,0,1,0,0,0.0,0
150,5.4,2021,Still Looking,2,Architecture,Female,School of Architecture,0,0,0,3.83,0,1,0,1,0,0,0.0,0
151,5.4,2021,Military,0,Data Science,Male,School of Data Science,0,0,0,3.8,0,0,0,0,0,0,0.0,0
152,5.4,2021,Working,0,Data Science,Female,School of Data Science,1,0,0,4.0,0,0,0,0,0,0,0.0,0
153,5.4,2021,Working,2,Education - Special Education,Female,Curry School of Education,1,0,0,,0,1,0,0,0,0,0.0,0
154,5.4,2021,Working,2,Education - Special Education,Female,Curry School of Education,1,0,0,3.5,0,1,0,0,0,0,0.0,0
155,5.4,2021,Working,2,Architecture - Urban & Environmental Planning,Male,School of Architecture,1,0,0,,0,1,0,0,0,0,0.0,0
156,5.4,2021,Still Looking,2,Education - Counselor Education,Male,Curry School of Education,0,0,0,4.0,0,1,0,1,0,0,0.0,0
157,5.4,2021,Still Looking,2,Education - Counselor Education,Male,Curry School of Education,0,0,0,3.48,0,1,0,1,0,0,0.0,0
158,5.4,2021,Working,0,Data Science,Female,School of Data Science,1,0,0,,0,0,0,0,0,0,0.0,0
159,5.4,2021,Still Looking,2,Architecture,Female,School of Architecture,0,0,0,,0,1,0,1,0,0,0.0,0
160,5.4,2021,Still Looking,2,Architecture,Female,School of Architecture,0,0,0,3.54,0,1,0,1,0,0,0.0,0
161,5.4,2021,Still Looking,2,Education - Counselor Education,Female,Curry School of Education,0,0,0,,0,1,0,1,0,0,0.0,0
162,5.4,2021,Working,1,Education - Counselor Education,Female,Curry School of Education,1,0,0,,0,1,0,0,0,0,0.0,0
163,5.4,2021,Working,0,Data Science,Male,School of Data Science,1,0,2,4.0,0,0,0,0,0,0,0.0,0
164,5.4,2021,Working,0,Data Science,Male,School of Data Science,1,0,2,3.5,0,0,0,0,0,0,0.0,0
165,5.4,2021,Working,3,Education - Elementary Education,Female,Curry School of Education,1,0,0,,0,1,0,0,0,0,0.0,0
166,5.4,2021,Working,0,Data Science,Male,School of Data Science,1,0,2,3.4,0,0,0,0,0,0,1.0,1
167,5.4,2021,Working,0,Data Science,Male,School of Data Science,1,0,2,3.7,0,0,0,0,0,0,1.0,1
168,5.4,2021,Working,1,Education - Counselor Education,Female,Curry School of Education,1,0,0,,0,1,0,0,0,0,0.0,0
169,5.4,2021,Working,2,Education - Elementary Education,Female,Curry School of Education,1,0,0,4.0,0,1,0,0,0,0,0.0,0
170,5.4,2021,Working,2,Education - Elementary Education,Female,Curry School of Education,1,0,0,,0,1,0,0,0,0,0.0,0
171,5.4,2021,Working,3,Data Science,Male,School of Data Science,1,0,0,3.9,0,1,0,0,0,0,0.0,0
172,5.4,2021,Working,3,Architecture - Landscape Architecture,Female,School of Architecture,1,0,0,4.3,0,1,0,0,0,0,0.0,0
173,5.4,2021,Working,3,Architecture - Landscape Architecture,Female,School of Architecture,1,0,0,,0,1,0,0,0,0,0.0,0
174,5.4,2021,Working,1,Education - Counselor Education,Female,Curry School of Education,1,0,0,,0,1,0,0,0,0,0.0,0
175,5.4,2021,Working,0,Architecture,Female,School of Architecture,1,0,0,,0,0,0,0,0,0,0.0,0
176,5.4,2021,Still Looking,1,Architecture,Female,School of Architecture,0,0,0,,0,1,0,1,0,0,0.0,0
177,5.4,2021,Working,0,Data Science,Male,School of Data Science,1,0,0,2.75,0,0,0,0,0,0,0.0,0
178,5.4,2021,Working,0,Data Science,Male,School of Data Science,1,0,0,,0,0,0,0,0,0,0.0,0
179,5.4,2021,Working,0,Data Science,Male,School of Data Science,1,0,0,4.0,0,0,0,0,0,0,0.0,0
180,5.4,2021,Working,0,Data Science,Female,School of Data Science,1,0,0,,0,0,0,0,0,0,0.0,0
181,5.4,2021,Working,0,Data Science,Male,School of Data Science,1,0,0,4.0,0,0,0,0,0,0,0.0,0
182,5.4,2021,Working,0,Economics,Female,College and Graduate School of Arts & Sciences,1,0,0,,0,0,0,0,0,0,1.0,1
183,5.4,2021,Working,0,Economics,Female,College and Graduate School of Arts & Sciences,1,0,0,3.95,0,0,0,0,0,0,1.0,1
184,5.4,2021,Still Looking,0,Architecture,Female,School of Architecture,0,0,0,3.68,0,0,0,1,0,0,0.0,0
185,5.4,2021,Still Looking,0,Architecture,Female,School of Architecture,0,0,0,,0,0,0,1,0,0,0.0,0
186,5.4,2021,Working,1,Data Science,Female,School of Data Science,1,0,0,,0,1,0,0,0,0,0.0,0
187,5.4,2021,Working,0,Data Science,Female,School of Data Science,1,0,0,4.0,0,0,0,0,0,0,0.0,0
188,5.4,2021,Working,1,Education - Special Education,Female,Curry School of Education,1,0,0,3.02,0,1,0,0,0,0,0.0,0
189,5.4,2021,Working,1,Education - Special Education,Female,Curry School of Education,1,0,0,,0,1,0,0,0,0,0.0,0
190,5.4,2021,Working,1,Data Science,Male,School of Data Science,1,0,2,,0,1,0,0,0,0,0.0,0
191,5.4,2021,Working,1,Data Science,Male,School of Data Science,1,0,2,3.5,0,1,0,0,0,0,0.0,0
192,5.4,2021,Working,0,Education - Science Education,Female,Curry School of Education,1,0,0,4.0,0,0,0,0,0,0,0.0,0
193,5.4,2021,Working,0,Education - Science Education,Female,Curry School of Education,1,0,0,3.7,0,0,0,0,0,0,0.0,0
194,5.4,2021,Still Looking,2,Education - Elementary Education,Female,Curry School of Education,0,0,0,,0,1,0,1,0,0,0.0,0
195,5.4,2021,Working,0,Data Science,Female,School of Data Science,1,0,0,3.93,0,0,0,0,0,0,0.0,0
196,5.4,2021,Working,0,Data Science,Female,School of Data Science,1,0,0,3.94,0,0,0,0,0,0,0.0,0
197,5.4,2021,Working,0,Data Science,Female,School of Data Science,1,0,0,,0,0,0,0,0,0,0.0,0
198,5.4,2021,Working,0,Data Science,Female,School of Data Science,1,0,0,4.0,0,0,0,0,0,0,0.0,0
199,5.4,2021,Working,1,Education - English Education,Female,Curry School of Education,1,0,0,3.79,0,1,0,0,0,0,0.0,0
200,5.4,2021,Working,1,Education - English Education,Female,Curry School of Education,1,0,0,3.96,0,1,0,0,0,0,0.0,0
201,5.4,2021,Military,0,Data Science,Male,School of Data Science,0,0,0,,0,0,0,0,0,0,0.0,0
202,5.4,2021,Still Looking,1,Architecture,Female,School of Architecture,0,0,0,,0,1,0,1,0,0,0.0,0
203,5.4,2021,Working,0,Data Science,Female,School of Data Science,1,0,0,3.55,0,0,0,0,0,0,0.0,0
204,5.4,2021,Working,0,Data Science,Female,School of Data Science,1,0,0,,0,0,0,0,0,0,0.0,0
205,5.4,2021,Working,0,Data Science,Female,School of Data Science,1,0,0,3.97,0,0,0,0,0,0,0.0,0
206,5.4,2021,Still Looking,1,Architecture - Urban & Environmental Planning,Female,School of Architecture,0,0,0,,0,1,0,1,0,0,1.0,1
207,5.4,2021,Working,2,Architecture - Landscape Architecture,Female,School of Architecture,1,0,0,3.7,0,1,0,0,0,0,0.0,0
208,5.4,2021,Working,2,Education - Elementary Education,Female,Curry School of Education,1,0,0,,0,1,0,0,0,0,0.0,0
209,5.4,2021,Still Looking,1,Architecture - Urban & Environmental Planning,Female,School of Architecture,0,0,0,3.85,0,1,0,1,0,0,0.0,0
210,5.4,2021,Still Looking,1,Architecture,Female,School of Architecture,0,0,0,3.75,0,1,0,1,0,0,0.0,0
211,5.4,2021,Still Looking,1,Architecture,Female,School of Architecture,0,0,0,3.02,0,1,0,1,0,0,0.0,0
212,5.4,2021,Still Looking,2,Architecture - Urban & Environmental Planning,Female,School of Architecture,0,0,0,3.94,0,1,0,1,0,0,0.0,0
213,5.4,2021,Still Looking,2,Architecture - Urban & Environmental Planning,Female,School of Architecture,0,0,0,,0,1,0,1,0,0,0.0,0
214,5.4,2021,Still Looking,2,Education - Counselor Education,Female,Curry School of Education,0,0,0,,0,1,0,1,0,0,0.0,0
215,5.4,2021,Working,0,Data Science,Male,School of Data Science,1,0,0,4.0,0,0,0,0,0,0,0.0,0
216,5.4,2021,Working,0,Data Science,Male,School of Data Science,1,0,0,3.64,0,0,0,0,0,0,0.0,0
217,5.4,2021,Working,0,Data Science,Female,School of Data Science,1,0,0,,0,0,0,0,0,0,0.0,0
218,5.4,2021,Working,0,Data Science,Female,School of Data Science,1,0,0,4.0,0,0,0,0,0,0,0.0,0
219,5.4,2021,Working,0,Data Science,Female,School of Data Science,1,0,0,3.56,0,0,0,0,0,0,0.0,0
220,5.4,2021,Working,2,Education - Educational Psychology,Female,Curry School of Education,1,0,0,,0,1,0,0,0,0,0.0,0
221,5.4,2021,Working,2,Education - Educational Psychology,Female,Curry School of Education,1,0,0,3.9,0,1,0,0,0,0,0.0,0
222,5.4,2021,Still Looking,0,Engineering - Chemical Engineering,Male,School of Engineering & Applied Science,0,0,5,3.51,0,0,0,1,0,0,0.0,0
223,5.4,2021,Still Looking,0,Engineering - Chemical Engineering,Male,School of Engineering & Applied Science,0,0,5,3.6,0,0,0,1,0,0,0.0,0
224,5.4,2021,Working,1,Engineering - Computer Science,Female,School of Engineering & Applied Science,1,0,0,,0,1,0,0,0,0,0.0,0
225,5.4,2021,Working,0,Engineering - Computer Science,Male,School of Engineering & Applied Science,1,0,0,,0,0,0,0,0,0,0.0,0
226,5.4,2021,Still Looking,0,Linguistics,Male,College and Graduate School of Arts & Sciences,0,0,0,3.74,0,0,0,1,0,0,0.0,0
227,5.4,2021,Still Looking,0,Linguistics,Male,College and Graduate School of Arts & Sciences,0,0,0,,0,0,0,1,0,0,0.0,0
228,5.4,2021,Working,0,French,Female,College and Graduate School of Arts & Sciences,1,0,0,,0,0,0,0,0,0,0.0,0
229,5.4,2021,Working,0,Statistics,Male,College and Graduate School of Arts & Sciences,1,0,0,,0,0,0,0,0,0,0.0,0
230,5.4,2021,Working,0,Environmental Sciences,Female,College and Graduate School of Arts & Sciences,1,0,0,,0,0,0,0,0,0,0.0,0
231,5.4,2021,Working,3,Engineering - Mechanical & Aerospace Engineering,Male,School of Engineering & Applied Science,1,0,0,,0,1,0,0,0,0,0.0,0
232,5.4,2021,Working,3,Statistics,Male,College and Graduate School of Arts & Sciences,1,0,0,3.94,0,1,0,0,0,0,0.0,0
233,5.4,2021,Working,0,Education - Curriculum & Instruction,Male,Curry School of Education,1,0,0,,0,0,0,0,0,0,0.0,0
234,5.4,2021,Still Looking,0,Engineering - Computer Engineering,Male,School of Engineering & Applied Science,0,0,0,,0,0,0,1,0,0,0.0,0
235,5.4,2021,Still Looking,0,Engineering - Computer Engineering,Male,School of Engineering & Applied Science,0,0,0,3.71,0,0,0,1,0,0,0.0,0
236,5.4,2021,Still Looking,1,Education - Higher Education,Male,Curry School of Education,0,0,2,,0,1,0,1,0,0,0.0,0
237,5.4,2021,Working,3,Religious Studies,Male,College and Graduate School of Arts & Sciences,1,0,0,3.0,0,1,0,0,0,0,0.0,0
238,5.4,2021,Working,3,Religious Studies,Male,College and Graduate School of Arts & Sciences,1,0,0,3.6,0,1,0,0,0,0,0.0,0
239,5.4,2021,Working,1,Engineering - Mechanical & Aerospace Engineering,Male,School of Engineering & Applied Science,1,0,0,3.95,0,1,0,0,0,0,0.0,0
240,5.4,2021,Working,2,Music,Female,College and Graduate School of Arts & Sciences,1,0,0,,0,1,0,0,0,0,0.0,0
241,5.4,2021,Working,2,Public Health,Female,School of Medicine,1,0,3,,0,1,0,0,0,0,5.0,1
242,5.4,2021,Working,2,Public Health,Female,School of Medicine,1,0,3,3.85,0,1,0,0,0,0,5.0,1
243,5.4,2021,Still Looking,1,Public Health,Female,School of Medicine,0,0,10,,0,1,0,1,0,0,1.0,1
244,5.4,2021,Working,0,Engineering - Systems Engineering,Female,School of Engineering & Applied Science,1,0,0,4.0,0,0,0,0,0,0,0.0,0
245,5.4,2021,Continuing Education,0,Psychology,Female,College and Graduate School of Arts & Sciences,0,0,2,3.76,0,0,1,0,0,0,0.0,0
246,5.4,2021,Working,2,Engineering - Systems Engineering,Male,School of Engineering & Applied Science,1,0,0,3.5,0,1,0,0,0,0,0.0,0
247,5.4,2021,Working,1,European Studies,Female,College and Graduate School of Arts & Sciences,1,0,0,,0,1,0,0,0,0,0.0,0
248,5.4,2021,Still Looking,0,Engineering - Systems Engineering,Male,School of Engineering & Applied Science,0,0,2,3.4,0,0,0,1,0,0,0.0,0
249,5.4,2021,Still Looking,0,Engineering - Systems Engineering,Male,School of Engineering & Applied Science,0,0,2,3.9,0,0,0,1,0,0,0.0,0
250,5.4,2021,Working,2,Public Health,Female,School of Medicine,1,0,0,3.76,0,1,0,0,0,0,2.0,1
251,5.4,2021,Working,2,Public Health,Female,School of Medicine,1,0,0,3.32,0,1,0,0,0,0,2.0,1
252,5.4,2021,Working,3,Engineering - Mechanical & Aerospace Engineering,Male,School of Engineering & Applied Science,1,0,0,,0,1,0,0,0,0,8.0,1
253,5.4,2021,Working,3,Engineering - Mechanical & Aerospace Engineering,Male,School of Engineering & Applied Science,1,0,0,3.89,0,1,0,0,0,0,8.0,1
254,5.4,2021,Working,0,English,Female,College and Graduate School of Arts & Sciences,1,0,0,,0,0,0,0,0,0,0.0,0
255,5.4,2021,Continuing Education,0,English,Female,College and Graduate School of Arts & Sciences,0,0,0,,0,0,1,0,0,0,0.0,0
256,5.4,2021,Working,1,Anthropology,Female,College and Graduate School of Arts & Sciences,1,0,6,3.6,0,1,0,0,0,0,3.0,1
257,5.4,2021,Working,1,Anthropology,Female,College and Graduate School of Arts & Sciences,1,0,6,3.5,0,1,0,0,0,0,3.0,1
258,5.4,2021,Still Looking,0,Environmental Sciences,Female,College and Graduate School of Arts & Sciences,0,0,0,,0,0,0,1,0,0,0.0,0
259,5.4,2021,Still Looking,0,Chemistry,Female,College and Graduate School of Arts & Sciences,0,0,0,,0,0,0,1,0,0,0.0,0
260,5.4,2021,Working,0,Education - Educational Psychology,Female,Curry School of Education,1,0,0,,0,0,0,0,0,0,0.0,0
261,5.4,2021,Working,0,Engineering - Materials Science & Engineering,Female,School of Engineering & Applied Science,1,0,0,,0,0,0,0,0,0,0.0,0
262,5.4,2021,Working,0,Engineering - Materials Science & Engineering,Female,School of Engineering & Applied Science,1,0,0,3.81,0,0,0,0,0,0,0.0,0
263,5.4,2021,Working,0,Engineering - Materials Science & Engineering,Female,School of Engineering & Applied Science,1,0,0,3.35,0,0,0,0,0,0,0.0,0
264,5.4,2021,Working,0,Public Health,Female,School of Medicine,1,0,0,,0,0,0,0,0,0,0.0,0
265,5.4,2021,Working,0,Public Health,Female,School of Medicine,1,0,0,3.9,0,0,0,0,0,0,0.0,0
266,5.4,2021,Working,1,Education - Higher Education,Female,Curry School of Education,1,0,0,,0,1,0,0,0,0,0.0,0
267,5.4,2021,Working,0,Engineering - Electrical Engineering,Female,School of Engineering & Applied Science,1,0,0,,0,0,0,0,0,0,0.0,0
268,5.4,2021,Continuing Education,1,Media Culture & Technology,Male,College and Graduate School of Arts & Sciences,0,0,0,3.98,0,1,1,0,0,0,0.0,0
269,5.4,2021,Still Looking,0,Creative Writing,Female,College and Graduate School of Arts & Sciences,0,0,0,,0,0,0,1,0,0,0.0,0
270,5.4,2021,Working,0,Data Science,Male,School of Data Science,1,0,0,3.97,0,0,0,0,0,0,0.0,0
271,5.4,2021,Working,0,Data Science,Male,School of Data Science,1,0,2,3.8,0,0,0,0,0,0,0.0,0
272,5.4,2021,Working,0,Data Science,Male,School of Data Science,1,0,2,3.5,0,0,0,0,0,0,0.0,0
273,5.4,2021,Working,0,Data Science,Male,School of Data Science,1,0,2,3.9,0,0,0,0,0,0,0.0,0
274,5.4,2021,Still Looking,0,Education - Educational Psychology,Female,Curry School of Education,0,0,0,,0,0,0,1,0,0,2.0,1
275,5.4,2021,Still Looking,0,Education - Educational Psychology,Female,Curry School of Education,0,0,0,3.75,0,0,0,1,0,0,2.0,1
276,5.4,2021,Still Looking,2,Art - History of Art & Architecture,Female,College and Graduate School of Arts & Sciences,0,0,0,,0,1,0,1,0,0,0.0,0
277,5.4,2021,Continuing Education,0,English,Female,College and Graduate School of Arts & Sciences,0,0,0,,0,0,1,0,0,0,0.0,0
278,5.4,2021,Still Looking,0,History,Female,College and Graduate School of Arts & Sciences,0,0,0,,0,0,0,1,0,0,0.0,0
279,5.4,2021,Still Looking,0,French,Male,College and Graduate School of Arts & Sciences,0,0,2,,0,0,0,1,0,0,0.0,0
280,5.4,2021,Still Looking,3,Education - Athletic Training,Female,Curry School of Education,0,0,0,,0,1,0,1,0,0,0.0,0
281,5.4,2021,Still Looking,0,English,Male,College and Graduate School of Arts & Sciences,0,0,44,,0,0,0,1,0,0,0.0,0
282,5.4,2021,Working,0,English,Female,College and Graduate School of Arts & Sciences,1,0,0,,0,0,0,0,0,0,0.0,0
283,5.4,2021,Working,0,English,Female,College and Graduate School of Arts & Sciences,1,0,0,3.96,0,0,0,0,0,0,0.0,0
284,5.4,2021,Working,1,Education - Administration & Supervision,Male,Curry School of Education,1,0,0,4.0,0,1,0,0,0,0,0.0,0
285,5.4,2021,Working,0,Spanish,Male,College and Graduate School of Arts & Sciences,1,0,0,,0,0,0,0,0,0,0.0,0
286,5.4,2021,Working,0,French,Female,College and Graduate School of Arts & Sciences,1,0,0,,0,0,0,0,0,0,0.0,0
287,5.4,2021,Still Looking,0,Engineering - Computer Science,Male,School of Engineering & Applied Science,0,0,0,4.0,0,0,0,1,0,0,0.0,0
288,5.4,2021,Still Looking,0,Engineering - Computer Science,Male,School of Engineering & Applied Science,0,0,0,,0,0,0,1,0,0,0.0,0
289,5.4,2021,Working,0,Environmental Sciences,Female,College and Graduate School of Arts & Sciences,1,0,1,,0,0,0,0,0,0,0.0,0
290,5.4,2021,Still Looking,1,Education - Educational Psychology,Female,Curry School of Education,0,0,0,,0,1,0,1,0,0,0.0,0
291,5.4,2021,Still Looking,3,Slavic Languages and Literatures,Female,College and Graduate School of Arts & Sciences,0,0,0,3.4,0,1,0,1,0,0,0.0,0
292,5.4,2021,Working,1,Engineering - Biomedical Engineering,Female,School of Engineering & Applied Science,1,0,0,4.0,0,1,0,0,0,0,0.0,0
293,5.4,2021,Working,0,Engineering - Electrical Engineering,Male,School of Engineering & Applied Science,1,0,0,3.03,0,0,0,0,0,0,0.0,0
294,5.4,2021,Working,0,Engineering - Electrical Engineering,Male,School of Engineering & Applied Science,1,0,0,3.23,0,0,0,0,0,0,0.0,0
295,5.4,2021,Working,1,Engineering - Electrical Engineering,Male,School of Engineering & Applied Science,1,0,0,,0,1,0,0,0,0,0.0,0
296,5.4,2021,Working,3,Engineering - Computer Science,Male,School of Engineering & Applied Science,1,0,0,,0,1,0,0,0,0,0.0,0
297,5.4,2021,Working,3,Engineering - Computer Science,Male,School of Engineering & Applied Science,1,0,0,3.9,0,1,0,0,0,0,0.0,0
298,5.4,2021,Fellowship,1,Psychology,Female,College and Graduate School of Arts & Sciences,0,0,0,3.9,0,1,0,0,0,0,0.0,0
299,5.4,2021,Still Looking,0,Public Health,Female,School of Medicine,0,0,4,3.75,0,0,0,1,0,0,0.0,0
300,5.4,2021,Still Looking,0,Public Health,Female,School of Medicine,0,0,4,,0,0,0,1,0,0,0.0,0
301,5.4,2021,Working,0,Public Health,Female,School of Medicine,1,0,2,,0,0,0,0,0,0,0.0,0
302,5.4,2021,Continuing Education,3,Public Health,Female,School of Medicine,0,0,0,3.54,0,1,1,0,0,0,0.0,0
303,5.4,2021,Continuing Education,3,Public Health,Female,School of Medicine,0,0,0,,0,1,1,0,0,0,0.0,0
304,5.4,2021,Working,1,Engineering - Computer Science,Female,School of Engineering & Applied Science,1,0,0,4.0,0,1,0,0,0,0,0.0,0
305,5.4,2021,Working,1,Engineering - Computer Science,Female,School of Engineering & Applied Science,1,0,0,3.81,0,1,0,0,0,0,0.0,0
306,5.4,2021,Working,2,Education - Educational Policy (Policy Studies),Female,Curry School of Education,1,0,0,,0,1,0,0,0,0,1.0,1
307,5.4,2021,Working,0,Engineering - Computer Science,Female,School of Engineering & Applied Science,1,0,0,,0,0,0,0,0,0,0.0,0
308,5.4,2021,Working,0,Education - Higher Education,Male,Curry School of Education,1,0,0,,0,0,0,0,0,0,0.0,0
309,5.4,2021,Working,0,Education - Higher Education,Female,Curry School of Education,1,0,0,,0,0,0,0,0,0,0.0,0
310,5.4,2021,Working,0,Slavic Languages and Literatures,Female,College and Graduate School of Arts & Sciences,1,0,0,,0,0,0,0,0,0,0.0,0
311,5.4,2021,Working,1,Engineering - Computer Science,Male,School of Engineering & Applied Science,1,0,0,3.91,0,1,0,0,0,0,1.0,1
312,5.4,2021,Working,0,Education - Educational Psychology,Female,Curry School of Education,1,0,0,4.0,0,0,0,0,0,0,0.0,0
313,5.4,2021,Still Looking,0,Data Science,Male,School of Data Science,0,0,21,,0,0,0,1,0,0,4.0,1
314,5.4,2021,Still Looking,0,Data Science,Male,School of Data Science,0,0,21,3.55,0,0,0,1,0,0,4.0,1
315,5.4,2021,Working,2,Architecture - Urban & Environmental Planning,Male,School of Architecture,1,0,0,,0,1,0,0,0,0,0.0,0
316,5.4,2021,Still Looking,0,Engineering - Biomedical Engineering,Female,School of Engineering & Applied Science,0,0,0,,0,0,0,1,0,0,0.0,0
317,5.4,2021,Working,0,Education - Educational Psychology,Female,Curry School of Education,1,0,0,,0,0,0,0,0,0,0.0,0
318,5.4,2021,Working,0,Engineering - Systems Engineering,Male,School of Engineering & Applied Science,1,0,0,,0,0,0,0,0,0,0.0,0
319,5.4,2021,Working,0,Engineering - Chemical Engineering,Male,School of Engineering & Applied Science,1,0,0,,0,0,0,0,0,0,0.0,0
320,5.4,2021,Working,0,Engineering - Mechanical & Aerospace Engineering,Female,School of Engineering & Applied Science,1,0,0,,0,0,0,0,0,0,0.0,0
321,5.4,2021,Working,2,Statistics,Male,College and Graduate School of Arts & Sciences,1,0,0,,0,1,0,0,0,0,0.0,0
322,5.4,2021,Continuing Education,0,Education - Kinesiology,Female,Curry School of Education,0,0,0,,0,0,1,0,0,0,0.0,0
323,5.4,2021,Working,1,Mathematics,Female,College and Graduate School of Arts & Sciences,1,0,0,,0,1,0,0,0,0,0.0,0
324,5.4,2021,Working,1,Mathematics,Female,College and Graduate School of Arts & Sciences,1,0,0,3.71,0,1,0,0,0,0,0.0,0
325,5.4,2021,Working,3,Education - Educational Psychology,Female,Curry School of Education,1,0,0,,0,1,0,0,0,0,0.0,0
326,5.4,2021,Working,3,Education - Educational Psychology,Female,Curry School of Education,1,0,0,3.64,0,1,0,0,0,0,0.0,0
327,5.4,2021,Working,0,Data Science,Female,School of Data Science,1,0,0,,0,0,0,0,0,0,0.0,0
328,5.4,2021,Still Looking,1,Architecture - Constructed Environment,Female,School of Architecture,0,0,0,,0,1,0,1,0,0,0.0,0
329,5.4,2021,Working,0,Engineering - Systems Engineering,Female,School of Engineering & Applied Science,1,0,0,3.46,0,0,0,0,0,0,0.0,0
330,5.4,2021,Working,1,Public Health,Female,School of Medicine,1,0,4,,0,1,0,0,0,0,0.0,0
331,5.4,2021,Working,0,English,Female,College and Graduate School of Arts & Sciences,1,0,0,3.93,0,0,0,0,0,0,0.0,0
332,5.4,2021,Working,0,English,Female,College and Graduate School of Arts & Sciences,1,0,0,3.7,0,0,0,0,0,0,0.0,0
333,5.4,2021,Working,1,Engineering - Computer Science,Male,School of Engineering & Applied Science,1,0,0,,0,1,0,0,0,0,0.0,0
334,5.4,2021,Working,1,Engineering - Computer Science,Male,School of Engineering & Applied Science,1,0,0,4.0,0,1,0,0,0,0,0.0,0
335,5.4,2021,Working,0,Education - Higher Education,Female,Curry School of Education,1,0,2,,0,0,0,0,0,0,0.0,0
336,5.4,2021,Working,2,Religious Studies,Female,College and Graduate School of Arts & Sciences,1,0,0,,0,1,0,0,0,0,0.0,0
337,5.4,2021,Working,0,Engineering - Mechanical & Aerospace Engineering,Male,School of Engineering & Applied Science,1,0,0,,0,0,0,0,0,0,0.0,0
338,5.4,2021,Still Looking,1,Religious Studies,Female,College and Graduate School of Arts & Sciences,0,0,0,,0,1,0,1,0,0,1.0,1
339,5.4,2021,Working,0,Slavic Languages and Literatures,Female,College and Graduate School of Arts & Sciences,1,0,4,,0,0,0,0,0,0,0.0,0
340,5.4,2021,Military,0,Engineering - Systems Engineering,Male,School of Engineering & Applied Science,0,0,0,,0,0,0,0,0,0,0.0,0
341,5.4,2021,Military,0,Engineering - Systems Engineering,Male,School of Engineering & Applied Science,0,0,0,3.96,0,0,0,0,0,0,0.0,0
342,5.4,2021,Still Looking,0,Engineering - Systems Engineering,Female,School of Engineering & Applied Science,0,0,42,,0,0,0,1,0,0,0.0,0
343,5.4,2021,Continuing Education,3,Engineering - Civil Engineering,Male,School of Data Science,0,0,0,4.0,0,1,1,0,0,0,0.0,0
344,5.4,2021,Continuing Education,3,Engineering - Civil Engineering,Male,School of Data Science,0,0,0,3.6,0,1,1,0,0,0,0.0,0
345,5.4,2021,Working,0,Engineering - Civil Engineering,Female,School of Engineering & Applied Science,1,0,0,,0,0,0,0,0,0,0.0,0
346,5.4,2021,Working,0,Engineering - Computer Science,Male,School of Engineering & Applied Science,1,0,0,3.28,0,0,0,0,0,0,0.0,0
347,5.4,2021,Working,0,Engineering - Computer Science,Male,School of Engineering & Applied Science,1,0,0,3.97,0,0,0,0,0,0,0.0,0
348,5.4,2021,Working,3,Education - Speech Communication Disorders,Female,Curry School of Education,1,0,0,,0,1,0,0,0,0,0.0,0
349,5.4,2021,Working,1,Public Policy,Female,School of Medicine,1,0,0,3.56,0,1,0,0,0,0,0.0,0
350,5.4,2021,Working,1,Public Policy,Female,School of Medicine,1,0,0,3.36,0,1,0,0,0,0,0.0,0
351,5.4,2021,Working,1,Engineering - Biomedical Engineering,Female,School of Engineering & Applied Science,1,0,0,3.92,0,1,0,0,0,0,1.0,1
352,5.4,2021,Working,1,Engineering - Biomedical Engineering,Female,School of Engineering & Applied Science,1,0,0,3.56,0,1,0,0,0,0,1.0,1
353,5.4,2021,Working,0,Education - Kinesiology,Female,Curry School of Education,1,0,0,3.27,0,0,0,0,0,0,1.0,1
354,5.4,2021,Working,0,Economics,Female,College and Graduate School of Arts & Sciences,1,0,0,,0,0,0,0,0,0,0.0,0
355,5.4,2021,Still Looking,0,Engineering - Systems Engineering,Male,School of Engineering & Applied Science,0,0,0,3.2,0,0,0,1,0,0,0.0,0
356,5.4,2021,Continuing Education,0,Engineering - Computer Engineering,Male,School of Engineering & Applied Science,0,0,4,,0,0,1,0,0,0,0.0,0
357,5.4,2021,Working,0,Engineering - Systems Engineering,Female,School of Engineering & Applied Science,1,0,0,,0,0,0,0,0,0,0.0,0
358,5.4,2021,Not Seeking,0,Spanish,Female,College and Graduate School of Arts & Sciences,0,0,0,,0,0,0,0,0,0,0.0,0
359,5.4,2021,Working,1,Education - Higher Education,Female,Curry School of Education,1,0,0,,0,1,0,0,0,0,1.0,1
360,5.4,2021,Continuing Education,0,Engineering - Biomedical Engineering,Male,School of Engineering & Applied Science,0,0,0,,0,0,1,0,0,0,0.0,0
361,5.4,2021,Working,0,Engineering - Mechanical & Aerospace Engineering,Male,School of Engineering & Applied Science,1,0,0,3.75,0,0,0,0,0,0,0.0,0
362,5.4,2021,Working,0,Engineering - Electrical Engineering,Male,School of Engineering & Applied Science,1,0,0,4.0,0,0,0,0,0,0,0.0,0
363,5.4,2021,Working,0,Engineering - Electrical Engineering,Male,School of Engineering & Applied Science,1,0,0,,0,0,0,0,0,0,0.0,0
364,5.4,2021,Working,0,Engineering - Biomedical Engineering,Male,School of Engineering & Applied Science,1,1,0,,0,0,0,0,0,0,0.0,0
365,5.4,2021,Working,0,Education - Special Education,Female,Curry School of Education,1,0,0,,0,0,0,0,0,0,0.0,0
366,5.4,2021,Working,2,Quantative Analytics in Education & Social Science,Female,Curry School of Education,1,0,0,,0,1,0,0,0,0,0.0,0
367,5.4,2021,Working,1,Engineering - Biomedical Engineering,Female,School of Engineering & Applied Science,1,0,0,,0,1,0,0,0,0,0.0,0
368,5.4,2021,Still Looking,1,Quantative Analytics in Education & Social Science,Female,Curry School of Education,0,0,0,,0,1,0,1,0,0,0.0,0
369,5.4,2021,Working,1,Psychology,Female,College and Graduate School of Arts & Sciences,1,0,0,,0,1,0,0,0,0,1.0,1
370,3.6,2022,Working,3,Philosophy,Male,College and Graduate School of Arts & Sciences,1,0,33,,0,1,0,0,0,0,0.0,0
371,3.6,2022,Continuing Education,1,Statistics,Male,College and Graduate School of Arts & Sciences,0,0,9,,0,1,1,0,0,0,0.0,0
372,3.6,2022,Continuing Education,1,Statistics,Male,College and Graduate School of Arts & Sciences,0,0,9,3.83,0,1,1,0,0,0,0.0,0
373,3.6,2022,Working,3,Statistics,Female,College and Graduate School of Arts & Sciences,1,0,48,,0,1,0,0,0,1,1.0,1
374,3.6,2022,Working,3,Environmental Sciences,Female,College and Graduate School of Arts & Sciences,1,0,4,,0,1,0,0,0,0,0.0,0
375,3.6,2022,Continuing Education,3,Economics,Female,College and Graduate School of Arts & Sciences,0,0,9,,0,1,1,0,0,0,0.0,0
376,3.6,2022,Working,1,Economics,Male,College and Graduate School of Arts & Sciences,1,2,136,3.65,0,1,0,0,1,1,0.0,0
377,3.6,2022,Working,1,Environmental Sciences,Female,College and Graduate School of Arts & Sciences,1,0,0,3.97,0,1,0,0,0,0,0.0,0
378,3.6,2022,Working,3,Computer Science - Interdisciplinary,Female,College and Graduate School of Arts & Sciences,1,0,4,3.35,0,1,0,0,0,0,0.0,0
379,3.6,2022,Working,0,Sociology,Female,College and Graduate School of Arts & Sciences,1,0,0,,0,0,0,0,0,0,0.0,0
380,3.6,2022,Working,0,Sociology,Female,College and Graduate School of Arts & Sciences,1,0,0,3.9,0,0,0,0,0,0,0.0,0
381,3.6,2022,Working,1,Computer Science - Interdisciplinary,Male,College and Graduate School of Arts & Sciences,1,0,172,,0,1,0,0,0,1,0.0,0
382,3.6,2022,Working,2,Engineering - Computer Science,Male,School of Engineering & Applied Science,1,0,5,3.54,0,1,0,0,0,0,1.0,1
383,3.6,2022,Working,3,Global Studies - Interdisciplinary,Female,College and Graduate School of Arts & Sciences,1,0,4,3.73,0,1,0,0,0,0,0.0,0
384,3.6,2022,Working,1,Neuroscience,Female,College and Graduate School of Arts & Sciences,1,0,0,3.87,0,1,0,0,0,0,1.0,1
385,3.6,2022,Working,0,Interdisciplinary Studies,Male,School of Continuing and Professional Studies,1,0,12,3.6,0,0,0,0,0,0,0.0,0
386,3.6,2022,Working,0,Interdisciplinary Studies,Male,School of Continuing and Professional Studies,1,0,12,,0,0,0,0,0,0,0.0,0
387,3.6,2022,Working,3,Statistics,Male,College and Graduate School of Arts & Sciences,1,0,4,3.8,0,1,0,0,0,0,0.0,0
388,3.6,2022,Working,1,Statistics,Male,College and Graduate School of Arts & Sciences,1,0,0,3.87,0,1,0,0,0,0,0.0,0
389,3.6,2022,Working,3,Engineering - Computer Science,Male,School of Engineering & Applied Science,1,0,4,,0,1,0,0,0,0,4.0,1
390,3.6,2022,Working,2,Computer Science - Interdisciplinary,Male,College and Graduate School of Arts & Sciences,1,0,40,3.63,0,1,0,0,0,0,0.0,0
391,3.6,2022,Working,0,Interdisciplinary Studies,Male,School of Continuing and Professional Studies,1,0,0,4.0,0,0,0,0,0,0,0.0,0
392,3.6,2022,Working,1,Engineering - Engineering Science,Female,School of Engineering & Applied Science,1,1,106,,0,1,0,0,0,1,0.0,0
393,3.6,2022,Working,3,English,Male,College and Graduate School of Arts & Sciences,1,0,2,3.56,1,1,0,0,0,0,3.0,1
394,3.6,2022,Working,2,Foreign Affairs,Female,College and Graduate School of Arts & Sciences,1,0,16,3.5,0,1,0,0,0,0,0.0,0
395,3.6,2022,Continuing Education,0,Biology,Male,College and Graduate School of Arts & Sciences,0,0,0,,0,0,1,0,0,0,0.0,0
396,3.6,2022,Working,3,Economics,Male,College and Graduate School of Arts & Sciences,1,0,0,,0,1,0,0,0,0,0.0,0
397,3.6,2022,Working,3,Economics,Male,College and Graduate School of Arts & Sciences,1,0,0,3.96,0,1,0,0,0,0,0.0,0
398,3.6,2022,Working,2,Economics,Male,College and Graduate School of Arts & Sciences,1,0,10,3.87,0,1,0,0,0,0,1.0,1
399,3.6,2022,Continuing Education,1,Psychology,Female,College and Graduate School of Arts & Sciences,0,0,0,,0,1,1,0,0,0,1.0,1
400,3.6,2022,Working,1,Engineering - Computer Science,Male,School of Engineering & Applied Science,1,0,14,3.95,0,1,0,0,0,0,0.0,0
401,3.6,2022,Working,3,Computer Science - Interdisciplinary,Male,College and Graduate School of Arts & Sciences,1,0,16,3.77,0,1,0,0,0,0,0.0,0
402,3.6,2022,Working,1,Foreign Affairs,Male,College and Graduate School of Arts & Sciences,1,0,4,,0,1,0,0,0,0,0.0,0
403,3.6,2022,Working,2,Sociology,Female,College and Graduate School of Arts & Sciences,1,0,1,,1,1,0,0,0,0,0.0,0
404,3.6,2022,Working,1,Cognitive Science - Interdisciplinary,Male,College and Graduate School of Arts & Sciences,1,0,0,,0,1,0,0,0,0,4.0,1
405,3.6,2022,Working,1,Cognitive Science - Interdisciplinary,Male,College and Graduate School of Arts & Sciences,1,0,0,4.24,0,1,0,0,0,0,4.0,1
406,3.6,2022,Working,1,Cognitive Science - Interdisciplinary,Male,College and Graduate School of Arts & Sciences,1,0,0,3.95,0,1,0,0,0,0,4.0,1
407,3.6,2022,Continuing Education,0,Engineering - Biomedical Engineering,Female,School of Engineering & Applied Science,0,0,69,,0,0,1,0,0,1,1.0,1
408,3.6,2022,Working,0,Psychology,Male,College and Graduate School of Arts & Sciences,1,0,0,3.7,0,0,0,0,0,0,0.0,0
409,3.6,2022,Continuing Education,2,Engineering - Computer Science,Male,School of Engineering & Applied Science,0,0,15,,0,1,1,0,0,0,0.0,0
410,3.6,2022,Continuing Education,2,Engineering - Computer Science,Male,School of Engineering & Applied Science,0,0,15,3.7,0,1,1,0,0,0,0.0,0
411,3.6,2022,Working,1,Spanish,Female,College and Graduate School of Arts & Sciences,1,3,180,3.5,0,1,0,0,1,1,4.0,1
412,3.6,2022,Continuing Education,1,Education - Kinesiology,Female,School of Education and Human Development,0,0,0,,0,1,1,0,0,0,0.0,0
413,3.6,2022,Working,1,Computer Science - Interdisciplinary,Male,College and Graduate School of Arts & Sciences,1,0,159,4.5,0,1,0,0,0,1,0.0,0
414,3.6,2022,Working,1,Computer Science - Interdisciplinary,Male,College and Graduate School of Arts & Sciences,1,0,159,,0,1,0,0,0,1,0.0,0
415,3.6,2022,Working,3,Economics,Male,College and Graduate School of Arts & Sciences,1,0,121,3.6,0,1,0,0,0,1,0.0,0
416,3.6,2022,Continuing Education,0,Interdisciplinary Studies,Female,School of Continuing and Professional Studies,0,0,0,3.8,0,0,1,0,0,0,0.0,0
417,3.6,2022,Working,1,Economics,Male,College and Graduate School of Arts & Sciences,1,0,0,,0,1,0,0,0,0,0.0,0
418,3.6,2022,Working,2,Statistics,Female,College and Graduate School of Arts & Sciences,1,0,3,3.54,0,1,0,0,0,0,0.0,0
419,3.6,2022,Continuing Education,0,Biology,Female,College and Graduate School of Arts & Sciences,0,0,0,,0,0,1,0,0,0,2.0,1
420,3.6,2022,Working,2,Global Studies - Interdisciplinary,Female,College and Graduate School of Arts & Sciences,1,0,32,,0,1,0,0,0,0,5.0,1
421,3.6,2022,Working,2,Global Studies - Interdisciplinary,Female,College and Graduate School of Arts & Sciences,1,0,32,3.6,0,1,0,0,0,0,5.0,1
422,3.6,2022,Continuing Education,0,Art - Art History,Female,College and Graduate School of Arts & Sciences,0,0,0,,0,0,1,0,0,0,0.0,0
423,3.6,2022,Working,3,Engineering - Computer Science,Female,School of Engineering & Applied Science,1,0,3,,0,1,0,0,0,0,0.0,0
424,3.6,2022,Working,3,Computer Science - Interdisciplinary,Male,College and Graduate School of Arts & Sciences,1,0,0,3.69,0,1,0,0,0,0,0.0,0
425,3.6,2022,Working,1,Computer Science - Interdisciplinary,Male,College and Graduate School of Arts & Sciences,1,0,0,,0,1,0,0,0,0,0.0,0
426,3.6,2022,Working,1,Biology,Female,College and Graduate School of Arts & Sciences,1,0,0,3.58,0,1,0,0,0,0,2.0,1
427,3.6,2022,Working,1,Biology,Female,College and Graduate School of Arts & Sciences,1,0,0,4.4,0,1,0,0,0,0,2.0,1
428,3.6,2022,Working,3,Engineering - Electrical Engineering,Female,School of Engineering & Applied Science,1,0,2,3.84,0,1,0,0,0,0,2.0,1
429,3.6,2022,Working,1,Engineering - Computer Engineering,Female,School of Engineering & Applied Science,1,0,0,,0,1,0,0,0,0,0.0,0
430,3.6,2022,Working,2,Engineering - Systems Engineering,Female,School of Engineering & Applied Science,1,0,34,,0,1,0,0,0,0,1.0,1
431,3.6,2022,Continuing Education,0,Biology,Female,College and Graduate School of Arts & Sciences,0,0,0,,0,0,1,0,0,0,0.0,0
432,3.6,2022,Working,0,Government,Male,College and Graduate School of Arts & Sciences,1,3,54,3.49,0,0,0,0,1,1,0.0,0
433,3.6,2022,Working,3,Statistics,Female,College and Graduate School of Arts & Sciences,1,0,82,3.82,0,1,0,0,0,1,0.0,0
434,3.6,2022,Working,1,Engineering - Computer Science,Female,School of Engineering & Applied Science,1,0,22,,0,1,0,0,0,0,0.0,0
435,3.6,2022,Working,2,Religious Studies,Female,College and Graduate School of Arts & Sciences,1,0,62,3.6,0,1,0,0,0,1,1.0,1
436,3.6,2022,Working,2,Statistics,Female,College and Graduate School of Arts & Sciences,1,0,6,,0,1,0,0,0,0,2.0,1
437,3.6,2022,Continuing Education,0,Global Studies - Interdisciplinary,Female,College and Graduate School of Arts & Sciences,0,3,63,3.69,0,0,1,0,1,1,0.0,0
438,3.6,2022,Continuing Education,0,Global Studies - Interdisciplinary,Female,College and Graduate School of Arts & Sciences,0,3,63,3.94,0,0,1,0,1,1,0.0,0
439,3.6,2022,Continuing Education,0,Engineering - Aerospace Engineering,Male,School of Engineering & Applied Science,0,0,0,3.85,0,0,1,0,0,0,1.0,1
440,3.6,2022,Continuing Education,0,Engineering - Aerospace Engineering,Male,School of Engineering & Applied Science,0,0,0,,0,0,1,0,0,0,1.0,1
441,3.6,2022,Continuing Education,3,Economics,Male,College and Graduate School of Arts & Sciences,0,4,35,3.65,0,1,1,0,1,0,0.0,0
442,3.6,2022,Continuing Education,3,Economics,Male,College and Graduate School of Arts & Sciences,0,4,35,,0,1,1,0,1,0,0.0,0
443,3.6,2022,Working,2,Economics,Male,College and Graduate School of Arts & Sciences,1,0,34,3.7,0,1,0,0,0,0,10.0,1
444,3.6,2022,Continuing Education,0,French,Female,College and Graduate School of Arts & Sciences,0,1,1,,0,0,1,0,0,0,0.0,0
445,3.6,2022,Working,3,Engineering - Computer Science,Female,School of Engineering & Applied Science,1,0,0,4.0,0,1,0,0,0,0,0.0,0
446,3.6,2022,Working,3,Engineering - Computer Science,Female,School of Engineering & Applied Science,1,0,0,3.28,0,1,0,0,0,0,0.0,0
447,3.6,2022,Working,3,Interdisciplinary Studies,Female,College and Graduate School of Arts & Sciences,1,0,5,,0,1,0,0,0,0,4.0,1
448,3.6,2022,Working,1,Engineering - Systems Engineering,Male,School of Engineering & Applied Science,1,0,35,3.6,0,1,0,0,0,0,1.0,1
449,3.6,2022,Working,1,Statistics,Male,College and Graduate School of Arts & Sciences,1,0,60,3.68,0,1,0,0,0,1,2.0,1
450,3.6,2022,Working,2,Engineering - Systems Engineering,Female,School of Engineering & Applied Science,1,0,44,3.7,0,1,0,0,0,0,5.0,1
451,3.6,2022,Working,3,Biology,Female,College and Graduate School of Arts & Sciences,1,1,59,,0,1,0,0,0,1,2.0,1
452,3.6,2022,Working,1,Economics,Female,College and Graduate School of Arts & Sciences,1,0,0,,0,1,0,0,0,0,9.0,1
453,3.6,2022,Working,0,French,Female,College and Graduate School of Arts & Sciences,1,0,0,3.68,0,0,0,0,0,0,0.0,0
454,3.6,2022,Working,0,English,Female,College and Graduate School of Arts & Sciences,1,0,4,,0,0,0,0,0,0,1.0,1
455,3.6,2022,Volunteering,2,Spanish,Female,College and Graduate School of Arts & Sciences,0,0,26,3.82,0,1,0,0,0,0,2.0,1
456,3.6,2022,Working,2,Engineering - Biomedical Engineering,Male,School of Engineering & Applied Science,1,0,0,,0,1,0,0,0,0,0.0,0
457,3.6,2022,Working,0,Biology,Male,College and Graduate School of Arts & Sciences,1,0,11,,0,0,0,0,0,0,0.0,0
458,3.6,2022,Working,2,Statistics,Female,College and Graduate School of Arts & Sciences,1,0,2,,0,1,0,0,0,0,0.0,0
459,3.6,2022,Working,1,Engineering - Computer Science,Male,School of Engineering & Applied Science,1,0,0,3.62,0,1,0,0,0,0,0.0,0
460,3.6,2022,Continuing Education,0,Chemistry,Female,College and Graduate School of Arts & Sciences,0,0,0,,0,0,1,0,0,0,0.0,0
461,3.6,2022,Working,2,Foreign Affairs,Female,College and Graduate School of Arts & Sciences,1,0,11,3.9,0,1,0,0,0,0,0.0,0
462,3.6,2022,Working,2,Foreign Affairs,Female,College and Graduate School of Arts & Sciences,1,0,11,,0,1,0,0,0,0,0.0,0
463,3.6,2022,Working,0,Interdisciplinary Studies,Female,School of Continuing and Professional Studies,1,0,23,3.43,0,0,0,0,0,0,0.0,0
464,3.6,2022,Working,0,Chemistry,Male,College and Graduate School of Arts & Sciences,1,0,2,,0,0,0,0,0,0,0.0,0
465,3.6,2022,Working,2,Engineering - Systems Engineering,Female,School of Engineering & Applied Science,1,0,50,3.78,0,1,0,0,0,1,0.0,0
466,3.6,2022,Working,2,Engineering - Systems Engineering,Female,School of Engineering & Applied Science,1,0,50,3.77,0,1,0,0,0,1,0.0,0
467,3.6,2022,Continuing Education,1,Global Studies - Interdisciplinary,Male,College and Graduate School of Arts & Sciences,0,0,0,,0,1,1,0,0,0,1.0,1
468,3.6,2022,Working,1,Astronomy-Physics,Female,College and Graduate School of Arts & Sciences,1,0,2,,0,1,0,0,0,0,3.0,1
469,3.6,2022,Working,1,Engineering - Systems Engineering,Male,School of Engineering & Applied Science,1,0,8,,0,1,0,0,0,0,0.0,0
470,3.6,2022,Working,1,Engineering - Civil Engineering,Female,School of Engineering & Applied Science,1,0,58,,0,1,0,0,0,1,0.0,0
471,3.6,2022,Working,3,Government,Male,College and Graduate School of Arts & Sciences,1,0,0,,0,1,0,0,0,0,0.0,0
472,3.6,2022,Volunteering,1,Biology,Male,College and Graduate School of Arts & Sciences,0,2,0,3.45,0,1,0,0,1,0,0.0,0
473,3.6,2022,Volunteering,1,Biology,Male,College and Graduate School of Arts & Sciences,0,2,0,4.45,0,1,0,0,1,0,0.0,0
474,3.6,2022,Volunteering,1,Biology,Male,College and Graduate School of Arts & Sciences,0,2,0,4.0,0,1,0,0,1,0,0.0,0
475,3.6,2022,Continuing Education,1,Chemistry,Male,College and Graduate School of Arts & Sciences,0,0,0,,1,1,1,0,0,0,0.0,0
476,3.6,2022,Working,0,Economics,Male,College and Graduate School of Arts & Sciences,1,0,73,3.8,0,0,0,0,0,1,0.0,0
477,3.6,2022,Working,0,Economics,Male,College and Graduate School of Arts & Sciences,1,0,73,,0,0,0,0,0,1,0.0,0
478,3.6,2022,Working,3,Engineering - Computer Science,Female,School of Engineering & Applied Science,1,0,120,3.8,0,1,0,0,0,1,0.0,0
479,3.6,2022,Working,3,Engineering - Computer Science,Female,School of Engineering & Applied Science,1,0,120,,0,1,0,0,0,1,0.0,0
480,3.6,2022,Working,2,Economics,Female,College and Graduate School of Arts & Sciences,1,0,21,3.53,0,1,0,0,0,0,0.0,0
481,3.6,2022,Working,1,Computer Science - Interdisciplinary,Female,College and Graduate School of Arts & Sciences,1,2,30,3.82,0,1,0,0,1,0,0.0,0
482,3.6,2022,Working,1,Global Studies - Interdisciplinary,Female,College and Graduate School of Arts & Sciences,1,0,6,4.5,0,1,0,0,0,0,0.0,0
483,3.6,2022,Working,1,Global Studies - Interdisciplinary,Female,College and Graduate School of Arts & Sciences,1,0,6,3.97,0,1,0,0,0,0,0.0,0
484,3.6,2022,Working,3,History,Female,College and Graduate School of Arts & Sciences,1,2,11,,0,1,0,0,1,0,2.0,1
485,3.6,2022,Working,1,Engineering - Computer Science,Male,School of Engineering & Applied Science,1,0,0,3.52,0,1,0,0,0,0,1.0,1
486,3.6,2022,Continuing Education,1,Engineering - Biomedical Engineering,Female,School of Engineering & Applied Science,0,9,40,3.85,0,1,1,0,1,0,7.0,1
487,3.6,2022,Continuing Education,1,Engineering - Biomedical Engineering,Female,School of Engineering & Applied Science,0,9,40,,0,1,1,0,1,0,7.0,1
488,3.6,2022,Continuing Education,2,Statistics,Male,College and Graduate School of Arts & Sciences,0,0,0,,0,1,1,0,0,0,1.0,1
489,3.6,2022,Continuing Education,2,Statistics,Male,College and Graduate School of Arts & Sciences,0,0,0,3.6,0,1,1,0,0,0,1.0,1
490,3.6,2022,Working,2,Computer Science - Interdisciplinary,Female,College and Graduate School of Arts & Sciences,1,1,21,,1,1,0,0,0,0,13.0,1
491,3.6,2022,Working,1,Economics,Male,College and Graduate School of Arts & Sciences,1,0,29,3.58,0,1,0,0,0,0,1.0,1
492,3.6,2022,Working,0,Neuroscience,Female,College and Graduate School of Arts & Sciences,1,0,20,3.86,0,0,0,0,0,0,2.0,1
493,3.6,2022,Working,1,Cognitive Science - Interdisciplinary,Female,College and Graduate School of Arts & Sciences,1,0,51,,0,1,0,0,0,1,0.0,0
494,3.6,2022,Working,2,Engineering - Systems Engineering,Male,School of Engineering & Applied Science,1,0,70,,0,1,0,0,0,1,0.0,0
495,3.6,2022,Working,1,Psychology,Male,College and Graduate School of Arts & Sciences,1,0,8,,0,1,0,0,0,0,0.0,0
496,3.6,2022,Continuing Education,0,Psychology,Female,College and Graduate School of Arts & Sciences,0,0,6,,0,0,1,0,0,0,0.0,0
497,3.6,2022,Working,1,Mathematics,Male,College and Graduate School of Arts & Sciences,1,1,336,3.8,0,1,0,0,0,1,0.0,0
498,3.6,2022,Continuing Education,2,Government,Male,College and Graduate School of Arts & Sciences,0,0,1,,0,1,1,0,0,0,0.0,0
499,3.6,2022,Working,0,Anthropology,Female,College and Graduate School of Arts & Sciences,1,1,10,3.6,0,0,0,0,0,0,1.0,1
500,3.6,2022,Working,2,Economics,Female,College and Graduate School of Arts & Sciences,1,2,13,,0,1,0,0,1,0,2.0,1
501,3.6,2022,Working,2,History,Male,College and Graduate School of Arts & Sciences,1,0,4,,0,1,0,0,0,0,0.0,0
502,3.6,2022,Working,2,Economics,Male,College and Graduate School of Arts & Sciences,1,0,57,3.5,0,1,0,0,0,1,0.0,0
503,3.6,2022,Working,0,Cognitive Science - Interdisciplinary,Female,College and Graduate School of Arts & Sciences,1,0,30,,0,0,0,0,0,0,3.0,1
504,3.6,2022,Working,1,Economics,Female,College and Graduate School of Arts & Sciences,1,0,0,,0,1,0,0,0,0,0.0,0
505,3.6,2022,Continuing Education,1,Statistics,Male,College and Graduate School of Arts & Sciences,0,0,27,,0,1,1,0,0,0,2.0,1
506,3.6,2022,Continuing Education,1,Government,Female,College and Graduate School of Arts & Sciences,0,4,142,,1,1,1,0,1,1,0.0,0
507,3.6,2022,Continuing Education,1,Government,Female,College and Graduate School of Arts & Sciences,0,4,142,3.59,1,1,1,0,1,1,0.0,0
508,3.6,2022,Working,1,Statistics,Female,College and Graduate School of Arts & Sciences,1,0,12,3.87,0,1,0,0,0,0,0.0,0
509,3.6,2022,Continuing Education,1,Biology,Male,College and Graduate School of Arts & Sciences,0,0,0,,0,1,1,0,0,0,0.0,0
510,3.6,2022,Working,3,Global Studies - Interdisciplinary,Female,College and Graduate School of Arts & Sciences,1,0,16,,0,1,0,0,0,0,0.0,0
511,3.6,2022,Continuing Education,2,Education - Youth & Social Innovation,Female,School of Education and Human Development,0,1,2,3.87,0,1,1,0,0,0,0.0,0
512,3.6,2022,Continuing Education,2,Education - Youth & Social Innovation,Female,School of Education and Human Development,0,1,2,,0,1,1,0,0,0,0.0,0
513,3.6,2022,Working,1,Economics,Female,College and Graduate School of Arts & Sciences,1,0,50,,1,1,0,0,0,1,0.0,0
514,3.6,2022,Working,2,Engineering - Computer Science,Male,School of Engineering & Applied Science,1,0,8,3.8,0,1,0,0,0,0,0.0,0
515,3.6,2022,Continuing Education,1,Education - Kinesiology,Male,School of Education and Human Development,0,0,0,3.63,0,1,1,0,0,0,0.0,0
516,3.6,2022,Continuing Education,1,Engineering - Computer Engineering,Female,School of Engineering & Applied Science,0,0,6,3.84,0,1,1,0,0,0,1.0,1
517,3.6,2022,Continuing Education,1,Engineering - Computer Engineering,Female,School of Engineering & Applied Science,0,0,6,4.0,0,1,1,0,0,0,1.0,1
518,3.6,2022,Working,3,Astronomy,Male,College and Graduate School of Arts & Sciences,1,0,72,3.4,0,1,0,0,0,1,1.0,1
519,3.6,2022,Working,3,Astronomy,Male,College and Graduate School of Arts & Sciences,1,0,72,4.8,0,1,0,0,0,1,1.0,1
520,3.6,2022,Working,2,African-American & African Studies,Male,College and Graduate School of Arts & Sciences,1,0,52,,0,1,0,0,0,1,0.0,0
521,3.6,2022,Continuing Education,3,Government,Male,College and Graduate School of Arts & Sciences,0,0,0,,0,1,1,0,0,0,0.0,0
522,3.6,2022,Continuing Education,0,Anthropology,Female,College and Graduate School of Arts & Sciences,0,1,6,,0,0,1,0,0,0,0.0,0
523,3.6,2022,Working,1,Computer Science - Interdisciplinary,Male,College and Graduate School of Arts & Sciences,1,0,69,,0,1,0,0,0,1,0.0,0
524,3.6,2022,Working,1,Computer Science - Interdisciplinary,Male,College and Graduate School of Arts & Sciences,1,0,69,3.59,0,1,0,0,0,1,0.0,0
525,3.6,2022,Working,1,Architecture,Male,School of Architecture,1,1,11,3.5,0,1,0,0,0,0,0.0,0
526,3.6,2022,Working,0,Biology,Female,College and Graduate School of Arts & Sciences,1,2,40,,0,0,0,0,1,0,0.0,0
527,3.6,2022,Working,0,Biology,Male,College and Graduate School of Arts & Sciences,1,0,0,,0,0,0,0,0,0,0.0,0
528,3.6,2022,Continuing Education,1,Engineering - Civil Engineering,Female,School of Engineering & Applied Science,0,2,0,3.56,0,1,1,0,1,0,0.0,0
529,3.6,2022,Continuing Education,1,Engineering - Civil Engineering,Female,School of Engineering & Applied Science,0,2,0,4.0,0,1,1,0,1,0,0.0,0
530,3.6,2022,Continuing Education,1,Engineering - Civil Engineering,Female,School of Engineering & Applied Science,0,2,0,3.6,0,1,1,0,1,0,0.0,0
531,3.6,2022,Continuing Education,1,Engineering - Civil Engineering,Female,School of Engineering & Applied Science,0,2,0,3.9,0,1,1,0,1,0,0.0,0
532,3.6,2022,Working,2,Engineering - Systems Engineering,Male,School of Engineering & Applied Science,1,1,68,,1,1,0,0,0,1,0.0,0
533,3.6,2022,Continuing Education,2,Computer Science - Interdisciplinary,Male,College and Graduate School of Arts & Sciences,0,0,16,3.98,1,1,1,0,0,0,0.0,0
534,3.6,2022,Working,1,Statistics,Female,College and Graduate School of Arts & Sciences,1,0,93,3.72,0,1,0,0,0,1,0.0,0
535,3.6,2022,Working,2,Engineering - Systems Engineering,Female,School of Engineering & Applied Science,1,0,0,3.6,0,1,0,0,0,0,2.0,1
536,3.6,2022,Working,2,Engineering - Systems Engineering,Female,School of Engineering & Applied Science,1,0,0,4.0,0,1,0,0,0,0,2.0,1
537,3.6,2022,Working,2,Engineering - Computer Science,Male,School of Engineering & Applied Science,1,0,0,3.72,0,1,0,0,0,0,3.0,1
538,3.6,2022,Working,2,English,Female,College and Graduate School of Arts & Sciences,1,0,4,,0,1,0,0,0,0,0.0,0
539,3.6,2022,Working,1,Computer Science - Interdisciplinary,Male,College and Graduate School of Arts & Sciences,1,0,83,,0,1,0,0,0,1,0.0,0
540,3.6,2022,Working,1,Biology,Female,College and Graduate School of Arts & Sciences,1,1,28,,0,1,0,0,0,0,0.0,0
541,3.6,2022,Working,3,Foreign Affairs,Female,College and Graduate School of Arts & Sciences,1,4,128,3.87,0,1,0,0,1,1,0.0,0
542,3.6,2022,Military,0,History,Male,College and Graduate School of Arts & Sciences,0,0,0,3.86,0,0,0,0,0,0,0.0,0
543,3.6,2022,Working,1,Economics,Male,College and Graduate School of Arts & Sciences,1,2,82,3.63,0,1,0,0,1,1,0.0,0
544,3.6,2022,Working,1,Global Studies - Interdisciplinary,Female,College and Graduate School of Arts & Sciences,1,0,7,3.8,0,1,0,0,0,0,0.0,0
545,3.6,2022,Working,1,Computer Science - Interdisciplinary,Male,College and Graduate School of Arts & Sciences,1,0,0,3.68,0,1,0,0,0,0,0.0,0
546,3.6,2022,Working,1,Computer Science - Interdisciplinary,Male,College and Graduate School of Arts & Sciences,1,0,0,,0,1,0,0,0,0,0.0,0
547,3.6,2022,Working,2,Engineering - Mechanical Engineering,Male,School of Engineering & Applied Science,1,0,50,3.98,0,1,0,0,0,1,0.0,0
548,3.6,2022,Working,1,Architecture - Urban & Environmental Planning,Male,School of Architecture,1,1,1,3.6,0,1,0,0,0,0,0.0,0
549,3.6,2022,Working,3,Computer Science - Interdisciplinary,Female,College and Graduate School of Arts & Sciences,1,1,62,,0,1,0,0,0,1,0.0,0
550,3.6,2022,Working,1,Biology,Male,College and Graduate School of Arts & Sciences,1,0,0,3.9,0,1,0,0,0,0,0.0,0
551,3.6,2022,Working,1,Biology,Male,College and Graduate School of Arts & Sciences,1,0,0,,0,1,0,0,0,0,0.0,0
552,3.6,2022,Working,2,Engineering - Computer Science,Male,School of Engineering & Applied Science,1,0,17,3.94,0,1,0,0,0,0,3.0,1
553,3.6,2022,Working,1,Economics,Male,College and Graduate School of Arts & Sciences,1,1,100,3.9,0,1,0,0,0,1,0.0,0
554,3.6,2022,Working,1,Foreign Affairs,Female,College and Graduate School of Arts & Sciences,1,0,42,3.5,0,1,0,0,0,0,2.0,1
555,3.6,2022,Working,1,Foreign Affairs,Female,College and Graduate School of Arts & Sciences,1,0,42,,0,1,0,0,0,0,2.0,1
556,3.6,2022,Working,2,Engineering - Civil Engineering,Female,School of Engineering & Applied Science,1,0,140,3.46,0,1,0,0,0,1,4.0,1
557,3.6,2022,Working,1,Biology,Female,College and Graduate School of Arts & Sciences,1,3,18,,1,1,0,0,1,0,0.0,0
558,3.6,2022,Continuing Education,2,Engineering - Aerospace Engineering,Male,School of Engineering & Applied Science,0,0,1,3.98,0,1,1,0,0,0,0.0,0
559,3.6,2022,Continuing Education,2,Engineering - Aerospace Engineering,Male,School of Engineering & Applied Science,0,0,1,4.0,0,1,1,0,0,0,0.0,0
560,3.6,2022,Working,1,Statistics,Male,College and Graduate School of Arts & Sciences,1,1,90,3.41,0,1,0,0,0,1,0.0,0
561,3.6,2022,Working,1,Engineering - Mechanical Engineering,Male,School of Engineering & Applied Science,1,0,21,3.24,0,1,0,0,0,0,0.0,0
562,3.6,2022,Working,1,Engineering - Mechanical Engineering,Male,School of Engineering & Applied Science,1,0,21,3.85,0,1,0,0,0,0,0.0,0
563,3.6,2022,Working,3,Biology,Male,College and Graduate School of Arts & Sciences,1,1,118,3.89,0,1,0,0,0,1,5.0,1
564,3.6,2022,Working,3,Biology,Male,College and Graduate School of Arts & Sciences,1,1,118,4.0,0,1,0,0,0,1,5.0,1
565,3.6,2022,Continuing Education,0,Philosophy,Male,College and Graduate School of Arts & Sciences,0,0,0,,0,0,1,0,0,0,0.0,0
566,3.6,2022,Continuing Education,0,Psychology,Female,College and Graduate School of Arts & Sciences,0,0,0,,0,0,1,0,0,0,0.0,0
567,3.6,2022,Working,0,Biology,Female,College and Graduate School of Arts & Sciences,1,0,4,3.91,0,0,0,0,0,0,0.0,0
568,3.6,2022,Working,0,Cognitive Science - Interdisciplinary,Female,College and Graduate School of Arts & Sciences,1,0,3,4.0,0,0,0,0,0,0,0.0,0
569,3.6,2022,Working,0,Cognitive Science - Interdisciplinary,Female,College and Graduate School of Arts & Sciences,1,0,3,,0,0,0,0,0,0,0.0,0
570,3.6,2022,Working,2,Computer Science - Interdisciplinary,Female,College and Graduate School of Arts & Sciences,1,0,0,3.8,0,1,0,0,0,0,0.0,0
571,3.6,2022,Working,2,Computer Science - Interdisciplinary,Female,College and Graduate School of Arts & Sciences,1,0,0,5.0,0,1,0,0,0,0,0.0,0
572,3.6,2022,Working,2,Engineering - Computer Science,Female,School of Engineering & Applied Science,1,0,99,3.54,0,1,0,0,0,1,2.0,1
573,3.6,2022,Working,0,Engineering - Computer Science,Male,School of Engineering & Applied Science,1,0,0,3.94,0,0,0,0,0,0,3.0,1
574,3.6,2022,Working,1,Engineering - Computer Science,Female,School of Engineering & Applied Science,1,0,30,2.6,0,1,0,0,0,0,1.0,1
575,3.6,2022,Working,3,Government,Female,College and Graduate School of Arts & Sciences,1,0,26,3.76,0,1,0,0,0,0,0.0,0
576,3.6,2022,Continuing Education,1,Education - Kinesiology,Male,School of Education and Human Development,0,1,0,,0,1,1,0,0,0,1.0,1
577,3.6,2022,Continuing Education,1,Education - Kinesiology,Male,School of Education and Human Development,0,1,0,3.7,0,1,1,0,0,0,1.0,1
578,3.6,2022,Continuing Education,1,Education - Kinesiology,Male,School of Education and Human Development,0,1,0,4.0,0,1,1,0,0,0,1.0,1
579,3.6,2022,Continuing Education,1,Psychology,Female,College and Graduate School of Arts & Sciences,0,0,0,,0,1,1,0,0,0,1.0,1
580,3.6,2022,Working,0,Government,Male,College and Graduate School of Arts & Sciences,1,1,6,,0,0,0,0,0,0,0.0,0
581,3.6,2022,Working,2,Media Studies - Interdisciplinary,Female,College and Graduate School of Arts & Sciences,1,0,20,3.94,0,1,0,0,0,0,0.0,0
582,3.6,2022,Working,2,Philosophy,Female,College and Graduate School of Arts & Sciences,1,2,11,,0,1,0,0,1,0,0.0,0
583,3.6,2022,Continuing Education,3,Statistics,Female,College and Graduate School of Arts & Sciences,0,0,12,,0,1,1,0,0,0,0.0,0
584,3.6,2022,Working,1,Government,Male,College and Graduate School of Arts & Sciences,1,2,44,3.8,0,1,0,0,1,0,0.0,0
585,3.6,2022,Working,1,Government,Male,College and Graduate School of Arts & Sciences,1,2,44,3.96,0,1,0,0,1,0,0.0,0
586,3.6,2022,Continuing Education,2,Mathematics,Female,College and Graduate School of Arts & Sciences,0,0,0,,0,1,1,0,0,0,0.0,0
587,3.6,2022,Continuing Education,1,Biology,Female,College and Graduate School of Arts & Sciences,0,0,0,,0,1,1,0,0,0,1.0,1
588,3.6,2022,Working,1,Economics,Male,College and Graduate School of Arts & Sciences,1,0,82,3.3,0,1,0,0,0,1,0.0,0
589,3.6,2022,Working,1,Engineering - Biomedical Engineering,Female,School of Engineering & Applied Science,1,0,13,,0,1,0,0,0,0,0.0,0
590,3.6,2022,Continuing Education,2,Spanish,Female,College and Graduate School of Arts & Sciences,0,4,43,,1,1,1,0,1,0,0.0,0
591,3.6,2022,Continuing Education,1,Anthropology,Female,College and Graduate School of Arts & Sciences,0,11,362,,0,1,1,0,1,1,0.0,0
592,3.6,2022,Working,2,Engineering - Systems Engineering,Male,School of Engineering & Applied Science,1,0,32,3.55,0,1,0,0,0,0,0.0,0
593,3.6,2022,Continuing Education,2,Government,Female,College and Graduate School of Arts & Sciences,0,0,4,,0,1,1,0,0,0,0.0,0
594,3.6,2022,Working,2,Economics,Female,College and Graduate School of Arts & Sciences,1,0,12,3.7,1,1,0,0,0,0,2.0,1
595,3.6,2022,Working,3,Global Studies - Interdisciplinary,Female,College and Graduate School of Arts & Sciences,1,0,8,,0,1,0,0,0,0,0.0,0
596,3.6,2022,Continuing Education,3,Global Studies - Interdisciplinary,Female,College and Graduate School of Arts & Sciences,0,0,2,3.8,0,1,1,0,0,0,2.0,1
597,3.6,2022,Continuing Education,3,Global Studies - Interdisciplinary,Female,College and Graduate School of Arts & Sciences,0,0,2,,0,1,1,0,0,0,2.0,1
598,3.6,2022,Working,1,Engineering - Computer Science,Female,School of Engineering & Applied Science,1,0,11,3.7,0,1,0,0,0,0,0.0,0
599,3.6,2022,Working,2,Chemistry,Male,College and Graduate School of Arts & Sciences,1,0,0,3.98,0,1,0,0,0,0,0.0,0
600,3.6,2022,Working,2,Chemistry,Male,College and Graduate School of Arts & Sciences,1,0,0,4.56,0,1,0,0,0,0,0.0,0
601,3.6,2022,Working,2,Statistics,Male,College and Graduate School of Arts & Sciences,1,0,33,,0,1,0,0,0,0,0.0,0
602,3.6,2022,Working,2,Engineering - Aerospace Engineering,Male,School of Engineering & Applied Science,1,0,42,3.89,0,1,0,0,0,0,0.0,0
603,3.6,2022,Working,2,Engineering - Aerospace Engineering,Male,School of Engineering & Applied Science,1,0,42,4.0,0,1,0,0,0,0,0.0,0
604,3.6,2022,Working,2,Economics,Male,College and Graduate School of Arts & Sciences,1,0,14,3.02,0,1,0,0,0,0,0.0,0
605,3.6,2022,Working,3,Engineering - Computer Science,Male,School of Engineering & Applied Science,1,0,18,4.0,0,1,0,0,0,0,0.0,0
606,3.6,2022,Military,0,Engineering - Mechanical Engineering,Male,School of Engineering & Applied Science,0,0,0,3.56,0,0,0,0,0,0,0.0,0
607,3.6,2022,Continuing Education,1,Psychology,Female,College and Graduate School of Arts & Sciences,0,0,0,4.5,0,1,1,0,0,0,0.0,0
608,3.6,2022,Continuing Education,1,Psychology,Female,College and Graduate School of Arts & Sciences,0,0,0,3.65,0,1,1,0,0,0,0.0,0
609,3.6,2022,Working,1,Engineering - Computer Engineering,Female,School of Engineering & Applied Science,1,0,106,,0,1,0,0,0,1,0.0,0
610,3.6,2022,Working,3,Spanish,Female,College and Graduate School of Arts & Sciences,1,0,0,,0,1,0,0,0,0,0.0,0
611,3.6,2022,Continuing Education,1,Education - Kinesiology,Female,School of Education and Human Development,0,0,0,,0,1,1,0,0,0,0.0,0
612,3.6,2022,Continuing Education,1,Statistics,Male,College and Graduate School of Arts & Sciences,0,6,300,,0,1,1,0,1,1,0.0,0
613,3.6,2022,Continuing Education,1,Statistics,Male,College and Graduate School of Arts & Sciences,0,6,300,3.82,0,1,1,0,1,1,0.0,0
614,3.6,2022,Continuing Education,2,Biology,Male,College and Graduate School of Arts & Sciences,0,0,0,3.8,1,1,1,0,0,0,0.0,0
615,3.6,2022,Volunteering,0,Engineering - Biomedical Engineering,Male,School of Engineering & Applied Science,0,0,0,3.79,0,0,0,0,0,0,0.0,0
616,3.6,2022,Working,3,Computer Science - Interdisciplinary,Male,College and Graduate School of Arts & Sciences,1,0,50,3.4,0,1,0,0,0,1,0.0,0
617,3.6,2022,Working,1,Engineering - Systems Engineering,Female,School of Engineering & Applied Science,1,0,33,3.1,0,1,0,0,0,0,0.0,0
618,3.6,2022,Working,1,Biology,Female,College and Graduate School of Arts & Sciences,1,0,0,,0,1,0,0,0,0,0.0,0
619,3.6,2022,Working,2,Engineering - Mechanical Engineering,Female,School of Engineering & Applied Science,1,0,25,,0,1,0,0,0,0,1.0,1
620,3.6,2022,Working,1,Economics,Female,College and Graduate School of Arts & Sciences,1,0,0,3.8,0,1,0,0,0,0,13.0,1
621,3.6,2022,Working,1,Architecture,Female,School of Architecture,1,1,8,4.4,0,1,0,0,0,0,0.0,0
622,3.6,2022,Working,1,Architecture,Female,School of Architecture,1,1,8,3.8,0,1,0,0,0,0,0.0,0
623,3.6,2022,Working,2,Engineering - Biomedical Engineering,Female,School of Engineering & Applied Science,1,0,16,3.98,0,1,0,0,0,0,0.0,0
624,3.6,2022,Working,2,Engineering - Computer Science,Male,School of Engineering & Applied Science,1,0,1,3.68,0,1,0,0,0,0,0.0,0
625,3.6,2022,Working,2,Cognitive Science - Interdisciplinary,Male,College and Graduate School of Arts & Sciences,1,0,18,3.9,1,1,0,0,0,0,0.0,0
626,3.6,2022,Working,2,Economics,Male,College and Graduate School of Arts & Sciences,1,2,178,3.45,1,1,0,0,1,1,0.0,0
627,3.6,2022,Working,0,History,Male,College and Graduate School of Arts & Sciences,1,1,2,3.85,0,0,0,0,0,0,0.0,0
628,3.6,2022,Working,3,Engineering - Biomedical Engineering,Female,School of Engineering & Applied Science,1,2,5,,0,1,0,0,1,0,28.0,1
629,3.6,2022,Working,2,English,Female,College and Graduate School of Arts & Sciences,1,2,118,3.87,0,1,0,0,1,1,1.0,1
630,3.6,2022,Continuing Education,2,Cognitive Science - Interdisciplinary,Male,College and Graduate School of Arts & Sciences,0,0,0,,0,1,1,0,0,0,0.0,0
631,3.6,2022,Working,1,Engineering - Civil Engineering,Male,School of Engineering & Applied Science,1,0,7,3.7,0,1,0,0,0,0,0.0,0
632,3.6,2022,Working,1,Biology,Female,College and Graduate School of Arts & Sciences,1,0,19,,0,1,0,0,0,0,5.0,1
633,3.6,2022,Working,0,Psychology,Female,College and Graduate School of Arts & Sciences,1,0,0,,0,0,0,0,0,0,0.0,0
634,3.6,2022,Working,3,Art - Art History,Female,College and Graduate School of Arts & Sciences,1,3,49,,0,1,0,0,1,1,0.0,0
635,3.6,2022,Working,1,Psychology,Female,College and Graduate School of Arts & Sciences,1,0,154,,0,1,0,0,0,1,0.0,0
636,3.6,2022,Working,0,Engineering - Biomedical Engineering,Female,School of Engineering & Applied Science,1,0,1,3.71,0,0,0,0,0,0,0.0,0
637,3.6,2022,Working,2,Engineering - Computer Science,Male,School of Engineering & Applied Science,1,0,6,3.9,0,1,0,0,0,0,0.0,0
638,3.6,2022,Working,3,Statistics,Female,College and Graduate School of Arts & Sciences,1,5,604,3.54,0,1,0,0,1,1,0.0,0
639,3.6,2022,Working,0,Statistics,Female,College and Graduate School of Arts & Sciences,1,0,0,,0,0,0,0,0,0,0.0,0
640,3.6,2022,Working,2,Engineering - Computer Science,Male,School of Engineering & Applied Science,1,0,96,,0,1,0,0,0,1,1.0,1
641,3.6,2022,Working,2,Engineering - Computer Science,Male,School of Engineering & Applied Science,1,0,96,3.89,0,1,0,0,0,1,1.0,1
642,3.6,2022,Working,3,Economics,Female,College and Graduate School of Arts & Sciences,1,0,0,3.93,0,1,0,0,0,0,2.0,1
643,3.6,2022,Working,1,Engineering - Biomedical Engineering,Female,School of Engineering & Applied Science,1,0,0,5.0,0,1,0,0,0,0,6.0,1
644,3.6,2022,Working,1,Engineering - Biomedical Engineering,Female,School of Engineering & Applied Science,1,0,0,,0,1,0,0,0,0,6.0,1
645,3.6,2022,Working,1,Cognitive Science - Interdisciplinary,Female,College and Graduate School of Arts & Sciences,1,1,60,,0,1,0,0,0,1,0.0,0
646,3.6,2022,Working,1,Engineering - Biomedical Engineering,Female,School of Engineering & Applied Science,1,1,57,,0,1,0,0,0,1,18.0,1
647,3.6,2022,Continuing Education,1,Cognitive Science - Interdisciplinary,Female,College and Graduate School of Arts & Sciences,0,0,3,3.0,1,1,1,0,0,0,1.0,1
648,3.6,2022,Continuing Education,1,Cognitive Science - Interdisciplinary,Female,College and Graduate School of Arts & Sciences,0,0,3,,1,1,1,0,0,0,1.0,1
649,3.6,2022,Working,0,History,Female,College and Graduate School of Arts & Sciences,1,0,0,3.9,0,0,0,0,0,0,0.0,0
650,3.6,2022,Working,0,History,Female,College and Graduate School of Arts & Sciences,1,0,0,,0,0,0,0,0,0,0.0,0
651,3.6,2022,Not Seeking,0,Sociology,Female,College and Graduate School of Arts & Sciences,0,0,4,,0,0,0,0,0,0,1.0,1
652,3.6,2022,Continuing Education,0,Chemistry,Female,College and Graduate School of Arts & Sciences,0,0,0,,0,0,1,0,0,0,0.0,0
653,3.6,2022,Continuing Education,1,Statistics,Male,College and Graduate School of Arts & Sciences,0,4,49,3.97,0,1,1,0,1,1,4.0,1
654,3.6,2022,Working,1,Engineering - Chemical Engineering,Male,School of Engineering & Applied Science,1,1,30,,0,1,0,0,0,0,5.0,1
655,3.6,2022,Continuing Education,1,Environmental Sciences,Male,College and Graduate School of Arts & Sciences,0,0,6,,0,1,1,0,0,0,0.0,0
656,3.6,2022,Working,0,Biology,Male,College and Graduate School of Arts & Sciences,1,0,0,,0,0,0,0,0,0,0.0,0
657,3.6,2022,Working,2,Engineering - Aerospace Engineering,Male,School of Engineering & Applied Science,1,1,15,3.3,0,1,0,0,0,0,0.0,0
658,3.6,2022,Working,2,Engineering - Aerospace Engineering,Male,School of Engineering & Applied Science,1,1,15,,0,1,0,0,0,0,0.0,0
659,3.6,2022,Working,1,Computer Science - Interdisciplinary,Male,College and Graduate School of Arts & Sciences,1,0,0,,0,1,0,0,0,0,0.0,0
660,3.6,2022,Working,1,Engineering - Chemical Engineering,Male,School of Engineering & Applied Science,1,0,33,,0,1,0,0,0,0,0.0,0
661,3.6,2022,Working,0,Cognitive Science - Interdisciplinary,Female,College and Graduate School of Arts & Sciences,1,1,22,3.5,0,0,0,0,0,0,0.0,0
662,3.6,2022,Working,2,Global Studies - Interdisciplinary,Female,College and Graduate School of Arts & Sciences,1,1,34,3.5,0,1,0,0,0,0,0.0,0
663,3.6,2022,Working,2,Global Studies - Interdisciplinary,Female,College and Graduate School of Arts & Sciences,1,1,34,4.19,0,1,0,0,0,0,0.0,0
664,3.6,2022,Continuing Education,1,Economics,Male,College and Graduate School of Arts & Sciences,0,0,0,3.72,0,1,1,0,0,0,0.0,0
665,3.6,2022,Working,2,Engineering - Mechanical Engineering,Male,School of Engineering & Applied Science,1,0,1,3.97,0,1,0,0,0,0,0.0,0
666,3.6,2022,Working,3,Biology,Female,College and Graduate School of Arts & Sciences,1,0,104,3.72,0,1,0,0,0,1,0.0,0
667,3.6,2022,Working,2,Computer Science - Interdisciplinary,Male,College and Graduate School of Arts & Sciences,1,0,94,3.88,0,1,0,0,0,1,0.0,0
668,3.6,2022,Continuing Education,0,Statistics,Female,College and Graduate School of Arts & Sciences,0,12,161,,0,0,1,0,1,1,6.0,1
669,3.6,2022,Working,2,Engineering - Civil Engineering,Male,School of Engineering & Applied Science,1,0,0,3.8,0,1,0,0,0,0,3.0,1
670,3.6,2022,Working,2,Engineering - Civil Engineering,Male,School of Engineering & Applied Science,1,0,0,,0,1,0,0,0,0,3.0,1
671,3.6,2022,Working,2,Architecture,Female,School of Architecture,1,0,29,3.9,0,1,0,0,0,0,0.0,0
672,3.6,2022,Working,2,Statistics,Female,College and Graduate School of Arts & Sciences,1,1,26,3.9,0,1,0,0,0,0,7.0,1
673,3.6,2022,Working,1,Engineering - Computer Science,Male,School of Engineering & Applied Science,1,0,28,3.47,0,1,0,0,0,0,0.0,0
674,3.6,2022,Working,1,Engineering - Computer Science,Male,School of Engineering & Applied Science,1,0,28,3.78,0,1,0,0,0,0,0.0,0
675,3.6,2022,Working,1,Engineering - Computer Science,Male,School of Engineering & Applied Science,1,0,66,3.3,0,1,0,0,0,1,0.0,0
676,3.6,2022,Continuing Education,2,Architecture - Urban & Environmental Planning,Male,School of Architecture,0,0,0,3.9,0,1,1,0,0,0,0.0,0
677,3.6,2022,Continuing Education,2,Architecture - Urban & Environmental Planning,Male,School of Architecture,0,0,0,,0,1,1,0,0,0,0.0,0
678,3.6,2022,Continuing Education,0,Architecture,Female,School of Architecture,0,3,12,4.8,0,0,1,0,1,0,0.0,0
679,3.6,2022,Continuing Education,0,Architecture,Female,School of Architecture,0,3,12,3.68,0,0,1,0,1,0,0.0,0
680,3.6,2022,Working,3,Engineering - Systems Engineering,Male,School of Engineering & Applied Science,1,0,29,,0,1,0,0,0,0,6.0,1
681,3.6,2022,Working,2,Education - Youth & Social Innovation,Female,School of Education and Human Development,1,0,0,3.36,0,1,0,0,0,0,2.0,1
682,3.6,2022,Working,2,English,Male,College and Graduate School of Arts & Sciences,1,0,0,3.57,0,1,0,0,0,0,0.0,0
683,3.6,2022,Working,1,Computer Science - Interdisciplinary,Male,College and Graduate School of Arts & Sciences,1,0,0,3.1,0,1,0,0,0,0,0.0,0
684,3.6,2022,Working,1,Computer Science - Interdisciplinary,Male,College and Graduate School of Arts & Sciences,1,0,0,,0,1,0,0,0,0,0.0,0
685,3.6,2022,Working,3,Global Studies - Interdisciplinary,Female,College and Graduate School of Arts & Sciences,1,0,8,3.6,0,1,0,0,0,0,2.0,1
686,3.6,2022,Working,3,Environmental Sciences,Female,College and Graduate School of Arts & Sciences,1,0,49,,0,1,0,0,0,1,5.0,1
687,3.6,2022,Working,2,Engineering - Biomedical Engineering,Male,School of Engineering & Applied Science,1,0,66,3.88,0,1,0,0,0,1,0.0,0
688,3.6,2022,Working,2,Engineering - Biomedical Engineering,Male,School of Engineering & Applied Science,1,0,66,4.85,0,1,0,0,0,1,0.0,0
689,3.6,2022,Working,2,Engineering - Biomedical Engineering,Male,School of Engineering & Applied Science,1,1,27,4.0,0,1,0,0,0,0,0.0,0
690,3.6,2022,Working,2,Engineering - Biomedical Engineering,Male,School of Engineering & Applied Science,1,1,27,3.94,0,1,0,0,0,0,0.0,0
691,3.6,2022,Working,2,Foreign Affairs,Female,College and Graduate School of Arts & Sciences,1,0,0,,0,1,0,0,0,0,0.0,0
692,3.6,2022,Working,2,Engineering - Systems Engineering,Male,School of Engineering & Applied Science,1,1,113,3.69,0,1,0,0,0,1,0.0,0
693,3.6,2022,Working,2,Engineering - Systems Engineering,Male,School of Engineering & Applied Science,1,1,113,,0,1,0,0,0,1,0.0,0
694,3.6,2022,Working,2,Music,Female,College and Graduate School of Arts & Sciences,1,1,16,,0,1,0,0,0,0,0.0,0
695,3.6,2022,Working,0,Biology,Male,College and Graduate School of Arts & Sciences,1,0,10,3.7,0,0,0,0,0,0,0.0,0
696,3.6,2022,Continuing Education,0,Biology,Female,College and Graduate School of Arts & Sciences,0,0,2,,0,0,1,0,0,0,0.0,0
697,3.6,2022,Working,0,Engineering - Mechanical Engineering,Female,School of Engineering & Applied Science,1,0,6,,0,0,0,0,0,0,0.0,0
698,3.6,2022,Working,3,Engineering - Systems Engineering,Female,School of Engineering & Applied Science,1,0,130,3.67,0,1,0,0,0,1,0.0,0
699,3.6,2022,Continuing Education,1,Engineering - Biomedical Engineering,Male,School of Engineering & Applied Science,0,0,0,4.44,0,1,1,0,0,0,0.0,0
700,3.6,2022,Continuing Education,1,Engineering - Biomedical Engineering,Male,School of Engineering & Applied Science,0,0,0,3.81,0,1,1,0,0,0,0.0,0
701,3.6,2022,Military,1,Engineering - Mechanical Engineering,Male,School of Engineering & Applied Science,0,0,0,3.5,0,1,0,0,0,0,0.0,0
702,3.6,2022,Continuing Education,2,Architecture - Urban & Environmental Planning,Male,School of Architecture,0,0,0,,0,1,1,0,0,0,0.0,0
703,3.6,2022,Working,2,Engineering - Biomedical Engineering,Female,School of Engineering & Applied Science,1,0,0,3.87,0,1,0,0,0,0,0.0,0
704,3.6,2022,Continuing Education,3,Spanish,Female,College and Graduate School of Arts & Sciences,0,3,52,4.0,0,1,1,0,1,1,0.0,0
705,3.6,2022,Continuing Education,3,Spanish,Female,College and Graduate School of Arts & Sciences,0,3,52,3.75,0,1,1,0,1,1,0.0,0
706,3.6,2022,Continuing Education,0,Spanish,Female,College and Graduate School of Arts & Sciences,0,0,0,,0,0,1,0,0,0,0.0,0
707,3.6,2022,Working,1,Media Studies - Interdisciplinary,Female,College and Graduate School of Arts & Sciences,1,0,5,0.0,0,1,0,0,0,0,0.0,0
708,3.6,2022,Working,1,Media Studies - Interdisciplinary,Female,College and Graduate School of Arts & Sciences,1,0,5,3.87,0,1,0,0,0,0,0.0,0
709,3.6,2022,Continuing Education,0,Education - Kinesiology,Female,School of Education and Human Development,0,0,0,,0,0,1,0,0,0,0.0,0
710,3.6,2022,Continuing Education,2,Education - Youth & Social Innovation,Female,School of Education and Human Development,0,1,9,,0,1,1,0,0,0,0.0,0
711,3.6,2022,Continuing Education,2,Foreign Affairs,Female,College and Graduate School of Arts & Sciences,0,0,0,,0,1,1,0,0,0,0.0,0
712,3.6,2022,Working,3,Engineering - Electrical Engineering,Male,School of Engineering & Applied Science,1,0,18,3.5,0,1,0,0,0,0,0.0,0
713,3.6,2022,Working,3,Engineering - Electrical Engineering,Male,School of Engineering & Applied Science,1,0,18,3.56,0,1,0,0,0,0,0.0,0
714,3.6,2022,Working,3,Government,Male,College and Graduate School of Arts & Sciences,1,0,4,,0,1,0,0,0,0,1.0,1
715,3.6,2022,Working,1,Engineering - Electrical Engineering,Male,School of Engineering & Applied Science,1,0,18,3.1,0,1,0,0,0,0,0.0,0
716,3.6,2022,Working,0,Engineering - Computer Science,Male,School of Engineering & Applied Science,1,1,23,3.72,0,0,0,0,0,0,2.0,1
717,3.6,2022,Working,1,Engineering - Biomedical Engineering,Female,School of Engineering & Applied Science,1,0,0,,1,1,0,0,0,0,2.0,1
718,3.6,2022,Working,1,Engineering - Systems Engineering,Female,School of Engineering & Applied Science,1,0,115,3.02,0,1,0,0,0,1,1.0,1
719,3.6,2022,Working,1,Engineering - Systems Engineering,Female,School of Engineering & Applied Science,1,0,115,4.0,0,1,0,0,0,1,1.0,1
720,3.6,2022,Working,1,Engineering - Systems Engineering,Female,School of Engineering & Applied Science,1,0,115,3.0,0,1,0,0,0,1,1.0,1
721,3.6,2022,Working,2,Foreign Affairs,Female,College and Graduate School of Arts & Sciences,1,0,32,,0,1,0,0,0,0,0.0,0
722,3.6,2022,Working,3,English,Female,College and Graduate School of Arts & Sciences,1,0,0,3.99,0,1,0,0,0,0,2.0,1
723,3.6,2022,Working,3,English,Female,College and Graduate School of Arts & Sciences,1,0,0,,0,1,0,0,0,0,2.0,1
724,3.6,2022,Working,1,Psychology,Female,College and Graduate School of Arts & Sciences,1,0,19,3.24,0,1,0,0,0,0,0.0,0
725,3.6,2022,Continuing Education,3,Education - Special Education,Female,School of Education and Human Development,0,1,0,,0,1,1,0,0,0,0.0,0
726,3.6,2022,Working,0,Education - Kinesiology,Female,School of Education and Human Development,1,0,0,,0,0,0,0,0,0,1.0,1
727,3.6,2022,Working,0,Biology,Female,College and Graduate School of Arts & Sciences,1,0,2,3.89,0,0,0,0,0,0,1.0,1
728,3.6,2022,Working,0,Biology,Female,College and Graduate School of Arts & Sciences,1,0,2,,0,0,0,0,0,0,1.0,1
729,3.6,2022,Working,2,Environmental Sciences,Female,College and Graduate School of Arts & Sciences,1,0,70,,0,1,0,0,0,1,1.0,1
730,3.6,2022,Working,1,Engineering - Computer Science,Male,School of Engineering & Applied Science,1,4,109,3.62,0,1,0,0,1,1,2.0,1
731,3.6,2022,Continuing Education,3,Economics,Female,College and Graduate School of Arts & Sciences,0,0,0,3.66,1,1,1,0,0,0,6.0,1
732,3.6,2022,Continuing Education,1,Foreign Affairs,Female,College and Graduate School of Arts & Sciences,0,3,9,,0,1,1,0,1,0,1.0,1
733,3.6,2022,Working,1,Education - Kinesiology,Female,School of Education and Human Development,1,0,0,3.8,0,1,0,0,0,0,0.0,0
734,3.6,2022,Military,0,Engineering - Systems Engineering,Male,School of Engineering & Applied Science,0,0,0,3.2,0,0,0,0,0,0,0.0,0
735,3.6,2022,Working,0,Political Philosophy Policy & Law - Interdisciplinary,Female,College and Graduate School of Arts & Sciences,1,0,1,3.7,0,0,0,0,0,0,1.0,1
736,3.6,2022,Working,3,Engineering - Computer Science,Male,School of Engineering & Applied Science,1,0,0,,0,1,0,0,0,0,2.0,1
737,3.6,2022,Continuing Education,1,Engineering - Systems Engineering,Female,School of Engineering & Applied Science,0,0,42,4.6,0,1,1,0,0,0,4.0,1
738,3.6,2022,Continuing Education,1,Engineering - Systems Engineering,Female,School of Engineering & Applied Science,0,0,42,,0,1,1,0,0,0,4.0,1
739,3.6,2022,Working,2,Biology,Female,College and Graduate School of Arts & Sciences,1,1,97,,0,1,0,0,0,1,0.0,0
740,3.6,2022,Working,2,Biology,Female,College and Graduate School of Arts & Sciences,1,1,97,5.0,0,1,0,0,0,1,0.0,0
741,3.6,2022,Continuing Education,2,Architecture,Female,School of Architecture,0,1,12,4.2,0,1,1,0,0,0,0.0,0
742,3.6,2022,Continuing Education,2,Architecture,Female,School of Architecture,0,1,12,3.8,0,1,1,0,0,0,0.0,0
743,3.6,2022,Working,2,Engineering - Computer Science,Male,School of Engineering & Applied Science,1,0,0,,0,1,0,0,0,0,0.0,0
744,3.6,2022,Working,1,Cognitive Science - Interdisciplinary,Female,College and Graduate School of Arts & Sciences,1,0,9,,0,1,0,0,0,0,0.0,0
745,3.6,2022,Continuing Education,2,Engineering - Electrical Engineering,Male,School of Engineering & Applied Science,0,0,46,4.09,0,1,1,0,0,0,0.0,0
746,3.6,2022,Continuing Education,2,Engineering - Electrical Engineering,Male,School of Engineering & Applied Science,0,0,46,3.98,0,1,1,0,0,0,0.0,0
747,3.6,2022,Continuing Education,2,Engineering - Electrical Engineering,Male,School of Engineering & Applied Science,0,0,46,4.1,0,1,1,0,0,0,0.0,0
748,3.6,2022,Working,3,Engineering - Mechanical Engineering,Male,School of Engineering & Applied Science,1,2,86,3.42,0,1,0,0,1,1,0.0,0
749,3.6,2022,Working,3,Engineering - Mechanical Engineering,Male,School of Engineering & Applied Science,1,2,86,3.02,0,1,0,0,1,1,0.0,0
750,3.6,2022,Working,3,Engineering - Mechanical Engineering,Male,School of Engineering & Applied Science,1,2,86,,0,1,0,0,1,1,0.0,0
751,3.6,2022,Continuing Education,0,Psychology,Male,College and Graduate School of Arts & Sciences,0,0,0,,0,0,1,0,0,0,0.0,0
752,3.6,2022,Continuing Education,2,Engineering - Computer Science,Female,School of Engineering & Applied Science,0,1,31,4.58,0,1,1,0,0,0,0.0,0
753,3.6,2022,Continuing Education,2,Engineering - Computer Science,Female,School of Engineering & Applied Science,0,1,31,3.97,0,1,1,0,0,0,0.0,0
754,3.6,2022,Continuing Education,0,Spanish,Female,College and Graduate School of Arts & Sciences,0,1,43,,0,0,1,0,0,0,0.0,0
755,3.6,2022,Continuing Education,1,Global Studies - Interdisciplinary,Female,College and Graduate School of Arts & Sciences,0,0,12,,0,1,1,0,0,0,0.0,0
756,3.6,2022,Working,1,English,Female,College and Graduate School of Arts & Sciences,1,0,24,,0,1,0,0,0,0,0.0,0
757,3.6,2022,Continuing Education,1,Statistics,Male,College and Graduate School of Arts & Sciences,0,0,82,3.53,0,1,1,0,0,1,0.0,0
758,3.6,2022,Continuing Education,1,Statistics,Male,College and Graduate School of Arts & Sciences,0,0,82,,0,1,1,0,0,1,0.0,0
759,3.6,2022,Continuing Education,1,Statistics,Male,College and Graduate School of Arts & Sciences,0,0,82,4.54,0,1,1,0,0,1,0.0,0
760,3.6,2022,Volunteering,0,Foreign Affairs,Male,College and Graduate School of Arts & Sciences,0,0,70,,0,0,0,0,0,1,0.0,0
761,3.6,2022,Working,1,Biology,Male,College and Graduate School of Arts & Sciences,1,3,93,,0,1,0,0,1,1,0.0,0
762,3.6,2022,Working,0,Engineering - Computer Science,Female,School of Engineering & Applied Science,1,2,15,,0,0,0,0,1,0,0.0,0
763,3.6,2022,Working,1,Biology,Female,College and Graduate School of Arts & Sciences,1,2,132,,1,1,0,0,1,1,0.0,0
764,3.6,2022,Volunteering,2,Engineering - Civil Engineering,Female,School of Engineering & Applied Science,0,0,8,,0,1,0,0,0,0,0.0,0
765,3.6,2022,Working,0,Engineering - Biomedical Engineering,Female,School of Engineering & Applied Science,1,0,19,,0,0,0,0,0,0,0.0,0
766,3.6,2022,Working,1,Engineering - Electrical Engineering,Male,School of Engineering & Applied Science,1,0,0,,0,1,0,0,0,0,0.0,0
767,3.6,2022,Continuing Education,1,Media Studies - Interdisciplinary,Female,College and Graduate School of Arts & Sciences,0,0,90,,0,1,1,0,0,1,0.0,0
768,3.6,2022,Continuing Education,1,Cognitive Science - Interdisciplinary,Male,College and Graduate School of Arts & Sciences,0,1,141,,0,1,1,0,0,1,0.0,0
769,3.6,2022,Working,1,Cognitive Science - Interdisciplinary,Male,College and Graduate School of Arts & Sciences,1,0,0,3.89,0,1,0,0,0,0,0.0,0
770,3.6,2022,Working,3,Statistics,Male,College and Graduate School of Arts & Sciences,1,0,70,,0,1,0,0,0,1,0.0,0
771,3.6,2022,Working,1,Engineering - Aerospace Engineering,Male,School of Engineering & Applied Science,1,0,11,,0,1,0,0,0,0,0.0,0
772,3.6,2022,Working,1,Engineering - Aerospace Engineering,Male,School of Engineering & Applied Science,1,0,11,3.72,0,1,0,0,0,0,0.0,0
773,3.6,2022,Working,1,Engineering - Systems Engineering,Male,School of Engineering & Applied Science,1,0,20,3.82,0,1,0,0,0,0,0.0,0
774,3.6,2022,Working,2,Engineering - Systems Engineering,Male,School of Engineering & Applied Science,1,0,4,3.75,0,1,0,0,0,0,0.0,0
775,3.6,2022,Working,1,Mathematics,Male,College and Graduate School of Arts & Sciences,1,0,2,3.3,0,1,0,0,0,0,0.0,0
776,3.6,2022,Working,1,Engineering - Chemical Engineering,Male,School of Engineering & Applied Science,1,0,11,,0,1,0,0,0,0,0.0,0
777,3.6,2022,Working,1,Engineering - Chemical Engineering,Male,School of Engineering & Applied Science,1,0,11,3.5,0,1,0,0,0,0,0.0,0
778,3.6,2022,Working,1,Engineering - Computer Science,Male,School of Engineering & Applied Science,1,1,72,3.75,0,1,0,0,0,1,0.0,0
779,3.6,2022,Working,1,Engineering - Computer Engineering,Male,School of Engineering & Applied Science,1,0,104,,0,1,0,0,0,1,0.0,0
780,3.6,2022,Working,1,Engineering - Computer Engineering,Male,School of Engineering & Applied Science,1,0,104,3.6,0,1,0,0,0,1,0.0,0
781,3.6,2022,Continuing Education,0,Engineering - Mechanical Engineering,Male,School of Engineering & Applied Science,0,0,0,,0,0,1,0,0,0,0.0,0
782,3.6,2022,Working,1,Engineering - Mechanical Engineering,Female,School of Engineering & Applied Science,1,0,26,,0,1,0,0,0,0,0.0,0
783,3.6,2022,Working,1,Economics,Female,College and Graduate School of Arts & Sciences,1,0,52,4.34,0,1,0,0,0,1,0.0,0
784,3.6,2022,Working,1,Economics,Female,College and Graduate School of Arts & Sciences,1,0,52,3.94,0,1,0,0,0,1,0.0,0
785,3.6,2022,Working,1,Architecture,Male,School of Architecture,1,2,155,,0,1,0,0,1,1,0.0,0
786,3.6,2022,Working,1,Engineering - Chemical Engineering,Female,School of Engineering & Applied Science,1,0,3,4.0,0,1,0,0,0,0,0.0,0
787,3.6,2022,Working,1,Engineering - Chemical Engineering,Female,School of Engineering & Applied Science,1,0,3,3.4,0,1,0,0,0,0,0.0,0
788,3.6,2022,Working,1,Computer Science - Interdisciplinary,Female,College and Graduate School of Arts & Sciences,1,2,35,3.7,0,1,0,0,1,0,0.0,0
789,3.6,2022,Continuing Education,2,Psychology,Female,College and Graduate School of Arts & Sciences,0,0,0,3.3,1,1,1,0,0,0,3.0,1
790,3.6,2022,Continuing Education,2,Psychology,Female,College and Graduate School of Arts & Sciences,0,0,0,,1,1,1,0,0,0,3.0,1
791,3.6,2022,Continuing Education,2,Psychology,Female,College and Graduate School of Arts & Sciences,0,0,0,3.7,1,1,1,0,0,0,3.0,1
792,3.6,2022,Working,3,Economics,Male,College and Graduate School of Arts & Sciences,1,0,17,3.53,0,1,0,0,0,0,0.0,0
793,3.6,2022,Continuing Education,1,Foreign Affairs,Female,College and Graduate School of Arts & Sciences,0,0,0,,0,1,1,0,0,0,0.0,0
794,3.6,2022,Continuing Education,1,Foreign Affairs,Female,College and Graduate School of Arts & Sciences,0,0,0,3.51,0,1,1,0,0,0,0.0,0
795,3.6,2022,Working,1,Psychology,Female,College and Graduate School of Arts & Sciences,1,0,0,,0,1,0,0,0,0,0.0,0
796,3.6,2022,Working,2,Economics,Female,College and Graduate School of Arts & Sciences,1,0,15,,0,1,0,0,0,0,2.0,1
797,3.6,2022,Working,1,English,Female,College and Graduate School of Arts & Sciences,1,4,22,,0,1,0,0,1,0,0.0,0
798,3.6,2022,Working,1,English,Female,College and Graduate School of Arts & Sciences,1,4,22,3.77,0,1,0,0,1,0,0.0,0
799,3.6,2022,Working,1,Engineering - Systems Engineering,Female,School of Engineering & Applied Science,1,0,6,3.4,0,1,0,0,0,0,0.0,0
800,3.6,2022,Working,3,Environmental Sciences,Female,College and Graduate School of Arts & Sciences,1,2,11,,0,1,0,0,1,0,0.0,0
801,3.6,2022,Working,3,Environmental Sciences,Female,College and Graduate School of Arts & Sciences,1,2,11,4.0,0,1,0,0,1,0,0.0,0
802,3.6,2022,Continuing Education,1,Religious Studies,Female,College and Graduate School of Arts & Sciences,0,0,0,,0,1,1,0,0,0,0.0,0
803,3.6,2022,Working,0,Anthropology,Female,College and Graduate School of Arts & Sciences,1,0,0,,0,0,0,0,0,0,0.0,0
804,3.6,2022,Continuing Education,3,Statistics,Female,College and Graduate School of Arts & Sciences,0,1,0,3.91,0,1,1,0,0,0,0.0,0
805,3.6,2022,Continuing Education,0,Education - Youth & Social Innovation,Female,School of Education and Human Development,0,0,2,3.77,0,0,1,0,0,0,0.0,0
806,3.6,2022,Continuing Education,0,Philosophy,Male,College and Graduate School of Arts & Sciences,0,0,0,,0,0,1,0,0,0,0.0,0
807,3.6,2022,Working,2,Spanish,Male,College and Graduate School of Arts & Sciences,1,0,48,,0,1,0,0,0,1,0.0,0
808,3.6,2022,Working,3,Engineering - Civil Engineering,Male,School of Engineering & Applied Science,1,0,16,3.93,0,1,0,0,0,0,0.0,0
809,3.6,2022,Working,3,Engineering - Civil Engineering,Male,School of Engineering & Applied Science,1,0,16,3.95,0,1,0,0,0,0,0.0,0
810,3.6,2022,Working,1,Engineering - Civil Engineering,Female,School of Engineering & Applied Science,1,1,10,3.36,0,1,0,0,0,0,0.0,0
811,3.6,2022,Working,1,Engineering - Civil Engineering,Female,School of Engineering & Applied Science,1,1,10,4.75,0,1,0,0,0,0,0.0,0
812,3.6,2022,Continuing Education,1,Environmental Sciences,Male,College and Graduate School of Arts & Sciences,0,0,2,,0,1,1,0,0,0,1.0,1
813,3.6,2022,Working,2,Media Studies - Interdisciplinary,Female,College and Graduate School of Arts & Sciences,1,2,52,,0,1,0,0,1,1,3.0,1
814,3.6,2022,Working,2,Engineering - Mechanical Engineering,Male,School of Engineering & Applied Science,1,0,20,3.85,0,1,0,0,0,0,1.0,1
815,3.6,2022,Working,2,Engineering - Mechanical Engineering,Male,School of Engineering & Applied Science,1,0,20,,0,1,0,0,0,0,1.0,1
816,3.6,2022,Working,2,Economics,Male,College and Graduate School of Arts & Sciences,1,0,0,3.75,0,1,0,0,0,0,1.0,1
817,3.6,2022,Working,1,Economics,Male,College and Graduate School of Arts & Sciences,1,0,0,3.4,0,1,0,0,0,0,3.0,1
818,3.6,2022,Working,2,Engineering - Biomedical Engineering,Female,School of Engineering & Applied Science,1,2,15,3.4,0,1,0,0,1,0,1.0,1
819,3.6,2022,Working,2,Statistics,Female,College and Graduate School of Arts & Sciences,1,0,54,,0,1,0,0,0,1,1.0,1
820,3.6,2022,Working,0,Engineering - Mechanical Engineering,Female,School of Engineering & Applied Science,1,0,4,,0,0,0,0,0,0,0.0,0
821,3.6,2022,Continuing Education,2,Women Gender & Sexuality - Interdisciplinary,Male,College and Graduate School of Arts & Sciences,0,0,17,3.48,0,1,1,0,0,0,0.0,0
822,3.6,2022,Continuing Education,3,Engineering - Biomedical Engineering,Female,School of Engineering & Applied Science,0,3,37,,0,1,1,0,1,0,0.0,0
823,3.6,2022,Working,0,Computer Science - Interdisciplinary,Male,College and Graduate School of Arts & Sciences,1,0,6,3.77,0,0,0,0,0,0,0.0,0
824,3.6,2022,Working,0,Computer Science - Interdisciplinary,Male,College and Graduate School of Arts & Sciences,1,0,6,,0,0,0,0,0,0,0.0,0
825,3.6,2022,Continuing Education,2,Engineering - Computer Science,Female,School of Engineering & Applied Science,0,0,3,4.45,0,1,1,0,0,0,0.0,0
826,3.6,2022,Continuing Education,2,Engineering - Computer Science,Female,School of Engineering & Applied Science,0,0,3,3.95,0,1,1,0,0,0,0.0,0
827,3.6,2022,Continuing Education,2,Biology,Female,College and Graduate School of Arts & Sciences,0,0,0,,0,1,1,0,0,0,0.0,0
828,3.6,2022,Working,1,Statistics,Male,College and Graduate School of Arts & Sciences,1,2,94,,0,1,0,0,1,1,1.0,1
829,3.6,2022,Working,1,Statistics,Male,College and Graduate School of Arts & Sciences,1,2,94,2.8,0,1,0,0,1,1,1.0,1
830,3.6,2022,Working,1,Computer Science - Interdisciplinary,Male,College and Graduate School of Arts & Sciences,1,0,12,,0,1,0,0,0,0,1.0,1
831,3.6,2022,Continuing Education,1,Engineering - Biomedical Engineering,Female,School of Engineering & Applied Science,0,0,0,,0,1,1,0,0,0,0.0,0
832,3.6,2022,Continuing Education,1,Environmental Sciences,Female,College and Graduate School of Arts & Sciences,0,0,0,,0,1,1,0,0,0,0.0,0
833,3.6,2022,Working,2,Education - Youth & Social Innovation,Female,School of Education and Human Development,1,0,6,3.7,0,1,0,0,0,0,0.0,0
834,3.6,2022,Working,2,Biology,Female,College and Graduate School of Arts & Sciences,1,1,9,,0,1,0,0,0,0,0.0,0
835,3.6,2022,Working,2,Statistics,Male,College and Graduate School of Arts & Sciences,1,0,708,,0,1,0,0,0,1,0.0,0
836,3.6,2022,Working,2,Statistics,Male,College and Graduate School of Arts & Sciences,1,0,708,3.79,0,1,0,0,0,1,0.0,0
837,3.6,2022,Working,2,Statistics,Male,College and Graduate School of Arts & Sciences,1,0,708,3.94,0,1,0,0,0,1,0.0,0
838,3.6,2022,Working,2,Foreign Affairs,Female,College and Graduate School of Arts & Sciences,1,0,19,,0,1,0,0,0,0,0.0,0
839,3.6,2022,Working,2,Foreign Affairs,Female,College and Graduate School of Arts & Sciences,1,0,19,3.45,0,1,0,0,0,0,0.0,0
840,3.6,2022,Working,1,Biology,Female,College and Graduate School of Arts & Sciences,1,0,0,,0,1,0,0,0,0,0.0,0
841,3.6,2022,Working,0,Engineering - Computer Science,Male,School of Engineering & Applied Science,1,0,47,,0,0,0,0,0,0,0.0,0
842,3.6,2022,Working,2,Government,Female,College and Graduate School of Arts & Sciences,1,1,44,3.52,0,1,0,0,0,0,3.0,1
843,3.6,2022,Working,2,Government,Female,College and Graduate School of Arts & Sciences,1,1,44,,0,1,0,0,0,0,3.0,1
844,3.6,2022,Working,0,Biology,Male,College and Graduate School of Arts & Sciences,1,5,408,3.3,0,0,0,0,1,1,3.0,1
845,3.6,2022,Working,1,Engineering - Mechanical Engineering,Male,School of Engineering & Applied Science,1,1,12,3.43,0,1,0,0,0,0,0.0,0
846,3.6,2022,Working,1,Economics,Female,College and Graduate School of Arts & Sciences,1,0,60,,0,1,0,0,0,1,0.0,0
847,3.6,2022,Continuing Education,0,Cognitive Science - Interdisciplinary,Male,College and Graduate School of Arts & Sciences,0,0,0,,0,0,1,0,0,0,0.0,0
848,3.6,2022,Continuing Education,1,Engineering - Chemical Engineering,Female,School of Engineering & Applied Science,0,0,0,3.74,0,1,1,0,0,0,8.0,1
849,3.6,2022,Continuing Education,1,Engineering - Chemical Engineering,Female,School of Engineering & Applied Science,0,0,0,4.0,0,1,1,0,0,0,8.0,1
850,3.6,2022,Continuing Education,0,Psychology,Female,College and Graduate School of Arts & Sciences,0,0,0,,0,0,1,0,0,0,0.0,0
851,3.6,2022,Working,2,Engineering - Aerospace Engineering,Male,School of Engineering & Applied Science,1,2,68,,0,1,0,0,1,1,0.0,0
852,3.6,2022,Working,2,Engineering - Aerospace Engineering,Male,School of Engineering & Applied Science,1,2,68,3.81,0,1,0,0,1,1,0.0,0
853,3.6,2022,Continuing Education,1,Statistics,Female,College and Graduate School of Arts & Sciences,0,5,4,3.67,0,1,1,0,1,0,0.0,0
854,3.6,2022,Continuing Education,1,Statistics,Female,College and Graduate School of Arts & Sciences,0,5,4,,0,1,1,0,1,0,0.0,0
855,3.6,2022,Continuing Education,0,Biology,Female,College and Graduate School of Arts & Sciences,0,0,2,,0,0,1,0,0,0,0.0,0
856,3.6,2022,Working,0,Engineering - Biomedical Engineering,Female,School of Engineering & Applied Science,1,2,31,3.91,0,0,0,0,1,0,0.0,0
857,3.6,2022,Continuing Education,3,Education - Elementary Education,Female,School of Education and Human Development,0,1,0,3.71,0,1,1,0,0,0,0.0,0
858,3.6,2022,Continuing Education,3,Education - Elementary Education,Female,School of Education and Human Development,0,1,0,,0,1,1,0,0,0,0.0,0
859,3.6,2022,Continuing Education,3,Biology,Female,College and Graduate School of Arts & Sciences,0,0,8,,0,1,1,0,0,0,0.0,0
860,3.6,2022,Continuing Education,3,Biology,Female,College and Graduate School of Arts & Sciences,0,0,8,3.75,0,1,1,0,0,0,0.0,0
861,3.6,2022,Working,1,Engineering - Computer Science,Male,School of Engineering & Applied Science,1,2,57,3.68,0,1,0,0,1,1,0.0,0
862,3.6,2022,Working,1,Engineering - Computer Science,Male,School of Engineering & Applied Science,1,2,57,4.2,0,1,0,0,1,1,0.0,0
863,3.6,2022,Continuing Education,3,Economics,Male,College and Graduate School of Arts & Sciences,0,2,13,3.75,0,1,1,0,1,0,3.0,1
864,3.6,2022,Continuing Education,3,Economics,Male,College and Graduate School of Arts & Sciences,0,2,13,,0,1,1,0,1,0,3.0,1
865,3.6,2022,Working,1,Global Studies - Interdisciplinary,Male,College and Graduate School of Arts & Sciences,1,0,180,3.78,0,1,0,0,0,1,1.0,1
866,3.6,2022,Working,3,Government,Female,College and Graduate School of Arts & Sciences,1,2,5,,0,1,0,0,1,0,21.0,1
867,3.6,2022,Continuing Education,0,Human Biology - Interdisciplinary,Female,College and Graduate School of Arts & Sciences,0,0,0,3.91,0,0,1,0,0,0,4.0,1
868,3.6,2022,Working,2,Engineering - Computer Science,Male,School of Engineering & Applied Science,1,0,2,3.95,0,1,0,0,0,0,1.0,1
869,3.6,2022,Working,1,Media Studies - Interdisciplinary,Female,College and Graduate School of Arts & Sciences,1,2,1,3.59,0,1,0,0,1,0,0.0,0
870,3.6,2022,Continuing Education,1,Engineering - Chemical Engineering,Female,School of Engineering & Applied Science,0,0,0,3.82,0,1,1,0,0,0,2.0,1
871,3.6,2022,Working,2,Engineering - Biomedical Engineering,Male,School of Engineering & Applied Science,1,1,71,3.57,0,1,0,0,0,1,4.0,1
872,3.6,2022,Working,1,Engineering - Chemical Engineering,Female,School of Engineering & Applied Science,1,0,0,,0,1,0,0,0,0,1.0,1
873,3.6,2022,Working,1,Statistics,Male,College and Graduate School of Arts & Sciences,1,0,256,3.15,0,1,0,0,0,1,5.0,1
874,3.6,2022,Working,1,Biology,Female,College and Graduate School of Arts & Sciences,1,0,0,3.83,0,1,0,0,0,0,0.0,0
875,3.6,2022,Working,2,Engineering - Electrical Engineering,Female,School of Engineering & Applied Science,1,2,48,3.83,0,1,0,0,1,1,0.0,0
876,3.6,2022,Continuing Education,1,History,Female,College and Graduate School of Arts & Sciences,0,1,2,,0,1,1,0,0,0,0.0,0
877,3.6,2022,Continuing Education,1,History,Female,College and Graduate School of Arts & Sciences,0,1,2,3.96,0,1,1,0,0,0,0.0,0
878,3.6,2022,Working,1,Engineering - Engineering Science,Male,School of Engineering & Applied Science,1,0,74,3.55,0,1,0,0,0,1,0.0,0
879,3.6,2022,Working,1,Engineering - Engineering Science,Male,School of Engineering & Applied Science,1,0,74,4.7,0,1,0,0,0,1,0.0,0
880,3.6,2022,Working,1,Engineering - Biomedical Engineering,Female,School of Engineering & Applied Science,1,0,17,,0,1,0,0,0,0,0.0,0
881,3.6,2022,Continuing Education,2,Computer Science - Interdisciplinary,Female,College and Graduate School of Arts & Sciences,0,0,57,3.7,0,1,1,0,0,1,0.0,0
882,3.6,2022,Continuing Education,2,Computer Science - Interdisciplinary,Female,College and Graduate School of Arts & Sciences,0,0,57,,0,1,1,0,0,1,0.0,0
883,3.6,2022,Continuing Education,2,Computer Science - Interdisciplinary,Female,College and Graduate School of Arts & Sciences,0,0,57,4.0,0,1,1,0,0,1,0.0,0
884,3.6,2022,Working,3,Psychology,Female,College and Graduate School of Arts & Sciences,1,0,1,,0,1,0,0,0,0,0.0,0
885,3.6,2022,Working,2,Engineering - Systems Engineering,Female,School of Engineering & Applied Science,1,0,2,3.5,0,1,0,0,0,0,0.0,0
886,3.6,2022,Working,2,Engineering - Systems Engineering,Female,School of Engineering & Applied Science,1,0,2,3.9,0,1,0,0,0,0,0.0,0
887,3.6,2022,Working,2,Economics,Male,College and Graduate School of Arts & Sciences,1,0,0,3.94,0,1,0,0,0,0,0.0,0
888,3.6,2022,Continuing Education,2,Physics,Male,College and Graduate School of Arts & Sciences,0,1,230,,0,1,1,0,0,1,0.0,0
889,3.6,2022,Working,3,Engineering - Systems Engineering,Male,School of Engineering & Applied Science,1,0,0,3.77,0,1,0,0,0,0,0.0,0
890,3.6,2022,Continuing Education,1,Mathematics,Male,College and Graduate School of Arts & Sciences,0,3,1,,1,1,1,0,1,0,0.0,0
891,3.6,2022,Continuing Education,1,Mathematics,Male,College and Graduate School of Arts & Sciences,0,3,1,3.7,1,1,1,0,1,0,0.0,0
892,3.6,2022,Continuing Education,1,Mathematics,Male,College and Graduate School of Arts & Sciences,0,3,1,3.58,1,1,1,0,1,0,0.0,0
893,3.6,2022,Working,1,Engineering - Electrical Engineering,Male,School of Engineering & Applied Science,1,0,0,,0,1,0,0,0,0,0.0,0
894,3.6,2022,Working,2,Engineering - Biomedical Engineering,Female,School of Engineering & Applied Science,1,1,87,,0,1,0,0,0,1,0.0,0
895,3.6,2022,Volunteering,2,Global Studies - Interdisciplinary,Female,College and Graduate School of Arts & Sciences,0,0,0,,0,1,0,0,0,0,0.0,0
896,3.6,2022,Continuing Education,2,Global Studies - Interdisciplinary,Female,College and Graduate School of Arts & Sciences,0,0,73,,0,1,1,0,0,1,0.0,0
897,3.6,2022,Continuing Education,2,Global Studies - Interdisciplinary,Female,College and Graduate School of Arts & Sciences,0,0,73,3.6,0,1,1,0,0,1,0.0,0
898,3.6,2022,Working,3,Computer Science - Interdisciplinary,Male,College and Graduate School of Arts & Sciences,1,0,44,,0,1,0,0,0,0,0.0,0
899,3.6,2022,Working,2,Government,Male,College and Graduate School of Arts & Sciences,1,3,12,,0,1,0,0,1,0,0.0,0
900,3.6,2022,Working,2,Computer Science - Interdisciplinary,Female,College and Graduate School of Arts & Sciences,1,1,44,3.7,0,1,0,0,0,0,0.0,0
901,3.6,2022,Working,3,English,Male,College and Graduate School of Arts & Sciences,1,0,22,,1,1,0,0,0,0,0.0,0
902,3.6,2022,Continuing Education,0,Mathematics,Male,College and Graduate School of Arts & Sciences,0,2,12,,0,0,1,0,1,0,0.0,0
903,3.6,2022,Working,2,Biology,Male,College and Graduate School of Arts & Sciences,1,0,0,3.99,0,1,0,0,0,0,0.0,0
904,3.6,2022,Working,1,Statistics,Female,College and Graduate School of Arts & Sciences,1,0,62,,1,1,0,0,0,1,0.0,0
905,3.6,2022,Working,1,Statistics,Female,College and Graduate School of Arts & Sciences,1,0,62,3.8,1,1,0,0,0,1,0.0,0
906,3.6,2022,Continuing Education,3,Global Studies - Interdisciplinary,Female,College and Graduate School of Arts & Sciences,0,0,35,,0,1,1,0,0,0,0.0,0
907,3.6,2022,Working,0,Computer Science - Interdisciplinary,Female,College and Graduate School of Arts & Sciences,1,3,60,,0,0,0,0,1,1,1.0,1
908,3.6,2022,Continuing Education,0,French,Female,College and Graduate School of Arts & Sciences,0,1,0,,0,0,1,0,0,0,0.0,0
909,3.6,2022,Working,1,Economics,Male,College and Graduate School of Arts & Sciences,1,0,0,3.54,0,1,0,0,0,0,0.0,0
910,3.6,2022,Continuing Education,1,Engineering - Biomedical Engineering,Male,School of Engineering & Applied Science,0,2,11,3.19,0,1,1,0,1,0,0.0,0
911,3.6,2022,Continuing Education,1,Engineering - Biomedical Engineering,Male,School of Engineering & Applied Science,0,2,11,3.48,0,1,1,0,1,0,0.0,0
912,3.6,2022,Working,3,Foreign Affairs,Female,College and Graduate School of Arts & Sciences,1,3,24,3.82,0,1,0,0,1,0,0.0,0
913,3.6,2022,Continuing Education,0,Education - Speech Communication Disorders,Female,School of Education and Human Development,0,0,0,3.99,0,0,1,0,0,0,1.0,1
914,3.6,2022,Continuing Education,0,Government,Male,College and Graduate School of Arts & Sciences,0,0,22,3.4,0,0,1,0,0,0,2.0,1
915,3.6,2022,Continuing Education,0,Government,Male,College and Graduate School of Arts & Sciences,0,0,22,,0,0,1,0,0,0,2.0,1
916,3.6,2022,Working,3,Engineering - Biomedical Engineering,Female,School of Engineering & Applied Science,1,2,6,4.53,0,1,0,0,1,0,1.0,1
917,3.6,2022,Working,3,Engineering - Biomedical Engineering,Female,School of Engineering & Applied Science,1,2,6,3.36,0,1,0,0,1,0,1.0,1
918,3.6,2022,Working,0,Engineering - Biomedical Engineering,Female,School of Engineering & Applied Science,1,0,38,,0,0,0,0,0,0,0.0,0
919,3.6,2022,Continuing Education,3,Art - Studio Art,Female,College and Graduate School of Arts & Sciences,0,0,2,3.66,0,1,1,0,0,0,0.0,0
920,3.6,2022,Working,2,English,Female,College and Graduate School of Arts & Sciences,1,0,0,3.91,0,1,0,0,0,0,0.0,0
921,3.6,2022,Working,0,Music,Male,College and Graduate School of Arts & Sciences,1,1,136,,0,0,0,0,0,1,0.0,0
922,3.6,2022,Working,0,Psychology,Female,College and Graduate School of Arts & Sciences,1,0,40,,0,0,0,0,0,0,0.0,0
923,3.6,2022,Working,3,Economics,Male,College and Graduate School of Arts & Sciences,1,0,1,3.5,0,1,0,0,0,0,0.0,0
924,3.6,2022,Working,3,Economics,Male,College and Graduate School of Arts & Sciences,1,0,1,,0,1,0,0,0,0,0.0,0
925,3.6,2022,Working,3,Engineering - Computer Science,Male,School of Engineering & Applied Science,1,0,0,,0,1,0,0,0,0,0.0,0
926,3.6,2022,Working,3,Engineering - Computer Science,Male,School of Engineering & Applied Science,1,0,0,3.6,0,1,0,0,0,0,0.0,0
927,3.6,2022,Working,2,Engineering - Computer Science,Female,School of Engineering & Applied Science,1,0,0,,0,1,0,0,0,0,0.0,0
928,3.6,2022,Working,2,Engineering - Computer Science,Female,School of Engineering & Applied Science,1,0,0,4.0,0,1,0,0,0,0,0.0,0
929,3.6,2022,Working,1,Computer Science - Interdisciplinary,Male,College and Graduate School of Arts & Sciences,1,0,0,3.87,0,1,0,0,0,0,0.0,0
930,3.6,2022,Working,1,Economics,Male,College and Graduate School of Arts & Sciences,1,0,94,3.93,0,1,0,0,0,1,2.0,1
931,3.6,2022,Continuing Education,1,Engineering - Biomedical Engineering,Male,School of Engineering & Applied Science,0,0,4,,0,1,1,0,0,0,7.0,1
932,3.6,2022,Continuing Education,1,Engineering - Biomedical Engineering,Male,School of Engineering & Applied Science,0,0,4,3.95,0,1,1,0,0,0,7.0,1
933,3.6,2022,Working,2,Neuroscience,Male,College and Graduate School of Arts & Sciences,1,0,0,,0,1,0,0,0,0,4.0,1
934,3.6,2022,Working,0,Environmental Sciences,Male,College and Graduate School of Arts & Sciences,1,0,0,,0,0,0,0,0,0,0.0,0
935,3.6,2022,Working,1,Cognitive Science - Interdisciplinary,Female,College and Graduate School of Arts & Sciences,1,0,6,,0,1,0,0,0,0,0.0,0
936,3.6,2022,Working,1,History,Female,College and Graduate School of Arts & Sciences,1,0,0,3.79,0,1,0,0,0,0,0.0,0
937,3.6,2022,Working,2,Engineering - Chemical Engineering,Male,School of Engineering & Applied Science,1,0,21,3.0,0,1,0,0,0,0,0.0,0
938,3.6,2022,Working,2,Engineering - Chemical Engineering,Male,School of Engineering & Applied Science,1,0,21,,0,1,0,0,0,0,0.0,0
939,3.6,2022,Working,2,Computer Science - Interdisciplinary,Female,College and Graduate School of Arts & Sciences,1,0,6,,0,1,0,0,0,0,2.0,1
940,3.6,2022,Working,1,Engineering - Mechanical Engineering,Male,School of Engineering & Applied Science,1,1,65,3.83,0,1,0,0,0,1,1.0,1
941,3.6,2022,Working,1,Engineering - Mechanical Engineering,Male,School of Engineering & Applied Science,1,1,65,3.72,0,1,0,0,0,1,1.0,1
942,3.6,2022,Continuing Education,0,Cognitive Science - Interdisciplinary,Female,College and Graduate School of Arts & Sciences,0,0,9,3.48,0,0,1,0,0,0,3.0,1
943,3.6,2022,Continuing Education,0,Cognitive Science - Interdisciplinary,Female,College and Graduate School of Arts & Sciences,0,0,9,3.87,0,0,1,0,0,0,3.0,1
944,3.6,2022,Continuing Education,0,Cognitive Science - Interdisciplinary,Female,College and Graduate School of Arts & Sciences,0,0,9,3.71,0,0,1,0,0,0,3.0,1
945,3.6,2022,Working,3,Art - Art History,Female,College and Graduate School of Arts & Sciences,1,0,130,,0,1,0,0,0,1,0.0,0
946,3.6,2022,Continuing Education,3,Anthropology,Female,College and Graduate School of Arts & Sciences,0,2,16,,0,1,1,0,1,0,13.0,1
947,3.6,2022,Working,3,Engineering - Computer Engineering,Male,School of Engineering & Applied Science,1,0,28,4.32,0,1,0,0,0,0,15.0,1
948,3.6,2022,Working,3,Engineering - Computer Engineering,Male,School of Engineering & Applied Science,1,0,28,3.73,0,1,0,0,0,0,15.0,1
949,3.6,2022,Working,0,Media Studies - Interdisciplinary,Female,College and Graduate School of Arts & Sciences,1,1,15,3.8,0,0,0,0,0,0,0.0,0
950,3.6,2022,Working,0,Media Studies - Interdisciplinary,Female,College and Graduate School of Arts & Sciences,1,1,15,3.9,0,0,0,0,0,0,0.0,0
951,3.6,2022,Continuing Education,0,Global Studies - Interdisciplinary,Female,College and Graduate School of Arts & Sciences,0,2,12,3.7,0,0,1,0,1,0,1.0,1
952,3.6,2022,Continuing Education,0,Global Studies - Interdisciplinary,Female,College and Graduate School of Arts & Sciences,0,2,12,3.92,0,0,1,0,1,0,1.0,1
953,3.6,2022,Continuing Education,0,Global Studies - Interdisciplinary,Female,College and Graduate School of Arts & Sciences,0,2,12,3.9,0,0,1,0,1,0,1.0,1
954,3.6,2022,Working,2,Statistics,Female,College and Graduate School of Arts & Sciences,1,0,96,,0,1,0,0,0,1,0.0,0
955,3.6,2022,Working,0,Spanish,Female,College and Graduate School of Arts & Sciences,1,0,18,3.74,0,0,0,0,0,0,0.0,0
956,3.6,2022,Working,0,Biology,Female,College and Graduate School of Arts & Sciences,1,0,18,,0,0,0,0,0,0,0.0,0
957,3.6,2022,Continuing Education,0,Economics,Male,College and Graduate School of Arts & Sciences,0,1,47,3.86,0,0,1,0,0,0,0.0,0
958,3.6,2022,Continuing Education,0,Economics,Male,College and Graduate School of Arts & Sciences,0,1,47,3.67,0,0,1,0,0,0,0.0,0
959,3.6,2022,Working,2,African-American & African Studies,Female,College and Graduate School of Arts & Sciences,1,0,64,,0,1,0,0,0,1,2.0,1
960,3.6,2022,Working,1,Environmental Sciences,Female,College and Graduate School of Arts & Sciences,1,0,0,,0,1,0,0,0,0,0.0,0
961,3.6,2022,Working,2,Engineering - Mechanical Engineering,Male,School of Engineering & Applied Science,1,1,29,3.92,0,1,0,0,0,0,0.0,0
962,3.6,2022,Continuing Education,2,Economics,Female,College and Graduate School of Arts & Sciences,0,7,21,3.8,0,1,1,0,1,0,0.0,0
963,3.6,2022,Continuing Education,1,Biology,Female,College and Graduate School of Arts & Sciences,0,0,11,3.94,0,1,1,0,0,0,0.0,0
964,3.6,2022,Continuing Education,1,Biology,Female,College and Graduate School of Arts & Sciences,0,0,11,4.0,0,1,1,0,0,0,0.0,0
965,3.6,2022,Continuing Education,1,Biology,Female,College and Graduate School of Arts & Sciences,0,0,11,3.61,0,1,1,0,0,0,0.0,0
966,3.6,2022,Working,0,Global Studies - Interdisciplinary,Female,College and Graduate School of Arts & Sciences,1,0,44,3.86,0,0,0,0,0,0,0.0,0
967,3.6,2022,Continuing Education,1,Economics,Male,College and Graduate School of Arts & Sciences,0,0,0,3.82,0,1,1,0,0,0,0.0,0
968,3.6,2022,Working,1,Biology,Female,College and Graduate School of Arts & Sciences,1,0,4,,0,1,0,0,0,0,0.0,0
969,3.6,2022,Working,1,Biology,Female,College and Graduate School of Arts & Sciences,1,3,96,3.95,1,1,0,0,1,1,0.0,0
970,3.6,2022,Working,1,Biology,Female,College and Graduate School of Arts & Sciences,1,3,96,3.81,1,1,0,0,1,1,0.0,0
971,3.6,2022,Working,2,American Studies - Interdisciplinary,Female,College and Graduate School of Arts & Sciences,1,0,60,,0,1,0,0,0,1,0.0,0
972,3.6,2022,Working,3,Biology,Female,College and Graduate School of Arts & Sciences,1,0,154,3.6,0,1,0,0,0,1,4.0,1
973,3.6,2022,Continuing Education,2,Economics,Female,College and Graduate School of Arts & Sciences,0,0,0,3.91,0,1,1,0,0,0,4.0,1
974,3.6,2022,Working,3,Economics,Male,College and Graduate School of Arts & Sciences,1,0,46,,0,1,0,0,0,0,0.0,0
975,3.6,2022,Working,1,Economics,Female,College and Graduate School of Arts & Sciences,1,0,0,,0,1,0,0,0,0,3.0,1
976,3.6,2022,Working,0,Engineering - Chemical Engineering,Female,School of Engineering & Applied Science,1,1,66,,0,0,0,0,0,1,2.0,1
977,3.6,2022,Working,0,Engineering - Chemical Engineering,Female,School of Engineering & Applied Science,1,1,66,4.58,0,0,0,0,0,1,2.0,1
978,3.6,2022,Working,1,Engineering - Computer Engineering,Male,School of Engineering & Applied Science,1,0,8,4.0,0,1,0,0,0,0,0.0,0
979,3.6,2022,Continuing Education,1,Economics,Female,College and Graduate School of Arts & Sciences,0,0,6,4.46,0,1,1,0,0,0,0.0,0
980,3.6,2022,Continuing Education,1,Economics,Female,College and Graduate School of Arts & Sciences,0,0,6,3.8,0,1,1,0,0,0,0.0,0
981,3.6,2022,Continuing Education,2,Architecture,Female,School of Architecture,0,0,35,3.88,0,1,1,0,0,0,0.0,0
982,3.6,2022,Continuing Education,2,Architecture,Female,School of Architecture,0,0,35,,0,1,1,0,0,0,0.0,0
983,3.6,2022,Continuing Education,3,Chemistry,Male,College and Graduate School of Arts & Sciences,0,6,55,3.95,0,1,1,0,1,1,0.0,0
984,3.6,2022,Continuing Education,3,Chemistry,Male,College and Graduate School of Arts & Sciences,0,6,55,3.51,0,1,1,0,1,1,0.0,0
985,3.6,2022,Continuing Education,3,Chemistry,Male,College and Graduate School of Arts & Sciences,0,6,55,3.49,0,1,1,0,1,1,0.0,0
986,3.6,2022,Working,1,Engineering - Civil Engineering,Female,School of Engineering & Applied Science,1,0,19,3.6,0,1,0,0,0,0,0.0,0
987,3.6,2022,Working,1,Computer Science - Interdisciplinary,Male,College and Graduate School of Arts & Sciences,1,1,18,3.5,0,1,0,0,0,0,0.0,0
988,3.6,2022,Working,1,Computer Science - Interdisciplinary,Female,College and Graduate School of Arts & Sciences,1,0,4,3.4,0,1,0,0,0,0,0.0,0
989,3.6,2022,Working,0,Cognitive Science - Interdisciplinary,Female,College and Graduate School of Arts & Sciences,1,0,0,,0,0,0,0,0,0,1.0,1
990,3.6,2022,Continuing Education,2,Government,Female,College and Graduate School of Arts & Sciences,0,1,19,4.92,0,1,1,0,0,0,17.0,1
991,3.6,2022,Continuing Education,2,Government,Female,College and Graduate School of Arts & Sciences,0,1,19,3.96,0,1,1,0,0,0,17.0,1
992,3.6,2022,Continuing Education,2,Government,Female,College and Graduate School of Arts & Sciences,0,1,19,3.9,0,1,1,0,0,0,17.0,1
993,3.6,2022,Working,1,Media Studies - Interdisciplinary,Female,College and Graduate School of Arts & Sciences,1,0,0,,0,1,0,0,0,0,1.0,1
994,3.6,2022,Continuing Education,1,English,Female,College and Graduate School of Arts & Sciences,0,0,0,,0,1,1,0,0,0,0.0,0
995,3.6,2022,Working,1,Economics,Male,College and Graduate School of Arts & Sciences,1,4,206,,0,1,0,0,1,1,5.0,1
996,3.6,2022,Working,1,Engineering - Civil Engineering,Male,School of Engineering & Applied Science,1,0,5,,0,1,0,0,0,0,1.0,1
997,3.6,2022,Working,0,Statistics,Female,College and Graduate School of Arts & Sciences,1,0,16,,0,0,0,0,0,0,1.0,1
998,3.6,2022,Continuing Education,2,Engineering - Computer Science,Female,School of Engineering & Applied Science,0,0,0,,0,1,1,0,0,0,0.0,0
999,3.6,2022,Continuing Education,0,Physics,Male,College and Graduate School of Arts & Sciences,0,0,0,3.67,0,0,1,0,0,0,0.0,0
1000,3.6,2022,Continuing Education,2,Economics,Male,College and Graduate School of Arts & Sciences,0,5,103,,0,1,1,0,1,1,2.0,1
1001,3.6,2022,Working,1,Computer Science - Interdisciplinary,Male,College and Graduate School of Arts & Sciences,1,0,0,4.0,0,1,0,0,0,0,2.0,1
1002,3.6,2022,Working,1,Computer Science - Interdisciplinary,Male,College and Graduate School of Arts & Sciences,1,0,0,4.41,0,1,0,0,0,0,2.0,1
1003,3.6,2022,Working,2,Spanish,Female,College and Graduate School of Arts & Sciences,1,1,12,,0,1,0,0,0,0,1.0,1
1004,3.6,2022,Working,2,Engineering - Systems Engineering,Male,School of Engineering & Applied Science,1,0,44,3.79,0,1,0,0,0,0,7.0,1
1005,3.6,2022,Working,2,Engineering - Systems Engineering,Male,School of Engineering & Applied Science,1,0,44,4.47,0,1,0,0,0,0,7.0,1
1006,3.6,2022,Working,2,Engineering - Systems Engineering,Male,School of Engineering & Applied Science,1,0,44,,0,1,0,0,0,0,7.0,1
1007,3.6,2022,Working,3,Human Biology - Interdisciplinary,Male,College and Graduate School of Arts & Sciences,1,1,18,3.97,0,1,0,0,0,0,0.0,0
1008,3.6,2022,Continuing Education,2,Engineering - Chemical Engineering,Male,School of Engineering & Applied Science,0,0,0,3.57,0,1,1,0,0,0,0.0,0
1009,3.6,2022,Continuing Education,2,Engineering - Chemical Engineering,Male,School of Engineering & Applied Science,0,0,0,4.0,0,1,1,0,0,0,0.0,0
1010,3.6,2022,Working,3,Engineering - Mechanical Engineering,Male,School of Engineering & Applied Science,1,0,1,,0,1,0,0,0,0,0.0,0
1011,3.6,2022,Working,3,Engineering - Mechanical Engineering,Male,School of Engineering & Applied Science,1,0,1,3.75,0,1,0,0,0,0,0.0,0
1012,3.6,2022,Working,2,Economics,Male,College and Graduate School of Arts & Sciences,1,0,0,,0,1,0,0,0,0,0.0,0
1013,3.6,2022,Working,2,Economics,Male,College and Graduate School of Arts & Sciences,1,1,62,,0,1,0,0,0,1,0.0,0
1014,3.6,2022,Continuing Education,1,History,Female,College and Graduate School of Arts & Sciences,0,0,0,,0,1,1,0,0,0,2.0,1
1015,3.6,2022,Continuing Education,3,Media Studies - Interdisciplinary,Female,College and Graduate School of Arts & Sciences,0,0,39,3.87,0,1,1,0,0,0,5.0,1
1016,3.6,2022,Continuing Education,3,Media Studies - Interdisciplinary,Female,College and Graduate School of Arts & Sciences,0,0,39,,0,1,1,0,0,0,5.0,1
1017,3.6,2022,Working,2,Anthropology,Female,College and Graduate School of Arts & Sciences,1,0,10,,0,1,0,0,0,0,4.0,1
1018,3.6,2022,Working,2,Anthropology,Female,College and Graduate School of Arts & Sciences,1,0,10,3.82,0,1,0,0,0,0,4.0,1
1019,3.6,2022,Working,1,Engineering - Mechanical Engineering,Female,School of Engineering & Applied Science,1,0,0,3.95,0,1,0,0,0,0,4.0,1
1020,3.6,2022,Working,1,History,Male,College and Graduate School of Arts & Sciences,1,0,223,,0,1,0,0,0,1,0.0,0
1021,3.6,2022,Working,1,History,Male,College and Graduate School of Arts & Sciences,1,0,223,3.75,0,1,0,0,0,1,0.0,0
1022,3.6,2022,Working,2,Economics,Female,College and Graduate School of Arts & Sciences,1,0,6,3.74,0,1,0,0,0,0,0.0,0
1023,3.6,2022,Working,2,Cognitive Science - Interdisciplinary,Female,College and Graduate School of Arts & Sciences,1,0,8,,0,1,0,0,0,0,3.0,1
1024,3.6,2022,Working,2,Cognitive Science - Interdisciplinary,Female,College and Graduate School of Arts & Sciences,1,0,8,3.85,0,1,0,0,0,0,3.0,1
1025,3.6,2022,Working,3,Engineering - Systems Engineering,Female,School of Engineering & Applied Science,1,0,22,3.3,0,1,0,0,0,0,1.0,1
1026,3.6,2022,Working,3,Engineering - Systems Engineering,Female,School of Engineering & Applied Science,1,0,22,,0,1,0,0,0,0,1.0,1
1027,3.6,2022,Continuing Education,0,Biology,Female,College and Graduate School of Arts & Sciences,0,0,0,,0,0,1,0,0,0,0.0,0
1028,3.6,2022,Working,2,Engineering - Chemical Engineering,Male,School of Engineering & Applied Science,1,0,23,,0,1,0,0,0,0,0.0,0
1029,3.6,2022,Working,2,Engineering - Computer Science,Male,School of Engineering & Applied Science,1,2,5,,1,1,0,0,1,0,3.0,1
1030,3.6,2022,Working,2,Engineering - Computer Science,Male,School of Engineering & Applied Science,1,2,5,3.93,1,1,0,0,1,0,3.0,1
1031,3.6,2022,Working,1,Biology,Female,College and Graduate School of Arts & Sciences,1,3,178,,0,1,0,0,1,1,6.0,1
1032,3.6,2022,Working,3,Global Studies - Interdisciplinary,Female,College and Graduate School of Arts & Sciences,1,0,2,3.9,0,1,0,0,0,0,5.0,1
1033,3.6,2022,Working,2,Economics,Male,College and Graduate School of Arts & Sciences,1,0,8,,0,1,0,0,0,0,3.0,1
1034,3.6,2022,Working,2,Economics,Male,College and Graduate School of Arts & Sciences,1,0,8,3.15,0,1,0,0,0,0,3.0,1
1035,3.6,2022,Working,2,Economics,Male,College and Graduate School of Arts & Sciences,1,0,8,3.58,0,1,0,0,0,0,3.0,1
1036,3.6,2022,Working,1,Sociology,Female,College and Graduate School of Arts & Sciences,1,1,12,4.5,0,1,0,0,0,0,0.0,0
1037,3.6,2022,Working,1,Sociology,Female,College and Graduate School of Arts & Sciences,1,1,12,3.7,0,1,0,0,0,0,0.0,0
1038,3.6,2022,Continuing Education,1,Education - Youth & Social Innovation,Female,School of Education and Human Development,0,2,0,,0,1,1,0,1,0,0.0,0
1039,3.6,2022,Working,3,Political & Social Thought - Interdisciplinary,Female,College and Graduate School of Arts & Sciences,1,0,0,,0,1,0,0,0,0,2.0,1
1040,3.6,2022,Working,1,Economics,Male,College and Graduate School of Arts & Sciences,1,0,56,3.79,0,1,0,0,0,1,2.0,1
1041,3.6,2022,Working,1,Economics,Male,College and Graduate School of Arts & Sciences,1,0,56,3.65,0,1,0,0,0,1,2.0,1
1042,3.6,2022,Working,1,Economics,Male,College and Graduate School of Arts & Sciences,1,0,56,3.92,0,1,0,0,0,1,2.0,1
1043,3.6,2022,Continuing Education,0,Psychology,Female,College and Graduate School of Arts & Sciences,0,0,9,4.0,0,0,1,0,0,0,1.0,1
1044,3.6,2022,Continuing Education,0,Psychology,Female,College and Graduate School of Arts & Sciences,0,0,9,,0,0,1,0,0,0,1.0,1
1045,3.6,2022,Continuing Education,0,Engineering - Chemical Engineering,Female,School of Engineering & Applied Science,0,0,43,4.5,0,0,1,0,0,0,0.0,0
1046,3.6,2022,Continuing Education,0,Engineering - Chemical Engineering,Female,School of Engineering & Applied Science,0,0,43,3.8,0,0,1,0,0,0,0.0,0
1047,3.6,2022,Working,1,Statistics,Male,College and Graduate School of Arts & Sciences,1,0,22,3.5,0,1,0,0,0,0,0.0,0
1048,3.6,2022,Working,1,Statistics,Male,College and Graduate School of Arts & Sciences,1,0,22,4.66,0,1,0,0,0,0,0.0,0
1049,3.6,2022,Continuing Education,1,Engineering - Chemical Engineering,Female,School of Engineering & Applied Science,0,0,294,3.84,0,1,1,0,0,1,0.0,0
1050,3.6,2022,Working,2,Computer Science - Interdisciplinary,Male,College and Graduate School of Arts & Sciences,1,0,0,,0,1,0,0,0,0,0.0,0
1051,3.6,2022,Continuing Education,3,Engineering - Computer Science,Male,School of Engineering & Applied Science,0,0,0,3.8,0,1,1,0,0,0,0.0,0
1052,3.6,2022,Continuing Education,3,Engineering - Computer Science,Male,School of Engineering & Applied Science,0,0,0,4.37,0,1,1,0,0,0,0.0,0
1053,3.6,2022,Continuing Education,3,Engineering - Systems Engineering,Male,School of Engineering & Applied Science,0,2,913,,0,1,1,0,1,1,0.0,0
1054,3.6,2022,Working,2,Government,Female,College and Graduate School of Arts & Sciences,1,0,15,4.0,0,1,0,0,0,0,0.0,0
1055,3.6,2022,Working,2,Government,Female,College and Graduate School of Arts & Sciences,1,0,15,3.64,0,1,0,0,0,0,0.0,0
1056,3.6,2022,Working,2,Government,Female,College and Graduate School of Arts & Sciences,1,0,15,3.71,0,1,0,0,0,0,0.0,0
1057,3.6,2022,Continuing Education,3,Media Studies - Interdisciplinary,Male,College and Graduate School of Arts & Sciences,0,2,184,,0,1,1,0,1,1,0.0,0
1058,3.6,2022,Continuing Education,3,Media Studies - Interdisciplinary,Male,College and Graduate School of Arts & Sciences,0,2,184,3.89,0,1,1,0,1,1,0.0,0
1059,3.6,2022,Continuing Education,3,Media Studies - Interdisciplinary,Male,College and Graduate School of Arts & Sciences,0,2,184,3.87,0,1,1,0,1,1,0.0,0
1060,3.6,2022,Working,0,Engineering - Mechanical Engineering,Female,School of Engineering & Applied Science,1,0,9,,0,0,0,0,0,0,0.0,0
1061,3.6,2022,Working,3,Engineering - Civil Engineering,Male,School of Engineering & Applied Science,1,0,0,3.92,0,1,0,0,0,0,3.0,1
1062,3.6,2022,Working,1,Statistics,Female,College and Graduate School of Arts & Sciences,1,11,139,,0,1,0,0,1,1,2.0,1
1063,3.6,2022,Working,2,Economics,Female,College and Graduate School of Arts & Sciences,1,0,9,3.79,0,1,0,0,0,0,1.0,1
1064,3.6,2022,Working,2,Economics,Female,College and Graduate School of Arts & Sciences,1,0,9,,0,1,0,0,0,0,1.0,1
1065,3.6,2022,Continuing Education,0,Education - Speech Communication Disorders,Female,School of Education and Human Development,0,0,2,,0,0,1,0,0,0,1.0,1
1066,3.6,2022,Working,2,Art - Art History,Male,College and Graduate School of Arts & Sciences,1,0,16,3.94,0,1,0,0,0,0,0.0,0
1067,3.6,2022,Working,3,Engineering - Systems Engineering,Female,School of Engineering & Applied Science,1,0,0,,0,1,0,0,0,0,0.0,0
1068,3.6,2022,Working,0,Engineering - Computer Science,Male,School of Engineering & Applied Science,1,0,139,,0,0,0,0,0,1,0.0,0
1069,3.6,2022,Continuing Education,0,Cognitive Science - Interdisciplinary,Female,College and Graduate School of Arts & Sciences,0,0,9,,0,0,1,0,0,0,0.0,0
1070,3.6,2022,Working,3,History,Female,College and Graduate School of Arts & Sciences,1,0,31,3.97,0,1,0,0,0,0,0.0,0
1071,3.6,2022,Working,3,History,Female,College and Graduate School of Arts & Sciences,1,0,31,3.25,0,1,0,0,0,0,0.0,0
1072,3.6,2022,Continuing Education,2,Foreign Affairs,Male,College and Graduate School of Arts & Sciences,0,0,0,,0,1,1,0,0,0,1.0,1
1073,3.6,2022,Working,1,Engineering - Chemical Engineering,Male,School of Engineering & Applied Science,1,0,88,3.5,0,1,0,0,0,1,0.0,0
1074,3.6,2022,Working,2,Computer Science - Interdisciplinary,Female,College and Graduate School of Arts & Sciences,1,0,19,3.56,0,1,0,0,0,0,0.0,0
1075,3.6,2022,Working,0,History,Male,College and Graduate School of Arts & Sciences,1,0,0,3.4,0,0,0,0,0,0,0.0,0
1076,3.6,2022,Working,1,Engineering - Electrical Engineering,Male,School of Engineering & Applied Science,1,1,59,3.54,0,1,0,0,0,1,1.0,1
1077,3.6,2022,Working,1,Engineering - Electrical Engineering,Male,School of Engineering & Applied Science,1,1,59,3.96,0,1,0,0,0,1,1.0,1
1078,3.6,2022,Working,0,Psychology,Female,College and Graduate School of Arts & Sciences,1,0,59,3.78,0,0,0,0,0,1,1.0,1
1079,3.6,2022,Working,2,Economics,Female,College and Graduate School of Arts & Sciences,1,0,0,3.53,0,1,0,0,0,0,1.0,1
1080,3.6,2022,Working,3,Economics,Male,College and Graduate School of Arts & Sciences,1,0,15,3.5,0,1,0,0,0,0,1.0,1
1081,3.6,2022,Working,2,Engineering - Systems Engineering,Female,School of Engineering & Applied Science,1,0,22,3.9,0,1,0,0,0,0,2.0,1
1082,3.6,2022,Working,2,Engineering - Systems Engineering,Female,School of Engineering & Applied Science,1,0,22,4.0,0,1,0,0,0,0,2.0,1
1083,3.6,2022,Continuing Education,1,Global Studies - Interdisciplinary,Female,College and Graduate School of Arts & Sciences,0,3,59,,1,1,1,0,1,1,3.0,1
1084,3.6,2022,Continuing Education,1,Global Studies - Interdisciplinary,Female,College and Graduate School of Arts & Sciences,0,3,59,3.68,1,1,1,0,1,1,3.0,1
1085,3.6,2022,Working,3,Art - Studio Art,Female,College and Graduate School of Arts & Sciences,1,0,46,3.7,0,1,0,0,0,0,0.0,0
1086,3.6,2022,Working,3,Art - Studio Art,Female,College and Graduate School of Arts & Sciences,1,0,46,,0,1,0,0,0,0,0.0,0
1087,3.6,2022,Continuing Education,0,Biology,Female,College and Graduate School of Arts & Sciences,0,0,14,,0,0,1,0,0,0,2.0,1
1088,3.6,2022,Working,1,Engineering - Chemical Engineering,Male,School of Engineering & Applied Science,1,0,39,3.75,0,1,0,0,0,0,0.0,0
1089,3.6,2022,Working,2,Economics,Male,College and Graduate School of Arts & Sciences,1,1,7,3.62,0,1,0,0,0,0,0.0,0
1090,3.6,2022,Continuing Education,1,Chemistry,Female,College and Graduate School of Arts & Sciences,0,1,22,3.84,0,1,1,0,0,0,0.0,0
1091,3.6,2022,Continuing Education,1,Chemistry,Female,College and Graduate School of Arts & Sciences,0,1,22,4.0,0,1,1,0,0,0,0.0,0
1092,3.6,2022,Continuing Education,1,Engineering - Biomedical Engineering,Male,School of Engineering & Applied Science,0,1,18,,0,1,1,0,0,0,0.0,0
1093,3.6,2022,Continuing Education,1,Engineering - Biomedical Engineering,Male,School of Engineering & Applied Science,0,1,18,3.3,0,1,1,0,0,0,0.0,0
1094,3.6,2022,Continuing Education,0,Psychology,Male,College and Graduate School of Arts & Sciences,0,0,0,3.87,0,0,1,0,0,0,0.0,0
1095,3.6,2022,Working,1,Education - Kinesiology,Female,School of Education and Human Development,1,2,145,3.7,0,1,0,0,1,1,0.0,0
1096,3.6,2022,Working,1,Education - Kinesiology,Female,School of Education and Human Development,1,2,145,,0,1,0,0,1,1,0.0,0
1097,3.6,2022,Working,1,Education - Kinesiology,Female,School of Education and Human Development,1,2,145,4.3,0,1,0,0,1,1,0.0,0
1098,3.6,2022,Working,1,Engineering - Systems Engineering,Female,School of Engineering & Applied Science,1,0,108,,0,1,0,0,0,1,0.0,0
1099,3.6,2022,Working,3,Media Studies - Interdisciplinary,Female,College and Graduate School of Arts & Sciences,1,0,0,,0,1,0,0,0,0,0.0,0
1100,3.6,2022,Working,3,Biology,Male,College and Graduate School of Arts & Sciences,1,0,24,3.4,0,1,0,0,0,0,0.0,0
1101,3.6,2022,Working,3,Sociology,Female,College and Graduate School of Arts & Sciences,1,0,13,3.64,0,1,0,0,0,0,0.0,0
1102,3.6,2022,Working,3,Economics,Male,College and Graduate School of Arts & Sciences,1,0,50,3.58,0,1,0,0,0,1,0.0,0
1103,3.6,2022,Continuing Education,0,Psychology,Female,College and Graduate School of Arts & Sciences,0,0,1,2.99,0,0,1,0,0,0,0.0,0
1104,3.6,2022,Continuing Education,2,Media Studies - Interdisciplinary,Male,College and Graduate School of Arts & Sciences,0,1,0,3.76,1,1,1,0,0,0,0.0,0
1105,3.6,2022,Working,3,Engineering - Biomedical Engineering,Female,School of Engineering & Applied Science,1,0,14,,0,1,0,0,0,0,0.0,0
1106,3.6,2022,Continuing Education,3,Government,Female,College and Graduate School of Arts & Sciences,0,0,59,3.55,0,1,1,0,0,1,0.0,0
1107,3.6,2022,Continuing Education,3,Government,Female,College and Graduate School of Arts & Sciences,0,0,59,3.83,0,1,1,0,0,1,0.0,0
1108,3.6,2022,Continuing Education,2,Statistics,Female,College and Graduate School of Arts & Sciences,0,0,72,,0,1,1,0,0,1,0.0,0
1109,3.6,2022,Working,3,Economics,Male,College and Graduate School of Arts & Sciences,1,0,146,,0,1,0,0,0,1,0.0,0
1110,3.6,2022,Working,3,Economics,Male,College and Graduate School of Arts & Sciences,1,0,146,3.7,0,1,0,0,0,1,0.0,0
1111,3.6,2022,Continuing Education,0,Psychology,Female,College and Graduate School of Arts & Sciences,0,0,0,,0,0,1,0,0,0,0.0,0
1112,3.6,2022,Working,0,English,Female,College and Graduate School of Arts & Sciences,1,1,7,3.63,0,0,0,0,0,0,0.0,0
1113,3.6,2022,Working,2,Biology,Female,College and Graduate School of Arts & Sciences,1,0,48,3.81,0,1,0,0,0,1,2.0,1
1114,3.6,2022,Working,0,Economics,Female,College and Graduate School of Arts & Sciences,1,5,156,3.88,0,0,0,0,1,1,11.0,1
1115,3.6,2022,Working,0,Economics,Female,College and Graduate School of Arts & Sciences,1,5,156,3.8,0,0,0,0,1,1,11.0,1
1116,3.6,2022,Working,0,Chemistry,Male,College and Graduate School of Arts & Sciences,1,0,0,,0,0,0,0,0,0,0.0,0
1117,3.6,2022,Working,3,Political & Social Thought - Interdisciplinary,Male,College and Graduate School of Arts & Sciences,1,0,40,,0,1,0,0,0,0,0.0,0
1118,3.6,2022,Working,2,Computer Science - Interdisciplinary,Male,College and Graduate School of Arts & Sciences,1,0,28,3.71,0,1,0,0,0,0,0.0,0
1119,3.6,2022,Working,2,Computer Science - Interdisciplinary,Male,College and Graduate School of Arts & Sciences,1,0,28,,0,1,0,0,0,0,0.0,0
1120,3.6,2022,Working,2,Statistics,Male,College and Graduate School of Arts & Sciences,1,0,55,3.79,0,1,0,0,0,1,0.0,0
1121,3.6,2022,Working,1,Engineering - Computer Science,Male,School of Engineering & Applied Science,1,0,16,3.2,0,1,0,0,0,0,0.0,0
1122,3.6,2022,Continuing Education,2,Engineering - Biomedical Engineering,Female,School of Engineering & Applied Science,0,4,97,3.94,0,1,1,0,1,1,0.0,0
1123,3.6,2022,Continuing Education,2,Engineering - Biomedical Engineering,Female,School of Engineering & Applied Science,0,4,97,,0,1,1,0,1,1,0.0,0
1124,3.6,2022,Working,2,Economics,Male,College and Graduate School of Arts & Sciences,1,0,62,3.7,0,1,0,0,0,1,0.0,0
1125,3.6,2022,Working,2,Economics,Male,College and Graduate School of Arts & Sciences,1,0,62,,0,1,0,0,0,1,0.0,0
1126,3.6,2022,Continuing Education,2,English,Female,College and Graduate School of Arts & Sciences,0,0,3,,0,1,1,0,0,0,0.0,0
1127,3.6,2022,Working,2,English,Female,College and Graduate School of Arts & Sciences,1,1,80,3.4,0,1,0,0,0,1,0.0,0
1128,3.6,2022,Military,3,Psychology,Female,College and Graduate School of Arts & Sciences,0,0,37,,0,1,0,0,0,0,0.0,0
1129,3.6,2022,Working,2,Global Studies - Interdisciplinary,Female,College and Graduate School of Arts & Sciences,1,0,4,,0,1,0,0,0,0,0.0,0
1130,3.6,2022,Working,3,Environmental Sciences,Female,College and Graduate School of Arts & Sciences,1,0,14,3.91,0,1,0,0,0,0,0.0,0
1131,3.6,2022,Continuing Education,2,Government,Male,College and Graduate School of Arts & Sciences,0,0,2,,0,1,1,0,0,0,0.0,0
1132,3.6,2022,Working,0,Biology,Female,College and Graduate School of Arts & Sciences,1,0,0,,0,0,0,0,0,0,0.0,0
1133,3.6,2022,Continuing Education,0,Physics,Male,College and Graduate School of Arts & Sciences,0,0,0,,0,0,1,0,0,0,0.0,0
1134,3.6,2022,Working,1,Biology,Female,College and Graduate School of Arts & Sciences,1,0,0,,0,1,0,0,0,0,1.0,1
1135,3.6,2022,Working,1,Engineering - Systems Engineering,Male,School of Engineering & Applied Science,1,0,23,,0,1,0,0,0,0,0.0,0
1136,3.6,2022,Working,1,Engineering - Systems Engineering,Male,School of Engineering & Applied Science,1,0,23,3.5,0,1,0,0,0,0,0.0,0
1137,3.6,2022,Continuing Education,3,Global Studies - Interdisciplinary,Female,College and Graduate School of Arts & Sciences,0,0,251,,0,1,1,0,0,1,0.0,0
1138,3.6,2022,Working,2,Media Studies - Interdisciplinary,Male,College and Graduate School of Arts & Sciences,1,0,12,,0,1,0,0,0,0,0.0,0
1139,3.6,2022,Working,2,Media Studies - Interdisciplinary,Male,College and Graduate School of Arts & Sciences,1,0,12,4.0,0,1,0,0,0,0,0.0,0
1140,3.6,2022,Working,1,Computer Science - Interdisciplinary,Male,College and Graduate School of Arts & Sciences,1,0,7,3.7,0,1,0,0,0,0,0.0,0
1141,3.6,2022,Working,2,Engineering - Computer Science,Female,School of Engineering & Applied Science,1,0,0,,0,1,0,0,0,0,0.0,0
1142,3.6,2022,Working,0,Japanese Language & Literature - Interdisciplinary,Female,College and Graduate School of Arts & Sciences,1,0,0,,0,0,0,0,0,0,0.0,0
1143,3.6,2022,Working,0,Mathematics,Male,College and Graduate School of Arts & Sciences,1,0,46,,0,0,0,0,0,0,0.0,0
1144,3.6,2022,Working,2,Mathematics,Female,College and Graduate School of Arts & Sciences,1,0,3,3.8,0,1,0,0,0,0,0.0,0
1145,3.6,2022,Working,3,Environmental Sciences,Male,College and Graduate School of Arts & Sciences,1,0,147,3.86,0,1,0,0,0,1,0.0,0
1146,3.6,2022,Working,3,Government,Male,College and Graduate School of Arts & Sciences,1,3,14,,0,1,0,0,1,0,0.0,0
1147,3.6,2022,Working,3,Computer Science - Interdisciplinary,Male,College and Graduate School of Arts & Sciences,1,0,2,,0,1,0,0,0,0,0.0,0
1148,3.6,2022,Working,3,Computer Science - Interdisciplinary,Male,College and Graduate School of Arts & Sciences,1,0,2,3.91,0,1,0,0,0,0,0.0,0
1149,3.6,2022,Working,1,Engineering - Computer Science,Male,School of Engineering & Applied Science,1,0,24,4.0,0,1,0,0,0,0,0.0,0
1150,3.6,2022,Working,1,Engineering - Computer Science,Male,School of Engineering & Applied Science,1,0,24,4.39,0,1,0,0,0,0,0.0,0
1151,3.6,2022,Working,2,Economics,Female,College and Graduate School of Arts & Sciences,1,0,109,3.6,1,1,0,0,0,1,0.0,0
1152,3.6,2022,Continuing Education,1,Engineering - Computer Science,Male,School of Engineering & Applied Science,0,0,3,3.84,0,1,1,0,0,0,0.0,0
1153,3.6,2022,Continuing Education,1,Engineering - Computer Science,Male,School of Engineering & Applied Science,0,0,3,,0,1,1,0,0,0,0.0,0
1154,3.6,2022,Working,0,English,Male,College and Graduate School of Arts & Sciences,1,0,66,4.0,0,0,0,0,0,1,0.0,0
1155,3.6,2022,Working,0,English,Male,College and Graduate School of Arts & Sciences,1,0,66,3.78,0,0,0,0,0,1,0.0,0
1156,3.6,2022,Working,3,Economics,Female,College and Graduate School of Arts & Sciences,1,0,40,3.96,0,1,0,0,0,0,4.0,1
1157,3.6,2022,Working,2,Government,Female,College and Graduate School of Arts & Sciences,1,0,34,3.57,0,1,0,0,0,0,9.0,1
1158,3.6,2022,Working,2,Computer Science - Interdisciplinary,Female,College and Graduate School of Arts & Sciences,1,0,0,3.8,0,1,0,0,0,0,0.0,0
1159,3.6,2022,Working,2,Computer Science - Interdisciplinary,Female,College and Graduate School of Arts & Sciences,1,0,0,,0,1,0,0,0,0,0.0,0
1160,3.6,2022,Continuing Education,1,Statistics,Female,College and Graduate School of Arts & Sciences,0,0,49,3.78,0,1,1,0,0,1,1.0,1
1161,3.6,2022,Continuing Education,0,Engineering - Biomedical Engineering,Female,School of Engineering & Applied Science,0,0,0,3.54,0,0,1,0,0,0,2.0,1
1162,3.6,2022,Working,0,Physics,Male,College and Graduate School of Arts & Sciences,1,0,10,,0,0,0,0,0,0,1.0,1
1163,3.6,2022,Working,3,Engineering - Mechanical Engineering,Male,School of Engineering & Applied Science,1,0,7,,0,1,0,0,0,0,0.0,0
1164,3.6,2022,Working,0,Engineering - Computer Engineering,Male,School of Engineering & Applied Science,1,0,0,,0,0,0,0,0,0,0.0,0
1165,3.6,2022,Working,3,Engineering - Mechanical Engineering,Male,School of Engineering & Applied Science,1,1,64,3.32,0,1,0,0,0,1,0.0,0
1166,3.6,2022,Working,3,Global Studies - Interdisciplinary,Female,College and Graduate School of Arts & Sciences,1,0,16,3.2,1,1,0,0,0,0,7.0,1
1167,3.6,2022,Continuing Education,1,Psychology,Female,College and Graduate School of Arts & Sciences,0,0,0,,0,1,1,0,0,0,2.0,1
1168,3.6,2022,Working,2,Media Studies - Interdisciplinary,Female,College and Graduate School of Arts & Sciences,1,0,2,3.56,0,1,0,0,0,0,0.0,0
1169,3.6,2022,Working,3,Statistics,Male,College and Graduate School of Arts & Sciences,1,0,112,,0,1,0,0,0,1,1.0,1
1170,3.6,2022,Continuing Education,2,Statistics,Male,College and Graduate School of Arts & Sciences,0,8,87,3.7,0,1,1,0,1,1,3.0,1
1171,3.6,2022,Continuing Education,2,Statistics,Male,College and Graduate School of Arts & Sciences,0,8,87,3.72,0,1,1,0,1,1,3.0,1
1172,3.6,2022,Continuing Education,0,Education - Youth & Social Innovation,Female,School of Education and Human Development,0,0,0,,0,0,1,0,0,0,1.0,1
1173,3.6,2022,Continuing Education,0,Education - Youth & Social Innovation,Female,School of Education and Human Development,0,0,0,3.98,0,0,1,0,0,0,1.0,1
1174,3.6,2022,Working,1,Statistics,Male,College and Graduate School of Arts & Sciences,1,0,147,,0,1,0,0,0,1,1.0,1
1175,3.6,2022,Working,1,Statistics,Male,College and Graduate School of Arts & Sciences,1,0,147,3.86,0,1,0,0,0,1,1.0,1
1176,3.6,2022,Working,1,Engineering - Computer Science,Female,School of Engineering & Applied Science,1,0,0,4.6,0,1,0,0,0,0,0.0,0
1177,3.6,2022,Working,1,Engineering - Computer Science,Female,School of Engineering & Applied Science,1,0,0,3.92,0,1,0,0,0,0,0.0,0
1178,3.6,2022,Working,2,Statistics,Female,College and Graduate School of Arts & Sciences,1,0,4,3.3,0,1,0,0,0,0,0.0,0
1179,3.6,2022,Working,2,Engineering - Computer Engineering,Male,School of Engineering & Applied Science,1,0,12,,0,1,0,0,0,0,17.0,1
1180,3.6,2022,Working,2,Engineering - Computer Engineering,Male,School of Engineering & Applied Science,1,0,12,3.85,0,1,0,0,0,0,17.0,1
1181,3.6,2022,Continuing Education,1,History,Female,College and Graduate School of Arts & Sciences,0,0,0,3.81,0,1,1,0,0,0,0.0,0
1182,3.6,2022,Working,1,Art - Art History,Female,College and Graduate School of Arts & Sciences,1,0,168,3.38,0,1,0,0,0,1,0.0,0
1183,3.6,2022,Working,0,Biology,Male,College and Graduate School of Arts & Sciences,1,0,110,,0,0,0,0,0,1,0.0,0
1184,3.6,2022,Working,0,Biology,Male,College and Graduate School of Arts & Sciences,1,0,110,3.7,0,0,0,0,0,1,0.0,0
1185,3.6,2022,Working,0,Cognitive Science - Interdisciplinary,Female,College and Graduate School of Arts & Sciences,1,0,45,4.6,0,0,0,0,0,0,0.0,0
1186,3.6,2022,Working,0,Cognitive Science - Interdisciplinary,Female,College and Graduate School of Arts & Sciences,1,0,45,4.0,0,0,0,0,0,0,0.0,0
1187,3.6,2022,Working,0,Cognitive Science - Interdisciplinary,Female,College and Graduate School of Arts & Sciences,1,0,45,3.4,0,0,0,0,0,0,0.0,0
1188,3.6,2022,Continuing Education,0,Biology,Female,College and Graduate School of Arts & Sciences,0,0,0,,0,0,1,0,0,0,0.0,0
1189,3.6,2022,Continuing Education,2,Engineering - Computer Engineering,Male,School of Engineering & Applied Science,0,2,17,3.89,0,1,1,0,1,0,0.0,0
1190,3.6,2022,Working,1,Engineering - Computer Engineering,Male,School of Engineering & Applied Science,1,0,0,,0,1,0,0,0,0,1.0,1
1191,3.6,2022,Working,1,Engineering - Computer Engineering,Male,School of Engineering & Applied Science,1,0,0,3.8,0,1,0,0,0,0,1.0,1
1192,3.6,2022,Working,0,Computer Science - Interdisciplinary,Male,College and Graduate School of Arts & Sciences,1,1,170,,0,0,0,0,0,1,0.0,0
1193,3.6,2022,Working,3,Global Studies - Interdisciplinary,Female,College and Graduate School of Arts & Sciences,1,0,6,3.95,0,1,0,0,0,0,0.0,0
1194,3.6,2022,Working,2,Medieval Studies - Interdisciplinary,Female,College and Graduate School of Arts & Sciences,1,2,70,,0,1,0,0,1,1,0.0,0
1195,3.6,2022,Working,0,Government,Male,College and Graduate School of Arts & Sciences,1,0,12,3.15,0,0,0,0,0,0,1.0,1
1196,3.6,2022,Not Seeking,2,Architecture,Male,School of Architecture,0,1,0,4.48,0,1,0,0,0,0,0.0,0
1197,3.6,2022,Not Seeking,2,Architecture,Male,School of Architecture,0,1,0,3.77,0,1,0,0,0,0,0.0,0
1198,3.6,2022,Continuing Education,1,Engineering - Biomedical Engineering,Female,School of Engineering & Applied Science,0,0,58,3.7,0,1,1,0,0,1,0.0,0
1199,3.6,2022,Working,1,Psychology,Female,College and Graduate School of Arts & Sciences,1,0,1,,0,1,0,0,0,0,0.0,0
1200,3.6,2022,Working,1,Foreign Affairs,Female,College and Graduate School of Arts & Sciences,1,0,38,3.6,0,1,0,0,0,0,0.0,0
1201,3.6,2022,Working,2,Engineering - Civil Engineering,Male,School of Engineering & Applied Science,1,0,0,3.54,0,1,0,0,0,0,0.0,0
1202,3.6,2022,Working,3,Global Studies - Interdisciplinary,Male,College and Graduate School of Arts & Sciences,1,1,96,3.9,0,1,0,0,0,1,0.0,0
1203,3.6,2022,Working,3,Global Studies - Interdisciplinary,Male,College and Graduate School of Arts & Sciences,1,1,96,4.36,0,1,0,0,0,1,0.0,0
1204,3.6,2022,Continuing Education,1,Engineering - Computer Science,Male,School of Engineering & Applied Science,0,3,33,3.9,0,1,1,0,1,0,0.0,0
1205,3.6,2022,Continuing Education,1,Engineering - Computer Science,Male,School of Engineering & Applied Science,0,3,33,,0,1,1,0,1,0,0.0,0
1206,3.6,2022,Working,1,Education - Kinesiology,Female,School of Education and Human Development,1,1,0,,0,1,0,0,0,0,5.0,1
1207,3.6,2022,Working,0,Mathematics,Female,College and Graduate School of Arts & Sciences,1,0,0,3.7,0,0,0,0,0,0,0.0,0
1208,3.6,2022,Working,1,Environmental Sciences,Female,College and Graduate School of Arts & Sciences,1,0,20,3.92,0,1,0,0,0,0,0.0,0
1209,3.6,2022,Working,1,Environmental Sciences,Female,College and Graduate School of Arts & Sciences,1,0,20,,0,1,0,0,0,0,0.0,0
1210,3.6,2022,Working,0,Psychology,Male,College and Graduate School of Arts & Sciences,1,0,84,3.63,0,0,0,0,0,1,0.0,0
1211,3.6,2022,Working,3,Foreign Affairs,Male,College and Graduate School of Arts & Sciences,1,0,28,3.55,0,1,0,0,0,0,0.0,0
1212,3.6,2022,Working,0,Engineering - Biomedical Engineering,Female,School of Engineering & Applied Science,1,0,35,,0,0,0,0,0,0,0.0,0
1213,3.6,2022,Continuing Education,2,English,Female,College and Graduate School of Arts & Sciences,0,0,0,4.77,0,1,1,0,0,0,1.0,1
1214,3.6,2022,Continuing Education,2,English,Female,College and Graduate School of Arts & Sciences,0,0,0,3.44,0,1,1,0,0,0,1.0,1
1215,3.6,2022,Continuing Education,2,English,Female,College and Graduate School of Arts & Sciences,0,0,0,,0,1,1,0,0,0,1.0,1
1216,3.6,2022,Working,3,Global Studies - Interdisciplinary,Female,College and Graduate School of Arts & Sciences,1,0,16,3.83,0,1,0,0,0,0,0.0,0
1217,3.6,2022,Working,3,Cognitive Science - Interdisciplinary,Female,College and Graduate School of Arts & Sciences,1,0,8,3.95,0,1,0,0,0,0,0.0,0
1218,3.6,2022,Continuing Education,1,History,Female,College and Graduate School of Arts & Sciences,0,1,0,,0,1,1,0,0,0,0.0,0
1219,3.6,2022,Continuing Education,2,Economics,Male,College and Graduate School of Arts & Sciences,0,0,93,3.95,0,1,1,0,0,1,0.0,0
1220,3.6,2022,Continuing Education,2,Economics,Male,College and Graduate School of Arts & Sciences,0,0,93,3.97,0,1,1,0,0,1,0.0,0
1221,3.6,2022,Working,3,Foreign Affairs,Male,College and Graduate School of Arts & Sciences,1,0,0,3.1,0,1,0,0,0,0,0.0,0
1222,3.6,2022,Working,3,Foreign Affairs,Male,College and Graduate School of Arts & Sciences,1,0,0,,0,1,0,0,0,0,0.0,0
1223,3.6,2022,Working,2,Economics,Female,College and Graduate School of Arts & Sciences,1,0,0,,0,1,0,0,0,0,0.0,0
1224,3.6,2022,Working,2,Economics,Female,College and Graduate School of Arts & Sciences,1,0,0,4.0,0,1,0,0,0,0,0.0,0
1225,3.6,2022,Working,2,Economics,Female,College and Graduate School of Arts & Sciences,1,0,0,3.83,0,1,0,0,0,0,0.0,0
1226,3.6,2022,Working,3,Japanese Language & Literature - Interdisciplinary,Female,College and Graduate School of Arts & Sciences,1,0,50,,1,1,0,0,0,1,0.0,0
1227,3.6,2022,Working,1,Engineering - Systems Engineering,Male,School of Engineering & Applied Science,1,1,12,,0,1,0,0,0,0,0.0,0
1228,3.6,2022,Continuing Education,0,Art - Studio Art,Female,College and Graduate School of Arts & Sciences,0,0,0,3.54,0,0,1,0,0,0,0.0,0
1229,3.6,2022,Working,0,Psychology,Female,College and Graduate School of Arts & Sciences,1,1,112,,0,0,0,0,0,1,0.0,0
1230,3.6,2022,Working,1,Mathematics,Female,College and Graduate School of Arts & Sciences,1,0,54,3.8,0,1,0,0,0,1,0.0,0
1231,3.6,2022,Continuing Education,2,Engineering - Biomedical Engineering,Female,School of Engineering & Applied Science,0,3,55,3.99,0,1,1,0,1,1,0.0,0
1232,3.6,2022,Continuing Education,2,Engineering - Biomedical Engineering,Female,School of Engineering & Applied Science,0,3,55,,0,1,1,0,1,1,0.0,0
1233,3.6,2022,Working,1,Education - Kinesiology,Female,School of Education and Human Development,1,0,4,,0,1,0,0,0,0,0.0,0
1234,3.6,2022,Working,2,Economics,Male,College and Graduate School of Arts & Sciences,1,1,190,4.2,0,1,0,0,0,1,0.0,0
1235,3.6,2022,Working,2,Economics,Male,College and Graduate School of Arts & Sciences,1,1,190,3.5,0,1,0,0,0,1,0.0,0
1236,3.6,2022,Continuing Education,3,Biology,Female,College and Graduate School of Arts & Sciences,0,0,0,3.93,0,1,1,0,0,0,0.0,0
1237,3.6,2022,Continuing Education,1,Economics,Female,College and Graduate School of Arts & Sciences,0,0,0,3.92,0,1,1,0,0,0,1.0,1
1238,3.6,2022,Continuing Education,1,Economics,Female,College and Graduate School of Arts & Sciences,0,0,0,4.0,0,1,1,0,0,0,1.0,1
1239,3.6,2022,Working,1,Engineering - Biomedical Engineering,Male,School of Engineering & Applied Science,1,1,63,,0,1,0,0,0,1,0.0,0
1240,3.6,2022,Working,3,Engineering - Computer Science,Male,School of Engineering & Applied Science,1,0,116,3.74,0,1,0,0,0,1,0.0,0
1241,3.6,2022,Working,3,Engineering - Computer Science,Male,School of Engineering & Applied Science,1,0,116,,0,1,0,0,0,1,0.0,0
1242,3.6,2022,Working,1,Foreign Affairs,Female,College and Graduate School of Arts & Sciences,1,0,0,,0,1,0,0,0,0,0.0,0
1243,3.6,2022,Working,0,Engineering - Computer Science,Male,School of Engineering & Applied Science,1,1,45,3.71,0,0,0,0,0,0,0.0,0
1244,3.6,2022,Continuing Education,1,Economics,Male,College and Graduate School of Arts & Sciences,0,9,457,,0,1,1,0,1,1,0.0,0
1245,3.6,2022,Continuing Education,1,Economics,Male,College and Graduate School of Arts & Sciences,0,9,457,3.5,0,1,1,0,1,1,0.0,0
1246,3.6,2022,Continuing Education,1,Statistics,Female,College and Graduate School of Arts & Sciences,0,7,140,,0,1,1,0,1,1,1.0,1
1247,3.6,2022,Continuing Education,1,Statistics,Female,College and Graduate School of Arts & Sciences,0,7,140,3.99,0,1,1,0,1,1,1.0,1
1248,3.6,2022,Working,3,Architecture,Female,School of Architecture,1,2,5,3.6,0,1,0,0,1,0,0.0,0
1249,3.6,2022,Working,0,Neuroscience,Female,College and Graduate School of Arts & Sciences,1,0,1,,0,0,0,0,0,0,0.0,0
1250,3.6,2022,Working,1,Economics,Male,College and Graduate School of Arts & Sciences,1,0,51,,0,1,0,0,0,1,0.0,0
1251,3.6,2022,Continuing Education,0,Engineering - Biomedical Engineering,Female,School of Engineering & Applied Science,0,0,0,,0,0,1,0,0,0,0.0,0
1252,3.6,2022,Continuing Education,2,Engineering - Chemical Engineering,Male,School of Engineering & Applied Science,0,0,16,,0,1,1,0,0,0,0.0,0
1253,3.6,2022,Continuing Education,1,Engineering - Biomedical Engineering,Female,School of Engineering & Applied Science,0,2,99,,0,1,1,0,1,1,4.0,1
1254,3.6,2022,Working,2,Spanish,Male,College and Graduate School of Arts & Sciences,1,1,16,,0,1,0,0,0,0,0.0,0
1255,3.6,2022,Continuing Education,1,Engineering - Mechanical Engineering,Female,School of Engineering & Applied Science,0,0,28,3.63,0,1,1,0,0,0,0.0,0
1256,3.6,2022,Continuing Education,1,Art - Art History,Male,College and Graduate School of Arts & Sciences,0,0,0,,0,1,1,0,0,0,1.0,1
1257,3.6,2022,Continuing Education,0,Global Studies - Interdisciplinary,Female,College and Graduate School of Arts & Sciences,0,0,5,4.0,0,0,1,0,0,0,0.0,0
1258,3.6,2022,Working,2,Education - Youth & Social Innovation,Female,School of Education and Human Development,1,0,4,4.3,0,1,0,0,0,0,0.0,0
1259,3.6,2022,Working,2,Education - Youth & Social Innovation,Female,School of Education and Human Development,1,0,4,3.88,0,1,0,0,0,0,0.0,0
1260,3.6,2022,Continuing Education,3,Architecture - Urban & Environmental Planning,Female,School of Architecture,0,3,4,,0,1,1,0,1,0,0.0,0
1261,3.6,2022,Working,1,Computer Science - Interdisciplinary,Male,College and Graduate School of Arts & Sciences,1,0,0,,0,1,0,0,0,0,2.0,1
1262,3.6,2022,Working,0,Economics,Male,College and Graduate School of Arts & Sciences,1,0,52,3.6,0,0,0,0,0,1,0.0,0
1263,3.6,2022,Working,3,Engineering - Mechanical Engineering,Male,School of Engineering & Applied Science,1,0,36,,0,1,0,0,0,0,4.0,1
1264,3.6,2022,Working,3,Engineering - Mechanical Engineering,Male,School of Engineering & Applied Science,1,0,36,3.74,0,1,0,0,0,0,4.0,1
1265,3.6,2022,Working,1,Engineering - Systems Engineering,Female,School of Engineering & Applied Science,1,0,11,,0,1,0,0,0,0,9.0,1
1266,3.6,2022,Working,0,Economics,Male,College and Graduate School of Arts & Sciences,1,0,6,4.0,0,0,0,0,0,0,0.0,0
1267,3.6,2022,Working,2,Media Studies - Interdisciplinary,Female,College and Graduate School of Arts & Sciences,1,1,12,3.72,0,1,0,0,0,0,0.0,0
1268,3.6,2022,Working,2,Engineering - Biomedical Engineering,Male,School of Engineering & Applied Science,1,4,20,3.62,0,1,0,0,1,0,0.0,0
1269,3.6,2022,Military,0,Engineering - Aerospace Engineering,Male,School of Engineering & Applied Science,0,0,20,3.8,0,0,0,0,0,0,0.0,0
1270,3.6,2022,Working,1,Engineering - Civil Engineering,Female,School of Engineering & Applied Science,1,1,0,,0,1,0,0,0,0,0.0,0
1271,3.6,2022,Working,2,Statistics,Female,College and Graduate School of Arts & Sciences,1,0,50,,0,1,0,0,0,1,0.0,0
1272,3.6,2022,Working,3,Foreign Affairs,Female,College and Graduate School of Arts & Sciences,1,0,100,3.62,0,1,0,0,0,1,0.0,0
1273,3.6,2022,Working,0,Engineering - Biomedical Engineering,Male,School of Engineering & Applied Science,1,1,23,,0,0,0,0,0,0,0.0,0
1274,3.6,2022,Working,0,Engineering - Biomedical Engineering,Male,School of Engineering & Applied Science,1,1,23,3.84,0,0,0,0,0,0,0.0,0
1275,3.6,2022,Working,0,Global Studies - Interdisciplinary,Female,College and Graduate School of Arts & Sciences,1,2,100,,0,0,0,0,1,1,0.0,0
1276,3.6,2022,Working,1,Biology,Female,College and Graduate School of Arts & Sciences,1,0,54,,0,1,0,0,0,1,1.0,1
1277,3.6,2022,Working,3,Economics,Female,College and Graduate School of Arts & Sciences,1,0,18,3.54,0,1,0,0,0,0,2.0,1
1278,3.6,2022,Working,1,Environmental Sciences,Male,College and Graduate School of Arts & Sciences,1,0,33,3.25,0,1,0,0,0,0,1.0,1
1279,3.6,2022,Working,2,Statistics,Female,College and Graduate School of Arts & Sciences,1,0,2,,0,1,0,0,0,0,1.0,1
1280,3.6,2022,Working,2,Statistics,Male,College and Graduate School of Arts & Sciences,1,0,58,3.58,0,1,0,0,0,1,0.0,0
1281,3.6,2022,Continuing Education,3,Biology,Female,College and Graduate School of Arts & Sciences,0,0,0,3.91,0,1,1,0,0,0,0.0,0
1282,3.6,2022,Continuing Education,3,Biology,Female,College and Graduate School of Arts & Sciences,0,0,0,,0,1,1,0,0,0,0.0,0
1283,3.6,2022,Volunteering,0,Global Studies - Interdisciplinary,Female,College and Graduate School of Arts & Sciences,0,0,0,,0,0,0,0,0,0,0.0,0
1284,3.6,2022,Working,3,History,Male,College and Graduate School of Arts & Sciences,1,0,33,4.11,0,1,0,0,0,0,0.0,0
1285,3.6,2022,Working,3,History,Male,College and Graduate School of Arts & Sciences,1,0,33,3.3,0,1,0,0,0,0,0.0,0
1286,3.6,2022,Continuing Education,1,Anthropology,Female,College and Graduate School of Arts & Sciences,0,0,0,,0,1,1,0,0,0,0.0,0
1287,3.6,2022,Continuing Education,1,Anthropology,Female,College and Graduate School of Arts & Sciences,0,0,0,4.43,0,1,1,0,0,0,0.0,0
1288,3.6,2022,Working,3,Spanish,Male,College and Graduate School of Arts & Sciences,1,0,11,3.94,0,1,0,0,0,0,0.0,0
1289,3.6,2022,Working,1,Statistics,Female,College and Graduate School of Arts & Sciences,1,0,4,,0,1,0,0,0,0,0.0,0
1290,3.6,2022,Working,0,Global Studies - Interdisciplinary,Female,College and Graduate School of Arts & Sciences,1,0,0,,0,0,0,0,0,0,3.0,1
1291,3.6,2022,Working,3,Engineering - Computer Science,Female,School of Engineering & Applied Science,1,0,7,3.93,0,1,0,0,0,0,0.0,0
1292,3.6,2022,Working,1,Foreign Affairs,Female,College and Graduate School of Arts & Sciences,1,0,8,3.7,0,1,0,0,0,0,0.0,0
1293,3.6,2022,Working,0,Religious Studies,Female,College and Graduate School of Arts & Sciences,1,0,5,3.7,0,0,0,0,0,0,4.0,1
1294,3.6,2022,Working,0,Religious Studies,Female,College and Graduate School of Arts & Sciences,1,0,5,,0,0,0,0,0,0,4.0,1
1295,3.6,2022,Continuing Education,1,Anthropology,Female,College and Graduate School of Arts & Sciences,0,0,1,3.9,1,1,1,0,0,0,0.0,0
1296,3.6,2022,Continuing Education,1,Anthropology,Female,College and Graduate School of Arts & Sciences,0,0,1,,1,1,1,0,0,0,0.0,0
1297,3.6,2022,Continuing Education,1,Anthropology,Female,College and Graduate School of Arts & Sciences,0,0,1,4.8,1,1,1,0,0,0,0.0,0
1298,3.6,2022,Continuing Education,1,Anthropology,Female,College and Graduate School of Arts & Sciences,0,0,1,4.0,1,1,1,0,0,0,0.0,0
1299,3.6,2022,Continuing Education,1,Government,Female,College and Graduate School of Arts & Sciences,0,1,46,4.0,0,1,1,0,0,0,0.0,0
1300,3.6,2022,Continuing Education,1,Government,Female,College and Graduate School of Arts & Sciences,0,1,46,,0,1,1,0,0,0,0.0,0
1301,3.6,2022,Working,1,Foreign Affairs,Female,College and Graduate School of Arts & Sciences,1,1,1,,0,1,0,0,0,0,0.0,0
1302,3.6,2022,Continuing Education,3,Engineering - Biomedical Engineering,Male,School of Engineering & Applied Science,0,0,37,,0,1,1,0,0,0,0.0,0
1303,3.6,2022,Working,3,Economics,Female,College and Graduate School of Arts & Sciences,1,0,0,,0,1,0,0,0,0,0.0,0
1304,3.6,2022,Working,3,Economics,Female,College and Graduate School of Arts & Sciences,1,0,0,3.7,0,1,0,0,0,0,0.0,0
1305,3.6,2022,Continuing Education,3,Spanish,Female,College and Graduate School of Arts & Sciences,0,0,0,,0,1,1,0,0,0,0.0,0
1306,3.6,2022,Continuing Education,3,Spanish,Female,College and Graduate School of Arts & Sciences,0,0,0,3.7,0,1,1,0,0,0,0.0,0
1307,3.6,2022,Working,2,Spanish,Female,College and Graduate School of Arts & Sciences,1,0,3,,0,1,0,0,0,0,0.0,0
1308,3.6,2022,Working,1,Education - Kinesiology,Female,School of Education and Human Development,1,1,0,3.83,0,1,0,0,0,0,0.0,0
1309,3.6,2022,Continuing Education,1,Physics,Male,College and Graduate School of Arts & Sciences,0,2,22,,0,1,1,0,1,0,0.0,0
1310,3.6,2022,Working,0,Interdisciplinary Studies,Female,School of Continuing and Professional Studies,1,0,0,,0,0,0,0,0,0,0.0,0
1311,3.6,2022,Working,3,Environmental Thought & Practice - Interdisciplinary,Female,College and Graduate School of Arts & Sciences,1,0,28,,0,1,0,0,0,0,0.0,0
1312,3.6,2022,Continuing Education,1,Chemistry,Male,College and Graduate School of Arts & Sciences,0,1,21,,0,1,1,0,0,0,0.0,0
1313,3.6,2022,Working,0,Interdisciplinary Studies,Female,School of Continuing and Professional Studies,1,0,0,,0,0,0,0,0,0,0.0,0
1314,3.6,2022,Continuing Education,1,Economics,Female,College and Graduate School of Arts & Sciences,0,0,0,3.5,0,1,1,0,0,0,4.0,1
1315,3.6,2022,Continuing Education,1,Economics,Female,College and Graduate School of Arts & Sciences,0,0,0,4.77,0,1,1,0,0,0,4.0,1
1316,3.6,2022,Working,1,Computer Science - Interdisciplinary,Male,College and Graduate School of Arts & Sciences,1,0,72,,0,1,0,0,0,1,0.0,0
1317,3.6,2022,Volunteering,0,English,Female,College and Graduate School of Arts & Sciences,0,0,32,,0,0,0,0,0,0,1.0,1
1318,3.6,2022,Working,0,Economics,Female,College and Graduate School of Arts & Sciences,1,0,2,3.54,0,0,0,0,0,0,0.0,0
1319,3.6,2022,Working,0,Economics,Female,College and Graduate School of Arts & Sciences,1,0,2,4.0,0,0,0,0,0,0,0.0,0
1320,3.6,2022,Working,2,Education - Elementary Education,Female,School of Education and Human Development,1,1,10,,0,1,0,0,0,0,0.0,0
1321,3.6,2022,Working,2,Education - Elementary Education,Female,School of Education and Human Development,1,1,10,4.0,0,1,0,0,0,0,0.0,0
1322,3.6,2022,Continuing Education,0,Education - Kinesiology,Female,School of Education and Human Development,0,0,6,,0,0,1,0,0,0,0.0,0
1323,3.6,2022,Working,0,Education - Elementary Education,Female,School of Education and Human Development,1,1,0,,0,0,0,0,0,0,2.0,1
1324,3.6,2022,Working,1,Economics,Female,College and Graduate School of Arts & Sciences,1,1,50,,0,1,0,0,0,1,0.0,0
1325,3.6,2022,Working,1,Economics,Female,College and Graduate School of Arts & Sciences,1,1,50,4.55,0,1,0,0,0,1,0.0,0
1326,3.6,2022,Working,1,Economics,Female,College and Graduate School of Arts & Sciences,1,1,50,3.95,0,1,0,0,0,1,0.0,0
1327,3.6,2022,Working,1,Economics,Male,College and Graduate School of Arts & Sciences,1,3,60,3.8,0,1,0,0,1,1,1.0,1
1328,3.6,2022,Working,1,Economics,Male,College and Graduate School of Arts & Sciences,1,3,60,4.0,0,1,0,0,1,1,1.0,1
1329,3.6,2022,Working,1,Economics,Male,College and Graduate School of Arts & Sciences,1,3,60,,0,1,0,0,1,1,1.0,1
1330,3.6,2022,Working,0,Interdisciplinary Studies,Female,School of Continuing and Professional Studies,1,0,0,,0,0,0,0,0,0,0.0,0
1331,3.6,2022,Continuing Education,0,Economics,Male,College and Graduate School of Arts & Sciences,0,0,0,,0,0,1,0,0,0,0.0,0
1332,3.6,2022,Working,0,Interdisciplinary Studies,Female,School of Continuing and Professional Studies,1,0,0,3.97,0,0,0,0,0,0,0.0,0
1333,3.6,2022,Working,0,Interdisciplinary Studies,Female,School of Continuing and Professional Studies,1,0,0,3.9,0,0,0,0,0,0,0.0,0
1334,3.6,2022,Military,1,Religious Studies,Male,College and Graduate School of Arts & Sciences,0,1,0,3.6,0,1,0,0,0,0,0.0,0
1335,3.6,2022,Working,3,Statistics,Female,College and Graduate School of Arts & Sciences,1,0,5,3.9,0,1,0,0,0,0,1.0,1
1336,3.6,2022,Continuing Education,0,Education - Speech Communication Disorders,Female,School of Education and Human Development,0,0,0,,0,0,1,0,0,0,1.0,1
1337,3.6,2022,Continuing Education,2,Education - Youth & Social Innovation,Female,School of Education and Human Development,0,0,42,,0,1,1,0,0,0,0.0,0
1338,3.6,2022,Continuing Education,2,Education - Youth & Social Innovation,Female,School of Education and Human Development,0,0,42,3.83,0,1,1,0,0,0,0.0,0
1339,3.6,2022,Continuing Education,1,Cognitive Science - Interdisciplinary,Female,College and Graduate School of Arts & Sciences,0,2,62,3.65,0,1,1,0,1,1,0.0,0
1340,3.6,2022,Continuing Education,0,Economics,Female,College and Graduate School of Arts & Sciences,0,1,6,4.41,0,0,1,0,0,0,0.0,0
1341,3.6,2022,Continuing Education,0,Economics,Female,College and Graduate School of Arts & Sciences,0,1,6,3.96,0,0,1,0,0,0,0.0,0
1342,3.6,2022,Continuing Education,0,Economics,Female,College and Graduate School of Arts & Sciences,0,1,6,,0,0,1,0,0,0,0.0,0
1343,3.6,2022,Working,0,Education - Kinesiology,Female,School of Education and Human Development,1,0,0,3.75,0,0,0,0,0,0,0.0,0
1344,3.6,2022,Working,0,Cognitive Science - Interdisciplinary,Female,College and Graduate School of Arts & Sciences,1,1,2,4.0,0,0,0,0,0,0,0.0,0
1345,3.6,2022,Working,0,Cognitive Science - Interdisciplinary,Female,College and Graduate School of Arts & Sciences,1,1,2,4.65,0,0,0,0,0,0,0.0,0
1346,3.6,2022,Working,0,Cognitive Science - Interdisciplinary,Female,College and Graduate School of Arts & Sciences,1,1,2,3.7,0,0,0,0,0,0,0.0,0
1347,3.6,2022,Working,0,Classics,Female,College and Graduate School of Arts & Sciences,1,0,0,,0,0,0,0,0,0,0.0,0
1348,3.6,2022,Continuing Education,3,Cognitive Science - Interdisciplinary,Female,College and Graduate School of Arts & Sciences,0,0,12,,0,1,1,0,0,0,0.0,0
1349,3.6,2022,Working,0,Interdisciplinary Studies,Male,School of Continuing and Professional Studies,1,0,0,3.7,0,0,0,0,0,0,0.0,0
1350,3.6,2022,Working,2,Chemistry,Female,College and Graduate School of Arts & Sciences,1,4,395,,0,1,0,0,1,1,0.0,0
1351,3.6,2022,Working,0,Interdisciplinary Studies,Female,School of Continuing and Professional Studies,1,0,0,3.95,0,0,0,0,0,0,0.0,0
1352,3.6,2022,Continuing Education,3,Education - Youth & Social Innovation,Female,School of Education and Human Development,0,2,54,3.75,0,1,1,0,1,1,1.0,1
1353,3.6,2022,Continuing Education,3,Education - Youth & Social Innovation,Female,School of Education and Human Development,0,2,54,3.9,0,1,1,0,1,1,1.0,1
1354,3.6,2022,Continuing Education,3,Education - Youth & Social Innovation,Female,School of Education and Human Development,0,2,54,3.85,0,1,1,0,1,1,1.0,1
1355,3.6,2022,Continuing Education,3,Global Studies - Interdisciplinary,Female,College and Graduate School of Arts & Sciences,0,1,11,,0,1,1,0,0,0,0.0,0
1356,3.6,2022,Continuing Education,3,Global Studies - Interdisciplinary,Female,College and Graduate School of Arts & Sciences,0,1,11,3.9,0,1,1,0,0,0,0.0,0
1357,3.6,2022,Continuing Education,0,Chemistry,Female,College and Graduate School of Arts & Sciences,0,0,0,3.45,0,0,1,0,0,0,0.0,0
1358,3.6,2022,Working,0,History,Female,College and Graduate School of Arts & Sciences,1,0,0,,0,0,0,0,0,0,0.0,0
1359,3.6,2022,Continuing Education,0,Environmental Sciences,Female,College and Graduate School of Arts & Sciences,0,0,8,,0,0,1,0,0,0,0.0,0
1360,3.6,2022,Working,1,Economics,Male,College and Graduate School of Arts & Sciences,1,0,19,3.57,0,1,0,0,0,0,0.0,0
1361,3.6,2022,Working,1,Economics,Male,College and Graduate School of Arts & Sciences,1,0,19,,0,1,0,0,0,0,0.0,0
1362,3.6,2022,Working,0,Statistics,Male,College and Graduate School of Arts & Sciences,1,0,23,,0,0,0,0,0,0,7.0,1
1363,3.6,2022,Working,0,Statistics,Male,College and Graduate School of Arts & Sciences,1,0,23,3.94,0,0,0,0,0,0,7.0,1
1364,3.6,2022,Continuing Education,0,Education - Speech Communication Disorders,Female,School of Education and Human Development,0,0,0,,0,0,1,0,0,0,0.0,0
1365,3.6,2022,Working,0,Economics,Male,College and Graduate School of Arts & Sciences,1,0,73,3.9,0,0,0,0,0,1,1.0,1
1366,3.6,2022,Working,0,Economics,Male,College and Graduate School of Arts & Sciences,1,0,73,3.2,0,0,0,0,0,1,1.0,1
1367,3.6,2022,Working,0,History,Male,College and Graduate School of Arts & Sciences,1,2,0,3.95,0,0,0,0,1,0,0.0,0
1368,3.6,2022,Working,1,Computer Science - Interdisciplinary,Female,College and Graduate School of Arts & Sciences,1,0,72,,0,1,0,0,0,1,0.0,0
1369,3.6,2022,Working,3,Computer Science - Interdisciplinary,Male,College and Graduate School of Arts & Sciences,1,0,65,,0,1,0,0,0,1,0.0,0
1370,3.6,2022,Working,1,Computer Science - Interdisciplinary,Male,College and Graduate School of Arts & Sciences,1,0,38,3.8,0,1,0,0,0,0,0.0,0
1371,3.6,2022,Continuing Education,1,Statistics,Female,College and Graduate School of Arts & Sciences,0,0,0,3.78,0,1,1,0,0,0,0.0,0
1372,3.6,2022,Continuing Education,0,Media Studies - Interdisciplinary,Female,College and Graduate School of Arts & Sciences,0,9,14,3.98,0,0,1,0,1,0,0.0,0
1373,3.6,2022,Continuing Education,0,Media Studies - Interdisciplinary,Female,College and Graduate School of Arts & Sciences,0,9,14,,0,0,1,0,1,0,0.0,0
1374,3.6,2022,Working,1,Economics,Female,College and Graduate School of Arts & Sciences,1,1,1,4.0,0,1,0,0,0,0,0.0,0
1375,3.6,2022,Working,1,Economics,Female,College and Graduate School of Arts & Sciences,1,1,1,3.5,0,1,0,0,0,0,0.0,0
1376,3.6,2022,Working,1,Economics,Female,College and Graduate School of Arts & Sciences,1,0,14,,0,1,0,0,0,0,0.0,0
1377,3.6,2022,Continuing Education,0,Foreign Affairs,Male,College and Graduate School of Arts & Sciences,0,4,301,3.94,0,0,1,0,1,1,0.0,0
1378,3.6,2022,Continuing Education,0,Foreign Affairs,Male,College and Graduate School of Arts & Sciences,0,4,301,3.74,0,0,1,0,1,1,0.0,0
1379,3.6,2022,Continuing Education,0,Foreign Affairs,Male,College and Graduate School of Arts & Sciences,0,4,301,4.0,0,0,1,0,1,1,0.0,0
1380,3.6,2022,Continuing Education,2,Education - Speech Communication Disorders,Female,School of Education and Human Development,0,0,0,,0,1,1,0,0,0,0.0,0
1381,3.6,2022,Continuing Education,2,Education - Speech Communication Disorders,Female,School of Education and Human Development,0,0,0,3.8,0,1,1,0,0,0,0.0,0
1382,3.6,2022,Continuing Education,2,Education - Speech Communication Disorders,Female,School of Education and Human Development,0,0,0,4.2,0,1,1,0,0,0,0.0,0
1383,3.6,2022,Working,0,Psychology,Female,College and Graduate School of Arts & Sciences,1,0,11,3.4,0,0,0,0,0,0,0.0,0
1384,3.6,2022,Working,0,Psychology,Female,College and Graduate School of Arts & Sciences,1,0,11,3.78,0,0,0,0,0,0,0.0,0
1385,3.6,2022,Working,1,Biology,Male,College and Graduate School of Arts & Sciences,1,0,1,3.9,0,1,0,0,0,0,0.0,0
1386,3.6,2022,Continuing Education,1,Statistics,Male,College and Graduate School of Arts & Sciences,0,0,8,,0,1,1,0,0,0,0.0,0
1387,3.6,2022,Working,2,Computer Science - Interdisciplinary,Male,College and Graduate School of Arts & Sciences,1,0,0,4.0,0,1,0,0,0,0,0.0,0
1388,3.6,2022,Continuing Education,2,Economics,Female,College and Graduate School of Arts & Sciences,0,1,17,,0,1,1,0,0,0,0.0,0
1389,3.6,2022,Continuing Education,2,Economics,Female,College and Graduate School of Arts & Sciences,0,1,17,3.6,0,1,1,0,0,0,0.0,0
1390,3.6,2022,Continuing Education,3,History,Male,College and Graduate School of Arts & Sciences,0,1,334,4.63,1,1,1,0,0,1,1.0,1
1391,3.6,2022,Continuing Education,3,History,Male,College and Graduate School of Arts & Sciences,0,1,334,,1,1,1,0,0,1,1.0,1
1392,3.6,2022,Continuing Education,3,History,Male,College and Graduate School of Arts & Sciences,0,1,334,3.76,1,1,1,0,0,1,1.0,1
1393,3.6,2022,Continuing Education,0,Anthropology,Female,College and Graduate School of Arts & Sciences,0,0,24,,0,0,1,0,0,0,0.0,0
1394,3.6,2022,Continuing Education,2,Statistics,Male,College and Graduate School of Arts & Sciences,0,6,21,3.91,0,1,1,0,1,0,0.0,0
1395,3.6,2022,Continuing Education,2,Statistics,Male,College and Graduate School of Arts & Sciences,0,6,21,,0,1,1,0,1,0,0.0,0
1396,3.6,2022,Working,3,Government,Female,College and Graduate School of Arts & Sciences,1,0,0,3.75,0,1,0,0,0,0,0.0,0
1397,3.6,2022,Working,2,Computer Science - Interdisciplinary,Female,College and Graduate School of Arts & Sciences,1,0,8,,0,1,0,0,0,0,0.0,0
1398,3.6,2022,Working,2,Computer Science - Interdisciplinary,Female,College and Graduate School of Arts & Sciences,1,0,8,3.5,0,1,0,0,0,0,0.0,0
1399,3.6,2022,Continuing Education,1,Education - Athletic Training,Female,School of Education and Human Development,0,0,1,3.94,0,1,1,0,0,0,0.0,0
1400,3.6,2022,Continuing Education,1,Data Science,Male,School of Data Science,0,3,163,,0,1,1,0,1,1,1.0,1
1401,3.6,2022,Not Seeking,0,Physics,Male,College and Graduate School of Arts & Sciences,0,0,0,,0,0,0,0,0,0,0.0,0
1402,3.6,2022,Working,0,Computer Science - Interdisciplinary,Female,College and Graduate School of Arts & Sciences,1,0,0,,0,0,0,0,0,0,0.0,0
1403,3.6,2022,Working,0,Physics,Female,College and Graduate School of Arts & Sciences,1,0,5,,0,0,0,0,0,0,0.0,0
1404,3.6,2022,Working,0,Public Health,Female,School of Medicine,1,0,69,,0,0,0,0,0,1,0.0,0
1405,3.6,2022,Working,0,Public Health,Female,School of Medicine,1,0,69,3.8,0,0,0,0,0,1,0.0,0
1406,3.6,2022,Working,1,Engineering - Chemical Engineering,Female,School of Engineering & Applied Science,1,0,0,,0,1,0,0,0,0,0.0,0
1407,3.6,2022,Working,0,Engineering - Computer Science,Male,School of Engineering & Applied Science,1,0,0,,0,0,0,0,0,0,0.0,0
1408,3.6,2022,Working,3,Education - Speech Communication Disorders,Female,School of Education and Human Development,1,0,0,,0,1,0,0,0,0,0.0,0
1409,3.6,2022,Working,0,Architecture,Male,School of Architecture,1,0,0,,0,0,0,0,0,0,0.0,0
1410,3.6,2022,Working,0,Engineering - Systems Engineering,Male,School of Engineering & Applied Science,1,0,0,,0,0,0,0,0,0,0.0,0
1411,3.6,2022,Working,0,Engineering - Computer Engineering,Male,School of Engineering & Applied Science,1,2,98,,0,0,0,0,1,1,0.0,0
1412,3.6,2022,Working,0,Engineering - Computer Engineering,Male,School of Engineering & Applied Science,1,2,98,3.9,0,0,0,0,1,1,0.0,0
1413,3.6,2022,Working,0,Data Science,Male,School of Data Science,1,0,19,,0,0,0,0,0,0,0.0,0
1414,3.6,2022,Working,0,Education - Higher Education,Female,School of Education and Human Development,1,5,13,,0,0,0,0,1,0,2.0,1
1415,3.6,2022,Working,1,Engineering - Computer Engineering,Male,School of Engineering & Applied Science,1,0,0,,0,1,0,0,0,0,0.0,0
1416,3.6,2022,Working,1,Engineering - Computer Engineering,Male,School of Engineering & Applied Science,1,0,0,3.9,0,1,0,0,0,0,0.0,0
1417,3.6,2022,Working,0,Data Science,Female,School of Data Science,1,0,0,4.0,0,0,0,0,0,0,0.0,0
1418,3.6,2022,Working,2,Physics,Male,College and Graduate School of Arts & Sciences,1,0,0,3.9,0,1,0,0,0,0,0.0,0
1419,3.6,2022,Working,2,Physics,Male,College and Graduate School of Arts & Sciences,1,0,0,4.0,0,1,0,0,0,0,0.0,0
1420,3.6,2022,Working,0,Education - Curriculum & Instruction,Female,School of Education and Human Development,1,0,0,,0,0,0,0,0,0,0.0,0
1421,3.6,2022,Working,0,Engineering - Materials Science & Engineering,Male,School of Engineering & Applied Science,1,0,1,3.5,0,0,0,0,0,0,0.0,0
1422,3.6,2022,Working,0,Engineering - Materials Science & Engineering,Male,School of Engineering & Applied Science,1,0,1,3.4,0,0,0,0,0,0,0.0,0
1423,3.6,2022,Working,0,Education - English Education,Female,School of Education and Human Development,1,0,0,,0,0,0,0,0,0,0.0,0
1424,3.6,2022,Working,0,Education - English Education,Female,School of Education and Human Development,1,0,0,3.4,0,0,0,0,0,0,0.0,0
1425,3.6,2022,Working,3,Engineering - Systems Engineering,Male,School of Engineering & Applied Science,1,0,3,3.1,0,1,0,0,0,0,0.0,0
1426,3.6,2022,Continuing Education,0,History,Male,College and Graduate School of Arts & Sciences,0,0,0,,0,0,1,0,0,0,0.0,0
1427,3.6,2022,Working,0,Engineering - Mechanical & Aerospace Engineering,Male,School of Engineering & Applied Science,1,0,0,,0,0,0,0,0,0,3.0,1
1428,3.6,2022,Working,0,Engineering - Mechanical & Aerospace Engineering,Male,School of Engineering & Applied Science,1,0,0,,0,0,0,0,0,0,0.0,0
1429,3.6,2022,Working,1,Engineering - Systems Engineering,Male,School of Engineering & Applied Science,1,0,0,,0,1,0,0,0,0,0.0,0
1430,3.6,2022,Working,1,Engineering - Systems Engineering,Male,School of Engineering & Applied Science,1,0,0,3.54,0,1,0,0,0,0,0.0,0
1431,3.6,2022,Working,0,Education - Educational Psychology,Male,School of Education and Human Development,1,0,0,,0,0,0,0,0,0,0.0,0
1432,3.6,2022,Working,1,Biology,Female,College and Graduate School of Arts & Sciences,1,0,0,,0,1,0,0,0,0,0.0,0
1433,3.6,2022,Working,1,Engineering - Chemical Engineering,Female,School of Engineering & Applied Science,1,0,0,,0,1,0,0,0,0,0.0,0
1434,3.6,2022,Working,0,Education - Curriculum & Instruction,Female,School of Education and Human Development,1,0,0,3.97,0,0,0,0,0,0,0.0,0
1435,3.6,2022,Working,0,Data Science,Male,School of Data Science,1,0,0,,0,0,0,0,0,0,0.0,0
1436,3.6,2022,Working,0,Data Science,Male,School of Data Science,1,0,5,,0,0,0,0,0,0,0.0,0
1437,3.6,2022,Working,2,Education - English Education,Female,School of Education and Human Development,1,0,0,,0,1,0,0,0,0,0.0,0
1438,3.6,2022,Working,1,Education - Higher Education,Female,School of Education and Human Development,1,0,0,,0,1,0,0,0,0,0.0,0
1439,3.6,2022,Working,0,Chemistry,Male,College and Graduate School of Arts & Sciences,1,0,1,,0,0,0,0,0,0,0.0,0
1440,3.6,2022,Working,0,Engineering - Computer Science,Male,School of Engineering & Applied Science,1,0,0,,0,0,0,0,0,0,0.0,0
1441,3.6,2022,Working,1,Architecture - Landscape Architecture,Female,School of Architecture,1,0,0,3.69,0,1,0,0,0,0,0.0,0
1442,3.6,2022,Working,0,Engineering - Biomedical Engineering,Male,School of Engineering & Applied Science,1,0,0,3.8,0,0,0,0,0,0,0.0,0
1443,3.6,2022,Working,0,Engineering - Biomedical Engineering,Male,School of Engineering & Applied Science,1,0,0,,0,0,0,0,0,0,0.0,0
1444,3.6,2022,Working,0,Engineering - Mechanical & Aerospace Engineering,Male,School of Engineering & Applied Science,1,0,0,3.91,0,0,0,0,0,0,0.0,0
1445,3.6,2022,Working,0,Architecture - Landscape Architecture,Female,School of Architecture,1,0,0,,0,0,0,0,0,0,0.0,0
1446,3.6,2022,Working,0,Physics,Male,College and Graduate School of Arts & Sciences,1,0,0,3.84,0,0,0,0,0,0,0.0,0
1447,3.6,2022,Working,0,Data Science,Male,School of Data Science,1,0,16,,0,0,0,0,0,0,0.0,0
1448,3.6,2022,Working,1,Engineering - Computer Science,Female,School of Engineering & Applied Science,1,0,0,,0,1,0,0,0,0,0.0,0
1449,3.6,2022,Working,1,Engineering - Computer Science,Female,School of Engineering & Applied Science,1,0,0,3.88,0,1,0,0,0,0,0.0,0
1450,3.6,2022,Working,0,Education - Educational Psychology,Female,School of Education and Human Development,1,0,23,3.93,0,0,0,0,0,0,0.0,0
1451,3.6,2022,Working,0,Education - Educational Psychology,Female,School of Education and Human Development,1,0,23,,0,0,0,0,0,0,0.0,0
1452,3.6,2022,Working,1,Education - Educational Psychology,Female,School of Education and Human Development,1,0,21,,0,1,0,0,0,0,0.0,0
1453,3.6,2022,Working,0,Engineering - Civil Engineering,Female,School of Engineering & Applied Science,1,1,0,,0,0,0,0,0,0,0.0,0
1454,3.6,2022,Working,0,Education - Curriculum & Instruction,Female,School of Education and Human Development,1,0,0,,0,0,0,0,0,0,0.0,0
1455,3.6,2022,Working,2,Public Health,Female,School of Medicine,1,0,18,3.88,0,1,0,0,0,0,0.0,0
1456,3.6,2022,Working,2,Public Health,Female,School of Medicine,1,0,18,,0,1,0,0,0,0,0.0,0
1457,3.6,2022,Working,2,Engineering - Computer Science,Male,School of Engineering & Applied Science,1,0,2,3.5,0,1,0,0,0,0,0.0,0
1458,3.6,2022,Working,2,Engineering - Computer Science,Male,School of Engineering & Applied Science,1,0,2,,0,1,0,0,0,0,0.0,0
1459,3.6,2022,Working,1,Engineering - Computer Science,Male,School of Engineering & Applied Science,1,0,22,3.82,0,1,0,0,0,0,0.0,0
1460,3.6,2022,Working,1,Engineering - Computer Science,Male,School of Engineering & Applied Science,1,0,22,4.0,0,1,0,0,0,0,0.0,0
1461,3.6,2022,Working,0,Data Science,Male,School of Data Science,1,3,31,,0,0,0,0,1,0,0.0,0
1462,3.6,2022,Working,1,Architecture,Female,School of Architecture,1,1,18,3.96,0,1,0,0,0,0,0.0,0
1463,3.6,2022,Working,1,Architecture,Female,School of Architecture,1,1,18,,0,1,0,0,0,0,0.0,0
1464,3.6,2022,Working,0,Education - Social Studies Education,Female,School of Education and Human Development,1,1,9,4.0,0,0,0,0,0,0,0.0,0
1465,3.6,2022,Working,0,Education - Social Studies Education,Female,School of Education and Human Development,1,1,9,3.91,0,0,0,0,0,0,0.0,0
1466,3.6,2022,Working,2,Education - Social Studies Education,Female,School of Education and Human Development,1,1,0,,0,1,0,0,0,0,0.0,0
1467,3.6,2022,Working,1,Education - Counselor Education,Female,School of Education and Human Development,1,1,0,3.66,0,1,0,0,0,0,0.0,0
1468,3.6,2022,Working,1,Education - Counselor Education,Female,School of Education and Human Development,1,1,0,,0,1,0,0,0,0,0.0,0
1469,3.6,2022,Working,2,Data Science,Female,School of Data Science,1,0,21,3.53,0,1,0,0,0,0,0.0,0
1470,3.6,2022,Working,2,Data Science,Female,School of Data Science,1,0,21,4.0,0,1,0,0,0,0,0.0,0
1471,3.6,2022,Working,2,Education - English Education,Female,School of Education and Human Development,1,1,9,4.0,0,1,0,0,0,0,0.0,0
1472,3.6,2022,Working,2,Education - English Education,Female,School of Education and Human Development,1,1,9,3.97,0,1,0,0,0,0,0.0,0
1473,3.6,2022,Working,2,Education - English Education,Female,School of Education and Human Development,1,1,9,,0,1,0,0,0,0,0.0,0
1474,3.6,2022,Working,2,Data Science,Female,School of Data Science,1,0,0,3.96,0,1,0,0,0,0,0.0,0
1475,3.6,2022,Working,2,Data Science,Female,School of Data Science,1,0,0,4.0,0,1,0,0,0,0,0.0,0
1476,3.6,2022,Working,1,Architecture,Female,School of Architecture,1,1,0,3.7,0,1,0,0,0,0,0.0,0
1477,3.6,2022,Working,1,Architecture,Female,School of Architecture,1,1,0,,0,1,0,0,0,0,0.0,0
1478,3.6,2022,Working,1,Education - Special Education,Female,School of Education and Human Development,1,0,0,,0,1,0,0,0,0,0.0,0
1479,3.6,2022,Working,2,Data Science,Female,School of Data Science,1,0,14,3.56,0,1,0,0,0,0,5.0,1
1480,3.6,2022,Working,2,Data Science,Female,School of Data Science,1,0,14,,0,1,0,0,0,0,5.0,1
1481,3.6,2022,Working,1,Education - Counselor Education,Male,School of Education and Human Development,1,1,0,,0,1,0,0,0,0,0.0,0
1482,3.6,2022,Working,0,Data Science,Female,School of Data Science,1,0,4,,0,0,0,0,0,0,0.0,0
1483,3.6,2022,Working,1,Architecture - Urban & Environmental Planning,Male,School of Architecture,1,0,8,,0,1,0,0,0,0,0.0,0
1484,3.6,2022,Working,0,Education - Elementary Education,Male,School of Education and Human Development,1,1,0,4.0,0,0,0,0,0,0,0.0,0
1485,3.6,2022,Working,0,Biology,Female,College and Graduate School of Arts & Sciences,1,0,0,,0,0,0,0,0,0,0.0,0
1486,3.6,2022,Working,2,Education - Social Studies Education,Female,School of Education and Human Development,1,1,0,,0,1,0,0,0,0,0.0,0
1487,3.6,2022,Working,0,Architecture,Male,School of Architecture,1,0,0,4.0,0,0,0,0,0,0,0.0,0
1488,3.6,2022,Working,2,Education - Social Studies Education,Female,School of Education and Human Development,1,1,0,,0,1,0,0,0,0,0.0,0
1489,3.6,2022,Working,2,Education - Social Studies Education,Female,School of Education and Human Development,1,1,0,4.0,0,1,0,0,0,0,0.0,0
1490,3.6,2022,Working,2,Architecture,Male,School of Architecture,1,1,9,,0,1,0,0,0,0,0.0,0
1491,3.6,2022,Working,2,Education - Counselor Education,Female,School of Education and Human Development,1,0,0,,0,1,0,0,0,0,0.0,0
1492,3.6,2022,Working,0,Data Science,Female,School of Data Science,1,0,31,3.96,0,0,0,0,0,0,0.0,0
1493,3.6,2022,Working,0,Data Science,Female,School of Data Science,1,0,31,3.65,0,0,0,0,0,0,0.0,0
1494,3.6,2022,Working,2,Education - Special Education,Female,School of Education and Human Development,1,2,0,,0,1,0,0,1,0,0.0,0
1495,3.6,2022,Working,1,Foreign Affairs,Male,College and Graduate School of Arts & Sciences,1,0,0,,0,1,0,0,0,0,0.0,0
1496,3.6,2022,Working,2,Science Education,Female,School of Education and Human Development,1,1,0,,0,1,0,0,0,0,0.0,0
1497,3.6,2022,Working,0,Education - Science Education,Female,School of Education and Human Development,1,1,18,3.56,0,0,0,0,0,0,1.0,1
1498,3.6,2022,Working,0,Education - Science Education,Female,School of Education and Human Development,1,1,18,4.0,0,0,0,0,0,0,1.0,1
1499,3.6,2022,Working,2,Education - Counselor Education,Female,School of Education and Human Development,1,0,0,,0,1,0,0,0,0,0.0,0
1500,3.6,2022,Working,1,Architecture,Male,School of Architecture,1,2,0,,0,1,0,0,1,0,0.0,0
1501,3.6,2022,Working,1,Architecture,Male,School of Architecture,1,2,0,3.9,0,1,0,0,1,0,0.0,0
1502,3.6,2022,Working,1,Architecture,Male,School of Architecture,1,1,3,,0,1,0,0,0,0,0.0,0
1503,3.6,2022,Working,2,Education - Social Studies Education,Female,School of Education and Human Development,1,1,11,,0,1,0,0,0,0,0.0,0
1504,3.6,2022,Working,2,Education - Elementary Education,Female,School of Education and Human Development,1,1,0,,0,1,0,0,0,0,0.0,0
1505,3.6,2022,Working,0,Data Science,Female,School of Data Science,1,2,96,4.0,0,0,0,0,1,1,0.0,0
1506,3.6,2022,Working,0,Data Science,Female,School of Data Science,1,2,96,3.52,0,0,0,0,1,1,0.0,0
1507,3.6,2022,Working,0,Data Science,Female,School of Data Science,1,0,10,4.0,0,0,0,0,0,0,0.0,0
1508,3.6,2022,Working,0,Data Science,Female,School of Data Science,1,0,10,3.4,0,0,0,0,0,0,0.0,0
1509,3.6,2022,Working,1,Architecture,Male,School of Architecture,1,0,0,,0,1,0,0,0,0,0.0,0
1510,3.6,2022,Working,1,Architecture,Male,School of Architecture,1,0,0,3.15,0,1,0,0,0,0,0.0,0
1511,3.6,2022,Working,0,Data Science,Male,School of Data Science,1,1,48,,0,0,0,0,0,1,0.0,0
1512,3.6,2022,Working,1,Architecture,Female,School of Architecture,1,1,60,,0,1,0,0,0,1,0.0,0
1513,3.6,2022,Working,1,Architecture,Male,School of Architecture,1,1,1,3.2,0,1,0,0,0,0,0.0,0
1514,3.6,2022,Working,1,Architecture,Male,School of Architecture,1,1,1,3.7,0,1,0,0,0,0,0.0,0
1515,3.6,2022,Working,2,Education - Elementary Education,Female,School of Education and Human Development,1,1,10,,0,1,0,0,0,0,0.0,0
1516,3.6,2022,Working,2,Education - Elementary Education,Female,School of Education and Human Development,1,1,10,4.2,0,1,0,0,0,0,0.0,0
1517,3.6,2022,Working,2,Education - Elementary Education,Female,School of Education and Human Development,1,1,10,4.0,0,1,0,0,0,0,0.0,0
1518,3.6,2022,Working,2,Education - Special Education,Female,School of Education and Human Development,1,1,0,,0,1,0,0,0,0,0.0,0
1519,3.6,2022,Working,2,Urban and Environmental Planning,Female,School of Architecture,1,0,2,3.8,0,1,0,0,0,0,0.0,0
1520,3.6,2022,Working,2,Urban and Environmental Planning,Female,School of Architecture,1,0,2,,0,1,0,0,0,0,0.0,0
1521,3.6,2022,Working,0,Education - Elementary Education,Female,School of Education and Human Development,1,1,9,,0,0,0,0,0,0,0.0,0
1522,3.6,2022,Working,1,Education - Social Studies Education,Male,School of Education and Human Development,1,1,0,4.0,0,1,0,0,0,0,0.0,0
1523,3.6,2022,Working,1,Education - Social Studies Education,Male,School of Education and Human Development,1,1,0,3.65,0,1,0,0,0,0,0.0,0
1524,3.6,2022,Working,0,Education - English Education,Female,School of Education and Human Development,1,1,11,,0,0,0,0,0,0,0.0,0
1525,3.6,2022,Working,0,Data Science,Female,School of Data Science,1,0,0,,0,0,0,0,0,0,0.0,0
1526,3.6,2022,Working,0,Economics,Male,College and Graduate School of Arts & Sciences,1,0,2,,0,0,0,0,0,0,0.0,0
1527,3.6,2022,Working,0,Education - Athletic Training,Female,School of Education and Human Development,1,0,0,,0,0,0,0,0,0,0.0,0
1528,3.6,2022,Continuing Education,0,Data Science,Male,School of Data Science,0,0,33,3.7,0,0,1,0,0,0,0.0,0
1529,3.6,2022,Continuing Education,0,Data Science,Male,School of Data Science,0,0,33,,0,0,1,0,0,0,0.0,0
1530,3.6,2022,Working,1,Architecture - Architectural History,Female,School of Architecture,1,1,0,,0,1,0,0,0,0,0.0,0
1531,3.6,2022,Working,1,Architecture,Female,School of Architecture,1,1,1,,0,1,0,0,0,0,0.0,0
1532,3.6,2022,Working,1,Data Science,Female,School of Data Science,1,0,56,3.6,0,1,0,0,0,1,0.0,0
1533,3.6,2022,Working,1,Data Science,Female,School of Data Science,1,0,56,4.0,0,1,0,0,0,1,0.0,0
1534,3.6,2022,Working,1,Education - Science Education,Male,School of Education and Human Development,1,1,0,,0,1,0,0,0,0,0.0,0
1535,3.6,2022,Working,1,Architecture,Female,School of Architecture,1,1,0,3.99,0,1,0,0,0,0,0.0,0
1536,3.6,2022,Working,1,Architecture,Female,School of Architecture,1,1,0,3.45,0,1,0,0,0,0,0.0,0
1537,3.6,2022,Working,3,Architecture,Female,School of Architecture,1,2,1,,0,1,0,0,1,0,0.0,0
1538,3.6,2022,Working,3,Architecture,Female,School of Architecture,1,2,1,3.7,0,1,0,0,1,0,0.0,0
1539,3.6,2022,Working,2,Education - Counselor Education,Female,School of Education and Human Development,1,1,9,4.0,0,1,0,0,0,0,0.0,0
1540,3.6,2022,Continuing Education,1,Architecture - Urban & Environmental Planning,Female,School of Architecture,0,0,9,,0,1,1,0,0,0,0.0,0
1541,3.6,2022,Working,2,Education - Science Education,Male,School of Education and Human Development,1,1,0,,0,1,0,0,0,0,0.0,0
1542,3.6,2022,Working,2,Education - Elementary Education,Male,School of Education and Human Development,1,0,2,3.9,0,1,0,0,0,0,0.0,0
1543,3.6,2022,Working,2,Education - Elementary Education,Female,School of Education and Human Development,1,1,9,3.87,0,1,0,0,0,0,1.0,1
1544,3.6,2022,Working,2,Education - Elementary Education,Female,School of Education and Human Development,1,1,9,4.0,0,1,0,0,0,0,1.0,1
1545,3.6,2022,Working,2,Education - Science Education,Male,School of Education and Human Development,1,1,1,,0,1,0,0,0,0,0.0,0
1546,3.6,2022,Working,1,Education - Counselor Education,Female,School of Education and Human Development,1,1,0,,0,1,0,0,0,0,0.0,0
1547,3.6,2022,Working,1,Education - Elementary Education,Female,School of Education and Human Development,1,1,9,,0,1,0,0,0,0,0.0,0
1548,3.6,2022,Working,1,Education - Educational Policy (Policy Studies),Male,School of Education and Human Development,1,0,2,3.67,0,1,0,0,0,0,0.0,0
1549,3.6,2022,Working,1,Education - Educational Policy (Policy Studies),Male,School of Education and Human Development,1,0,2,3.95,0,1,0,0,0,0,0.0,0
1550,3.6,2022,Working,1,Education - Educational Policy (Policy Studies),Male,School of Education and Human Development,1,0,2,,0,1,0,0,0,0,0.0,0
1551,3.6,2022,Working,0,Engineering - Systems Engineering,Male,School of Engineering & Applied Science,1,1,0,4.0,0,0,0,0,0,0,0.0,0
1552,3.6,2022,Working,0,Engineering - Systems Engineering,Male,School of Engineering & Applied Science,1,1,0,,0,0,0,0,0,0,0.0,0
1553,3.6,2022,Working,0,Data Science,Female,School of Data Science,1,0,1,,0,0,0,0,0,0,0.0,0
1554,3.6,2022,Continuing Education,0,Engineering - Computer Science,Male,School of Engineering & Applied Science,0,0,3,3.75,0,0,1,0,0,0,0.0,0
1555,3.6,2022,Continuing Education,0,Engineering - Computer Science,Male,School of Engineering & Applied Science,0,0,3,3.88,0,0,1,0,0,0,0.0,0
1556,3.6,2022,Continuing Education,0,Engineering - Computer Science,Male,School of Engineering & Applied Science,0,0,3,3.8,0,0,1,0,0,0,0.0,0
1557,3.6,2022,Working,0,Education - Research Statistics & Evaluation,Female,School of Education and Human Development,1,0,0,,0,0,0,0,0,0,0.0,0
1558,3.6,2022,Working,0,Chemistry,Female,College and Graduate School of Arts & Sciences,1,0,5,3.62,0,0,0,0,0,0,0.0,0
1559,3.6,2022,Working,0,Chemistry,Female,College and Graduate School of Arts & Sciences,1,0,5,,0,0,0,0,0,0,0.0,0
1560,3.6,2022,Working,0,Data Science,Male,School of Data Science,1,1,3,,0,0,0,0,0,0,1.0,1
1561,3.6,2022,Working,0,Biology,Female,College and Graduate School of Arts & Sciences,1,0,0,,0,0,0,0,0,0,0.0,0
1562,3.6,2022,Working,2,Engineering - Systems Engineering,Female,School of Engineering & Applied Science,1,0,113,,0,1,0,0,0,1,0.0,0
1563,3.6,2022,Working,2,Engineering - Computer Science,Male,School of Engineering & Applied Science,1,0,1,3.96,0,1,0,0,0,0,0.0,0
1564,3.6,2022,Working,2,Engineering - Computer Science,Male,School of Engineering & Applied Science,1,0,1,3.7,0,1,0,0,0,0,0.0,0
1565,3.6,2022,Working,0,Sociology,Male,College and Graduate School of Arts & Sciences,1,0,0,,0,0,0,0,0,0,0.0,0
1566,3.6,2022,Working,0,Public Safety,Male,School of Continuing and Professional Studies,1,0,0,,0,0,0,0,0,0,0.0,0
1567,3.6,2022,Working,1,Education - Higher Education,Female,School of Education and Human Development,1,1,0,,0,1,0,0,0,0,0.0,0
1568,3.6,2022,Working,0,Public Health,Female,School of Medicine,1,0,29,3.81,0,0,0,0,0,0,3.0,1
1569,3.6,2022,Working,0,Public Health,Female,School of Medicine,1,0,29,3.5,0,0,0,0,0,0,3.0,1
1570,3.6,2022,Continuing Education,2,Economics,Male,College and Graduate School of Arts & Sciences,0,3,15,3.97,0,1,1,0,1,0,0.0,0
1571,3.6,2022,Working,1,Education - Educational Psychology,Female,School of Education and Human Development,1,0,2,,0,1,0,0,0,0,0.0,0
1572,3.6,2022,Working,3,Education - Kinesiology,Female,School of Education and Human Development,1,0,0,,0,1,0,0,0,0,3.0,1
1573,3.6,2022,Continuing Education,3,Education - Kinesiology,Female,School of Education and Human Development,0,0,0,,0,1,1,0,0,0,0.0,0
1574,3.6,2022,Working,0,Engineering - Chemical Engineering,Male,School of Engineering & Applied Science,1,0,0,4.0,0,0,0,0,0,0,0.0,0
1575,3.6,2022,Continuing Education,1,Engineering - Computer Science,Male,School of Engineering & Applied Science,0,0,0,,0,1,1,0,0,0,0.0,0
1576,3.6,2022,Continuing Education,1,Engineering - Computer Science,Male,School of Engineering & Applied Science,0,0,0,3.61,0,1,1,0,0,0,0.0,0
1577,3.6,2022,Working,2,Engineering - Materials Science & Engineering,Male,School of Engineering & Applied Science,1,0,2,3.66,0,1,0,0,0,0,0.0,0
1578,3.6,2022,Working,0,Mathematics,Male,College and Graduate School of Arts & Sciences,1,0,0,,0,0,0,0,0,0,0.0,0
1579,3.6,2022,Working,0,Public Health,Female,School of Medicine,1,0,0,,0,0,0,0,0,0,0.0,0
1580,3.6,2022,Working,3,Engineering - Biomedical Engineering,Female,School of Engineering & Applied Science,1,1,0,3.9,0,1,0,0,0,0,0.0,0
1581,3.6,2022,Working,3,Engineering - Biomedical Engineering,Female,School of Engineering & Applied Science,1,1,0,4.0,0,1,0,0,0,0,0.0,0
1582,3.6,2022,Working,3,Engineering - Biomedical Engineering,Female,School of Engineering & Applied Science,1,1,0,,0,1,0,0,0,0,0.0,0
1583,3.6,2022,Working,0,Engineering - Civil Engineering,Male,School of Engineering & Applied Science,1,0,0,3.91,0,0,0,0,0,0,0.0,0
1584,3.6,2022,Working,0,Engineering - Systems Engineering,Male,School of Engineering & Applied Science,1,1,0,3.52,0,0,0,0,0,0,0.0,0
1585,3.6,2022,Working,0,Engineering - Systems Engineering,Male,School of Engineering & Applied Science,1,1,0,3.7,0,0,0,0,0,0,0.0,0
1586,3.6,2022,Working,0,Neuroscience,Male,School of Medicine,1,0,0,3.6,0,0,0,0,0,0,0.0,0
1587,3.6,2022,Working,1,Engineering - Systems Engineering,Male,School of Engineering & Applied Science,1,0,0,3.7,0,1,0,0,0,0,3.0,1
1588,3.6,2022,Working,0,Engineering - Computer Science,Male,School of Engineering & Applied Science,1,2,74,3.52,0,0,0,0,1,1,20.0,1
1589,3.6,2022,Working,0,Engineering - Computer Science,Male,School of Engineering & Applied Science,1,2,74,4.0,0,0,0,0,1,1,20.0,1
1590,3.6,2022,Working,0,Engineering - Systems Engineering,Female,School of Engineering & Applied Science,1,1,0,,0,0,0,0,0,0,0.0,0
1591,3.6,2022,Working,3,Data Science,Male,School of Data Science,1,0,7,3.94,0,1,0,0,0,0,3.0,1
1592,3.6,2022,Working,3,Data Science,Male,School of Data Science,1,0,7,3.8,0,1,0,0,0,0,3.0,1
1593,3.6,2022,Working,1,Engineering - Chemical Engineering,Male,School of Engineering & Applied Science,1,0,0,,0,1,0,0,0,0,0.0,0
1594,3.6,2022,Working,1,Data Science,Male,School of Data Science,1,0,0,3.1,0,1,0,0,0,0,0.0,0
1595,3.6,2022,Working,1,Data Science,Male,School of Data Science,1,0,0,3.95,0,1,0,0,0,0,0.0,0
1596,3.6,2022,Working,1,Statistics,Female,College and Graduate School of Arts & Sciences,1,0,0,,0,1,0,0,0,0,0.0,0
1597,3.6,2022,Working,2,Public Health,Female,School of Medicine,1,0,0,3.6,0,1,0,0,0,0,0.0,0
1598,3.6,2022,Working,2,Public Health,Female,School of Medicine,1,0,0,,0,1,0,0,0,0,0.0,0
1599,3.6,2022,Working,0,Public Safety,Male,School of Continuing and Professional Studies,1,0,3,3.85,0,0,0,0,0,0,0.0,0
1600,3.6,2022,Working,0,Public Safety,Male,School of Continuing and Professional Studies,1,0,3,3.55,0,0,0,0,0,0,0.0,0
1601,3.6,2022,Working,0,Public Safety,Male,School of Continuing and Professional Studies,1,0,3,3.84,0,0,0,0,0,0,0.0,0
1602,3.6,2022,Working,0,Public Safety,Male,School of Continuing and Professional Studies,1,0,3,4.0,0,0,0,0,0,0,0.0,0
1603,3.6,2022,Working,0,Public Safety,Male,School of Continuing and Professional Studies,1,0,3,3.9,0,0,0,0,0,0,0.0,0
1604,3.6,2022,Working,0,Public Safety,Male,School of Continuing and Professional Studies,1,0,3,3.65,0,0,0,0,0,0,0.0,0
1605,3.6,2022,Working,2,Engineering - Electrical Engineering,Male,School of Engineering & Applied Science,1,1,0,3.88,0,1,0,0,0,0,0.0,0
1606,3.6,2022,Working,1,Education - Higher Education,Female,School of Education and Human Development,1,0,0,4.0,0,1,0,0,0,0,0.0,0
1607,3.6,2022,Working,1,Engineering - Mechanical & Aerospace Engineering,Male,School of Engineering & Applied Science,1,0,0,,0,1,0,0,0,0,0.0,0
1608,3.6,2022,Continuing Education,1,Mathematics,Male,College and Graduate School of Arts & Sciences,0,1,0,3.8,0,1,1,0,0,0,0.0,0
1609,3.6,2022,Continuing Education,1,Mathematics,Male,College and Graduate School of Arts & Sciences,0,1,0,,0,1,1,0,0,0,0.0,0
1610,3.6,2022,Continuing Education,1,Physics,Male,College and Graduate School of Arts & Sciences,0,0,0,,0,1,1,0,0,0,0.0,0
1611,3.6,2022,Working,0,Data Science,Female,School of Data Science,1,0,0,4.0,0,0,0,0,0,0,0.0,0
1612,3.6,2022,Working,0,Engineering - Civil Engineering,Female,School of Engineering & Applied Science,1,3,8,,0,0,0,0,1,0,0.0,0
1613,3.6,2022,Continuing Education,1,English,Female,College and Graduate School of Arts & Sciences,0,0,0,3.91,0,1,1,0,0,0,0.0,0
1614,3.6,2022,Continuing Education,1,English,Female,College and Graduate School of Arts & Sciences,0,0,0,4.0,0,1,1,0,0,0,0.0,0
1615,3.6,2022,Working,0,Data Science,Female,School of Data Science,1,0,0,4.0,0,0,0,0,0,0,0.0,0
1616,3.6,2022,Working,1,Pharmacology,Male,School of Medicine,1,0,0,,0,1,0,0,0,0,0.0,0
1617,3.6,2022,Working,1,Engineering - Computer Engineering,Male,School of Engineering & Applied Science,1,0,59,4.0,0,1,0,0,0,1,0.0,0
1618,3.6,2022,Continuing Education,1,French,Female,College and Graduate School of Arts & Sciences,0,0,0,,0,1,1,0,0,0,2.0,1
1619,3.6,2022,Working,0,Engineering - Systems Engineering,Male,School of Engineering & Applied Science,1,0,3,,0,0,0,0,0,0,2.0,1
1620,3.6,2022,Working,0,Engineering - Civil Engineering,Female,School of Engineering & Applied Science,1,0,9,3.4,0,0,0,0,0,0,0.0,0
1621,3.6,2022,Working,0,Engineering - Civil Engineering,Female,School of Engineering & Applied Science,1,0,9,,0,0,0,0,0,0,0.0,0
1622,3.6,2022,Working,0,Engineering - Electrical Engineering,Male,School of Engineering & Applied Science,1,0,0,,0,0,0,0,0,0,0.0,0
1623,3.6,2022,Working,0,Data Science,Male,School of Data Science,1,0,0,,0,0,0,0,0,0,0.0,0
1624,3.6,2022,Continuing Education,0,Mathematics,Female,College and Graduate School of Arts & Sciences,0,0,0,3.93,0,0,1,0,0,0,0.0,0
1625,3.6,2022,Continuing Education,2,English,Male,College and Graduate School of Arts & Sciences,0,0,0,,0,1,1,0,0,0,0.0,0
1626,3.6,2022,Continuing Education,2,English,Male,College and Graduate School of Arts & Sciences,0,0,0,3.88,0,1,1,0,0,0,0.0,0
1627,3.6,2022,Working,0,Engineering - Systems Engineering,Female,School of Engineering & Applied Science,1,0,1,4.0,0,0,0,0,0,0,0.0,0
1628,3.6,2022,Working,0,Chemistry,Female,College and Graduate School of Arts & Sciences,1,0,0,,0,0,0,0,0,0,0.0,0
1629,3.6,2022,Working,3,Education - Higher Education,Male,School of Education and Human Development,1,1,0,,0,1,0,0,0,0,0.0,0
1630,3.6,2022,Working,0,Data Science,Male,School of Data Science,1,0,7,3.68,0,0,0,0,0,0,0.0,0
1631,3.6,2022,Working,0,Data Science,Male,School of Data Science,1,0,7,,0,0,0,0,0,0,0.0,0
1632,3.6,2022,Working,0,Education - Curriculum & Instruction,Female,School of Education and Human Development,1,0,0,3.97,0,0,0,0,0,0,0.0,0
1633,3.6,2022,Working,0,Psychology,Female,College and Graduate School of Arts & Sciences,1,0,0,,0,0,0,0,0,0,0.0,0
1634,3.6,2022,Working,3,Statistics,Male,College and Graduate School of Arts & Sciences,1,0,0,,0,1,0,0,0,0,1.0,1
1635,3.6,2022,Working,1,Engineering - Mechanical & Aerospace Engineering,Male,School of Engineering & Applied Science,1,0,47,,0,1,0,0,0,0,0.0,0
1636,3.6,2022,Continuing Education,2,Education - Administration & Supervision,Female,School of Education and Human Development,0,1,6,,0,1,1,0,0,0,0.0,0
1637,3.6,2022,Continuing Education,2,Education - Administration & Supervision,Female,School of Education and Human Development,0,1,6,3.5,0,1,1,0,0,0,0.0,0
1638,3.6,2022,Working,2,Public Health,Female,School of Medicine,1,0,0,3.47,0,1,0,0,0,0,0.0,0
1639,3.6,2022,Working,2,Public Health,Female,School of Medicine,1,0,0,4.53,0,1,0,0,0,0,0.0,0
1640,3.6,2022,Working,3,Education - Higher Education,Female,School of Education and Human Development,1,0,2,3.79,0,1,0,0,0,0,0.0,0
1641,3.6,2022,Working,3,Education - Higher Education,Female,School of Education and Human Development,1,0,2,,0,1,0,0,0,0,0.0,0
1642,3.6,2022,Working,0,Engineering - Systems Engineering,Male,School of Engineering & Applied Science,1,0,0,,0,0,0,0,0,0,0.0,0
1643,3.6,2022,Working,0,Engineering - Systems Engineering,Male,School of Engineering & Applied Science,1,4,61,3.5,0,0,0,0,1,1,2.0,1
1644,3.6,2022,Working,0,Engineering - Systems Engineering,Male,School of Engineering & Applied Science,1,4,61,3.7,0,0,0,0,1,1,2.0,1
1645,3.6,2022,Working,0,Engineering - Systems Engineering,Male,School of Engineering & Applied Science,1,4,61,4.0,0,0,0,0,1,1,2.0,1
1646,3.6,2022,Continuing Education,0,Chemistry,Male,College and Graduate School of Arts & Sciences,0,1,0,,0,0,1,0,0,0,0.0,0
1647,3.6,2022,Continuing Education,0,Media Culture & Technology,Male,College and Graduate School of Arts & Sciences,0,0,0,,0,0,1,0,0,0,0.0,0
1648,3.6,2022,Working,1,Education - Athletic Training,Female,School of Education and Human Development,1,0,0,,0,1,0,0,0,0,0.0,0
1649,3.6,2022,Working,0,Engineering - Civil Engineering,Male,School of Engineering & Applied Science,1,0,3,4.0,0,0,0,0,0,0,0.0,0
1650,3.6,2022,Working,0,Engineering - Civil Engineering,Male,School of Engineering & Applied Science,1,0,3,,0,0,0,0,0,0,0.0,0
1651,3.6,2022,Working,0,Engineering - Civil Engineering,Male,School of Engineering & Applied Science,1,0,3,3.83,0,0,0,0,0,0,0.0,0
1652,3.6,2022,Working,3,Engineering - Mechanical & Aerospace Engineering,Male,School of Engineering & Applied Science,1,0,0,,0,1,0,0,0,0,0.0,0
1653,3.6,2022,Working,3,Engineering - Mechanical & Aerospace Engineering,Male,School of Engineering & Applied Science,1,0,0,3.92,0,1,0,0,0,0,0.0,0
1654,3.6,2022,Working,1,Engineering - Computer Engineering,Male,School of Engineering & Applied Science,1,1,0,,0,1,0,0,0,0,0.0,0
1655,3.6,2022,Working,1,Architecture - Urban & Environmental Planning,Female,School of Architecture,1,1,11,,0,1,0,0,0,0,2.0,1
1656,3.6,2022,Working,2,Statistics,Male,College and Graduate School of Arts & Sciences,1,0,28,3.83,0,1,0,0,0,0,0.0,0
1657,3.6,2022,Working,2,Statistics,Male,College and Graduate School of Arts & Sciences,1,0,28,3.88,0,1,0,0,0,0,0.0,0
1658,3.6,2022,Working,2,Statistics,Male,College and Graduate School of Arts & Sciences,1,0,28,,0,1,0,0,0,0,0.0,0
1659,3.6,2022,Working,1,Engineering - Electrical Engineering,Male,School of Engineering & Applied Science,1,0,43,3.82,0,1,0,0,0,0,10.0,1
1660,3.6,2022,Working,1,Engineering - Electrical Engineering,Male,School of Engineering & Applied Science,1,0,43,,0,1,0,0,0,0,10.0,1
1661,3.6,2022,Working,0,Environmental Sciences,Female,College and Graduate School of Arts & Sciences,1,0,0,3.95,0,0,0,0,0,0,2.0,1
1662,3.6,2022,Working,1,Engineering - Biomedical Engineering,Female,School of Engineering & Applied Science,1,0,0,,0,1,0,0,0,0,0.0,0
1663,3.6,2022,Working,1,Engineering - Computer Science,Male,School of Engineering & Applied Science,1,0,0,,0,1,0,0,0,0,0.0,0
1664,3.6,2022,Working,1,Engineering - Computer Science,Male,School of Engineering & Applied Science,1,0,0,3.88,0,1,0,0,0,0,0.0,0
1665,3.6,2022,Working,2,Statistics,Male,College and Graduate School of Arts & Sciences,1,0,29,4.0,0,1,0,0,0,0,0.0,0
1666,3.6,2022,Working,2,Statistics,Male,College and Graduate School of Arts & Sciences,1,0,29,3.84,0,1,0,0,0,0,0.0,0
1667,3.6,2022,Working,0,Engineering - Computer Science,Male,School of Engineering & Applied Science,1,0,0,,0,0,0,0,0,0,0.0,0
1668,3.6,2022,Working,0,Public Safety,Male,School of Continuing and Professional Studies,1,0,0,,0,0,0,0,0,0,0.0,0
1669,3.6,2022,Working,0,Public Health,Female,School of Medicine,1,0,38,3.81,0,0,0,0,0,0,0.0,0
1670,3.6,2022,Working,0,Public Health,Female,School of Medicine,1,0,38,3.8,0,0,0,0,0,0,0.0,0
1671,3.6,2022,Working,0,Engineering - Civil Engineering,Male,School of Engineering & Applied Science,1,0,0,4.0,0,0,0,0,0,0,7.0,1
1672,3.6,2022,Working,0,Data Science,Male,School of Data Science,1,0,3,3.59,0,0,0,0,0,0,0.0,0
1673,3.6,2022,Working,0,Data Science,Male,School of Data Science,1,0,3,,0,0,0,0,0,0,0.0,0
1674,3.6,2022,Working,2,Statistics,Male,College and Graduate School of Arts & Sciences,1,0,0,4.0,0,1,0,0,0,0,0.0,0
1675,3.6,2022,Working,2,Statistics,Male,College and Graduate School of Arts & Sciences,1,0,0,3.57,0,1,0,0,0,0,0.0,0
1676,3.6,2022,Working,2,Statistics,Male,College and Graduate School of Arts & Sciences,1,0,0,3.93,0,1,0,0,0,0,0.0,0
1677,3.6,2022,Working,0,Linguistics,Female,College and Graduate School of Arts & Sciences,1,0,10,4.0,0,0,0,0,0,0,2.0,1
1678,3.6,2022,Working,0,Linguistics,Female,College and Graduate School of Arts & Sciences,1,0,10,3.9,0,0,0,0,0,0,2.0,1
1679,3.6,2022,Working,0,Microbiology,Female,School of Medicine,1,0,2,,0,0,0,0,0,0,0.0,0
1680,3.6,2022,Working,2,Architecture - Urban & Environmental Planning,Female,School of Architecture,1,1,13,,1,1,0,0,0,0,0.0,0
1681,3.6,2022,Working,2,Statistics,Male,College and Graduate School of Arts & Sciences,1,0,4,3.96,0,1,0,0,0,0,0.0,0
1682,3.6,2022,Working,2,Statistics,Male,College and Graduate School of Arts & Sciences,1,0,4,4.0,0,1,0,0,0,0,0.0,0
1683,3.6,2022,Working,2,Psychology,Female,College and Graduate School of Arts & Sciences,1,0,0,,0,1,0,0,0,0,0.0,0
1684,3.6,2022,Working,3,Engineering - Computer Science,Female,School of Engineering & Applied Science,1,0,4,,0,1,0,0,0,0,0.0,0
1685,3.6,2022,Working,0,Engineering - Electrical Engineering,Female,School of Engineering & Applied Science,1,0,58,4.12,0,0,0,0,0,1,0.0,0
1686,3.6,2022,Working,0,Engineering - Electrical Engineering,Female,School of Engineering & Applied Science,1,0,58,,0,0,0,0,0,1,0.0,0
1687,3.6,2022,Working,2,Public Health,Female,School of Medicine,1,0,0,3.81,0,1,0,0,0,0,0.0,0
1688,3.6,2022,Working,2,Public Health,Female,School of Medicine,1,0,0,,0,1,0,0,0,0,0.0,0
1689,3.6,2022,Working,0,Engineering - Computer Science,Female,School of Engineering & Applied Science,1,0,0,,0,0,0,0,0,0,0.0,0
1690,3.6,2022,Working,0,Media Culture & Technology,Female,College and Graduate School of Arts & Sciences,1,0,19,3.7,0,0,0,0,0,0,0.0,0
1691,3.6,2022,Working,0,Media Culture & Technology,Female,College and Graduate School of Arts & Sciences,1,0,19,,0,0,0,0,0,0,0.0,0
1692,3.6,2022,Working,1,English,Female,College and Graduate School of Arts & Sciences,1,0,0,,0,1,0,0,0,0,0.0,0
1693,3.6,2022,Continuing Education,0,Engineering - Chemical Engineering,Female,School of Engineering & Applied Science,0,0,0,,0,0,1,0,0,0,0.0,0
1694,3.6,2022,Working,0,Microbiology,Female,School of Medicine,1,1,4,,0,0,0,0,0,0,0.0,0
1695,3.6,2022,Continuing Education,0,Engineering - Systems Engineering,Male,School of Engineering & Applied Science,0,1,75,3.67,0,0,1,0,0,1,0.0,0
1696,3.6,2022,Continuing Education,0,Engineering - Systems Engineering,Male,School of Engineering & Applied Science,0,1,75,2.95,0,0,1,0,0,1,0.0,0
1697,3.6,2022,Working,0,Neuroscience,Male,School of Medicine,1,1,7,,0,0,0,0,0,0,1.0,1
1698,3.6,2022,Working,0,Neuroscience,Male,School of Medicine,1,1,7,3.78,0,0,0,0,0,0,1.0,1
1699,3.6,2022,Working,0,Data Science,Female,School of Data Science,1,0,0,4.0,0,0,0,0,0,0,1.0,1
1700,3.6,2022,Working,0,Psychology,Male,College and Graduate School of Arts & Sciences,1,0,0,,0,0,0,0,0,0,0.0,0
1701,3.6,2022,Working,0,Engineering - Systems Engineering,Male,School of Engineering & Applied Science,1,0,9,,0,0,0,0,0,0,0.0,0
1702,3.6,2022,Working,0,Data Science,Male,School of Data Science,1,0,0,3.4,0,0,0,0,0,0,0.0,0
1703,3.6,2022,Working,0,Biophysics,Male,School of Medicine,1,0,0,,0,0,0,0,0,0,0.0,0
1704,3.6,2022,Working,0,Education - English Education,Female,School of Education and Human Development,1,0,0,,0,0,0,0,0,0,0.0,0
1705,3.6,2022,Working,0,Biochemistry & Molecular Genetics,Female,School of Medicine,1,0,0,4.0,0,0,0,0,0,0,0.0,0
1706,3.6,2022,Working,0,Middle Eastern and South Asian Languages and Cultures,Female,College and Graduate School of Arts & Sciences,1,0,0,3.95,0,0,0,0,0,0,0.0,0
1707,3.6,2022,Working,0,Middle Eastern and South Asian Languages and Cultures,Female,College and Graduate School of Arts & Sciences,1,0,0,4.0,0,0,0,0,0,0,0.0,0
1708,3.6,2022,Working,0,Middle Eastern and South Asian Languages and Cultures,Female,College and Graduate School of Arts & Sciences,1,0,0,,0,0,0,0,0,0,0.0,0
1709,3.6,2022,Working,2,Education - Higher Education,Female,School of Education and Human Development,1,0,0,,0,1,0,0,0,0,0.0,0
1710,3.6,2022,Working,0,Physics,Male,College and Graduate School of Arts & Sciences,1,1,2,,0,0,0,0,0,0,0.0,0
1711,3.6,2022,Working,0,Physics,Male,College and Graduate School of Arts & Sciences,1,1,2,3.98,0,0,0,0,0,0,0.0,0
1712,3.6,2022,Working,0,Education - Curriculum & Instruction,Female,School of Education and Human Development,1,0,0,,0,0,0,0,0,0,0.0,0
1713,3.6,2022,Working,2,Engineering - Civil Engineering,Male,School of Engineering & Applied Science,1,0,0,4.0,0,1,0,0,0,0,0.0,0
1714,3.6,2022,Working,2,Engineering - Civil Engineering,Male,School of Engineering & Applied Science,1,0,0,3.6,0,1,0,0,0,0,0.0,0
1715,3.6,2022,Working,0,Engineering - Materials Science & Engineering,Male,School of Engineering & Applied Science,1,0,0,4.0,0,0,0,0,0,0,0.0,0
1716,3.6,2022,Working,0,Engineering - Materials Science & Engineering,Male,School of Engineering & Applied Science,1,0,0,3.93,0,0,0,0,0,0,0.0,0
1717,3.6,2022,Working,0,Engineering - Materials Science & Engineering,Male,School of Engineering & Applied Science,1,0,0,,0,0,0,0,0,0,0.0,0
1718,3.6,2022,Working,0,Engineering - Civil Engineering,Male,School of Engineering & Applied Science,1,0,0,,0,0,0,0,0,0,0.0,0
1719,3.6,2022,Working,0,Data Science,Male,School of Data Science,1,3,9,3.68,0,0,0,0,1,0,1.0,1
1720,3.6,2022,Working,0,Data Science,Male,School of Data Science,1,3,9,3.9,0,0,0,0,1,0,1.0,1
1721,3.6,2022,Working,0,Data Science,Male,School of Data Science,1,3,9,4.0,0,0,0,0,1,0,1.0,1
1722,3.6,2022,Working,0,Foreign Affairs,Male,College and Graduate School of Arts & Sciences,1,0,0,,0,0,0,0,0,0,0.0,0
1723,3.6,2022,Military,0,Chemistry,Male,College and Graduate School of Arts & Sciences,0,0,0,,0,0,0,0,0,0,0.0,0
1724,3.6,2022,Working,2,Engineering - Computer Science,Female,School of Engineering & Applied Science,1,0,0,,0,1,0,0,0,0,0.0,0
1725,3.6,2022,Working,1,Data Science,Female,School of Data Science,1,0,28,3.97,0,1,0,0,0,0,1.0,1
1726,3.6,2022,Working,1,Data Science,Female,School of Data Science,1,0,28,3.7,0,1,0,0,0,0,1.0,1
1727,3.6,2022,Working,0,Data Science,Male,School of Data Science,1,0,0,,0,0,0,0,0,0,0.0,0
1728,3.6,2022,Working,0,Engineering - Mechanical & Aerospace Engineering,Male,School of Engineering & Applied Science,1,0,0,,0,0,0,0,0,0,0.0,0
1729,3.6,2022,Working,0,Education - Reading Education,Female,School of Education and Human Development,1,0,0,,0,0,0,0,0,0,0.0,0
1730,3.6,2022,Working,2,Engineering - Computer Science,Male,School of Engineering & Applied Science,1,0,0,,0,1,0,0,0,0,0.0,0
1731,3.6,2022,Working,0,Engineering - Electrical Engineering,Male,School of Engineering & Applied Science,1,0,0,4.0,0,0,0,0,0,0,0.0,0
1732,3.6,2022,Working,0,Engineering - Electrical Engineering,Male,School of Engineering & Applied Science,1,0,0,,0,0,0,0,0,0,0.0,0
1733,3.6,2022,Military,0,Engineering - Systems Engineering,Male,School of Engineering & Applied Science,0,0,0,,0,0,0,0,0,0,0.0,0
1734,3.6,2022,Working,0,Engineering - Electrical Engineering,Male,School of Engineering & Applied Science,1,0,0,,0,0,0,0,0,0,0.0,0
1735,3.6,2022,Working,0,Engineering - Electrical Engineering,Male,School of Engineering & Applied Science,1,0,0,3.88,0,0,0,0,0,0,0.0,0
1736,3.6,2022,Working,1,Data Science,Female,School of Data Science,1,0,7,3.97,0,1,0,0,0,0,0.0,0
1737,3.6,2022,Working,1,Data Science,Female,School of Data Science,1,0,7,3.7,0,1,0,0,0,0,0.0,0
1738,3.6,2022,Working,0,Data Science,Female,School of Data Science,1,0,6,,0,0,0,0,0,0,0.0,0
1739,3.6,2022,Working,0,Engineering - Civil Engineering,Female,School of Engineering & Applied Science,1,0,0,,0,0,0,0,0,0,1.0,1
1740,3.6,2022,Working,0,Engineering - Civil Engineering,Male,School of Engineering & Applied Science,1,0,0,,0,0,0,0,0,0,0.0,0
1741,3.6,2022,Working,0,Engineering - Computer Science,Male,School of Engineering & Applied Science,1,0,0,3.6,0,0,0,0,0,0,0.0,0
1742,3.6,2022,Working,0,Education - Educational Psychology,Female,School of Education and Human Development,1,0,0,,0,0,0,0,0,0,0.0,0
1743,3.6,2022,Continuing Education,0,Biology,Female,School of Medicine,0,0,0,,0,0,1,0,0,0,0.0,0
1744,3.6,2022,Continuing Education,0,Biology,Female,School of Medicine,0,0,0,3.8,0,0,1,0,0,0,0.0,0
1745,3.6,2022,Working,0,Engineering - Systems Engineering,Male,School of Engineering & Applied Science,1,1,32,3.15,0,0,0,0,0,0,2.0,1
1746,3.6,2022,Working,0,Engineering - Systems Engineering,Male,School of Engineering & Applied Science,1,1,32,4.0,0,0,0,0,0,0,2.0,1
1747,3.6,2022,Working,0,Engineering - Systems Engineering,Male,School of Engineering & Applied Science,1,1,18,3.4,0,0,0,0,0,0,0.0,0
1748,3.6,2022,Working,0,Engineering - Systems Engineering,Male,School of Engineering & Applied Science,1,1,18,3.6,0,0,0,0,0,0,0.0,0
1749,3.6,2022,Working,0,Biology,Male,College and Graduate School of Arts & Sciences,1,0,0,3.8,0,0,0,0,0,0,0.0,0
1750,3.6,2022,Working,0,Data Science,Male,School of Data Science,1,0,0,,0,0,0,0,0,0,1.0,1
1751,3.6,2022,Working,0,Data Science,Male,School of Data Science,1,0,0,3.9,0,0,0,0,0,0,1.0,1
1752,3.6,2022,Working,1,Psychology,Female,College and Graduate School of Arts & Sciences,1,0,0,,0,1,0,0,0,0,0.0,0
1753,3.6,2022,Working,0,Astronomy,Female,College and Graduate School of Arts & Sciences,1,0,0,3.77,0,0,0,0,0,0,0.0,0
1754,3.6,2022,Working,0,Astronomy,Female,College and Graduate School of Arts & Sciences,1,0,0,,0,0,0,0,0,0,0.0,0
1755,3.6,2022,Working,0,Astronomy,Male,College and Graduate School of Arts & Sciences,1,0,0,,0,0,0,0,0,0,0.0,0
1756,3.6,2022,Working,0,Engineering - Biomedical Engineering,Male,School of Engineering & Applied Science,1,1,20,,0,0,0,0,0,0,0.0,0
1757,3.6,2022,Working,0,Data Science,Female,School of Data Science,1,0,2,,0,0,0,0,0,0,0.0,0
1758,3.6,2022,Working,0,Data Science,Male,School of Data Science,1,0,0,,0,0,0,0,0,0,0.0,0
1759,3.6,2022,Working,0,Education - Curriculum & Instruction,Female,School of Education and Human Development,1,1,0,3.85,0,0,0,0,0,0,0.0,0
1760,3.6,2023,Working,0,Architecture - Landscape Architecture,Male,School of Architecture,1,0,1,3.8,0,0,0,0,0,0,0.0,0
1761,3.6,2023,Working,0,Architecture - Landscape Architecture,Male,School of Architecture,1,0,1,3.6,0,0,0,0,0,0,0.0,0
1762,3.6,2023,Still Looking,2,Architecture - Landscape Architecture,Male,School of Architecture,0,1,0,,0,1,0,1,0,0,0.0,0
1763,3.6,2023,Still Looking,2,Architecture - Urban & Environmental Planning,Female,School of Architecture,0,0,2,,0,1,0,1,0,0,3.0,1
1764,3.6,2023,Still Looking,2,Architecture,Female,School of Architecture,0,0,0,,0,1,0,1,0,0,1.0,1
1765,3.6,2023,Working,1,Architecture - Landscape Architecture,Female,School of Architecture,1,1,0,,0,1,0,0,0,0,0.0,0
1766,3.6,2023,Still Looking,3,Architecture - Architectural History,Female,School of Architecture,0,0,0,3.93,0,1,0,1,0,0,0.0,0
1767,3.6,2023,Still Looking,3,Architecture - Architectural History,Female,School of Architecture,0,0,0,,0,1,0,1,0,0,0.0,0
1768,3.6,2023,Working,1,Engineering - Computer Science,Female,School of Engineering & Applied Science,1,5,33,,0,1,0,0,1,0,0.0,0
1769,3.6,2023,Continuing Education,2,Biology,Female,College and Graduate School of Arts & Sciences,0,0,0,,0,1,1,0,0,0,2.0,1
1770,3.6,2023,Working,0,Data Science,Male,School of Data Science,1,6,16,4.0,0,0,0,0,1,0,1.0,1
1771,3.6,2023,Working,0,Data Science,Male,School of Data Science,1,6,16,3.92,0,0,0,0,1,0,1.0,1
1772,3.6,2023,Continuing Education,0,Psychology,Female,College and Graduate School of Arts & Sciences,0,0,0,3.83,0,0,1,0,0,0,0.0,0
1773,3.6,2023,Still Looking,0,Chemistry,Female,College and Graduate School of Arts & Sciences,0,0,0,,0,0,0,1,0,0,0.0,0
1774,3.6,2023,Working,0,Engineering - Mechanical & Aerospace Engineering,Female,School of Engineering & Applied Science,1,0,0,,0,0,0,0,0,0,0.0,0
1775,3.6,2023,Working,3,Applied Statistics,Female,College and Graduate School of Arts & Sciences,1,1,30,,1,1,0,0,0,0,0.0,0
1776,3.6,2023,Working,2,Engineering - Computer Engineering,Male,School of Engineering & Applied Science,1,2,24,3.96,0,1,0,0,1,0,0.0,0
1777,3.6,2023,Working,2,Engineering - Computer Engineering,Male,School of Engineering & Applied Science,1,2,24,3.94,0,1,0,0,1,0,0.0,0
1778,3.6,2023,Working,1,Statistics,Female,College and Graduate School of Arts & Sciences,1,2,30,3.9,0,1,0,0,1,0,2.0,1
1779,3.6,2023,Still Looking,0,Engineering - Electrical Engineering,Male,School of Engineering & Applied Science,0,0,1,4.0,0,0,0,1,0,0,0.0,0
1780,3.6,2023,Still Looking,0,Engineering - Electrical Engineering,Male,School of Engineering & Applied Science,0,0,1,,0,0,0,1,0,0,0.0,0
1781,3.6,2023,Working,0,Chemistry,Female,College and Graduate School of Arts & Sciences,1,1,12,,0,0,0,0,0,0,0.0,0
1782,3.6,2023,Working,0,Psychology,Female,College and Graduate School of Arts & Sciences,1,0,8,3.31,0,0,0,0,0,0,0.0,0
1783,3.6,2023,Working,2,Global Studies - Interdisciplinary,Female,College and Graduate School of Arts & Sciences,1,0,70,3.85,0,1,0,0,0,1,0.0,0
1784,3.6,2023,Working,2,Global Studies - Interdisciplinary,Female,College and Graduate School of Arts & Sciences,1,0,70,3.74,0,1,0,0,0,1,0.0,0
1785,3.6,2023,Working,2,Global Studies - Interdisciplinary,Female,College and Graduate School of Arts & Sciences,1,0,70,3.66,0,1,0,0,0,1,0.0,0
1786,3.6,2023,Working,1,Engineering - Computer Science,Male,School of Engineering & Applied Science,1,0,0,,0,1,0,0,0,0,0.0,0
1787,3.6,2023,Working,1,Engineering - Computer Science,Male,School of Engineering & Applied Science,1,0,0,3.91,0,1,0,0,0,0,0.0,0
1788,3.6,2023,Still Looking,0,Interdisciplinary (SCPS-BIS),Female,School of Continuing and Professional Studies,0,0,0,,0,0,0,1,0,0,0.0,0
1789,3.6,2023,Working,2,History,Female,College and Graduate School of Arts & Sciences,1,2,2,3.68,0,1,0,0,1,0,0.0,0
1790,3.6,2023,Still Looking,1,Media Studies,Female,College and Graduate School of Arts & Sciences,0,2,637,,0,1,0,1,1,1,0.0,0
1791,3.6,2023,Working,0,Biochemistry & Molecular Genetics,Female,School of Medicine,1,0,0,,0,0,0,0,0,0,0.0,0
1792,3.6,2023,Working,3,Statistics,Female,College and Graduate School of Arts & Sciences,1,1,67,,0,1,0,0,0,1,0.0,0
1793,3.6,2023,Still Looking,0,Environmental Sciences,Female,College and Graduate School of Arts & Sciences,0,0,43,,0,0,0,1,0,0,0.0,0
1794,3.6,2023,Still Looking,0,Environmental Sciences,Female,College and Graduate School of Arts & Sciences,0,0,43,3.75,0,0,0,1,0,0,0.0,0
1795,3.6,2023,Working,1,Engineering - Computer Science,Male,School of Engineering & Applied Science,1,3,124,,0,1,0,0,1,1,2.0,1
1796,3.6,2023,Working,0,Engineering - Systems Engineering,Male,School of Engineering & Applied Science,1,1,10,3.5,0,0,0,0,0,0,0.0,0
1797,3.6,2023,Working,0,Engineering - Systems Engineering,Male,School of Engineering & Applied Science,1,1,10,3.31,0,0,0,0,0,0,0.0,0
1798,3.6,2023,Working,0,Engineering - Systems Engineering,Male,School of Engineering & Applied Science,1,1,10,3.85,0,0,0,0,0,0,0.0,0
1799,3.6,2023,Working,0,Education - Social Studies Education,Male,School of Education and Human Development,1,0,0,,0,0,0,0,0,0,0.0,0
1800,3.6,2023,Working,1,Engineering - Computer Science,Male,School of Engineering & Applied Science,1,0,7,3.79,0,1,0,0,0,0,0.0,0
1801,3.6,2023,Working,1,Economics,Female,College and Graduate School of Arts & Sciences,1,1,193,,0,1,0,0,0,1,0.0,0
1802,3.6,2023,Working,2,Economics,Female,College and Graduate School of Arts & Sciences,1,4,78,3.3,0,1,0,0,1,1,5.0,1
1803,3.6,2023,Still Looking,2,Engineering - Computer Science,Female,School of Engineering & Applied Science,0,5,50,3.7,0,1,0,1,1,1,0.0,0
1804,3.6,2023,Working,0,Engineering - Systems Engineering,Male,School of Engineering & Applied Science,1,0,0,,0,0,0,0,0,0,0.0,0
1805,3.6,2023,Still Looking,0,Biology,Female,College and Graduate School of Arts & Sciences,0,0,19,3.74,0,0,0,1,0,0,0.0,0
1806,3.6,2023,Still Looking,0,Biology,Female,College and Graduate School of Arts & Sciences,0,0,19,4.0,0,0,0,1,0,0,0.0,0
1807,3.6,2023,Working,1,Statistics,Male,College and Graduate School of Arts & Sciences,1,3,50,4.69,0,1,0,0,1,1,0.0,0
1808,3.6,2023,Working,1,Philosophy,Female,College and Graduate School of Arts & Sciences,1,1,33,,0,1,0,0,0,0,2.0,1
1809,3.6,2023,Working,1,Philosophy,Female,College and Graduate School of Arts & Sciences,1,1,33,3.92,0,1,0,0,0,0,2.0,1
1810,3.6,2023,Working,3,Engineering - Computer Science,Male,School of Engineering & Applied Science,1,0,4,,0,1,0,0,0,0,0.0,0
1811,3.6,2023,Working,0,Statistics,Female,College and Graduate School of Arts & Sciences,1,0,0,,0,0,0,0,0,0,1.0,1
1812,3.6,2023,Working,2,Computer Science - Interdisciplinary,Female,College and Graduate School of Arts & Sciences,1,0,25,,0,1,0,0,0,0,0.0,0
1813,3.6,2023,Still Looking,1,Psychology,Female,College and Graduate School of Arts & Sciences,0,1,104,,0,1,0,1,0,1,1.0,1
1814,3.6,2023,Continuing Education,0,Education - Kinesiology,Female,School of Education and Human Development,0,0,0,,0,0,1,0,0,0,0.0,0
1815,3.6,2023,Working,0,Biology,Male,College and Graduate School of Arts & Sciences,1,0,1,4.73,0,0,0,0,0,0,2.0,1
1816,3.6,2023,Working,0,Biology,Male,College and Graduate School of Arts & Sciences,1,0,1,3.83,0,0,0,0,0,0,2.0,1
1817,3.6,2023,Working,1,Engineering - Electrical Engineering,Male,School of Engineering & Applied Science,1,0,0,3.95,0,1,0,0,0,0,0.0,0
1818,3.6,2023,Working,1,Engineering - Computer Science,Male,School of Engineering & Applied Science,1,11,27,,0,1,0,0,1,0,0.0,0
1819,3.6,2023,Working,1,Engineering - Computer Science,Male,School of Engineering & Applied Science,1,11,27,3.83,0,1,0,0,1,0,0.0,0
1820,3.6,2023,Still Looking,2,Environmental Sciences,Male,College and Graduate School of Arts & Sciences,0,0,4,,0,1,0,1,0,0,0.0,0
1821,3.6,2023,Working,2,Statistics,Male,College and Graduate School of Arts & Sciences,1,0,289,3.7,0,1,0,0,0,1,0.0,0
1822,3.6,2023,Working,2,Statistics,Male,College and Graduate School of Arts & Sciences,1,0,289,4.81,0,1,0,0,0,1,0.0,0
1823,3.6,2023,Working,0,Engineering - Electrical Engineering,Male,School of Engineering & Applied Science,1,0,0,,0,0,0,0,0,0,0.0,0
1824,3.6,2023,Working,0,Engineering - Electrical Engineering,Male,School of Engineering & Applied Science,1,0,0,3.78,0,0,0,0,0,0,0.0,0
1825,3.6,2023,Working,1,Engineering - Computer Science,Male,School of Engineering & Applied Science,1,4,76,,0,1,0,0,1,1,0.0,0
1826,3.6,2023,Working,1,Engineering - Computer Science,Male,School of Engineering & Applied Science,1,4,76,3.82,0,1,0,0,1,1,0.0,0
1827,3.6,2023,Continuing Education,1,Media Studies - Interdisciplinary,Female,College and Graduate School of Arts & Sciences,0,0,3,,0,1,1,0,0,0,0.0,0
1828,3.6,2023,Working,3,Statistics,Male,College and Graduate School of Arts & Sciences,1,2,158,3.57,0,1,0,0,1,1,0.0,0
1829,3.6,2023,Working,0,Data Science,Female,School of Data Science,1,0,0,,0,0,0,0,0,0,0.0,0
1830,3.6,2023,Working,1,Engineering - Civil Engineering,Male,School of Engineering & Applied Science,1,3,2,3.56,0,1,0,0,1,0,0.0,0
1831,3.6,2023,Working,1,Engineering - Civil Engineering,Male,School of Engineering & Applied Science,1,3,2,4.0,0,1,0,0,1,0,0.0,0
1832,3.6,2023,Working,1,Engineering - Computer Engineering,Male,School of Engineering & Applied Science,1,0,169,,0,1,0,0,0,1,0.0,0
1833,3.6,2023,Working,1,Physics,Female,College and Graduate School of Arts & Sciences,1,0,48,3.96,0,1,0,0,0,1,0.0,0
1834,3.6,2023,Working,1,Physics,Female,College and Graduate School of Arts & Sciences,1,0,48,3.75,0,1,0,0,0,1,0.0,0
1835,3.6,2023,Working,1,Economics,Female,College and Graduate School of Arts & Sciences,1,1,39,3.5,0,1,0,0,0,0,0.0,0
1836,3.6,2023,Working,2,Engineering - Computer Engineering,Male,School of Engineering & Applied Science,1,1,0,,0,1,0,0,0,0,0.0,0
1837,3.6,2023,Working,2,Psychology,Female,College and Graduate School of Arts & Sciences,1,2,44,3.82,0,1,0,0,1,0,9.0,1
1838,3.6,2023,Working,2,Psychology,Female,College and Graduate School of Arts & Sciences,1,2,44,,0,1,0,0,1,0,9.0,1
1839,3.6,2023,Continuing Education,0,Education - Kinesiology,Male,School of Education and Human Development,0,0,0,,0,0,1,0,0,0,0.0,0
1840,3.6,2023,Working,0,English,Female,College and Graduate School of Arts & Sciences,1,0,0,,0,0,0,0,0,0,0.0,0
1841,3.6,2023,Working,1,Engineering - Computer Science,Male,School of Engineering & Applied Science,1,1,12,,0,1,0,0,0,0,0.0,0
1842,3.6,2023,Working,1,Engineering - Computer Science,Male,School of Engineering & Applied Science,1,1,12,4.4,0,1,0,0,0,0,0.0,0
1843,3.6,2023,Working,1,Computer Science - Interdisciplinary,Male,College and Graduate School of Arts & Sciences,1,0,34,,0,1,0,0,0,0,0.0,0
1844,3.6,2023,Still Looking,1,Engineering - Computer Engineering,Male,School of Engineering & Applied Science,0,16,741,,0,1,0,1,1,1,0.0,0
1845,3.6,2023,Working,0,Psychology,Female,College and Graduate School of Arts & Sciences,1,0,0,,0,0,0,0,0,0,0.0,0
1846,3.6,2023,Fellowship,0,Mathematics,Male,College and Graduate School of Arts & Sciences,0,0,0,,0,0,0,0,0,0,0.0,0
1847,3.6,2023,Still Looking,2,Cognitive Science - Interdisciplinary,Male,College and Graduate School of Arts & Sciences,0,1,39,,0,1,0,1,0,0,0.0,0
1848,3.6,2023,Working,2,Statistics,Male,College and Graduate School of Arts & Sciences,1,0,114,,0,1,0,0,0,1,0.0,0
1849,3.6,2023,Not Seeking,2,Engineering - Computer Science,Male,School of Engineering & Applied Science,0,1,0,4.34,0,1,0,0,0,0,0.0,0
1850,3.6,2023,Not Seeking,2,Engineering - Computer Science,Male,School of Engineering & Applied Science,0,1,0,4.0,0,1,0,0,0,0,0.0,0
1851,3.6,2023,Working,2,Economics,Female,College and Graduate School of Arts & Sciences,1,0,39,3.53,0,1,0,0,0,0,0.0,0
1852,3.6,2023,Working,3,Engineering - Computer Science,Male,School of Engineering & Applied Science,1,0,0,3.8,0,1,0,0,0,0,0.0,0
1853,3.6,2023,Working,3,Engineering - Computer Science,Male,School of Engineering & Applied Science,1,0,0,4.37,0,1,0,0,0,0,0.0,0
1854,3.6,2023,Working,0,Data Science,Female,School of Data Science,1,0,0,,0,0,0,0,0,0,0.0,0
1855,3.6,2023,Working,0,Microbiology,Male,School of Medicine,1,0,0,,0,0,0,0,0,0,0.0,0
1856,3.6,2023,Still Looking,1,Interdisciplinary (SCPS-BIS),Male,School of Continuing and Professional Studies,0,0,9,4.0,0,1,0,1,0,0,0.0,0
1857,3.6,2023,Still Looking,1,Interdisciplinary (SCPS-BIS),Male,School of Continuing and Professional Studies,0,0,9,1.98,0,1,0,1,0,0,0.0,0
1858,3.6,2023,Working,2,Engineering - Computer Science,Female,School of Engineering & Applied Science,1,1,35,,0,1,0,0,0,0,0.0,0
1859,3.6,2023,Working,0,Public Health,Female,School of Medicine,1,0,0,,0,0,0,0,0,0,0.0,0
1860,3.6,2023,Working,3,Engineering - Computer Science,Female,School of Engineering & Applied Science,1,12,151,3.96,0,1,0,0,1,1,2.0,1
1861,3.6,2023,Working,3,Engineering - Computer Science,Female,School of Engineering & Applied Science,1,12,151,3.79,0,1,0,0,1,1,2.0,1
1862,3.6,2023,Not Seeking,0,Music,Female,College and Graduate School of Arts & Sciences,0,0,0,3.84,0,0,0,0,0,0,0.0,0
1863,3.6,2023,Continuing Education,0,American Studies - Interdisciplinary,Male,College and Graduate School of Arts & Sciences,0,0,0,,0,0,1,0,0,0,0.0,0
1864,3.6,2023,Working,3,Media Studies,Female,College and Graduate School of Arts & Sciences,1,1,104,3.6,0,1,0,0,0,1,0.0,0
1865,3.6,2023,Working,3,Engineering - Computer Science,Female,School of Engineering & Applied Science,1,3,35,3.8,0,1,0,0,1,0,1.0,1
1866,3.6,2023,Working,1,Computer Science - Interdisciplinary,Female,College and Graduate School of Arts & Sciences,1,7,98,,0,1,0,0,1,1,2.0,1
1867,3.6,2023,Still Looking,0,Engineering - Electrical Engineering,Male,School of Engineering & Applied Science,0,0,19,3.85,0,0,0,1,0,0,0.0,0
1868,3.6,2023,Still Looking,0,Engineering - Electrical Engineering,Male,School of Engineering & Applied Science,0,0,19,3.5,0,0,0,1,0,0,0.0,0
1869,3.6,2023,Still Looking,0,Engineering - Electrical Engineering,Male,School of Engineering & Applied Science,0,0,19,3.0,0,0,0,1,0,0,0.0,0
1870,3.6,2023,Continuing Education,0,Cognitive Science - Interdisciplinary,Male,College and Graduate School of Arts & Sciences,0,0,0,,0,0,1,0,0,0,0.0,0
1871,3.6,2023,Still Looking,0,Engineering - Computer Science,Male,School of Engineering & Applied Science,0,3,21,,0,0,0,1,1,0,0.0,0
1872,3.6,2023,Still Looking,0,Engineering - Computer Science,Male,School of Engineering & Applied Science,0,3,21,3.66,0,0,0,1,1,0,0.0,0
1873,3.6,2023,Working,0,Data Science,Male,School of Data Science,1,0,6,4.0,0,0,0,0,0,0,2.0,1
1874,3.6,2023,Working,1,Computer Science - Interdisciplinary,Male,College and Graduate School of Arts & Sciences,1,6,75,3.89,0,1,0,0,1,1,0.0,0
1875,3.6,2023,Working,0,Engineering - Electrical Engineering,Female,School of Engineering & Applied Science,1,0,0,,0,0,0,0,0,0,0.0,0
1876,3.6,2023,Working,1,Engineering - Computer Science,Female,School of Engineering & Applied Science,1,0,21,,0,1,0,0,0,0,0.0,0
1877,3.6,2023,Working,1,Public Health,Female,School of Medicine,1,0,7,3.93,0,1,0,0,0,0,0.0,0
1878,3.6,2023,Working,1,Public Health,Female,School of Medicine,1,0,7,,0,1,0,0,0,0,0.0,0
1879,3.6,2023,Working,0,Physics,Male,College and Graduate School of Arts & Sciences,1,1,239,,0,0,0,0,0,1,0.0,0
1880,3.6,2023,Working,3,Computer Science - Interdisciplinary,Female,College and Graduate School of Arts & Sciences,1,2,0,,0,1,0,0,1,0,0.0,0
1881,3.6,2023,Still Looking,2,Biology,Female,College and Graduate School of Arts & Sciences,0,0,6,,0,1,0,1,0,0,2.0,1
1882,3.6,2023,Working,2,Engineering - Computer Science,Male,School of Engineering & Applied Science,1,0,16,,0,1,0,0,0,0,0.0,0
1883,3.6,2023,Still Looking,1,Engineering - Computer Science,Male,School of Engineering & Applied Science,0,7,138,3.72,0,1,0,1,1,1,0.0,0
1884,3.6,2023,Still Looking,1,Engineering - Computer Science,Male,School of Engineering & Applied Science,0,7,138,3.6,0,1,0,1,1,1,0.0,0
1885,3.6,2023,Still Looking,1,Architecture - Landscape Architecture,Female,School of Architecture,0,1,0,,0,1,0,1,0,0,0.0,0
1886,3.6,2023,Still Looking,2,Quantative Analytics in Education & Social Science,Female,School of Education and Human Development,0,0,0,3.76,0,1,0,1,0,0,0.0,0
1887,3.6,2023,Still Looking,2,Quantative Analytics in Education & Social Science,Female,School of Education and Human Development,0,0,0,,0,1,0,1,0,0,0.0,0
1888,3.6,2023,Still Looking,1,Engineering - Computer Engineering,Female,School of Engineering & Applied Science,0,5,26,,0,1,0,1,1,0,0.0,0
1889,3.6,2023,Continuing Education,1,Statistics,Female,College and Graduate School of Arts & Sciences,0,1,76,,0,1,1,0,0,1,3.0,1
1890,3.6,2023,Working,1,Statistics,Male,College and Graduate School of Arts & Sciences,1,1,59,,0,1,0,0,0,1,0.0,0
1891,3.6,2023,Still Looking,0,Global Studies - Interdisciplinary,Female,College and Graduate School of Arts & Sciences,0,3,257,3.91,0,0,0,1,1,1,1.0,1
1892,3.6,2023,Still Looking,0,Global Studies - Interdisciplinary,Female,College and Graduate School of Arts & Sciences,0,3,257,3.52,0,0,0,1,1,1,1.0,1
1893,3.6,2023,Working,0,Engineering - Chemical Engineering,Female,School of Engineering & Applied Science,1,0,0,3.55,0,0,0,0,0,0,0.0,0
1894,3.6,2023,Working,0,Engineering - Chemical Engineering,Female,School of Engineering & Applied Science,1,0,0,,0,0,0,0,0,0,0.0,0
1895,3.6,2023,Working,0,Engineering - Chemical Engineering,Female,School of Engineering & Applied Science,1,0,0,3.78,0,0,0,0,0,0,0.0,0
1896,3.6,2023,Working,1,Engineering - Computer Engineering,Male,School of Engineering & Applied Science,1,12,104,3.8,0,1,0,0,1,1,7.0,1
1897,3.6,2023,Working,1,Engineering - Computer Engineering,Male,School of Engineering & Applied Science,1,12,104,,0,1,0,0,1,1,7.0,1
1898,3.6,2023,Working,1,Economics,Female,College and Graduate School of Arts & Sciences,1,0,54,3.63,0,1,0,0,0,1,0.0,0
1899,3.6,2023,Working,1,Economics,Female,College and Graduate School of Arts & Sciences,1,0,54,,0,1,0,0,0,1,0.0,0
1900,3.6,2023,Working,2,Engineering - Biomedical Engineering,Male,School of Engineering & Applied Science,1,0,60,,0,1,0,0,0,1,0.0,0
1901,3.6,2023,Working,1,Engineering - Electrical Engineering,Male,School of Engineering & Applied Science,1,0,0,3.77,0,1,0,0,0,0,0.0,0
1902,3.6,2023,Working,1,Engineering - Electrical Engineering,Male,School of Engineering & Applied Science,1,0,0,,0,1,0,0,0,0,0.0,0
1903,3.6,2023,Working,0,Education - Educational Psychology,Female,School of Education and Human Development,1,0,0,3.95,0,0,0,0,0,0,0.0,0
1904,3.6,2023,Working,0,Engineering - Computer Engineering,Male,School of Engineering & Applied Science,1,1,12,3.38,0,0,0,0,0,0,0.0,0
1905,3.6,2023,Working,0,Engineering - Computer Engineering,Male,School of Engineering & Applied Science,1,1,12,,0,0,0,0,0,0,0.0,0
1906,3.6,2023,Working,1,Engineering - Computer Science,Male,School of Engineering & Applied Science,1,4,16,,0,1,0,0,1,0,0.0,0
1907,3.6,2023,Working,0,Education - Special Education,Female,School of Education and Human Development,1,0,3,4.0,0,0,0,0,0,0,0.0,0
1908,3.6,2023,Working,2,Education - Educational Psychology,Female,School of Education and Human Development,1,0,0,,0,1,0,0,0,0,0.0,0
1909,3.6,2023,Still Looking,1,Engineering - Computer Science,Male,School of Engineering & Applied Science,0,14,90,3.85,0,1,0,1,1,1,0.0,0
1910,3.6,2023,Working,2,Engineering - Computer Science,Male,School of Engineering & Applied Science,1,4,108,3.85,0,1,0,0,1,1,0.0,0
1911,3.6,2023,Working,1,Engineering - Systems Engineering,Female,School of Engineering & Applied Science,1,1,106,3.0,0,1,0,0,0,1,0.0,0
1912,3.6,2023,Working,1,Engineering - Systems Engineering,Female,School of Engineering & Applied Science,1,1,106,3.75,0,1,0,0,0,1,0.0,0
1913,3.6,2023,Working,1,Engineering - Systems Engineering,Female,School of Engineering & Applied Science,1,1,106,3.43,0,1,0,0,0,1,0.0,0
1914,3.6,2023,Working,0,Environmental Sciences,Female,College and Graduate School of Arts & Sciences,1,0,0,,0,0,0,0,0,0,0.0,0
1915,3.6,2023,Working,3,Statistics,Female,College and Graduate School of Arts & Sciences,1,0,7,3.88,0,1,0,0,0,0,0.0,0
1916,3.6,2023,Working,3,Statistics,Female,College and Graduate School of Arts & Sciences,1,0,7,3.85,0,1,0,0,0,0,0.0,0
1917,3.6,2023,Working,2,Statistics,Female,College and Graduate School of Arts & Sciences,1,1,6,,0,1,0,0,0,0,0.0,0
1918,3.6,2023,Not Seeking,3,Global Studies - Interdisciplinary,Female,College and Graduate School of Arts & Sciences,0,0,1,3.7,0,1,0,0,0,0,0.0,0
1919,3.6,2023,Not Seeking,3,Global Studies - Interdisciplinary,Female,College and Graduate School of Arts & Sciences,0,0,1,,0,1,0,0,0,0,0.0,0
1920,3.6,2023,Still Looking,1,Engineering - Computer Science,Male,School of Engineering & Applied Science,0,0,45,4.0,0,1,0,1,0,0,3.0,1
1921,3.6,2023,Still Looking,1,Engineering - Computer Science,Female,School of Engineering & Applied Science,0,0,182,4.0,0,1,0,1,0,1,2.0,1
1922,3.6,2023,Working,0,Chemistry,Male,College and Graduate School of Arts & Sciences,1,0,0,,0,0,0,0,0,0,0.0,0
1923,3.6,2023,Working,0,Engineering - Mechanical & Aerospace Engineering,Female,School of Engineering & Applied Science,1,0,0,,0,0,0,0,0,0,0.0,0
1924,3.6,2023,Not Seeking,0,Microbiology,Female,School of Medicine,0,0,1,,0,0,0,0,0,0,0.0,0
1925,3.6,2023,Still Looking,0,Global Studies - Interdisciplinary,Male,College and Graduate School of Arts & Sciences,0,1,23,3.81,0,0,0,1,0,0,2.0,1
1926,3.6,2023,Still Looking,1,Education - Kinesiology,Female,School of Education and Human Development,0,0,0,,0,1,0,1,0,0,0.0,0
1927,3.6,2023,Still Looking,0,Media Studies,Female,College and Graduate School of Arts & Sciences,0,0,2,3.9,0,0,0,1,0,0,0.0,0
1928,3.6,2023,Continuing Education,2,Mathematics,Female,College and Graduate School of Arts & Sciences,0,0,7,3.81,0,1,1,0,0,0,0.0,0
1929,3.6,2023,Still Looking,0,Interdisciplinary (SCPS-BIS),Female,School of Continuing and Professional Studies,0,1,30,3.92,0,0,0,1,0,0,0.0,0
1930,3.6,2023,Still Looking,0,Interdisciplinary (SCPS-BIS),Female,School of Continuing and Professional Studies,0,1,30,,0,0,0,1,0,0,0.0,0
1931,3.6,2023,Working,2,Engineering - Computer Science,Male,School of Engineering & Applied Science,1,8,72,,0,1,0,0,1,1,0.0,0
1932,3.6,2023,Working,2,Government,Female,College and Graduate School of Arts & Sciences,1,0,0,3.84,0,1,0,0,0,0,1.0,1
1933,3.6,2023,Continuing Education,3,Economics,Male,College and Graduate School of Arts & Sciences,0,1,134,,0,1,1,0,0,1,0.0,0
1934,3.6,2023,Continuing Education,3,Economics,Male,College and Graduate School of Arts & Sciences,0,1,134,3.89,0,1,1,0,0,1,0.0,0
1935,3.6,2023,Continuing Education,0,Engineering - Computer Science,Male,School of Engineering & Applied Science,0,1,8,,0,0,1,0,0,0,0.0,0
1936,3.6,2023,Still Looking,0,Engineering - Computer Science,Male,School of Engineering & Applied Science,0,0,70,3.75,0,0,0,1,0,1,2.0,1
1937,3.6,2023,Still Looking,0,Engineering - Computer Science,Male,School of Engineering & Applied Science,0,0,70,3.63,0,0,0,1,0,1,2.0,1
1938,3.6,2023,Working,1,Engineering - Computer Science,Male,School of Engineering & Applied Science,1,3,42,3.65,0,1,0,0,1,0,0.0,0
1939,3.6,2023,Fellowship,0,Pharmacology,Female,School of Medicine,0,0,0,,0,0,0,0,0,0,0.0,0
1940,3.6,2023,Working,0,Statistics,Female,College and Graduate School of Arts & Sciences,1,0,126,3.58,0,0,0,0,0,1,0.0,0
1941,3.6,2023,Working,2,Engineering - Computer Science,Male,School of Engineering & Applied Science,1,5,5,3.9,0,1,0,0,1,0,4.0,1
1942,3.6,2023,Working,2,Engineering - Computer Science,Male,School of Engineering & Applied Science,1,5,5,,0,1,0,0,1,0,4.0,1
1943,3.6,2023,Working,3,Computer Science - Interdisciplinary,Male,College and Graduate School of Arts & Sciences,1,1,228,4.46,0,1,0,0,0,1,0.0,0
1944,3.6,2023,Working,3,Computer Science - Interdisciplinary,Male,College and Graduate School of Arts & Sciences,1,1,228,3.8,0,1,0,0,0,1,0.0,0
1945,3.6,2023,Working,3,Computer Science - Interdisciplinary,Male,College and Graduate School of Arts & Sciences,1,1,228,,0,1,0,0,0,1,0.0,0
1946,3.6,2023,Still Looking,0,Psychology,Female,College and Graduate School of Arts & Sciences,0,0,0,,0,0,0,1,0,0,0.0,0
1947,3.6,2023,Working,0,Engineering - Computer Engineering,Female,School of Engineering & Applied Science,1,0,0,,0,0,0,0,0,0,0.0,0
1948,3.6,2023,Working,1,Engineering - Civil Engineering,Male,School of Engineering & Applied Science,1,5,15,,0,1,0,0,1,0,0.0,0
1949,3.6,2023,Working,1,Engineering - Civil Engineering,Male,School of Engineering & Applied Science,1,5,15,3.0,0,1,0,0,1,0,0.0,0
1950,3.6,2023,Working,2,Education - Educational Psychology,Female,School of Education and Human Development,1,0,0,,0,1,0,0,0,0,0.0,0
1951,3.6,2023,Not Seeking,0,History,Female,College and Graduate School of Arts & Sciences,0,0,113,,0,0,0,0,0,1,0.0,0
1952,3.6,2023,Working,1,Engineering - Computer Science,Male,School of Engineering & Applied Science,1,2,10,,0,1,0,0,1,0,0.0,0
1953,3.6,2023,Still Looking,1,Engineering - Computer Engineering,Male,School of Engineering & Applied Science,0,1,82,3.9,0,1,0,1,0,1,1.0,1
1954,3.6,2023,Not Seeking,0,Education - Reading Education,Female,School of Education and Human Development,0,1,0,,0,0,0,0,0,0,0.0,0
1955,3.6,2023,Working,0,Chemistry,Male,College and Graduate School of Arts & Sciences,1,0,2,,0,0,0,0,0,0,0.0,0
1956,3.6,2023,Still Looking,1,Engineering - Biomedical Engineering,Female,School of Engineering & Applied Science,0,2,48,3.89,0,1,0,1,1,1,0.0,0
1957,3.6,2023,Still Looking,1,Engineering - Biomedical Engineering,Female,School of Engineering & Applied Science,0,2,48,,0,1,0,1,1,1,0.0,0
1958,3.6,2023,Working,1,Public Health,Female,School of Medicine,1,0,13,3.82,0,1,0,0,0,0,0.0,0
1959,3.6,2023,Working,1,Public Health,Female,School of Medicine,1,0,13,3.77,0,1,0,0,0,0,0.0,0
1960,3.6,2023,Still Looking,1,Neuroscience - Interdisciplinary,Female,College and Graduate School of Arts & Sciences,0,0,6,3.84,0,1,0,1,0,0,2.0,1
1961,3.6,2023,Still Looking,0,Interdisciplinary (SCPS-BIS),Female,School of Continuing and Professional Studies,0,1,26,,0,0,0,1,0,0,0.0,0
1962,3.6,2023,Working,2,Global Studies - Interdisciplinary,Female,College and Graduate School of Arts & Sciences,1,3,196,3.86,0,1,0,0,1,1,0.0,0
1963,3.6,2023,Working,2,Global Studies - Interdisciplinary,Female,College and Graduate School of Arts & Sciences,1,3,196,,0,1,0,0,1,1,0.0,0
1964,3.6,2023,Working,0,Physics,Male,College and Graduate School of Arts & Sciences,1,0,0,,0,0,0,0,0,0,0.0,0
1965,3.6,2023,Working,0,Physics,Male,College and Graduate School of Arts & Sciences,1,0,41,,0,0,0,0,0,0,0.0,0
1966,3.6,2023,Working,0,Physics,Male,College and Graduate School of Arts & Sciences,1,0,41,3.4,0,0,0,0,0,0,0.0,0
1967,3.6,2023,Working,0,Physics,Male,College and Graduate School of Arts & Sciences,1,0,41,3.3,0,0,0,0,0,0,0.0,0
1968,3.6,2023,Working,2,Foreign Affairs,Female,College and Graduate School of Arts & Sciences,1,7,146,,0,1,0,0,1,1,1.0,1
1969,3.6,2023,Working,3,Education - Speech Communication Disorders,Female,School of Education and Human Development,1,0,0,3.93,0,1,0,0,0,0,0.0,0
1970,3.6,2023,Working,3,Education - Speech Communication Disorders,Female,School of Education and Human Development,1,0,0,,0,1,0,0,0,0,0.0,0
1971,3.6,2023,Working,0,Engineering - Computer Science,Male,School of Engineering & Applied Science,1,12,130,3.78,0,0,0,0,1,1,0.0,0
1972,3.6,2023,Working,0,Engineering - Computer Science,Male,School of Engineering & Applied Science,1,12,130,4.0,0,0,0,0,1,1,0.0,0
1973,3.6,2023,Still Looking,0,Interdisciplinary (SCPS-BIS),Female,School of Continuing and Professional Studies,0,0,0,3.99,0,0,0,1,0,0,0.0,0
1974,3.6,2023,Still Looking,0,Foreign Affairs,Male,College and Graduate School of Arts & Sciences,0,3,2,3.5,0,0,0,1,1,0,1.0,1
1975,3.6,2023,Continuing Education,0,Computer Science - Interdisciplinary,Male,College and Graduate School of Arts & Sciences,0,1,17,4.5,0,0,1,0,0,0,0.0,0
1976,3.6,2023,Continuing Education,0,Computer Science - Interdisciplinary,Male,College and Graduate School of Arts & Sciences,0,1,17,3.95,0,0,1,0,0,0,0.0,0
1977,3.6,2023,Working,2,Computer Science - Interdisciplinary,Male,College and Graduate School of Arts & Sciences,1,0,41,3.81,0,1,0,0,0,0,0.0,0
1978,3.6,2023,Working,2,Computer Science - Interdisciplinary,Male,College and Graduate School of Arts & Sciences,1,0,41,,0,1,0,0,0,0,0.0,0
1979,3.6,2023,Working,0,Pharmacology,Female,School of Medicine,1,0,0,,0,0,0,0,0,0,0.0,0
1980,3.6,2023,Continuing Education,1,Education - Kinesiology,Female,School of Education and Human Development,0,0,0,3.65,0,1,1,0,0,0,0.0,0
1981,3.6,2023,Working,2,Economics,Female,College and Graduate School of Arts & Sciences,1,3,39,3.92,1,1,0,0,1,0,8.0,1
1982,3.6,2023,Continuing Education,0,Linguistics,Male,College and Graduate School of Arts & Sciences,0,0,0,4.0,0,0,1,0,0,0,0.0,0
1983,3.6,2023,Working,3,Engineering - Electrical Engineering,Male,School of Engineering & Applied Science,1,7,34,3.9,0,1,0,0,1,0,0.0,0
1984,3.6,2023,Working,0,Engineering - Systems Engineering,Female,School of Engineering & Applied Science,1,0,0,,0,0,0,0,0,0,0.0,0
1985,3.6,2023,Working,0,Engineering - Computer Science,Male,School of Engineering & Applied Science,1,10,1,,0,0,0,0,1,0,0.0,0
1986,3.6,2023,Working,0,Engineering - Computer Science,Male,School of Engineering & Applied Science,1,10,1,3.89,0,0,0,0,1,0,0.0,0
1987,3.6,2023,Working,3,Engineering - Computer Science,Female,School of Engineering & Applied Science,1,2,115,,0,1,0,0,1,1,4.0,1
1988,3.6,2023,Working,3,Engineering - Computer Science,Female,School of Engineering & Applied Science,1,2,115,3.8,0,1,0,0,1,1,4.0,1
1989,3.6,2023,Working,3,Engineering - Computer Science,Female,School of Engineering & Applied Science,1,2,115,3.9,0,1,0,0,1,1,4.0,1
1990,3.6,2023,Working,1,Engineering - Mechanical Engineering,Male,School of Engineering & Applied Science,1,3,27,3.2,0,1,0,0,1,0,0.0,0
1991,3.6,2023,Working,1,Engineering - Mechanical Engineering,Male,School of Engineering & Applied Science,1,3,27,3.1,0,1,0,0,1,0,0.0,0
1992,3.6,2023,Working,2,French,Female,College and Graduate School of Arts & Sciences,1,0,140,,0,1,0,0,0,1,0.0,0
1993,3.6,2023,Working,1,Statistics,Female,College and Graduate School of Arts & Sciences,1,4,110,3.8,0,1,0,0,1,1,0.0,0
1994,3.6,2023,Working,1,Statistics,Female,College and Graduate School of Arts & Sciences,1,4,110,3.76,0,1,0,0,1,1,0.0,0
1995,3.6,2023,Working,0,Biology,Female,College and Graduate School of Arts & Sciences,1,0,2,,0,0,0,0,0,0,0.0,0
1996,3.6,2023,Working,1,Cognitive Science - Interdisciplinary,Female,College and Graduate School of Arts & Sciences,1,1,0,,0,1,0,0,0,0,0.0,0
1997,3.6,2023,Working,3,Engineering - Electrical Engineering,Male,School of Engineering & Applied Science,1,0,0,3.82,0,1,0,0,0,0,0.0,0
1998,3.6,2023,Working,3,Engineering - Electrical Engineering,Male,School of Engineering & Applied Science,1,0,0,3.2,0,1,0,0,0,0,0.0,0
1999,3.6,2023,Still Looking,0,Chemistry,Male,College and Graduate School of Arts & Sciences,0,0,2,,0,0,0,1,0,0,0.0,0
2000,3.6,2023,Working,2,Engineering - Computer Science,Male,School of Engineering & Applied Science,1,0,19,,0,1,0,0,0,0,0.0,0
2001,3.6,2023,Working,2,Engineering - Computer Science,Male,School of Engineering & Applied Science,1,0,19,3.54,0,1,0,0,0,0,0.0,0
2002,3.6,2023,Working,0,Environmental Sciences,Male,College and Graduate School of Arts & Sciences,1,0,0,3.7,0,0,0,0,0,0,0.0,0
2003,3.6,2023,Working,1,Engineering - Computer Science,Male,School of Engineering & Applied Science,1,7,46,4.0,0,1,0,0,1,0,0.0,0
2004,3.6,2023,Working,1,Engineering - Computer Science,Male,School of Engineering & Applied Science,1,7,46,,0,1,0,0,1,0,0.0,0
2005,3.6,2023,Working,2,Engineering - Computer Science,Male,School of Engineering & Applied Science,1,0,1,3.65,0,1,0,0,0,0,1.0,1
2006,3.6,2023,Working,0,Neuroscience,Female,School of Medicine,1,0,0,,0,0,0,0,0,0,0.0,0
2007,3.6,2023,Still Looking,1,Engineering - Biomedical Engineering,Female,School of Engineering & Applied Science,0,2,3,,0,1,0,1,1,0,1.0,1
2008,3.6,2023,Working,1,Engineering - Systems Engineering,Male,School of Engineering & Applied Science,1,6,2,,0,1,0,0,1,0,0.0,0
2009,3.6,2023,Still Looking,1,Computer Science - Interdisciplinary,Male,College and Graduate School of Arts & Sciences,0,4,95,3.82,0,1,0,1,1,1,0.0,0
2010,3.6,2023,Still Looking,0,Media Studies,Male,College and Graduate School of Arts & Sciences,0,1,20,3.71,0,0,0,1,0,0,0.0,0
2011,3.6,2023,Still Looking,0,Media Studies,Male,College and Graduate School of Arts & Sciences,0,1,20,3.69,0,0,0,1,0,0,0.0,0
2012,3.6,2023,Working,0,Engineering - Mechanical & Aerospace Engineering,Male,School of Engineering & Applied Science,1,2,20,3.85,0,0,0,0,1,0,0.0,0
2013,3.6,2023,Working,0,Engineering - Mechanical & Aerospace Engineering,Male,School of Engineering & Applied Science,1,2,20,3.8,0,0,0,0,1,0,0.0,0
2014,3.6,2023,Working,0,Engineering - Mechanical & Aerospace Engineering,Male,School of Engineering & Applied Science,1,2,20,3.91,0,0,0,0,1,0,0.0,0
2015,3.6,2023,Working,2,Computer Science - Interdisciplinary,Female,College and Graduate School of Arts & Sciences,1,1,30,,0,1,0,0,0,0,0.0,0
2016,3.6,2023,Still Looking,0,Education - Speech Communication Disorders,Male,School of Education and Human Development,0,0,16,,0,0,0,1,0,0,0.0,0
2017,3.6,2023,Still Looking,0,Cognitive Science - Interdisciplinary,Male,College and Graduate School of Arts & Sciences,0,0,15,3.5,0,0,0,1,0,0,0.0,0
2018,3.6,2023,Still Looking,0,Cognitive Science - Interdisciplinary,Male,College and Graduate School of Arts & Sciences,0,0,15,4.0,0,0,0,1,0,0,0.0,0
2019,3.6,2023,Still Looking,0,Cognitive Science - Interdisciplinary,Male,College and Graduate School of Arts & Sciences,0,0,15,4.88,0,0,0,1,0,0,0.0,0
2020,3.6,2023,Working,1,Engineering - Computer Science,Male,School of Engineering & Applied Science,1,2,27,4.65,0,1,0,0,1,0,0.0,0
2021,3.6,2023,Working,1,Engineering - Computer Science,Male,School of Engineering & Applied Science,1,2,27,3.57,0,1,0,0,1,0,0.0,0
2022,3.6,2023,Working,1,East Asian Studies - Interdisciplinary,Female,College and Graduate School of Arts & Sciences,1,0,0,,0,1,0,0,0,0,0.0,0
2023,3.6,2023,Working,2,History,Female,College and Graduate School of Arts & Sciences,1,0,0,,0,1,0,0,0,0,0.0,0
2024,3.6,2023,Still Looking,0,Engineering - Computer Science,Male,School of Engineering & Applied Science,0,3,50,,0,0,0,1,1,1,0.0,0
2025,3.6,2023,Working,1,Engineering - Biomedical Engineering,Male,School of Engineering & Applied Science,1,1,0,3.7,0,1,0,0,0,0,0.0,0
2026,3.6,2023,Working,1,Architecture - Urban & Environmental Planning,Male,School of Architecture,1,0,14,,0,1,0,0,0,0,0.0,0
2027,3.6,2023,Still Looking,0,Data Science,Male,School of Data Science,0,0,23,3.89,0,0,0,1,0,0,0.0,0
2028,3.6,2023,Still Looking,0,Data Science,Male,School of Data Science,0,0,23,3.78,0,0,0,1,0,0,0.0,0
2029,3.6,2023,Working,2,Engineering - Electrical Engineering,Female,School of Engineering & Applied Science,1,0,3,,0,1,0,0,0,0,0.0,0
2030,3.6,2023,Still Looking,1,Public Health,Female,School of Medicine,0,1,214,3.19,0,1,0,1,0,1,0.0,0
2031,3.6,2023,Still Looking,1,Public Health,Female,School of Medicine,0,1,214,,0,1,0,1,0,1,0.0,0
2032,3.6,2023,Working,1,Engineering - Civil Engineering,Male,School of Engineering & Applied Science,1,2,38,3.85,0,1,0,0,1,0,11.0,1
2033,3.6,2023,Working,1,Engineering - Civil Engineering,Male,School of Engineering & Applied Science,1,2,38,3.87,0,1,0,0,1,0,11.0,1
2034,3.6,2023,Working,1,Engineering - Civil Engineering,Male,School of Engineering & Applied Science,1,2,38,3.71,0,1,0,0,1,0,11.0,1
2035,3.6,2023,Working,3,Engineering - Computer Science,Male,School of Engineering & Applied Science,1,1,33,3.93,0,1,0,0,0,0,0.0,0
2036,3.6,2023,Still Looking,3,Architecture - Architectural History,Female,School of Architecture,0,0,0,3.9,0,1,0,1,0,0,0.0,0
2037,3.6,2023,Working,0,English,Female,College and Graduate School of Arts & Sciences,1,0,0,3.0,0,0,0,0,0,0,0.0,0
2038,3.6,2023,Working,2,Economics,Female,College and Graduate School of Arts & Sciences,1,1,36,3.9,0,1,0,0,0,0,0.0,0
2039,3.6,2023,Working,0,Neuroscience,Female,School of Medicine,1,1,0,,0,0,0,0,0,0,0.0,0
2040,3.6,2023,Continuing Education,1,Education - Kinesiology,Female,School of Education and Human Development,0,0,0,3.36,0,1,1,0,0,0,0.0,0
2041,3.6,2023,Working,1,Engineering - Computer Science,Male,School of Engineering & Applied Science,1,4,84,4.0,0,1,0,0,1,1,0.0,0
2042,3.6,2023,Working,1,Engineering - Computer Science,Male,School of Engineering & Applied Science,1,4,84,3.41,0,1,0,0,1,1,0.0,0
2043,3.6,2023,Still Looking,2,Engineering - Computer Science,Male,School of Engineering & Applied Science,0,0,52,,0,1,0,1,0,1,0.0,0
2044,3.6,2023,Still Looking,1,Biology,Female,College and Graduate School of Arts & Sciences,0,0,5,,0,1,0,1,0,0,1.0,1
2045,3.6,2023,Working,1,Education - Curriculum & Instruction,Female,School of Education and Human Development,1,0,0,,0,1,0,0,0,0,0.0,0
2046,3.6,2023,Fellowship,0,Biophysics,Male,School of Medicine,0,0,0,4.0,0,0,0,0,0,0,0.0,0
2047,3.6,2023,Working,0,Engineering - Mechanical & Aerospace Engineering,Male,School of Engineering & Applied Science,1,0,0,,0,0,0,0,0,0,0.0,0
2048,3.6,2023,Working,3,Education - Educational Psychology,Female,School of Education and Human Development,1,1,0,3.4,0,1,0,0,0,0,0.0,0
2049,3.6,2023,Still Looking,0,English,Male,College and Graduate School of Arts & Sciences,0,2,32,3.59,0,0,0,1,1,0,0.0,0
2050,3.6,2023,Still Looking,0,English,Male,College and Graduate School of Arts & Sciences,0,2,32,,0,0,0,1,1,0,0.0,0
2051,3.6,2023,Still Looking,0,Data Science,Male,School of Data Science,0,0,217,4.0,0,0,0,1,0,1,0.0,0
2052,3.6,2023,Still Looking,0,Foreign Affairs,Male,College and Graduate School of Arts & Sciences,0,0,12,3.67,0,0,0,1,0,0,0.0,0
2053,3.6,2023,Working,0,Architecture - Landscape Architecture,Female,School of Architecture,1,0,0,,0,0,0,0,0,0,0.0,0
2054,3.6,2023,Still Looking,0,Government,Male,College and Graduate School of Arts & Sciences,0,0,0,,0,0,0,1,0,0,0.0,0
2055,3.6,2023,Still Looking,1,Media Studies,Female,College and Graduate School of Arts & Sciences,0,1,0,,0,1,0,1,0,0,0.0,0
2056,3.6,2023,Not Seeking,0,Engineering - Civil Engineering,Male,School of Engineering & Applied Science,0,1,6,,0,0,0,0,0,0,0.0,0
2057,3.6,2023,Working,1,Statistics,Female,College and Graduate School of Arts & Sciences,1,4,142,,0,1,0,0,1,1,0.0,0
2058,3.6,2023,Continuing Education,1,Linguistics,Male,College and Graduate School of Arts & Sciences,0,0,76,,0,1,1,0,0,1,3.0,1
2059,3.6,2023,Continuing Education,1,Linguistics,Male,College and Graduate School of Arts & Sciences,0,0,76,3.63,0,1,1,0,0,1,3.0,1
2060,3.6,2023,Fellowship,0,Environmental Sciences,Female,College and Graduate School of Arts & Sciences,0,0,0,,0,0,0,0,0,0,0.0,0
2061,3.6,2023,Fellowship,0,Anthropology,Female,College and Graduate School of Arts & Sciences,0,0,0,,0,0,0,0,0,0,0.0,0
2062,3.6,2023,Working,1,Engineering - Materials Science & Engineering,Male,School of Engineering & Applied Science,1,2,0,3.52,0,1,0,0,1,0,0.0,0
2063,3.6,2023,Working,0,Microbiology,Male,School of Medicine,1,0,2,3.8,0,0,0,0,0,0,0.0,0
2064,3.6,2023,Fellowship,1,Foreign Affairs,Male,College and Graduate School of Arts & Sciences,0,0,6,,0,1,0,0,0,0,0.0,0
2065,3.6,2023,Fellowship,1,Foreign Affairs,Male,College and Graduate School of Arts & Sciences,0,0,6,3.26,0,1,0,0,0,0,0.0,0
2066,3.6,2023,Still Looking,0,Engineering - Mechanical & Aerospace Engineering,Male,School of Engineering & Applied Science,0,0,0,,0,0,0,1,0,0,1.0,1
2067,3.6,2023,Working,2,Architecture - Landscape Architecture,Female,School of Architecture,1,0,0,3.68,0,1,0,0,0,0,0.0,0
2068,3.6,2023,Working,0,Chemistry,Male,College and Graduate School of Arts & Sciences,1,0,0,,0,0,0,0,0,0,0.0,0
2069,3.6,2023,Continuing Education,0,English,Female,College and Graduate School of Arts & Sciences,0,0,2,3.8,0,0,1,0,0,0,0.0,0
2070,3.6,2023,Working,2,Engineering - Aerospace Engineering,Male,School of Engineering & Applied Science,1,3,33,3.83,0,1,0,0,1,0,0.0,0
2071,3.6,2023,Working,1,Engineering - Biomedical Engineering,Male,School of Engineering & Applied Science,1,2,77,,0,1,0,0,1,1,0.0,0
2072,3.6,2023,Continuing Education,1,Engineering - Aerospace Engineering,Female,School of Engineering & Applied Science,0,3,56,,0,1,1,0,1,1,0.0,0
2073,3.6,2023,Working,2,Engineering - Aerospace Engineering,Female,School of Engineering & Applied Science,1,2,177,,0,1,0,0,1,1,0.0,0
2074,3.6,2023,Working,2,Engineering - Aerospace Engineering,Female,School of Engineering & Applied Science,1,2,177,3.65,0,1,0,0,1,1,0.0,0
2075,3.6,2023,Working,0,Engineering - Mechanical Engineering,Male,School of Engineering & Applied Science,1,1,9,,0,0,0,0,0,0,0.0,0
2076,3.6,2023,Continuing Education,2,Engineering - Computer Science,Male,School of Engineering & Applied Science,0,4,55,3.87,0,1,1,0,1,1,0.0,0
2077,3.6,2023,Continuing Education,2,Engineering - Computer Science,Male,School of Engineering & Applied Science,0,4,55,,0,1,1,0,1,1,0.0,0
2078,3.6,2023,Working,1,Engineering - Materials Science and Engineering,Male,School of Engineering & Applied Science,1,2,44,3.28,0,1,0,0,1,0,0.0,0
2079,3.6,2023,Working,2,Engineering - Biomedical Engineering,Female,School of Engineering & Applied Science,1,12,10,,0,1,0,0,1,0,0.0,0
2080,3.6,2023,Working,2,Engineering - Computer Engineering,Female,School of Engineering & Applied Science,1,0,31,3.6,0,1,0,0,0,0,0.0,0
2081,3.6,2023,Working,3,Engineering - Computer Engineering,Male,School of Engineering & Applied Science,1,3,186,,0,1,0,0,1,1,0.0,0
2082,3.6,2023,Working,2,Engineering - Systems Engineering,Female,School of Engineering & Applied Science,1,3,62,3.79,0,1,0,0,1,1,0.0,0
2083,3.6,2023,Continuing Education,3,Engineering - Civil Engineering,Female,School of Engineering & Applied Science,0,2,0,,0,1,1,0,1,0,0.0,0
2084,3.6,2023,Working,3,Engineering - Computer Science,Male,School of Engineering & Applied Science,1,1,65,3.89,0,1,0,0,0,1,1.0,1
2085,3.6,2023,Working,3,Engineering - Civil Engineering,Female,School of Engineering & Applied Science,1,1,32,3.3,0,1,0,0,0,0,0.0,0
2086,3.6,2023,Working,3,Engineering - Civil Engineering,Female,School of Engineering & Applied Science,1,1,32,4.27,0,1,0,0,0,0,0.0,0
2087,3.6,2023,Working,2,Engineering - Computer Science,Male,School of Engineering & Applied Science,1,1,22,3.91,0,1,0,0,0,0,6.0,1
2088,3.6,2023,Continuing Education,1,Engineering - Biomedical Engineering,Female,School of Engineering & Applied Science,0,0,1,3.7,0,1,1,0,0,0,0.0,0
2089,3.6,2023,Working,1,Engineering - Computer Science,Female,School of Engineering & Applied Science,1,1,65,3.7,0,1,0,0,0,1,0.0,0
2090,3.6,2023,Continuing Education,2,Engineering - Computer Science,Male,School of Engineering & Applied Science,0,4,10,,0,1,1,0,1,0,0.0,0
2091,3.6,2023,Working,1,Engineering - Computer Science,Male,School of Engineering & Applied Science,1,5,172,3.53,0,1,0,0,1,1,0.0,0
2092,3.6,2023,Working,3,Engineering - Systems Engineering,Male,School of Engineering & Applied Science,1,0,114,3.91,0,1,0,0,0,1,0.0,0
2093,3.6,2023,Working,3,Engineering - Computer Science,Female,School of Engineering & Applied Science,1,0,21,3.9,0,1,0,0,0,0,0.0,0
2094,3.6,2023,Working,1,Engineering - Systems Engineering,Female,School of Engineering & Applied Science,1,6,65,,0,1,0,0,1,1,0.0,0
2095,3.6,2023,Working,1,Engineering - Systems Engineering,Female,School of Engineering & Applied Science,1,6,65,3.6,0,1,0,0,1,1,0.0,0
2096,3.6,2023,Working,1,Engineering - Civil Engineering,Male,School of Engineering & Applied Science,1,2,0,3.97,0,1,0,0,1,0,0.0,0
2097,3.6,2023,Military,2,Engineering - Civil Engineering,Male,School of Engineering & Applied Science,0,1,5,,0,1,0,0,0,0,0.0,0
2098,3.6,2023,Working,0,Engineering - Mechanical Engineering,Male,School of Engineering & Applied Science,1,3,11,3.38,0,0,0,0,1,0,3.0,1
2099,3.6,2023,Working,1,Engineering - Biomedical Engineering,Female,School of Engineering & Applied Science,1,7,127,,0,1,0,0,1,1,6.0,1
2100,3.6,2023,Working,1,Engineering - Electrical Engineering,Female,School of Engineering & Applied Science,1,0,0,,0,1,0,0,0,0,0.0,0
2101,3.6,2023,Working,3,Engineering - Computer Science,Male,School of Engineering & Applied Science,1,5,75,3.65,0,1,0,0,1,1,1.0,1
2102,3.6,2023,Working,3,Engineering - Computer Science,Male,School of Engineering & Applied Science,1,5,75,,0,1,0,0,1,1,1.0,1
2103,3.6,2023,Working,1,Engineering - Computer Science,Male,School of Engineering & Applied Science,1,1,26,3.79,0,1,0,0,0,0,0.0,0
2104,3.6,2023,Working,3,Engineering - Computer Science,Male,School of Engineering & Applied Science,1,0,10,4.0,0,1,0,0,0,0,0.0,0
2105,3.6,2023,Working,2,Engineering - Biomedical Engineering,Female,School of Engineering & Applied Science,1,4,15,4.53,0,1,0,0,1,0,0.0,0
2106,3.6,2023,Working,2,Engineering - Biomedical Engineering,Female,School of Engineering & Applied Science,1,4,15,3.2,0,1,0,0,1,0,0.0,0
2107,3.6,2023,Working,1,Engineering - Mechanical Engineering,Male,School of Engineering & Applied Science,1,0,11,3.88,0,1,0,0,0,0,0.0,0
2108,3.6,2023,Working,1,Engineering - Chemical Engineering,Male,School of Engineering & Applied Science,1,5,20,,0,1,0,0,1,0,0.0,0
2109,3.6,2023,Continuing Education,2,Engineering - Mechanical Engineering,Female,School of Engineering & Applied Science,0,7,78,,0,1,1,0,1,1,0.0,0
2110,3.6,2023,Working,3,Engineering - Systems Engineering,Female,School of Engineering & Applied Science,1,9,37,3.72,1,1,0,0,1,0,0.0,0
2111,3.6,2023,Working,3,Engineering - Systems Engineering,Female,School of Engineering & Applied Science,1,9,37,,1,1,0,0,1,0,0.0,0
2112,3.6,2023,Working,2,Engineering - Systems Engineering,Female,School of Engineering & Applied Science,1,4,19,3.97,0,1,0,0,1,0,7.0,1
2113,3.6,2023,Continuing Education,1,Engineering - Civil Engineering,Female,School of Engineering & Applied Science,0,1,50,,0,1,1,0,0,1,0.0,0
2114,3.6,2023,Working,2,Engineering - Computer Science,Male,School of Engineering & Applied Science,1,1,23,3.96,0,1,0,0,0,0,0.0,0
2115,3.6,2023,Working,2,Engineering - Computer Science,Male,School of Engineering & Applied Science,1,1,23,3.91,0,1,0,0,0,0,0.0,0
2116,3.6,2023,Working,3,Engineering - Systems Engineering,Female,School of Engineering & Applied Science,1,10,191,,0,1,0,0,1,1,0.0,0
2117,3.6,2023,Continuing Education,3,Engineering - Aerospace Engineering,Male,School of Engineering & Applied Science,0,0,0,,0,1,1,0,0,0,0.0,0
2118,3.6,2023,Working,2,Engineering - Computer Science,Male,School of Engineering & Applied Science,1,10,136,,0,1,0,0,1,1,5.0,1
2119,3.6,2023,Working,0,Engineering - Mechanical Engineering,Female,School of Engineering & Applied Science,1,4,13,3.52,0,0,0,0,1,0,2.0,1
2120,3.6,2023,Working,2,Engineering - Computer Science,Male,School of Engineering & Applied Science,1,3,26,4.6,0,1,0,0,1,0,0.0,0
2121,3.6,2023,Working,2,Engineering - Computer Science,Male,School of Engineering & Applied Science,1,3,26,4.0,0,1,0,0,1,0,0.0,0
2122,3.6,2023,Working,3,Computer Science - Interdisciplinary,Female,College and Graduate School of Arts & Sciences,1,11,51,,0,1,0,0,1,1,0.0,0
2123,3.6,2023,Continuing Education,0,Engineering - Biomedical Engineering,Female,School of Engineering & Applied Science,0,0,74,3.94,0,0,1,0,0,1,0.0,0
2124,3.6,2023,Continuing Education,0,Engineering - Biomedical Engineering,Female,School of Engineering & Applied Science,0,0,74,,0,0,1,0,0,1,0.0,0
2125,3.6,2023,Working,1,Engineering - Chemical Engineering,Female,School of Engineering & Applied Science,1,2,115,3.91,0,1,0,0,1,1,2.0,1
2126,3.6,2023,Working,1,Engineering - Chemical Engineering,Female,School of Engineering & Applied Science,1,2,115,,0,1,0,0,1,1,2.0,1
2127,3.6,2023,Continuing Education,2,Economics,Female,College and Graduate School of Arts & Sciences,0,0,23,3.8,0,1,1,0,0,0,0.0,0
2128,3.6,2023,Continuing Education,2,Economics,Female,College and Graduate School of Arts & Sciences,0,0,23,4.0,0,1,1,0,0,0,0.0,0
2129,3.6,2023,Working,3,Computer Science - Interdisciplinary,Male,College and Graduate School of Arts & Sciences,1,1,52,,0,1,0,0,0,1,1.0,1
2130,3.6,2023,Continuing Education,2,Engineering - Systems Engineering,Female,School of Engineering & Applied Science,0,2,18,,0,1,1,0,1,0,0.0,0
2131,3.6,2023,Continuing Education,2,Engineering - Systems Engineering,Female,School of Engineering & Applied Science,0,2,18,3.81,0,1,1,0,1,0,0.0,0
2132,3.6,2023,Working,1,Economics,Female,College and Graduate School of Arts & Sciences,1,1,42,3.93,0,1,0,0,0,0,0.0,0
2133,3.6,2023,Working,1,Economics,Female,College and Graduate School of Arts & Sciences,1,1,42,4.4,0,1,0,0,0,0,0.0,0
2134,3.6,2023,Working,2,Statistics,Female,College and Graduate School of Arts & Sciences,1,0,52,,0,1,0,0,0,1,0.0,0
2135,3.6,2023,Working,2,Mathematics,Male,College and Graduate School of Arts & Sciences,1,1,48,4.0,0,1,0,0,0,1,0.0,0
2136,3.6,2023,Still Looking,2,Economics,Male,College and Graduate School of Arts & Sciences,0,3,310,,0,1,0,1,1,1,0.0,0
2137,3.6,2023,Working,1,Economics,Female,College and Graduate School of Arts & Sciences,1,7,162,,0,1,0,0,1,1,1.0,1
2138,3.6,2023,Working,2,Economics,Female,College and Graduate School of Arts & Sciences,1,1,49,3.8,0,1,0,0,0,1,0.0,0
2139,3.6,2023,Working,2,Economics,Female,College and Graduate School of Arts & Sciences,1,1,49,,0,1,0,0,0,1,0.0,0
2140,3.6,2023,Continuing Education,2,Statistics,Female,College and Graduate School of Arts & Sciences,0,0,0,,0,1,1,0,0,0,0.0,0
2141,3.6,2023,Continuing Education,2,Economics,Female,College and Graduate School of Arts & Sciences,0,0,5,,0,1,1,0,0,0,1.0,1
2142,3.6,2023,Working,0,Economics,Female,College and Graduate School of Arts & Sciences,1,3,92,3.9,0,0,0,0,1,1,5.0,1
2143,3.6,2023,Working,0,Economics,Female,College and Graduate School of Arts & Sciences,1,3,92,,0,0,0,0,1,1,5.0,1
2144,3.6,2023,Continuing Education,3,Engineering - Computer Science,Male,School of Engineering & Applied Science,0,0,12,,0,1,1,0,0,0,4.0,1
2145,3.6,2023,Continuing Education,3,Engineering - Computer Science,Male,School of Engineering & Applied Science,0,0,12,3.99,0,1,1,0,0,0,4.0,1
2146,3.6,2023,Still Looking,3,Global Studies - Interdisciplinary,Female,College and Graduate School of Arts & Sciences,0,1,42,,0,1,0,1,0,0,0.0,0
2147,3.6,2023,Working,2,Statistics,Female,College and Graduate School of Arts & Sciences,1,0,48,,0,1,0,0,0,1,4.0,1
2148,3.6,2023,Continuing Education,0,Education - Youth & Social Innovation,Female,School of Education and Human Development,0,0,0,,0,0,1,0,0,0,0.0,0
2149,3.6,2023,Working,2,Economics,Female,College and Graduate School of Arts & Sciences,1,0,0,3.75,0,1,0,0,0,0,0.0,0
2150,3.6,2023,Working,1,Economics,Female,College and Graduate School of Arts & Sciences,1,1,0,,0,1,0,0,0,0,0.0,0
2151,3.6,2023,Working,0,Mathematics,Male,College and Graduate School of Arts & Sciences,1,0,250,3.63,0,0,0,0,0,1,0.0,0
2152,3.6,2023,Working,0,Mathematics,Male,College and Graduate School of Arts & Sciences,1,0,250,,0,0,0,0,0,1,0.0,0
2153,3.6,2023,Working,3,Economics,Male,College and Graduate School of Arts & Sciences,1,0,0,4.0,0,1,0,0,0,0,0.0,0
2154,3.6,2023,Working,3,Economics,Male,College and Graduate School of Arts & Sciences,1,0,0,3.85,0,1,0,0,0,0,0.0,0
2155,3.6,2023,Working,2,Economics,Male,College and Graduate School of Arts & Sciences,1,7,82,,0,1,0,0,1,1,1.0,1
2156,3.6,2023,Working,2,Economics,Male,College and Graduate School of Arts & Sciences,1,7,82,3.7,0,1,0,0,1,1,1.0,1
2157,3.6,2023,Continuing Education,3,Computer Science - Interdisciplinary,Male,College and Graduate School of Arts & Sciences,0,2,150,3.95,0,1,1,0,1,1,0.0,0
2158,3.6,2023,Continuing Education,3,Computer Science - Interdisciplinary,Male,College and Graduate School of Arts & Sciences,0,2,150,,0,1,1,0,1,1,0.0,0
2159,3.6,2023,Working,1,Economics,Male,College and Graduate School of Arts & Sciences,1,1,8,,0,1,0,0,0,0,9.0,1
2160,3.6,2023,Working,1,Economics,Male,College and Graduate School of Arts & Sciences,1,5,20,3.37,0,1,0,0,1,0,1.0,1
2161,3.6,2023,Working,1,Economics,Male,College and Graduate School of Arts & Sciences,1,5,20,3.78,0,1,0,0,1,0,1.0,1
2162,3.6,2023,Still Looking,0,Economics,Male,College and Graduate School of Arts & Sciences,0,22,299,4.67,0,0,0,1,1,1,5.0,1
2163,3.6,2023,Still Looking,0,Economics,Male,College and Graduate School of Arts & Sciences,0,22,299,,0,0,0,1,1,1,5.0,1
2164,3.6,2023,Working,2,Economics,Female,College and Graduate School of Arts & Sciences,1,1,32,,0,1,0,0,0,0,0.0,0
2165,3.6,2023,Working,2,Economics,Female,College and Graduate School of Arts & Sciences,1,0,8,,0,1,0,0,0,0,0.0,0
2166,3.6,2023,Working,3,Economics,Female,College and Graduate School of Arts & Sciences,1,0,55,,0,1,0,0,0,1,6.0,1
2167,3.6,2023,Working,3,Economics,Female,College and Graduate School of Arts & Sciences,1,0,55,3.92,0,1,0,0,0,1,6.0,1
2168,3.6,2023,Working,2,Economics,Male,College and Graduate School of Arts & Sciences,1,1,9,3.71,0,1,0,0,0,0,0.0,0
2169,3.6,2023,Still Looking,1,Political Philosophy Policy & Law - Interdisciplinary,Female,College and Graduate School of Arts & Sciences,0,0,0,3.94,0,1,0,1,0,0,0.0,0
2170,3.6,2023,Still Looking,0,Economics,Male,College and Graduate School of Arts & Sciences,0,15,460,3.61,0,0,0,1,1,1,2.0,1
2171,3.6,2023,Working,0,Economics,Male,College and Graduate School of Arts & Sciences,1,3,111,4.4,0,0,0,0,1,1,0.0,0
2172,3.6,2023,Working,0,Economics,Male,College and Graduate School of Arts & Sciences,1,3,111,3.4,0,0,0,0,1,1,0.0,0
2173,3.6,2023,Working,3,Economics,Female,College and Graduate School of Arts & Sciences,1,0,0,3.97,0,1,0,0,0,0,0.0,0
2174,3.6,2023,Working,3,Economics,Female,College and Graduate School of Arts & Sciences,1,0,0,,0,1,0,0,0,0,0.0,0
2175,3.6,2023,Working,2,Economics,Female,College and Graduate School of Arts & Sciences,1,10,848,,0,1,0,0,1,1,0.0,0
2176,3.6,2023,Working,3,Biology,Male,College and Graduate School of Arts & Sciences,1,2,232,,0,1,0,0,1,1,0.0,0
2177,3.6,2023,Working,3,Statistics,Male,College and Graduate School of Arts & Sciences,1,4,140,3.74,0,1,0,0,1,1,1.0,1
2178,3.6,2023,Working,2,Economics,Female,College and Graduate School of Arts & Sciences,1,8,63,3.75,0,1,0,0,1,1,0.0,0
2179,3.6,2023,Working,1,Cognitive Science - Interdisciplinary,Female,College and Graduate School of Arts & Sciences,1,0,136,3.86,0,1,0,0,0,1,0.0,0
2180,3.6,2023,Still Looking,3,Environmental Sciences,Male,College and Graduate School of Arts & Sciences,0,2,80,3.5,0,1,0,1,1,1,0.0,0
2181,3.6,2023,Working,3,Economics,Male,College and Graduate School of Arts & Sciences,1,2,1,3.7,0,1,0,0,1,0,0.0,0
2182,3.6,2023,Continuing Education,2,Economics,Female,College and Graduate School of Arts & Sciences,0,0,15,,0,1,1,0,0,0,0.0,0
2183,3.6,2023,Continuing Education,1,Economics,Female,College and Graduate School of Arts & Sciences,0,1,35,,0,1,1,0,0,0,0.0,0
2184,3.6,2023,Continuing Education,2,Economics,Male,College and Graduate School of Arts & Sciences,0,21,260,,1,1,1,0,1,1,0.0,0
2185,3.6,2023,Working,3,Economics,Male,College and Graduate School of Arts & Sciences,1,1,0,,0,1,0,0,0,0,0.0,0
2186,3.6,2023,Continuing Education,2,Engineering - Engineering Science,Male,School of Engineering & Applied Science,0,6,210,,0,1,1,0,1,1,0.0,0
2187,3.6,2023,Still Looking,0,Economics,Male,College and Graduate School of Arts & Sciences,0,1,10,,0,0,0,1,0,0,0.0,0
2188,3.6,2023,Still Looking,1,Economics,Female,College and Graduate School of Arts & Sciences,0,4,114,,0,1,0,1,1,1,0.0,0
2189,3.6,2023,Continuing Education,3,History,Female,College and Graduate School of Arts & Sciences,0,0,7,,0,1,1,0,0,0,0.0,0
2190,3.6,2023,Working,3,Economics,Female,College and Graduate School of Arts & Sciences,1,8,84,3.88,0,1,0,0,1,1,18.0,1
2191,3.6,2023,Continuing Education,1,Economics,Female,College and Graduate School of Arts & Sciences,0,4,22,,0,1,1,0,1,0,0.0,0
2192,3.6,2023,Continuing Education,1,Economics,Female,College and Graduate School of Arts & Sciences,0,4,22,3.81,0,1,1,0,1,0,0.0,0
2193,3.6,2023,Working,1,Economics,Male,College and Graduate School of Arts & Sciences,1,5,114,3.0,0,1,0,0,1,1,0.0,0
2194,3.6,2023,Working,1,Economics,Male,College and Graduate School of Arts & Sciences,1,5,114,3.6,0,1,0,0,1,1,0.0,0
2195,3.6,2023,Working,3,Statistics,Male,College and Graduate School of Arts & Sciences,1,6,256,3.58,1,1,0,0,1,1,3.0,1
2196,3.6,2023,Working,1,Computer Science - Interdisciplinary,Male,College and Graduate School of Arts & Sciences,1,0,50,,0,1,0,0,0,1,0.0,0
2197,3.6,2023,Continuing Education,3,Economics,Male,College and Graduate School of Arts & Sciences,0,5,46,3.76,0,1,1,0,1,0,0.0,0
2198,3.6,2023,Continuing Education,3,Economics,Male,College and Graduate School of Arts & Sciences,0,5,46,3.8,0,1,1,0,1,0,0.0,0
2199,3.6,2023,Continuing Education,3,Economics,Male,College and Graduate School of Arts & Sciences,0,5,46,4.0,0,1,1,0,1,0,0.0,0
2200,3.6,2023,Continuing Education,1,Economics,Female,College and Graduate School of Arts & Sciences,0,0,3,,0,1,1,0,0,0,0.0,0
2201,3.6,2023,Working,1,Economics,Female,College and Graduate School of Arts & Sciences,1,0,40,,0,1,0,0,0,0,0.0,0
2202,3.6,2023,Working,1,Economics,Female,College and Graduate School of Arts & Sciences,1,6,23,,0,1,0,0,1,0,6.0,1
2203,3.6,2023,Working,1,Economics,Female,College and Graduate School of Arts & Sciences,1,6,23,3.78,0,1,0,0,1,0,6.0,1
2204,3.6,2023,Working,2,Engineering - Systems Engineering,Male,School of Engineering & Applied Science,1,0,38,,0,1,0,0,0,0,0.0,0
2205,3.6,2023,Working,2,Economics,Female,College and Graduate School of Arts & Sciences,1,5,1,,0,1,0,0,1,0,0.0,0
2206,3.6,2023,Continuing Education,3,Economics,Male,College and Graduate School of Arts & Sciences,0,6,47,,1,1,1,0,1,0,0.0,0
2207,3.6,2023,Continuing Education,3,Economics,Male,College and Graduate School of Arts & Sciences,0,6,47,3.8,1,1,1,0,1,0,0.0,0
2208,3.6,2023,Continuing Education,1,Economics,Male,College and Graduate School of Arts & Sciences,0,4,16,,0,1,1,0,1,0,0.0,0
2209,3.6,2023,Continuing Education,1,Economics,Male,College and Graduate School of Arts & Sciences,0,4,16,4.0,0,1,1,0,1,0,0.0,0
2210,3.6,2023,Working,2,Statistics,Female,College and Graduate School of Arts & Sciences,1,2,170,,0,1,0,0,1,1,1.0,1
2211,3.6,2023,Continuing Education,1,Economics,Female,College and Graduate School of Arts & Sciences,0,0,30,,0,1,1,0,0,0,0.0,0
2212,3.6,2023,Working,1,Economics,Female,College and Graduate School of Arts & Sciences,1,2,37,,0,1,0,0,1,0,0.0,0
2213,3.6,2023,Working,2,Economics,Male,College and Graduate School of Arts & Sciences,1,1,42,3.4,0,1,0,0,0,0,0.0,0
2214,3.6,2023,Working,2,Economics,Male,College and Graduate School of Arts & Sciences,1,1,42,3.75,0,1,0,0,0,0,0.0,0
2215,3.6,2023,Working,1,Economics,Male,College and Graduate School of Arts & Sciences,1,0,76,,0,1,0,0,0,1,0.0,0
2216,3.6,2023,Working,1,Economics,Female,College and Graduate School of Arts & Sciences,1,7,48,3.5,0,1,0,0,1,1,3.0,1
2217,3.6,2023,Working,2,Economics,Male,College and Graduate School of Arts & Sciences,1,0,72,4.68,0,1,0,0,0,1,0.0,0
2218,3.6,2023,Working,2,Economics,Male,College and Graduate School of Arts & Sciences,1,0,72,,0,1,0,0,0,1,0.0,0
2219,3.6,2023,Working,2,Computer Science - Interdisciplinary,Female,College and Graduate School of Arts & Sciences,1,1,6,3.83,0,1,0,0,0,0,0.0,0
2220,3.6,2023,Continuing Education,2,Engineering - Biomedical Engineering,Female,School of Engineering & Applied Science,0,12,28,3.58,0,1,1,0,1,0,0.0,0
2221,3.6,2023,Continuing Education,2,Engineering - Biomedical Engineering,Female,School of Engineering & Applied Science,0,12,28,,0,1,1,0,1,0,0.0,0
2222,3.6,2023,Continuing Education,2,Engineering - Biomedical Engineering,Female,School of Engineering & Applied Science,0,12,28,4.74,0,1,1,0,1,0,0.0,0
2223,3.6,2023,Working,1,Global Studies - Interdisciplinary,Female,College and Graduate School of Arts & Sciences,1,0,46,,0,1,0,0,0,0,0.0,0
2224,3.6,2023,Working,2,Spanish,Female,College and Graduate School of Arts & Sciences,1,3,18,3.88,0,1,0,0,1,0,1.0,1
2225,3.6,2023,Working,1,Engineering - Electrical Engineering,Female,School of Engineering & Applied Science,1,4,9,,0,1,0,0,1,0,4.0,1
2226,3.6,2023,Working,1,Engineering - Chemical Engineering,Female,School of Engineering & Applied Science,1,7,123,3.54,0,1,0,0,1,1,0.0,0
2227,3.6,2023,Continuing Education,0,Neuroscience - Interdisciplinary,Male,College and Graduate School of Arts & Sciences,0,0,0,,0,0,1,0,0,0,0.0,0
2228,3.6,2023,Continuing Education,3,Foreign Affairs,Female,College and Graduate School of Arts & Sciences,0,4,34,,1,1,1,0,1,0,0.0,0
2229,3.6,2023,Continuing Education,3,Foreign Affairs,Female,College and Graduate School of Arts & Sciences,0,4,34,4.0,1,1,1,0,1,0,0.0,0
2230,3.6,2023,Continuing Education,2,History,Female,College and Graduate School of Arts & Sciences,0,1,52,3.5,0,1,1,0,0,1,0.0,0
2231,3.6,2023,Continuing Education,2,History,Female,College and Graduate School of Arts & Sciences,0,1,52,,0,1,1,0,0,1,0.0,0
2232,3.6,2023,Continuing Education,1,Economics,Female,College and Graduate School of Arts & Sciences,0,0,0,3.91,0,1,1,0,0,0,1.0,1
2233,3.6,2023,Volunteering,2,Foreign Affairs,Male,College and Graduate School of Arts & Sciences,0,1,4,4.0,1,1,0,0,0,0,0.0,0
2234,3.6,2023,Volunteering,2,Foreign Affairs,Male,College and Graduate School of Arts & Sciences,0,1,4,3.79,1,1,0,0,0,0,0.0,0
2235,3.6,2023,Still Looking,0,Computer Science - Interdisciplinary,Male,College and Graduate School of Arts & Sciences,0,0,87,3.79,0,0,0,1,0,1,0.0,0
2236,3.6,2023,Still Looking,0,Computer Science - Interdisciplinary,Male,College and Graduate School of Arts & Sciences,0,0,87,,0,0,0,1,0,1,0.0,0
2237,3.6,2023,Working,2,Computer Science - Interdisciplinary,Male,College and Graduate School of Arts & Sciences,1,3,17,,0,1,0,0,1,0,0.0,0
2238,3.6,2023,Continuing Education,2,Human Biology - Interdisciplinary,Male,College and Graduate School of Arts & Sciences,0,0,0,4.0,0,1,1,0,0,0,0.0,0
2239,3.6,2023,Working,1,Cognitive Science - Interdisciplinary,Female,College and Graduate School of Arts & Sciences,1,0,51,,0,1,0,0,0,1,0.0,0
2240,3.6,2023,Still Looking,2,History,Female,College and Graduate School of Arts & Sciences,0,1,15,3.99,0,1,0,1,0,0,0.0,0
2241,3.6,2023,Continuing Education,1,Chemistry,Female,College and Graduate School of Arts & Sciences,0,0,1,3.58,0,1,1,0,0,0,0.0,0
2242,3.6,2023,Still Looking,1,Chemistry,Female,College and Graduate School of Arts & Sciences,0,11,266,,0,1,0,1,1,1,2.0,1
2243,3.6,2023,Working,2,Environmental Sciences,Female,College and Graduate School of Arts & Sciences,1,0,75,,0,1,0,0,0,1,0.0,0
2244,3.6,2023,Working,3,Engineering - Systems Engineering,Male,School of Engineering & Applied Science,1,3,180,,0,1,0,0,1,1,22.0,1
2245,3.6,2023,Working,3,Foreign Affairs,Female,College and Graduate School of Arts & Sciences,1,5,38,3.81,1,1,0,0,1,0,8.0,1
2246,3.6,2023,Continuing Education,2,Engineering - Biomedical Engineering,Male,School of Engineering & Applied Science,0,13,842,,0,1,1,0,1,1,9.0,1
2247,3.6,2023,Continuing Education,2,Economics,Male,College and Graduate School of Arts & Sciences,0,1,228,,0,1,1,0,0,1,0.0,0
2248,3.6,2023,Working,2,Engineering - Computer Science,Male,School of Engineering & Applied Science,1,0,16,,0,1,0,0,0,0,1.0,1
2249,3.6,2023,Continuing Education,0,Engineering - Computer Science,Male,School of Engineering & Applied Science,0,1,0,,0,0,1,0,0,0,0.0,0
2250,3.6,2023,Working,2,Engineering - Systems Engineering,Female,School of Engineering & Applied Science,1,1,33,3.61,0,1,0,0,0,0,0.0,0
2251,3.6,2023,Continuing Education,0,Political Philosophy Policy & Law - Interdisciplinary,Female,College and Graduate School of Arts & Sciences,0,1,0,3.8,0,0,1,0,0,0,2.0,1
2252,3.6,2023,Working,3,Spanish,Female,College and Graduate School of Arts & Sciences,1,4,82,,1,1,0,0,1,1,0.0,0
2253,3.6,2023,Working,3,Spanish,Female,College and Graduate School of Arts & Sciences,1,4,82,3.71,1,1,0,0,1,1,0.0,0
2254,3.6,2023,Working,1,Anthropology,Female,College and Graduate School of Arts & Sciences,1,0,37,3.65,0,1,0,0,0,0,0.0,0
2255,3.6,2023,Working,1,Anthropology,Female,College and Graduate School of Arts & Sciences,1,0,37,,0,1,0,0,0,0,0.0,0
2256,3.6,2023,Still Looking,1,English,Female,College and Graduate School of Arts & Sciences,0,0,42,,0,1,0,1,0,0,1.0,1
2257,3.6,2023,Still Looking,2,Economics,Female,College and Graduate School of Arts & Sciences,0,2,228,,0,1,0,1,1,1,3.0,1
2258,3.6,2023,Still Looking,2,Economics,Female,College and Graduate School of Arts & Sciences,0,2,228,3.47,0,1,0,1,1,1,3.0,1
2259,3.6,2023,Still Looking,2,Media Studies,Female,College and Graduate School of Arts & Sciences,0,0,26,,0,1,0,1,0,0,0.0,0
2260,3.6,2023,Working,2,Data Science,Male,School of Data Science,1,3,1,,1,1,0,0,1,0,0.0,0
2261,3.6,2023,Working,2,Data Science,Male,School of Data Science,1,3,1,3.7,1,1,0,0,1,0,0.0,0
2262,3.6,2023,Working,2,Data Science,Male,School of Data Science,1,3,1,3.58,1,1,0,0,1,0,0.0,0
2263,3.6,2023,Working,2,Engineering - Computer Science,Male,School of Engineering & Applied Science,1,2,9,3.9,0,1,0,0,1,0,0.0,0
2264,3.6,2023,Working,2,Engineering - Computer Science,Male,School of Engineering & Applied Science,1,2,9,,0,1,0,0,1,0,0.0,0
2265,3.6,2023,Working,3,Data Science,Male,School of Data Science,1,2,179,,0,1,0,0,1,1,0.0,0
2266,3.6,2023,Working,3,Media Studies,Female,College and Graduate School of Arts & Sciences,1,3,15,3.84,0,1,0,0,1,0,0.0,0
2267,3.6,2023,Working,3,Media Studies,Female,College and Graduate School of Arts & Sciences,1,3,15,4.0,0,1,0,0,1,0,0.0,0
2268,3.6,2023,Working,3,Engineering - Mechanical Engineering,Male,School of Engineering & Applied Science,1,7,84,3.46,0,1,0,0,1,1,0.0,0
2269,3.6,2023,Working,3,Engineering - Mechanical Engineering,Male,School of Engineering & Applied Science,1,7,84,,0,1,0,0,1,1,0.0,0
2270,3.6,2023,Working,3,Engineering - Mechanical Engineering,Male,School of Engineering & Applied Science,1,7,84,4.46,0,1,0,0,1,1,0.0,0
2271,3.6,2023,Continuing Education,0,English,Male,College and Graduate School of Arts & Sciences,0,0,0,3.72,0,0,1,0,0,0,0.0,0
2272,3.6,2023,Still Looking,0,Biology,Female,College and Graduate School of Arts & Sciences,0,0,3,,0,0,0,1,0,0,0.0,0
2273,3.6,2023,Continuing Education,0,Education - Speech Communication Disorders,Female,School of Education and Human Development,0,0,1,3.69,0,0,1,0,0,0,0.0,0
2274,3.6,2023,Working,3,Architecture,Male,School of Architecture,1,1,0,,0,1,0,0,0,0,0.0,0
2275,3.6,2023,Working,3,Engineering - Mechanical Engineering,Female,School of Engineering & Applied Science,1,7,69,3.2,0,1,0,0,1,1,0.0,0
2276,3.6,2023,Continuing Education,2,Sociology,Female,College and Graduate School of Arts & Sciences,0,0,0,,0,1,1,0,0,0,0.0,0
2277,3.6,2023,Working,3,Computer Science - Interdisciplinary,Male,College and Graduate School of Arts & Sciences,1,0,330,3.78,0,1,0,0,0,1,1.0,1
2278,3.6,2023,Working,3,Computer Science - Interdisciplinary,Male,College and Graduate School of Arts & Sciences,1,0,330,,0,1,0,0,0,1,1.0,1
2279,3.6,2023,Working,1,English,Female,College and Graduate School of Arts & Sciences,1,0,36,3.66,0,1,0,0,0,0,0.0,0
2280,3.6,2023,Continuing Education,3,Foreign Affairs,Female,College and Graduate School of Arts & Sciences,0,1,24,,0,1,1,0,0,0,0.0,0
2281,3.6,2023,Continuing Education,3,Foreign Affairs,Female,College and Graduate School of Arts & Sciences,0,1,24,4.0,0,1,1,0,0,0,0.0,0
2282,3.6,2023,Continuing Education,2,Mathematics,Female,College and Graduate School of Arts & Sciences,0,0,2,3.88,0,1,1,0,0,0,0.0,0
2283,3.6,2023,Working,2,Engineering - Mechanical Engineering,Male,School of Engineering & Applied Science,1,3,125,,0,1,0,0,1,1,0.0,0
2284,3.6,2023,Working,2,Engineering - Mechanical Engineering,Male,School of Engineering & Applied Science,1,3,125,3.92,0,1,0,0,1,1,0.0,0
2285,3.6,2023,Working,3,Economics,Female,College and Graduate School of Arts & Sciences,1,4,68,3.64,0,1,0,0,1,1,0.0,0
2286,3.6,2023,Working,1,Engineering - Civil Engineering,Male,School of Engineering & Applied Science,1,2,14,,0,1,0,0,1,0,0.0,0
2287,3.6,2023,Working,1,Data Science,Female,School of Data Science,1,5,13,4.0,0,1,0,0,1,0,3.0,1
2288,3.6,2023,Still Looking,0,Cognitive Science - Interdisciplinary,Female,College and Graduate School of Arts & Sciences,0,2,4,,0,0,0,1,1,0,5.0,1
2289,3.6,2023,Continuing Education,2,Psychology,Female,College and Graduate School of Arts & Sciences,0,0,94,,0,1,1,0,0,1,0.0,0
2290,3.6,2023,Still Looking,1,Education - Kinesiology,Female,School of Education and Human Development,0,0,3,,0,1,0,1,0,0,0.0,0
2291,3.6,2023,Working,3,Engineering - Computer Engineering,Male,School of Engineering & Applied Science,1,1,5,,0,1,0,0,0,0,0.0,0
2292,3.6,2023,Working,1,Media Studies,Female,College and Graduate School of Arts & Sciences,1,0,13,3.7,0,1,0,0,0,0,0.0,0
2293,3.6,2023,Continuing Education,3,Government,Female,College and Graduate School of Arts & Sciences,0,0,24,,0,1,1,0,0,0,3.0,1
2294,3.6,2023,Working,2,Computer Science - Interdisciplinary,Female,College and Graduate School of Arts & Sciences,1,1,10,3.92,0,1,0,0,0,0,0.0,0
2295,3.6,2023,Working,2,Computer Science - Interdisciplinary,Female,College and Graduate School of Arts & Sciences,1,1,10,,0,1,0,0,0,0,0.0,0
2296,3.6,2023,Working,0,Economics,Male,College and Graduate School of Arts & Sciences,1,0,154,3.92,0,0,0,0,0,1,0.0,0
2297,3.6,2023,Continuing Education,3,Government,Male,College and Graduate School of Arts & Sciences,0,1,39,3.68,0,1,1,0,0,0,7.0,1
2298,3.6,2023,Still Looking,1,Education - Higher Education,Female,School of Education and Human Development,0,0,0,,0,1,0,1,0,0,0.0,0
2299,3.6,2023,Continuing Education,1,Global Studies - Interdisciplinary,Female,College and Graduate School of Arts & Sciences,0,2,39,3.74,0,1,1,0,1,0,0.0,0
2300,3.6,2023,Continuing Education,1,Political Philosophy Policy & Law - Interdisciplinary,Female,College and Graduate School of Arts & Sciences,0,0,36,,0,1,1,0,0,0,1.0,1
2301,3.6,2023,Working,1,Statistics,Male,College and Graduate School of Arts & Sciences,1,6,300,,0,1,0,0,1,1,0.0,0
2302,3.6,2023,Working,1,Statistics,Male,College and Graduate School of Arts & Sciences,1,6,300,3.82,0,1,0,0,1,1,0.0,0
2303,3.6,2023,Continuing Education,3,Global Studies - Interdisciplinary,Female,College and Graduate School of Arts & Sciences,0,0,19,,0,1,1,0,0,0,4.0,1
2304,3.6,2023,Still Looking,2,Engineering - Chemical Engineering,Male,School of Engineering & Applied Science,0,0,28,3.81,0,1,0,1,0,0,0.0,0
2305,3.6,2023,Still Looking,2,Engineering - Chemical Engineering,Male,School of Engineering & Applied Science,0,0,28,3.07,0,1,0,1,0,0,0.0,0
2306,3.6,2023,Still Looking,1,Chemistry,Male,College and Graduate School of Arts & Sciences,0,7,685,,0,1,0,1,1,1,0.0,0
2307,3.6,2023,Still Looking,1,Chemistry,Male,College and Graduate School of Arts & Sciences,0,7,685,3.84,0,1,0,1,1,1,0.0,0
2308,3.6,2023,Still Looking,2,Media Studies,Female,College and Graduate School of Arts & Sciences,0,3,32,3.77,0,1,0,1,1,0,0.0,0
2309,3.6,2023,Working,0,Data Science,Male,School of Data Science,1,7,67,,0,0,0,0,1,1,0.0,0
2310,3.6,2023,Working,0,Data Science,Male,School of Data Science,1,7,67,4.0,0,0,0,0,1,1,0.0,0
2311,3.6,2023,Working,1,Statistics,Female,College and Graduate School of Arts & Sciences,1,7,140,,0,1,0,0,1,1,1.0,1
2312,3.6,2023,Working,1,Statistics,Female,College and Graduate School of Arts & Sciences,1,7,140,3.99,0,1,0,0,1,1,1.0,1
2313,3.6,2023,Continuing Education,2,Foreign Affairs,Female,College and Graduate School of Arts & Sciences,0,6,48,,0,1,1,0,1,1,0.0,0
2314,3.6,2023,Still Looking,3,Engineering - Computer Science,Male,School of Engineering & Applied Science,0,1,4,,0,1,0,1,0,0,2.0,1
2315,3.6,2023,Working,3,Global Studies - Interdisciplinary,Female,College and Graduate School of Arts & Sciences,1,1,88,3.89,0,1,0,0,0,1,0.0,0
2316,3.6,2023,Working,2,Applied Statistics,Female,College and Graduate School of Arts & Sciences,1,0,114,3.97,0,1,0,0,0,1,0.0,0
2317,3.6,2023,Working,2,Computer Science - Interdisciplinary,Female,College and Graduate School of Arts & Sciences,1,3,43,3.53,0,1,0,0,1,0,0.0,0
2318,3.6,2023,Working,3,Engineering - Computer Science,Male,School of Engineering & Applied Science,1,0,0,,0,1,0,0,0,0,0.0,0
2319,3.6,2023,Still Looking,1,Media Studies,Female,College and Graduate School of Arts & Sciences,0,1,52,,0,1,0,1,0,1,0.0,0
2320,3.6,2023,Still Looking,1,Media Studies,Female,College and Graduate School of Arts & Sciences,0,1,52,3.94,0,1,0,1,0,1,0.0,0
2321,3.6,2023,Working,2,Biology,Female,College and Graduate School of Arts & Sciences,1,0,28,3.0,0,1,0,0,0,0,1.0,1
2322,3.6,2023,Still Looking,1,Education - Educational Psychology,Female,School of Education and Human Development,0,0,0,,0,1,0,1,0,0,0.0,0
2323,3.6,2023,Working,3,Engineering - Systems Engineering,Male,School of Engineering & Applied Science,1,3,41,3.94,0,1,0,0,1,0,0.0,0
2324,3.6,2023,Working,2,Economics,Male,College and Graduate School of Arts & Sciences,1,5,138,3.3,0,1,0,0,1,1,0.0,0
2325,3.6,2023,Working,2,Engineering - Chemical Engineering,Male,School of Engineering & Applied Science,1,2,265,3.81,0,1,0,0,1,1,0.0,0
2326,3.6,2023,Working,1,Engineering - Mechanical Engineering,Male,School of Engineering & Applied Science,1,0,32,4.37,0,1,0,0,0,0,0.0,0
2327,3.6,2023,Working,1,Engineering - Mechanical Engineering,Male,School of Engineering & Applied Science,1,0,32,3.6,0,1,0,0,0,0,0.0,0
2328,3.6,2023,Working,3,Engineering - Biomedical Engineering,Female,School of Engineering & Applied Science,1,8,284,3.81,0,1,0,0,1,1,0.0,0
2329,3.6,2023,Working,3,Engineering - Biomedical Engineering,Female,School of Engineering & Applied Science,1,8,284,4.62,0,1,0,0,1,1,0.0,0
2330,3.6,2023,Military,0,Spanish,Male,College and Graduate School of Arts & Sciences,0,0,0,3.2,0,0,0,0,0,0,0.0,0
2331,3.6,2023,Working,0,Engineering - Mechanical & Aerospace Engineering,Male,School of Engineering & Applied Science,1,0,0,3.67,0,0,0,0,0,0,0.0,0
2332,3.6,2023,Working,0,Engineering - Mechanical & Aerospace Engineering,Male,School of Engineering & Applied Science,1,0,0,4.66,0,0,0,0,0,0,0.0,0
2333,3.6,2023,Working,0,Engineering - Mechanical & Aerospace Engineering,Male,School of Engineering & Applied Science,1,0,0,4.0,0,0,0,0,0,0,0.0,0
2334,3.6,2023,Still Looking,1,Government,Male,College and Graduate School of Arts & Sciences,0,4,165,3.6,0,1,0,1,1,1,0.0,0
2335,3.6,2023,Continuing Education,2,Statistics,Female,College and Graduate School of Arts & Sciences,0,1,170,3.77,0,1,1,0,0,1,2.0,1
2336,3.6,2023,Continuing Education,2,Statistics,Female,College and Graduate School of Arts & Sciences,0,1,170,3.98,0,1,1,0,0,1,2.0,1
2337,3.6,2023,Working,3,Computer Science - Interdisciplinary,Female,College and Graduate School of Arts & Sciences,1,2,384,3.78,0,1,0,0,1,1,0.0,0
2338,3.6,2023,Working,2,Engineering - Chemical Engineering,Male,School of Engineering & Applied Science,1,0,0,3.36,0,1,0,0,0,0,2.0,1
2339,3.6,2023,Working,2,Engineering - Electrical Engineering,Male,School of Engineering & Applied Science,1,1,51,,0,1,0,0,0,1,3.0,1
2340,3.6,2023,Working,1,Engineering - Computer Engineering,Male,School of Engineering & Applied Science,1,0,11,3.98,0,1,0,0,0,0,0.0,0
2341,3.6,2023,Working,1,History,Female,College and Graduate School of Arts & Sciences,1,0,12,,0,1,0,0,0,0,0.0,0
2342,3.6,2023,Working,3,Engineering - Computer Engineering,Male,School of Engineering & Applied Science,1,1,4,,0,1,0,0,0,0,2.0,1
2343,3.6,2023,Still Looking,0,Engineering - Biomedical Engineering,Male,School of Engineering & Applied Science,0,3,39,3.95,0,0,0,1,1,0,0.0,0
2344,3.6,2023,Working,0,Engineering - Mechanical & Aerospace Engineering,Male,School of Engineering & Applied Science,1,3,6,4.0,0,0,0,0,1,0,0.0,0
2345,3.6,2023,Working,2,Economics,Male,College and Graduate School of Arts & Sciences,1,9,206,3.64,0,1,0,0,1,1,0.0,0
2346,3.6,2023,Fellowship,0,Environmental Sciences,Male,College and Graduate School of Arts & Sciences,0,1,8,,0,0,0,0,0,0,0.0,0
2347,3.6,2023,Fellowship,0,Environmental Sciences,Male,College and Graduate School of Arts & Sciences,0,1,8,3.65,0,0,0,0,0,0,0.0,0
2348,3.6,2023,Fellowship,0,Environmental Sciences,Male,College and Graduate School of Arts & Sciences,0,1,8,4.0,0,0,0,0,0,0,0.0,0
2349,3.6,2023,Continuing Education,1,Education - Youth & Social Innovation,Female,School of Education and Human Development,0,0,16,,0,1,1,0,0,0,0.0,0
2350,3.6,2023,Working,2,Engineering - Computer Science,Female,School of Engineering & Applied Science,1,0,50,3.8,0,1,0,0,0,1,2.0,1
2351,3.6,2023,Working,1,Applied Statistics,Female,College and Graduate School of Arts & Sciences,1,0,54,3.59,0,1,0,0,0,1,0.0,0
2352,3.6,2023,Working,0,Education - Higher Education,Male,School of Education and Human Development,1,0,1,,0,0,0,0,0,0,0.0,0
2353,3.6,2023,Working,3,Engineering - Computer Science,Male,School of Engineering & Applied Science,1,1,52,3.8,0,1,0,0,0,1,2.0,1
2354,3.6,2023,Working,1,Engineering - Civil Engineering,Male,School of Engineering & Applied Science,1,0,11,3.85,0,1,0,0,0,0,0.0,0
2355,3.6,2023,Still Looking,1,Economics,Male,College and Graduate School of Arts & Sciences,0,3,9,,0,1,0,1,1,0,0.0,0
2356,3.6,2023,Continuing Education,0,Education - Speech Communication Disorders,Female,School of Education and Human Development,0,0,1,,0,0,1,0,0,0,0.0,0
2357,3.6,2023,Continuing Education,1,Architecture,Female,School of Architecture,0,2,41,4.1,0,1,1,0,1,0,5.0,1
2358,3.6,2023,Continuing Education,1,Architecture,Female,School of Architecture,0,2,41,3.82,0,1,1,0,1,0,5.0,1
2359,3.6,2023,Continuing Education,1,Architecture,Female,School of Architecture,0,2,41,3.48,0,1,1,0,1,0,5.0,1
2360,3.6,2023,Continuing Education,1,Architecture,Female,School of Architecture,0,2,41,,0,1,1,0,1,0,5.0,1
2361,3.6,2023,Working,2,Economics,Male,College and Graduate School of Arts & Sciences,1,3,15,3.97,0,1,0,0,1,0,0.0,0
2362,3.6,2023,Working,1,Political Philosophy Policy & Law - Interdisciplinary,Female,College and Graduate School of Arts & Sciences,1,0,30,,0,1,0,0,0,0,3.0,1
2363,3.6,2023,Working,3,Engineering - Systems Engineering,Female,School of Engineering & Applied Science,1,0,0,,0,1,0,0,0,0,1.0,1
2364,3.6,2023,Working,3,American Studies - Interdisciplinary,Female,College and Graduate School of Arts & Sciences,1,1,8,,0,1,0,0,0,0,0.0,0
2365,3.6,2023,Continuing Education,3,Engineering - Computer Engineering,Male,School of Engineering & Applied Science,0,0,4,,0,1,1,0,0,0,0.0,0
2366,3.6,2023,Working,3,Economics,Male,College and Graduate School of Arts & Sciences,1,2,149,3.73,0,1,0,0,1,1,0.0,0
2367,3.6,2023,Working,2,Engineering - Systems Engineering,Female,School of Engineering & Applied Science,1,10,136,,0,1,0,0,1,1,0.0,0
2368,3.6,2023,Still Looking,0,Education - Kinesiology,Female,School of Education and Human Development,0,1,30,,0,0,0,1,0,0,0.0,0
2369,3.6,2023,Working,1,Education - Kinesiology,Male,School of Education and Human Development,1,1,0,,0,1,0,0,0,0,1.0,1
2370,3.6,2023,Working,1,Education - Kinesiology,Male,School of Education and Human Development,1,1,0,3.7,0,1,0,0,0,0,1.0,1
2371,3.6,2023,Working,1,Education - Kinesiology,Male,School of Education and Human Development,1,1,0,4.0,0,1,0,0,0,0,1.0,1
2372,3.6,2023,Continuing Education,1,Education - Youth & Social Innovation,Female,School of Education and Human Development,0,5,42,,0,1,1,0,1,0,4.0,1
2373,3.6,2023,Continuing Education,1,Education - Youth & Social Innovation,Female,School of Education and Human Development,0,5,42,3.92,0,1,1,0,1,0,4.0,1
2374,3.6,2023,Working,1,Psychology,Female,College and Graduate School of Arts & Sciences,1,9,94,3.98,0,1,0,0,1,1,0.0,0
2375,3.6,2023,Continuing Education,0,Engineering - Biomedical Engineering,Male,School of Engineering & Applied Science,0,0,0,,0,0,1,0,0,0,0.0,0
2376,3.6,2023,Working,1,Computer Science - Interdisciplinary,Male,College and Graduate School of Arts & Sciences,1,0,51,3.94,0,1,0,0,0,1,3.0,1
2377,3.6,2023,Working,1,Drama,Female,College and Graduate School of Arts & Sciences,1,3,224,3.7,0,1,0,0,1,1,0.0,0
2378,3.6,2023,Working,2,Cognitive Science - Interdisciplinary,Male,College and Graduate School of Arts & Sciences,1,1,1,,0,1,0,0,0,0,0.0,0
2379,3.6,2023,Working,3,Economics,Female,College and Graduate School of Arts & Sciences,1,3,42,3.6,0,1,0,0,1,0,1.0,1
2380,3.6,2023,Working,0,Engineering - Chemical Engineering,Female,School of Engineering & Applied Science,1,0,5,3.7,0,0,0,0,0,0,0.0,0
2381,3.6,2023,Working,0,Engineering - Chemical Engineering,Female,School of Engineering & Applied Science,1,0,5,3.54,0,0,0,0,0,0,0.0,0
2382,3.6,2023,Working,1,Engineering - Systems Engineering,Female,School of Engineering & Applied Science,1,5,39,3.5,0,1,0,0,1,0,0.0,0
2383,3.6,2023,Working,2,Computer Science - Interdisciplinary,Female,College and Graduate School of Arts & Sciences,1,2,62,,0,1,0,0,1,1,0.0,0
2384,3.6,2023,Working,1,Architecture - Urban & Environmental Planning,Male,School of Architecture,1,0,0,3.9,0,1,0,0,0,0,0.0,0
2385,3.6,2023,Working,1,Architecture - Urban & Environmental Planning,Male,School of Architecture,1,0,0,,0,1,0,0,0,0,0.0,0
2386,3.6,2023,Working,2,Media Studies,Female,College and Graduate School of Arts & Sciences,1,0,19,,0,1,0,0,0,0,0.0,0
2387,3.6,2023,Working,1,Engineering - Biomedical Engineering,Male,School of Engineering & Applied Science,1,1,49,3.55,0,1,0,0,0,1,1.0,1
2388,3.6,2023,Still Looking,1,Environmental Thought & Practice - Interdisciplinary,Female,College and Graduate School of Arts & Sciences,0,0,9,3.3,0,1,0,1,0,0,0.0,0
2389,3.6,2023,Working,3,Global Studies - Interdisciplinary,Female,College and Graduate School of Arts & Sciences,1,4,95,,0,1,0,0,1,1,8.0,1
2390,3.6,2023,Working,3,Global Studies - Interdisciplinary,Female,College and Graduate School of Arts & Sciences,1,4,95,3.84,0,1,0,0,1,1,8.0,1
2391,3.6,2023,Continuing Education,3,Architecture - Urban & Environmental Planning,Female,School of Architecture,0,3,47,,0,1,1,0,1,0,11.0,1
2392,3.6,2023,Fellowship,0,Education - Kinesiology,Male,School of Education and Human Development,0,0,0,,0,0,0,0,0,0,0.0,0
2393,3.6,2023,Working,3,Engineering - Aerospace Engineering,Male,School of Engineering & Applied Science,1,1,23,3.64,0,1,0,0,0,0,0.0,0
2394,3.6,2023,Working,3,Spanish,Female,College and Graduate School of Arts & Sciences,1,2,18,,0,1,0,0,1,0,2.0,1
2395,3.6,2023,Working,3,Spanish,Female,College and Graduate School of Arts & Sciences,1,2,18,3.56,0,1,0,0,1,0,2.0,1
2396,3.6,2023,Continuing Education,2,Statistics,Male,College and Graduate School of Arts & Sciences,0,5,7,,0,1,1,0,1,0,0.0,0
2397,3.6,2023,Continuing Education,1,Foreign Affairs,Female,College and Graduate School of Arts & Sciences,0,2,44,,0,1,1,0,1,0,4.0,1
2398,3.6,2023,Still Looking,1,Psychology,Female,College and Graduate School of Arts & Sciences,0,1,24,3.79,0,1,0,1,0,0,2.0,1
2399,3.6,2023,Continuing Education,1,Spanish,Female,College and Graduate School of Arts & Sciences,0,0,68,3.6,0,1,1,0,0,1,1.0,1
2400,3.6,2023,Working,1,Cognitive Science - Interdisciplinary,Female,College and Graduate School of Arts & Sciences,1,3,40,3.75,0,1,0,0,1,0,3.0,1
2401,3.6,2023,Volunteering,1,Anthropology,Male,College and Graduate School of Arts & Sciences,0,1,6,3.99,0,1,0,0,0,0,2.0,1
2402,3.6,2023,Working,3,Engineering - Civil Engineering,Female,School of Engineering & Applied Science,1,9,40,,0,1,0,0,1,0,2.0,1
2403,3.6,2023,Working,1,Women Gender & Sexuality - Interdisciplinary,Female,College and Graduate School of Arts & Sciences,1,2,318,4.35,0,1,0,0,1,1,5.0,1
2404,3.6,2023,Working,1,Women Gender & Sexuality - Interdisciplinary,Female,College and Graduate School of Arts & Sciences,1,2,318,3.9,0,1,0,0,1,1,5.0,1
2405,3.6,2023,Working,2,Engineering - Chemical Engineering,Female,School of Engineering & Applied Science,1,1,0,3.8,0,1,0,0,0,0,0.0,0
2406,3.6,2023,Working,2,Global Studies - Interdisciplinary,Male,College and Graduate School of Arts & Sciences,1,3,111,3.75,0,1,0,0,1,1,0.0,0
2407,3.6,2023,Working,1,Environmental Sciences,Male,College and Graduate School of Arts & Sciences,1,0,13,,0,1,0,0,0,0,0.0,0
2408,3.6,2023,Still Looking,1,Biology,Male,College and Graduate School of Arts & Sciences,0,0,0,,0,1,0,1,0,0,0.0,0
2409,3.6,2023,Continuing Education,2,Neuroscience - Interdisciplinary,Female,College and Graduate School of Arts & Sciences,0,0,0,,0,1,1,0,0,0,0.0,0
2410,3.6,2023,Continuing Education,2,Engineering - Civil Engineering,Male,School of Engineering & Applied Science,0,2,1,,0,1,1,0,1,0,0.0,0
2411,3.6,2023,Continuing Education,2,Engineering - Civil Engineering,Male,School of Engineering & Applied Science,0,2,1,3.9,0,1,1,0,1,0,0.0,0
2412,3.6,2023,Working,3,Global Studies - Interdisciplinary,Female,College and Graduate School of Arts & Sciences,1,1,202,,0,1,0,0,0,1,1.0,1
2413,3.6,2023,Still Looking,1,History,Female,College and Graduate School of Arts & Sciences,0,1,8,,0,1,0,1,0,0,0.0,0
2414,3.6,2023,Working,2,Foreign Affairs,Female,College and Graduate School of Arts & Sciences,1,9,586,,0,1,0,0,1,1,0.0,0
2415,3.6,2023,Working,3,Government,Female,College and Graduate School of Arts & Sciences,1,3,9,,0,1,0,0,1,0,1.0,1
2416,3.6,2023,Continuing Education,0,English,Female,College and Graduate School of Arts & Sciences,0,2,9,,0,0,1,0,1,0,0.0,0
2417,3.6,2023,Continuing Education,2,Computer Science - Interdisciplinary,Male,College and Graduate School of Arts & Sciences,0,0,26,,0,1,1,0,0,0,0.0,0
2418,3.6,2023,Continuing Education,2,Engineering - Aerospace Engineering,Male,School of Engineering & Applied Science,0,1,26,4.0,0,1,1,0,0,0,2.0,1
2419,3.6,2023,Continuing Education,1,Education - Kinesiology,Female,School of Education and Human Development,0,0,2,,0,1,1,0,0,0,0.0,0
2420,3.6,2023,Still Looking,1,History,Male,College and Graduate School of Arts & Sciences,0,0,43,,0,1,0,1,0,0,0.0,0
2421,3.6,2023,Working,1,Computer Science - Interdisciplinary,Male,College and Graduate School of Arts & Sciences,1,6,16,3.97,0,1,0,0,1,0,0.0,0
2422,3.6,2023,Working,1,Computer Science - Interdisciplinary,Male,College and Graduate School of Arts & Sciences,1,6,16,4.37,0,1,0,0,1,0,0.0,0
2423,3.6,2023,Still Looking,2,Architecture,Female,School of Architecture,0,4,402,3.58,0,1,0,1,1,1,4.0,1
2424,3.6,2023,Working,2,Economics,Female,College and Graduate School of Arts & Sciences,1,3,106,3.3,0,1,0,0,1,1,4.0,1
2425,3.6,2023,Working,1,Biology,Female,College and Graduate School of Arts & Sciences,1,0,0,3.88,0,1,0,0,0,0,0.0,0
2426,3.6,2023,Still Looking,3,Physics,Female,College and Graduate School of Arts & Sciences,0,0,46,,0,1,0,1,0,0,0.0,0
2427,3.6,2023,Working,0,Engineering - Civil Engineering,Female,School of Engineering & Applied Science,1,0,0,,0,0,0,0,0,0,1.0,1
2428,3.6,2023,Continuing Education,3,Environmental Sciences,Female,College and Graduate School of Arts & Sciences,0,0,29,,0,1,1,0,0,0,0.0,0
2429,3.6,2023,Continuing Education,2,Education - Youth & Social Innovation,Female,School of Education and Human Development,0,1,28,3.92,0,1,1,0,0,0,3.0,1
2430,3.6,2023,Continuing Education,2,Education - Youth & Social Innovation,Female,School of Education and Human Development,0,1,28,,0,1,1,0,0,0,3.0,1
2431,3.6,2023,Still Looking,1,Education - Kinesiology,Female,School of Education and Human Development,0,0,58,3.76,0,1,0,1,0,1,0.0,0
2432,3.6,2023,Working,2,Foreign Affairs,Female,College and Graduate School of Arts & Sciences,1,2,223,,1,1,0,0,1,1,0.0,0
2433,3.6,2023,Working,1,Economics,Female,College and Graduate School of Arts & Sciences,1,0,29,3.89,0,1,0,0,0,0,3.0,1
2434,3.6,2023,Working,1,Economics,Female,College and Graduate School of Arts & Sciences,1,0,29,,0,1,0,0,0,0,3.0,1
2435,3.6,2023,Still Looking,1,Engineering - Biomedical Engineering,Male,School of Engineering & Applied Science,0,7,226,,0,1,0,1,1,1,2.0,1
2436,3.6,2023,Working,3,Media Studies,Female,College and Graduate School of Arts & Sciences,1,1,8,3.64,0,1,0,0,0,0,0.0,0
2437,3.6,2023,Working,3,Media Studies,Female,College and Graduate School of Arts & Sciences,1,1,8,,0,1,0,0,0,0,0.0,0
2438,3.6,2023,Working,3,Media Studies,Female,College and Graduate School of Arts & Sciences,1,1,8,4.34,0,1,0,0,0,0,0.0,0
2439,3.6,2023,Working,1,Education - Curriculum & Instruction,Female,School of Education and Human Development,1,0,2,3.4,0,1,0,0,0,0,0.0,0
2440,3.6,2023,Working,2,Media Studies,Female,College and Graduate School of Arts & Sciences,1,0,20,,0,1,0,0,0,0,0.0,0
2441,3.6,2023,Working,2,Media Studies,Female,College and Graduate School of Arts & Sciences,1,0,20,3.7,0,1,0,0,0,0,0.0,0
2442,3.6,2023,Still Looking,2,Psychology,Male,College and Graduate School of Arts & Sciences,0,11,322,,0,1,0,1,1,1,5.0,1
2443,3.6,2023,Working,0,Biology,Male,College and Graduate School of Arts & Sciences,1,0,196,,0,0,0,0,0,1,0.0,0
2444,3.6,2023,Continuing Education,2,Education - Educational Psychology,Female,School of Education and Human Development,0,0,0,,0,1,1,0,0,0,0.0,0
2445,3.6,2023,Continuing Education,0,Foreign Affairs,Female,College and Graduate School of Arts & Sciences,0,1,24,,0,0,1,0,0,0,0.0,0
2446,3.6,2023,Volunteering,0,Biology,Male,College and Graduate School of Arts & Sciences,0,0,9,,0,0,0,0,0,0,0.0,0
2447,3.6,2023,Working,2,Engineering - Computer Science,Male,School of Engineering & Applied Science,1,1,26,3.94,0,1,0,0,0,0,0.0,0
2448,3.6,2023,Working,2,Computer Science - Interdisciplinary,Female,College and Graduate School of Arts & Sciences,1,3,39,4.51,0,1,0,0,1,0,0.0,0
2449,3.6,2023,Working,2,Computer Science - Interdisciplinary,Female,College and Graduate School of Arts & Sciences,1,3,39,,0,1,0,0,1,0,0.0,0
2450,3.6,2023,Working,2,Computer Science - Interdisciplinary,Female,College and Graduate School of Arts & Sciences,1,0,65,,0,1,0,0,0,1,0.0,0
2451,3.6,2023,Continuing Education,2,Education - Speech Communication Disorders,Female,School of Education and Human Development,0,0,1,,0,1,1,0,0,0,0.0,0
2452,3.6,2023,Continuing Education,2,Biology,Female,College and Graduate School of Arts & Sciences,0,0,1,4.0,0,1,1,0,0,0,0.0,0
2453,3.6,2023,Still Looking,1,Global Studies - Interdisciplinary,Female,College and Graduate School of Arts & Sciences,0,0,0,3.4,0,1,0,1,0,0,0.0,0
2454,3.6,2023,Working,3,Art - Art History,Female,College and Graduate School of Arts & Sciences,1,1,2,4.2,0,1,0,0,0,0,2.0,1
2455,3.6,2023,Working,3,Art - Art History,Female,College and Graduate School of Arts & Sciences,1,1,2,3.97,0,1,0,0,0,0,2.0,1
2456,3.6,2023,Working,3,Art - Art History,Female,College and Graduate School of Arts & Sciences,1,1,2,,0,1,0,0,0,0,2.0,1
2457,3.6,2023,Continuing Education,0,Cognitive Science - Interdisciplinary,Female,College and Graduate School of Arts & Sciences,0,1,11,3.82,0,0,1,0,0,0,1.0,1
2458,3.6,2023,Continuing Education,0,Cognitive Science - Interdisciplinary,Female,College and Graduate School of Arts & Sciences,0,1,11,3.95,0,0,1,0,0,0,1.0,1
2459,3.6,2023,Working,1,Engineering - Aerospace Engineering,Female,School of Engineering & Applied Science,1,0,59,,0,1,0,0,0,1,4.0,1
2460,3.6,2023,Working,2,Economics,Male,College and Graduate School of Arts & Sciences,1,0,14,4.29,0,1,0,0,0,0,0.0,0
2461,3.6,2023,Working,2,Economics,Male,College and Graduate School of Arts & Sciences,1,0,14,3.73,0,1,0,0,0,0,0.0,0
2462,3.6,2023,Continuing Education,3,Media Studies,Female,College and Graduate School of Arts & Sciences,0,4,32,,0,1,1,0,1,0,0.0,0
2463,3.6,2023,Continuing Education,3,Media Studies,Female,College and Graduate School of Arts & Sciences,0,4,32,3.5,0,1,1,0,1,0,0.0,0
2464,3.6,2023,Working,1,Engineering - Computer Engineering,Male,School of Engineering & Applied Science,1,0,14,,0,1,0,0,0,0,0.0,0
2465,3.6,2023,Continuing Education,1,English,Male,College and Graduate School of Arts & Sciences,0,0,0,3.82,0,1,1,0,0,0,0.0,0
2466,3.6,2023,Continuing Education,3,Engineering - Computer Science,Male,School of Engineering & Applied Science,0,2,16,4.0,0,1,1,0,1,0,0.0,0
2467,3.6,2023,Still Looking,1,Engineering - Computer Science,Male,School of Engineering & Applied Science,0,4,109,,0,1,0,1,1,1,0.0,0
2468,3.6,2023,Continuing Education,3,Psychology,Female,College and Graduate School of Arts & Sciences,0,4,12,,0,1,1,0,1,0,4.0,1
2469,3.6,2023,Continuing Education,3,Psychology,Female,College and Graduate School of Arts & Sciences,0,4,12,3.68,0,1,1,0,1,0,4.0,1
2470,3.6,2023,Still Looking,2,Global Studies - Interdisciplinary,Female,College and Graduate School of Arts & Sciences,0,1,2,,0,1,0,1,0,0,0.0,0
2471,3.6,2023,Working,0,Mathematics,Male,College and Graduate School of Arts & Sciences,1,1,49,3.82,0,0,0,0,0,1,0.0,0
2472,3.6,2023,Working,0,Mathematics,Male,College and Graduate School of Arts & Sciences,1,1,49,4.0,0,0,0,0,0,1,0.0,0
2473,3.6,2023,Working,1,Biology,Female,College and Graduate School of Arts & Sciences,1,2,29,4.2,1,1,0,0,1,0,1.0,1
2474,3.6,2023,Working,1,Biology,Female,College and Graduate School of Arts & Sciences,1,2,29,3.63,1,1,0,0,1,0,1.0,1
2475,3.6,2023,Working,2,Media Studies,Female,College and Graduate School of Arts & Sciences,1,1,31,3.73,0,1,0,0,0,0,5.0,1
2476,3.6,2023,Working,2,Media Studies,Female,College and Graduate School of Arts & Sciences,1,1,31,,0,1,0,0,0,0,5.0,1
2477,3.6,2023,Working,0,Engineering - Computer Engineering,Male,School of Engineering & Applied Science,1,13,324,3.95,0,0,0,0,1,1,0.0,0
2478,3.6,2023,Continuing Education,2,Engineering - Civil Engineering,Female,School of Engineering & Applied Science,0,4,2,,0,1,1,0,1,0,1.0,1
2479,3.6,2023,Continuing Education,2,Engineering - Civil Engineering,Female,School of Engineering & Applied Science,0,4,2,3.75,0,1,1,0,1,0,1.0,1
2480,3.6,2023,Still Looking,3,Media Studies,Female,College and Graduate School of Arts & Sciences,0,1,70,,0,1,0,1,0,1,0.0,0
2481,3.6,2023,Working,2,Computer Science - Interdisciplinary,Male,College and Graduate School of Arts & Sciences,1,0,93,3.76,0,1,0,0,0,1,0.0,0
2482,3.6,2023,Working,3,Economics,Female,College and Graduate School of Arts & Sciences,1,2,94,3.93,0,1,0,0,1,1,0.0,0
2483,3.6,2023,Still Looking,3,Psychology,Female,College and Graduate School of Arts & Sciences,0,10,83,,0,1,0,1,1,1,0.0,0
2484,3.6,2023,Still Looking,3,Psychology,Male,College and Graduate School of Arts & Sciences,0,2,7,,1,1,0,1,1,0,0.0,0
2485,3.6,2023,Working,1,Biology,Female,College and Graduate School of Arts & Sciences,1,2,163,4.1,0,1,0,0,1,1,0.0,0
2486,3.6,2023,Working,1,Biology,Female,College and Graduate School of Arts & Sciences,1,2,163,3.3,0,1,0,0,1,1,0.0,0
2487,3.6,2023,Working,1,Engineering - Biomedical Engineering,Male,School of Engineering & Applied Science,1,1,14,3.93,0,1,0,0,0,0,3.0,1
2488,3.6,2023,Continuing Education,3,Engineering - Computer Science,Female,School of Engineering & Applied Science,0,0,5,,0,1,1,0,0,0,0.0,0
2489,3.6,2023,Working,2,Engineering - Computer Science,Female,School of Engineering & Applied Science,1,2,3,3.3,0,1,0,0,1,0,0.0,0
2490,3.6,2023,Working,2,History,Female,College and Graduate School of Arts & Sciences,1,0,4,,0,1,0,0,0,0,1.0,1
2491,3.6,2023,Working,2,History,Female,College and Graduate School of Arts & Sciences,1,0,4,3.8,0,1,0,0,0,0,1.0,1
2492,3.6,2023,Working,3,Applied Statistics,Male,College and Graduate School of Arts & Sciences,1,3,18,,0,1,0,0,1,0,1.0,1
2493,3.6,2023,Working,3,History,Male,College and Graduate School of Arts & Sciences,1,9,90,4.19,1,1,0,0,1,1,7.0,1
2494,3.6,2023,Working,3,History,Male,College and Graduate School of Arts & Sciences,1,9,90,3.65,1,1,0,0,1,1,7.0,1
2495,3.6,2023,Working,1,Engineering - Biomedical Engineering,Female,School of Engineering & Applied Science,1,4,68,3.74,0,1,0,0,1,1,1.0,1
2496,3.6,2023,Working,2,Engineering - Civil Engineering,Male,School of Engineering & Applied Science,1,2,25,3.91,0,1,0,0,1,0,0.0,0
2497,3.6,2023,Working,1,Statistics,Female,College and Graduate School of Arts & Sciences,1,1,41,,0,1,0,0,0,0,0.0,0
2498,3.6,2023,Working,0,Engineering - Computer Science,Male,School of Engineering & Applied Science,1,0,216,3.78,0,0,0,0,0,1,0.0,0
2499,3.6,2023,Continuing Education,0,Chemistry,Male,College and Graduate School of Arts & Sciences,0,0,0,,0,0,1,0,0,0,0.0,0
2500,3.6,2023,Continuing Education,3,Economics,Male,College and Graduate School of Arts & Sciences,0,20,300,3.71,0,1,1,0,1,1,0.0,0
2501,3.6,2023,Continuing Education,3,Economics,Male,College and Graduate School of Arts & Sciences,0,20,300,,0,1,1,0,1,1,0.0,0
2502,3.6,2023,Continuing Education,3,Economics,Male,College and Graduate School of Arts & Sciences,0,20,300,4.62,0,1,1,0,1,1,0.0,0
2503,3.6,2023,Working,3,Neuroscience - Interdisciplinary,Female,College and Graduate School of Arts & Sciences,1,0,36,,1,1,0,0,0,0,2.0,1
2504,3.6,2023,Continuing Education,1,Education - Kinesiology,Male,School of Education and Human Development,0,6,716,,0,1,1,0,1,1,0.0,0
2505,3.6,2023,Continuing Education,1,Education - Kinesiology,Male,School of Education and Human Development,0,6,716,3.3,0,1,1,0,1,1,0.0,0
2506,3.6,2023,Working,3,Engineering - Computer Science,Male,School of Engineering & Applied Science,1,2,34,3.7,0,1,0,0,1,0,0.0,0
2507,3.6,2023,Working,2,Computer Science - Interdisciplinary,Male,College and Graduate School of Arts & Sciences,1,4,28,3.79,0,1,0,0,1,0,0.0,0
2508,3.6,2023,Working,0,Global Studies - Interdisciplinary,Female,College and Graduate School of Arts & Sciences,1,3,40,3.9,0,0,0,0,1,0,0.0,0
2509,3.6,2023,Working,0,Global Studies - Interdisciplinary,Female,College and Graduate School of Arts & Sciences,1,3,40,3.88,0,0,0,0,1,0,0.0,0
2510,3.6,2023,Still Looking,1,Engineering - Chemical Engineering,Male,School of Engineering & Applied Science,0,0,123,3.53,0,1,0,1,0,1,0.0,0
2511,3.6,2023,Military,0,Foreign Affairs,Male,College and Graduate School of Arts & Sciences,0,0,0,,0,0,0,0,0,0,0.0,0
2512,3.6,2023,Continuing Education,3,Applied Statistics,Male,College and Graduate School of Arts & Sciences,0,0,23,,0,1,1,0,0,0,1.0,1
2513,3.6,2023,Working,1,Statistics,Male,College and Graduate School of Arts & Sciences,1,0,10,3.95,0,1,0,0,0,0,0.0,0
2514,3.6,2023,Continuing Education,1,Global Studies - Interdisciplinary,Male,College and Graduate School of Arts & Sciences,0,9,222,4.0,0,1,1,0,1,1,1.0,1
2515,3.6,2023,Continuing Education,1,Global Studies - Interdisciplinary,Male,College and Graduate School of Arts & Sciences,0,9,222,3.97,0,1,1,0,1,1,1.0,1
2516,3.6,2023,Working,2,Computer Science - Interdisciplinary,Male,College and Graduate School of Arts & Sciences,1,3,30,3.6,0,1,0,0,1,0,0.0,0
2517,3.6,2023,Working,2,Computer Science - Interdisciplinary,Male,College and Graduate School of Arts & Sciences,1,3,30,4.2,0,1,0,0,1,0,0.0,0
2518,3.6,2023,Continuing Education,0,Statistics,Male,College and Graduate School of Arts & Sciences,0,0,0,3.9,0,0,1,0,0,0,0.0,0
2519,3.6,2023,Still Looking,0,Computer Science - Interdisciplinary,Male,College and Graduate School of Arts & Sciences,0,1,38,3.9,0,0,0,1,0,0,0.0,0
2520,3.6,2023,Still Looking,0,Computer Science - Interdisciplinary,Male,College and Graduate School of Arts & Sciences,0,1,38,3.2,0,0,0,1,0,0,0.0,0
2521,3.6,2023,Still Looking,0,East Asian Studies - Interdisciplinary,Female,College and Graduate School of Arts & Sciences,0,0,0,,0,0,0,1,0,0,0.0,0
2522,3.6,2023,Working,2,Statistics,Female,College and Graduate School of Arts & Sciences,1,0,3,3.8,0,1,0,0,0,0,0.0,0
2523,3.6,2023,Working,3,Architecture,Female,School of Architecture,1,0,25,,0,1,0,0,0,0,3.0,1
2524,3.6,2023,Continuing Education,0,Biology,Female,College and Graduate School of Arts & Sciences,0,5,0,,0,0,1,0,1,0,0.0,0
2525,3.6,2023,Working,3,Economics,Male,College and Graduate School of Arts & Sciences,1,5,152,3.8,0,1,0,0,1,1,0.0,0
2526,3.6,2023,Still Looking,0,Astronomy,Female,College and Graduate School of Arts & Sciences,0,2,90,3.95,0,0,0,1,1,1,0.0,0
2527,3.6,2023,Working,2,Global Studies - Interdisciplinary,Female,College and Graduate School of Arts & Sciences,1,4,232,3.97,0,1,0,0,1,1,0.0,0
2528,3.6,2023,Working,2,Global Studies - Interdisciplinary,Female,College and Graduate School of Arts & Sciences,1,4,232,3.88,0,1,0,0,1,1,0.0,0
2529,3.6,2023,Working,3,Education - Speech Communication Disorders,Female,School of Education and Human Development,1,8,15,4.0,1,1,0,0,1,0,8.0,1
2530,3.6,2023,Working,2,Engineering - Computer Science,Female,School of Engineering & Applied Science,1,0,68,,0,1,0,0,0,1,0.0,0
2531,3.6,2023,Working,1,Foreign Affairs,Female,College and Graduate School of Arts & Sciences,1,3,62,,0,1,0,0,1,1,4.0,1
2532,3.6,2023,Still Looking,0,Economics,Male,College and Graduate School of Arts & Sciences,0,2,56,3.34,0,0,0,1,1,1,0.0,0
2533,3.6,2023,Working,1,Cognitive Science - Interdisciplinary,Female,College and Graduate School of Arts & Sciences,1,3,72,,0,1,0,0,1,1,3.0,1
2534,3.6,2023,Working,0,Government,Female,College and Graduate School of Arts & Sciences,1,1,0,,0,0,0,0,0,0,0.0,0
2535,3.6,2023,Continuing Education,0,Global Studies - Interdisciplinary,Female,College and Graduate School of Arts & Sciences,0,2,18,,0,0,1,0,1,0,0.0,0
2536,3.6,2023,Working,2,Computer Science - Interdisciplinary,Female,College and Graduate School of Arts & Sciences,1,0,15,3.78,0,1,0,0,0,0,0.0,0
2537,3.6,2023,Still Looking,0,Drama,Female,College and Graduate School of Arts & Sciences,0,0,0,,0,0,0,1,0,0,0.0,0
2538,3.6,2023,Working,2,Architecture,Male,School of Architecture,1,1,31,3.98,0,1,0,0,0,0,5.0,1
2539,3.6,2023,Working,2,Architecture,Male,School of Architecture,1,1,31,3.72,0,1,0,0,0,0,5.0,1
2540,3.6,2023,Working,2,Architecture,Male,School of Architecture,1,1,31,3.7,0,1,0,0,0,0,5.0,1
2541,3.6,2023,Not Seeking,2,Computer Science - Interdisciplinary,Female,College and Graduate School of Arts & Sciences,0,3,40,,0,1,0,0,1,0,0.0,0
2542,3.6,2023,Working,2,Psychology,Female,College and Graduate School of Arts & Sciences,1,1,1,,0,1,0,0,0,0,0.0,0
2543,3.6,2023,Working,2,Engineering - Mechanical Engineering,Male,School of Engineering & Applied Science,1,7,19,3.77,0,1,0,0,1,0,5.0,1
2544,3.6,2023,Continuing Education,1,Economics,Male,College and Graduate School of Arts & Sciences,0,2,82,3.7,0,1,1,0,1,1,0.0,0
2545,3.6,2023,Continuing Education,1,Economics,Male,College and Graduate School of Arts & Sciences,0,2,82,,0,1,1,0,1,1,0.0,0
2546,3.6,2023,Working,0,Engineering - Systems Engineering,Male,School of Engineering & Applied Science,1,0,0,,0,0,0,0,0,0,0.0,0
2547,3.6,2023,Working,2,Education - Higher Education,Female,School of Education and Human Development,1,1,9,,0,1,0,0,0,0,0.0,0
2548,3.6,2023,Working,1,Engineering - Computer Science,Male,School of Engineering & Applied Science,1,0,3,3.54,0,1,0,0,0,0,0.0,0
2549,3.6,2023,Continuing Education,0,English,Male,College and Graduate School of Arts & Sciences,0,0,0,,0,0,1,0,0,0,0.0,0
2550,3.6,2023,Working,2,Computer Science - Interdisciplinary,Male,College and Graduate School of Arts & Sciences,1,0,20,4.0,0,1,0,0,0,0,0.0,0
2551,3.6,2023,Working,2,Computer Science - Interdisciplinary,Male,College and Graduate School of Arts & Sciences,1,0,20,4.33,0,1,0,0,0,0,0.0,0
2552,3.6,2023,Working,2,Computer Science - Interdisciplinary,Male,College and Graduate School of Arts & Sciences,1,0,20,3.81,0,1,0,0,0,0,0.0,0
2553,3.6,2023,Working,3,Engineering - Aerospace Engineering,Male,School of Engineering & Applied Science,1,1,0,,0,1,0,0,0,0,0.0,0
2554,3.6,2023,Continuing Education,3,English,Female,College and Graduate School of Arts & Sciences,0,0,74,4.25,0,1,1,0,0,1,0.0,0
2555,3.6,2023,Continuing Education,3,English,Female,College and Graduate School of Arts & Sciences,0,0,74,3.77,0,1,1,0,0,1,0.0,0
2556,3.6,2023,Continuing Education,3,English,Female,College and Graduate School of Arts & Sciences,0,0,74,,0,1,1,0,0,1,0.0,0
2557,3.6,2023,Working,1,Biology,Female,College and Graduate School of Arts & Sciences,1,0,0,,0,1,0,0,0,0,0.0,0
2558,3.6,2023,Continuing Education,1,Foreign Affairs,Female,College and Graduate School of Arts & Sciences,0,2,45,,0,1,1,0,1,0,0.0,0
2559,3.6,2023,Working,0,Chemistry,Female,College and Graduate School of Arts & Sciences,1,0,0,,0,0,0,0,0,0,0.0,0
2560,3.6,2023,Working,2,Engineering - Biomedical Engineering,Female,School of Engineering & Applied Science,1,10,39,3.75,0,1,0,0,1,0,0.0,0
2561,3.6,2023,Working,2,Engineering - Biomedical Engineering,Female,School of Engineering & Applied Science,1,10,39,,0,1,0,0,1,0,0.0,0
2562,3.6,2023,Continuing Education,0,Architecture - Architectural History,Male,School of Architecture,0,0,98,3.99,0,0,1,0,0,1,0.0,0
2563,3.6,2023,Working,3,Economics,Female,College and Graduate School of Arts & Sciences,1,0,20,,0,1,0,0,0,0,5.0,1
2564,3.6,2023,Working,1,Women Gender & Sexuality - Interdisciplinary,Female,College and Graduate School of Arts & Sciences,1,1,4,3.9,0,1,0,0,0,0,0.0,0
2565,3.6,2023,Working,1,Education - Elementary Education,Female,School of Education and Human Development,1,1,0,,0,1,0,0,0,0,0.0,0
2566,3.6,2023,Continuing Education,0,Cognitive Science - Interdisciplinary,Female,College and Graduate School of Arts & Sciences,0,0,0,,0,0,1,0,0,0,0.0,0
2567,3.6,2023,Working,1,Religious Studies,Male,College and Graduate School of Arts & Sciences,1,2,21,3.7,0,1,0,0,1,0,0.0,0
2568,3.6,2023,Working,1,Religious Studies,Male,College and Graduate School of Arts & Sciences,1,2,21,,0,1,0,0,1,0,0.0,0
2569,3.6,2023,Working,1,English,Female,College and Graduate School of Arts & Sciences,1,0,37,,0,1,0,0,0,0,0.0,0
2570,3.6,2023,Working,2,Global Studies - Interdisciplinary,Female,College and Graduate School of Arts & Sciences,1,11,31,3.83,0,1,0,0,1,0,0.0,0
2571,3.6,2023,Working,2,Global Studies - Interdisciplinary,Female,College and Graduate School of Arts & Sciences,1,11,31,4.4,0,1,0,0,1,0,0.0,0
2572,3.6,2023,Continuing Education,0,Education - Kinesiology,Female,School of Education and Human Development,0,1,33,3.84,0,0,1,0,0,0,0.0,0
2573,3.6,2023,Working,0,Foreign Affairs,Female,College and Graduate School of Arts & Sciences,1,3,3,3.7,0,0,0,0,1,0,0.0,0
2574,3.6,2023,Working,0,Foreign Affairs,Female,College and Graduate School of Arts & Sciences,1,3,3,,0,0,0,0,1,0,0.0,0
2575,3.6,2023,Working,1,Global Studies - Interdisciplinary,Male,College and Graduate School of Arts & Sciences,1,10,158,,0,1,0,0,1,1,0.0,0
2576,3.6,2023,Working,1,Global Studies - Interdisciplinary,Male,College and Graduate School of Arts & Sciences,1,10,158,3.82,0,1,0,0,1,1,0.0,0
2577,3.6,2023,Still Looking,3,Art - Studio Art,Female,College and Graduate School of Arts & Sciences,0,1,140,,0,1,0,1,0,1,0.0,0
2578,3.6,2023,Working,3,Religious Studies,Male,College and Graduate School of Arts & Sciences,1,0,0,3.5,0,1,0,0,0,0,0.0,0
2579,3.6,2023,Still Looking,2,History,Male,College and Graduate School of Arts & Sciences,0,7,160,,0,1,0,1,1,1,8.0,1
2580,3.6,2023,Fellowship,1,Environmental Sciences,Female,College and Graduate School of Arts & Sciences,0,0,64,,0,1,0,0,0,1,0.0,0
2581,3.6,2023,Working,0,Education - Curriculum & Instruction,Female,School of Education and Human Development,1,0,0,,0,0,0,0,0,0,0.0,0
2582,3.6,2023,Continuing Education,0,Psychology,Female,College and Graduate School of Arts & Sciences,0,0,57,,0,0,1,0,0,1,1.0,1
2583,3.6,2023,Continuing Education,2,Economics,Female,College and Graduate School of Arts & Sciences,0,0,88,3.5,0,1,1,0,0,1,0.0,0
2584,3.6,2023,Continuing Education,2,Economics,Female,College and Graduate School of Arts & Sciences,0,0,88,,0,1,1,0,0,1,0.0,0
2585,3.6,2023,Continuing Education,2,Economics,Female,College and Graduate School of Arts & Sciences,0,0,88,4.0,0,1,1,0,0,1,0.0,0
2586,3.6,2023,Continuing Education,2,Women Gender & Sexuality - Interdisciplinary,Female,College and Graduate School of Arts & Sciences,0,1,32,3.81,0,1,1,0,0,0,0.0,0
2587,3.6,2023,Continuing Education,2,Women Gender & Sexuality - Interdisciplinary,Female,College and Graduate School of Arts & Sciences,0,1,32,4.0,0,1,1,0,0,0,0.0,0
2588,3.6,2023,Working,2,Environmental Sciences,Female,College and Graduate School of Arts & Sciences,1,0,2,3.71,0,1,0,0,0,0,7.0,1
2589,3.6,2023,Working,3,Computer Science - Interdisciplinary,Male,College and Graduate School of Arts & Sciences,1,2,172,3.68,0,1,0,0,1,1,0.0,0
2590,3.6,2023,Still Looking,1,Foreign Affairs,Male,College and Graduate School of Arts & Sciences,0,5,1014,3.1,0,1,0,1,1,1,0.0,0
2591,3.6,2023,Still Looking,1,Foreign Affairs,Male,College and Graduate School of Arts & Sciences,0,5,1014,,0,1,0,1,1,1,0.0,0
2592,3.6,2023,Still Looking,1,Foreign Affairs,Male,College and Graduate School of Arts & Sciences,0,5,1014,4.0,0,1,0,1,1,1,0.0,0
2593,3.6,2023,Still Looking,0,Physics,Female,College and Graduate School of Arts & Sciences,0,0,1,,0,0,0,1,0,0,0.0,0
2594,3.6,2023,Still Looking,0,Physics,Female,College and Graduate School of Arts & Sciences,0,0,1,3.8,0,0,0,1,0,0,0.0,0
2595,3.6,2023,Still Looking,0,Education - Kinesiology,Female,School of Education and Human Development,0,0,1,,0,0,0,1,0,0,0.0,0
2596,3.6,2023,Working,3,Engineering - Computer Science,Female,School of Engineering & Applied Science,1,3,10,,0,1,0,0,1,0,4.0,1
2597,3.6,2023,Working,3,Engineering - Computer Science,Female,School of Engineering & Applied Science,1,3,10,4.71,0,1,0,0,1,0,4.0,1
2598,3.6,2023,Still Looking,1,Architecture,Male,School of Architecture,0,8,102,,0,1,0,1,1,1,0.0,0
2599,3.6,2023,Still Looking,3,Chemistry,Male,College and Graduate School of Arts & Sciences,0,0,12,,0,1,0,1,0,0,0.0,0
2600,3.6,2023,Still Looking,0,Foreign Affairs,Male,College and Graduate School of Arts & Sciences,0,8,4,3.56,0,0,0,1,1,0,0.0,0
2601,3.6,2023,Working,1,Cognitive Science - Interdisciplinary,Female,College and Graduate School of Arts & Sciences,1,10,106,3.8,0,1,0,0,1,1,0.0,0
2602,3.6,2023,Continuing Education,0,Statistics,Male,College and Graduate School of Arts & Sciences,0,0,36,,0,0,1,0,0,0,0.0,0
2603,3.6,2023,Continuing Education,0,Education - Kinesiology,Female,School of Education and Human Development,0,0,0,,0,0,1,0,0,0,0.0,0
2604,3.6,2023,Continuing Education,1,Statistics,Female,College and Graduate School of Arts & Sciences,0,4,34,,0,1,1,0,1,0,0.0,0
2605,3.6,2023,Still Looking,2,Computer Science - Interdisciplinary,Male,College and Graduate School of Arts & Sciences,0,3,8,,0,1,0,1,1,0,1.0,1
2606,3.6,2023,Still Looking,2,Computer Science - Interdisciplinary,Male,College and Graduate School of Arts & Sciences,0,3,8,3.6,0,1,0,1,1,0,1.0,1
2607,3.6,2023,Working,1,Business Administration,Male,Darden Graduate School of Business Administration,1,0,0,,0,1,0,0,0,0,0.0,0
2608,3.6,2023,Working,0,Engineering - Civil Engineering,Male,School of Engineering & Applied Science,1,3,29,3.97,0,0,0,0,1,0,0.0,0
2609,3.6,2023,Continuing Education,1,Biology,Female,College and Graduate School of Arts & Sciences,0,0,0,,0,1,1,0,0,0,0.0,0
2610,3.6,2023,Still Looking,0,Psychology,Male,College and Graduate School of Arts & Sciences,0,1,9,,0,0,0,1,0,0,0.0,0
2611,3.6,2023,Still Looking,0,Psychology,Male,College and Graduate School of Arts & Sciences,0,1,9,3.39,0,0,0,1,0,0,0.0,0
2612,3.6,2023,Continuing Education,2,Foreign Affairs,Female,College and Graduate School of Arts & Sciences,0,2,17,,0,1,1,0,1,0,1.0,1
2613,3.6,2023,Working,3,Engineering - Chemical Engineering,Female,School of Engineering & Applied Science,1,0,58,,0,1,0,0,0,1,2.0,1
2614,3.6,2023,Continuing Education,2,Engineering - Chemical Engineering,Female,School of Engineering & Applied Science,0,0,9,3.99,0,1,1,0,0,0,6.0,1
2615,3.6,2023,Working,1,Cognitive Science - Interdisciplinary,Female,College and Graduate School of Arts & Sciences,1,2,266,3.4,0,1,0,0,1,1,0.0,0
2616,3.6,2023,Working,1,Cognitive Science - Interdisciplinary,Female,College and Graduate School of Arts & Sciences,1,2,266,4.1,0,1,0,0,1,1,0.0,0
2617,3.6,2023,Working,3,Engineering - Computer Science,Male,School of Engineering & Applied Science,1,0,4,3.81,0,1,0,0,0,0,0.0,0
2618,3.6,2023,Still Looking,1,Education - Kinesiology,Female,School of Education and Human Development,0,0,0,,0,1,0,1,0,0,0.0,0
2619,3.6,2023,Continuing Education,0,Chemistry,Female,College and Graduate School of Arts & Sciences,0,0,4,,0,0,1,0,0,0,0.0,0
2620,3.6,2023,Working,3,Physics,Male,College and Graduate School of Arts & Sciences,1,7,8,,0,1,0,0,1,0,0.0,0
2621,3.6,2023,Working,3,Physics,Male,College and Graduate School of Arts & Sciences,1,7,8,4.0,0,1,0,0,1,0,0.0,0
2622,3.6,2023,Continuing Education,2,Foreign Affairs,Female,College and Graduate School of Arts & Sciences,0,0,23,3.97,0,1,1,0,0,0,3.0,1
2623,3.6,2023,Continuing Education,2,Foreign Affairs,Female,College and Graduate School of Arts & Sciences,0,0,23,,0,1,1,0,0,0,3.0,1
2624,3.6,2023,Working,0,Economics,Male,College and Graduate School of Arts & Sciences,1,1,44,3.4,0,0,0,0,0,0,0.0,0
2625,3.6,2023,Working,0,Economics,Male,College and Graduate School of Arts & Sciences,1,1,44,3.8,0,0,0,0,0,0,0.0,0
2626,3.6,2023,Fellowship,3,Physics,Male,College and Graduate School of Arts & Sciences,0,0,0,,0,1,0,0,0,0,0.0,0
2627,3.6,2023,Working,3,Cognitive Science - Interdisciplinary,Female,College and Graduate School of Arts & Sciences,1,3,45,4.3,0,1,0,0,1,0,0.0,0
2628,3.6,2023,Working,3,Cognitive Science - Interdisciplinary,Female,College and Graduate School of Arts & Sciences,1,3,45,3.82,0,1,0,0,1,0,0.0,0
2629,3.6,2023,Continuing Education,0,Cognitive Science - Interdisciplinary,Female,College and Graduate School of Arts & Sciences,0,5,70,3.81,0,0,1,0,1,1,2.0,1
2630,3.6,2023,Still Looking,0,Interdisciplinary (SCPS-BIS),Male,School of Continuing and Professional Studies,0,1,2,4.0,0,0,0,1,0,0,0.0,0
2631,3.6,2023,Working,2,Education - Counselor Education,Female,School of Education and Human Development,1,1,0,,0,1,0,0,0,0,0.0,0
2632,3.6,2023,Working,2,Engineering - Computer Science,Male,School of Engineering & Applied Science,1,1,13,3.46,1,1,0,0,0,0,0.0,0
2633,3.6,2023,Continuing Education,0,Spanish,Female,College and Graduate School of Arts & Sciences,0,0,0,,0,0,1,0,0,0,3.0,1
2634,3.6,2023,Working,1,Business Administration,Male,Darden Graduate School of Business Administration,1,0,0,,0,1,0,0,0,0,0.0,0
2635,3.6,2023,Working,3,Architecture - Urban & Environmental Planning,Female,School of Architecture,1,0,0,4.4,0,1,0,0,0,0,0.0,0
2636,3.6,2023,Working,3,Architecture - Urban & Environmental Planning,Female,School of Architecture,1,0,0,3.7,0,1,0,0,0,0,0.0,0
2637,3.6,2023,Still Looking,0,Media Studies,Male,College and Graduate School of Arts & Sciences,0,1,10,,0,0,0,1,0,0,0.0,0
2638,3.6,2023,Continuing Education,1,Political & Social Thought - Interdisciplinary,Female,College and Graduate School of Arts & Sciences,0,0,0,4.5,0,1,1,0,0,0,1.0,1
2639,3.6,2023,Continuing Education,1,Political & Social Thought - Interdisciplinary,Female,College and Graduate School of Arts & Sciences,0,0,0,,0,1,1,0,0,0,1.0,1
2640,3.6,2023,Continuing Education,1,Political & Social Thought - Interdisciplinary,Female,College and Graduate School of Arts & Sciences,0,0,0,3.7,0,1,1,0,0,0,1.0,1
2641,3.6,2023,Working,1,Engineering - Aerospace Engineering,Male,School of Engineering & Applied Science,1,0,42,3.85,0,1,0,0,0,0,0.0,0
2642,3.6,2023,Working,1,Engineering - Aerospace Engineering,Male,School of Engineering & Applied Science,1,0,42,3.62,0,1,0,0,0,0,0.0,0
2643,3.6,2023,Working,2,Computer Science - Interdisciplinary,Male,College and Graduate School of Arts & Sciences,1,1,74,3.9,0,1,0,0,0,1,0.0,0
2644,3.6,2023,Working,1,Biology,Female,College and Graduate School of Arts & Sciences,1,0,0,4.0,0,1,0,0,0,0,4.0,1
2645,3.6,2023,Working,1,Biology,Female,College and Graduate School of Arts & Sciences,1,0,0,3.78,0,1,0,0,0,0,4.0,1
2646,3.6,2023,Continuing Education,0,Health Sciences Management (SCPS),Female,School of Continuing and Professional Studies,0,1,6,3.59,0,0,1,0,0,0,0.0,0
2647,3.6,2023,Continuing Education,0,Health Sciences Management (SCPS),Female,School of Continuing and Professional Studies,0,1,6,,0,0,1,0,0,0,0.0,0
2648,3.6,2023,Working,1,Architecture - Landscape Architecture,Female,School of Architecture,1,0,0,3.75,0,1,0,0,0,0,0.0,0
2649,3.6,2023,Working,1,Education - Educational Policy (Policy Studies),Female,School of Education and Human Development,1,0,0,,0,1,0,0,0,0,0.0,0
2650,3.6,2023,Continuing Education,1,Education - Kinesiology,Female,School of Education and Human Development,0,0,0,3.8,0,1,1,0,0,0,0.0,0
2651,3.6,2023,Continuing Education,3,Global Studies - Interdisciplinary,Female,College and Graduate School of Arts & Sciences,0,0,2,,0,1,1,0,0,0,0.0,0
2652,3.6,2023,Continuing Education,3,Global Studies - Interdisciplinary,Female,College and Graduate School of Arts & Sciences,0,0,2,4.0,0,1,1,0,0,0,0.0,0
2653,3.6,2023,Continuing Education,1,Engineering - Biomedical Engineering,Female,School of Engineering & Applied Science,0,6,26,,0,1,1,0,1,0,4.0,1
2654,3.6,2023,Continuing Education,0,Education - Kinesiology,Female,School of Education and Human Development,0,0,1,,0,0,1,0,0,0,1.0,1
2655,3.6,2023,Still Looking,2,Political Philosophy Policy & Law - Interdisciplinary,Male,College and Graduate School of Arts & Sciences,0,3,102,3.96,0,1,0,1,1,1,3.0,1
2656,3.6,2023,Still Looking,2,Biology,Female,College and Graduate School of Arts & Sciences,0,0,27,,0,1,0,1,0,0,0.0,0
2657,3.6,2023,Continuing Education,2,Education - Speech Communication Disorders,Female,School of Education and Human Development,0,0,1,,0,1,1,0,0,0,0.0,0
2658,3.6,2023,Working,3,Economics,Female,College and Graduate School of Arts & Sciences,1,5,84,3.86,0,1,0,0,1,1,2.0,1
2659,3.6,2023,Working,3,Economics,Female,College and Graduate School of Arts & Sciences,1,5,84,,0,1,0,0,1,1,2.0,1
2660,3.6,2023,Still Looking,3,Education - Speech Communication Disorders,Female,School of Education and Human Development,0,0,0,3.8,0,1,0,1,0,0,0.0,0
2661,3.6,2023,Still Looking,0,Engineering - Civil Engineering,Female,School of Engineering & Applied Science,0,4,30,4.0,0,0,0,1,1,0,5.0,1
2662,3.6,2023,Still Looking,0,Engineering - Civil Engineering,Female,School of Engineering & Applied Science,0,4,30,,0,0,0,1,1,0,5.0,1
2663,3.6,2023,Continuing Education,1,Education - Youth & Social Innovation,Female,School of Education and Human Development,0,0,10,,0,1,1,0,0,0,0.0,0
2664,3.6,2023,Working,3,Economics,Male,College and Graduate School of Arts & Sciences,1,0,2,3.92,0,1,0,0,0,0,0.0,0
2665,3.6,2023,Not Seeking,1,Global Studies - Interdisciplinary,Female,College and Graduate School of Arts & Sciences,0,6,12,3.49,0,1,0,0,1,0,3.0,1
2666,3.6,2023,Working,1,Spanish,Female,College and Graduate School of Arts & Sciences,1,1,0,,0,1,0,0,0,0,0.0,0
2667,3.6,2023,Working,1,Psychology,Female,College and Graduate School of Arts & Sciences,1,0,21,3.93,0,1,0,0,0,0,0.0,0
2668,3.6,2023,Still Looking,0,Education - Speech Communication Disorders,Female,School of Education and Human Development,0,0,0,3.67,0,0,0,1,0,0,0.0,0
2669,3.6,2023,Working,0,Government,Male,College and Graduate School of Arts & Sciences,1,1,31,,0,0,0,0,0,0,2.0,1
2670,3.6,2023,Working,1,Economics,Male,College and Graduate School of Arts & Sciences,1,0,3,3.7,0,1,0,0,0,0,1.0,1
2671,3.6,2023,Still Looking,2,American Studies - Interdisciplinary,Female,College and Graduate School of Arts & Sciences,0,0,14,,0,1,0,1,0,0,0.0,0
2672,3.6,2023,Working,2,Engineering - Materials Science & Engineering,Male,School of Engineering & Applied Science,1,1,31,3.85,0,1,0,0,0,0,0.0,0
2673,3.6,2023,Working,2,Engineering - Materials Science & Engineering,Male,School of Engineering & Applied Science,1,1,31,,0,1,0,0,0,0,0.0,0
2674,3.6,2023,Working,1,Education - Educational Psychology,Female,School of Education and Human Development,1,0,0,,0,1,0,0,0,0,0.0,0
2675,3.6,2023,Working,0,Economics,Male,College and Graduate School of Arts & Sciences,1,5,165,,0,0,0,0,1,1,0.0,0
2676,3.6,2023,Working,0,Economics,Male,College and Graduate School of Arts & Sciences,1,5,165,4.0,0,0,0,0,1,1,0.0,0
2677,3.6,2023,Continuing Education,0,Linguistics,Female,College and Graduate School of Arts & Sciences,0,0,0,3.76,0,0,1,0,0,0,0.0,0
2678,3.6,2023,Continuing Education,0,Linguistics,Female,College and Graduate School of Arts & Sciences,0,0,0,4.45,0,0,1,0,0,0,0.0,0
2679,3.6,2023,Continuing Education,0,Linguistics,Female,College and Graduate School of Arts & Sciences,0,0,0,4.0,0,0,1,0,0,0,0.0,0
2680,3.6,2023,Working,2,Engineering - Systems Engineering,Female,School of Engineering & Applied Science,1,2,5,,0,1,0,0,1,0,0.0,0
2681,3.6,2023,Continuing Education,1,English,Male,College and Graduate School of Arts & Sciences,0,1,52,,0,1,1,0,0,1,0.0,0
2682,3.6,2023,Continuing Education,1,English,Male,College and Graduate School of Arts & Sciences,0,1,52,3.98,0,1,1,0,0,1,0.0,0
2683,3.6,2023,Continuing Education,1,Sociology,Female,College and Graduate School of Arts & Sciences,0,0,68,,0,1,1,0,0,1,3.0,1
2684,3.6,2023,Continuing Education,1,Sociology,Female,College and Graduate School of Arts & Sciences,0,0,68,3.4,0,1,1,0,0,1,3.0,1
2685,3.6,2023,Continuing Education,1,Sociology,Female,College and Graduate School of Arts & Sciences,0,0,68,3.35,0,1,1,0,0,1,3.0,1
2686,3.6,2023,Working,1,Economics,Male,College and Graduate School of Arts & Sciences,1,0,742,3.64,0,1,0,0,0,1,0.0,0
2687,3.6,2023,Still Looking,3,Education - Kinesiology,Female,School of Education and Human Development,0,1,52,,0,1,0,1,0,1,12.0,1
2688,3.6,2023,Continuing Education,3,Government,Female,College and Graduate School of Arts & Sciences,0,1,12,,0,1,1,0,0,0,0.0,0
2689,3.6,2023,Working,2,Engineering - Systems Engineering,Female,School of Engineering & Applied Science,1,3,32,3.62,0,1,0,0,1,0,2.0,1
2690,3.6,2023,Working,2,Engineering - Systems Engineering,Female,School of Engineering & Applied Science,1,3,32,4.32,0,1,0,0,1,0,2.0,1
2691,3.6,2023,Continuing Education,1,Computer Science - Interdisciplinary,Female,College and Graduate School of Arts & Sciences,0,0,0,,0,1,1,0,0,0,0.0,0
2692,3.6,2023,Working,0,Education - Higher Education,Male,School of Education and Human Development,1,0,0,,0,0,0,0,0,0,0.0,0
2693,3.6,2023,Not Seeking,0,Slavic Languages and Literatures,Female,College and Graduate School of Arts & Sciences,0,0,0,,0,0,0,0,0,0,0.0,0
2694,3.6,2023,Working,1,Global Studies - Interdisciplinary,Female,College and Graduate School of Arts & Sciences,1,0,46,,0,1,0,0,0,0,0.0,0
2695,3.6,2023,Working,3,Statistics,Male,College and Graduate School of Arts & Sciences,1,0,0,,0,1,0,0,0,0,0.0,0
2696,3.6,2023,Continuing Education,2,Engineering - Computer Engineering,Male,School of Engineering & Applied Science,0,1,0,,0,1,1,0,0,0,0.0,0
2697,3.6,2023,Continuing Education,0,Anthropology,Female,College and Graduate School of Arts & Sciences,0,0,0,,0,0,1,0,0,0,0.0,0
2698,3.6,2023,Working,3,Media Studies,Female,College and Graduate School of Arts & Sciences,1,1,29,3.97,0,1,0,0,0,0,1.0,1
2699,3.6,2023,Working,2,Biology,Female,College and Graduate School of Arts & Sciences,1,0,0,,0,1,0,0,0,0,0.0,0
2700,3.6,2023,Working,2,Engineering - Civil Engineering,Female,School of Engineering & Applied Science,1,1,14,,0,1,0,0,0,0,0.0,0
2701,3.6,2023,Working,3,Engineering - Computer Science,Female,School of Engineering & Applied Science,1,0,57,3.7,0,1,0,0,0,1,0.0,0
2702,3.6,2023,Working,3,Engineering - Computer Science,Female,School of Engineering & Applied Science,1,0,57,,0,1,0,0,0,1,0.0,0
2703,3.6,2023,Working,3,Engineering - Computer Science,Female,School of Engineering & Applied Science,1,0,57,4.0,0,1,0,0,0,1,0.0,0
2704,3.6,2023,Continuing Education,2,Education - Kinesiology,Female,School of Education and Human Development,0,0,0,,0,1,1,0,0,0,0.0,0
2705,3.6,2023,Continuing Education,1,Global Studies - Interdisciplinary,Female,College and Graduate School of Arts & Sciences,0,1,178,,0,1,1,0,0,1,5.0,1
2706,3.6,2023,Continuing Education,1,Global Studies - Interdisciplinary,Male,College and Graduate School of Arts & Sciences,0,0,113,,0,1,1,0,0,1,0.0,0
2707,3.6,2023,Continuing Education,0,Education - Speech Communication Disorders,Female,School of Education and Human Development,0,0,0,,0,0,1,0,0,0,0.0,0
2708,3.6,2023,Still Looking,1,Environmental Sciences,Female,College and Graduate School of Arts & Sciences,0,4,21,,0,1,0,1,1,0,0.0,0
2709,3.6,2023,Continuing Education,2,Architecture,Female,School of Architecture,0,1,14,,0,1,1,0,0,0,0.0,0
2710,3.6,2023,Working,3,Architecture,Female,School of Architecture,1,0,14,3.83,1,1,0,0,0,0,0.0,0
2711,3.6,2023,Still Looking,0,Cognitive Science - Interdisciplinary,Female,College and Graduate School of Arts & Sciences,0,2,47,,0,0,0,1,1,0,0.0,0
2712,3.6,2023,Still Looking,0,European Studies,Female,College and Graduate School of Arts & Sciences,0,0,0,,0,0,0,1,0,0,0.0,0
2713,3.6,2023,Working,2,Architecture,Male,School of Architecture,1,0,6,,0,1,0,0,0,0,2.0,1
2714,3.6,2023,Working,1,Architecture,Female,School of Architecture,1,0,51,3.7,0,1,0,0,0,1,0.0,0
2715,3.6,2023,Not Seeking,2,Cognitive Science - Interdisciplinary,Female,College and Graduate School of Arts & Sciences,0,6,16,,0,1,0,0,1,0,2.0,1
2716,3.6,2023,Working,1,Architecture,Male,School of Architecture,1,1,4,4.0,0,1,0,0,0,0,0.0,0
2717,3.6,2023,Working,1,Architecture,Male,School of Architecture,1,1,4,,0,1,0,0,0,0,0.0,0
2718,3.6,2023,Continuing Education,2,Art - Studio Art,Female,College and Graduate School of Arts & Sciences,0,6,53,3.91,0,1,1,0,1,1,0.0,0
2719,3.6,2023,Continuing Education,2,Art - Studio Art,Female,College and Graduate School of Arts & Sciences,0,6,53,3.99,0,1,1,0,1,1,0.0,0
2720,3.6,2023,Continuing Education,2,Art - Studio Art,Female,College and Graduate School of Arts & Sciences,0,6,53,4.0,0,1,1,0,1,1,0.0,0
2721,3.6,2023,Working,3,Architecture,Female,School of Architecture,1,1,32,3.89,0,1,0,0,0,0,0.0,0
2722,3.6,2023,Working,3,Computer Science - Interdisciplinary,Female,College and Graduate School of Arts & Sciences,1,1,26,3.81,0,1,0,0,0,0,0.0,0
2723,3.6,2023,Working,1,Data Science,Male,School of Data Science,1,6,28,,0,1,0,0,1,0,0.0,0
2724,3.6,2023,Working,2,Data Science,Female,School of Data Science,1,1,22,3.84,0,1,0,0,0,0,0.0,0
2725,3.6,2023,Working,2,Data Science,Female,School of Data Science,1,1,22,4.0,0,1,0,0,0,0,0.0,0
2726,3.6,2023,Still Looking,3,Biology,Female,College and Graduate School of Arts & Sciences,0,0,0,,0,1,0,1,0,0,5.0,1
2727,3.6,2023,Still Looking,3,Biology,Female,College and Graduate School of Arts & Sciences,0,0,0,3.73,0,1,0,1,0,0,5.0,1
2728,3.6,2023,Continuing Education,1,Education - Kinesiology,Female,School of Education and Human Development,0,14,41,3.7,0,1,1,0,1,0,4.0,1
2729,3.6,2023,Continuing Education,1,Education - Kinesiology,Female,School of Education and Human Development,0,14,41,,0,1,1,0,1,0,4.0,1
2730,3.6,2023,Continuing Education,1,Education - Kinesiology,Female,School of Education and Human Development,0,14,41,4.45,0,1,1,0,1,0,4.0,1
2731,3.6,2023,Continuing Education,1,Media Studies,Female,College and Graduate School of Arts & Sciences,0,5,79,,0,1,1,0,1,1,0.0,0
2732,3.6,2023,Working,3,Engineering - Systems Engineering,Female,School of Engineering & Applied Science,1,10,247,3.61,1,1,0,0,1,1,0.0,0
2733,3.6,2023,Working,3,Engineering - Systems Engineering,Female,School of Engineering & Applied Science,1,10,247,,1,1,0,0,1,1,0.0,0
2734,3.6,2023,Working,2,Architecture,Male,School of Architecture,1,0,14,,0,1,0,0,0,0,0.0,0
2735,3.6,2023,Still Looking,0,Anthropology,Female,College and Graduate School of Arts & Sciences,0,2,0,,0,0,0,1,1,0,0.0,0
2736,3.6,2023,Working,1,Data Science,Male,School of Data Science,1,3,163,,0,1,0,0,1,1,1.0,1
2737,3.6,2023,Working,1,Engineering - Systems Engineering,Female,School of Engineering & Applied Science,1,1,9,3.87,0,1,0,0,0,0,1.0,1
2738,3.6,2023,Working,2,Architecture,Female,School of Architecture,1,1,0,,0,1,0,0,0,0,0.0,0
2739,3.6,2023,Still Looking,2,Architecture,Female,School of Architecture,0,2,25,,0,1,0,1,1,0,0.0,0
2740,3.6,2023,Working,1,Biology,Female,College and Graduate School of Arts & Sciences,1,2,6,,1,1,0,0,1,0,9.0,1
2741,3.6,2023,Still Looking,2,Architecture - Landscape Architecture,Female,School of Architecture,0,0,0,,0,1,0,1,0,0,0.0,0
2742,3.6,2023,Working,1,Engineering - Computer Science,Male,School of Engineering & Applied Science,1,0,67,3.81,0,1,0,0,0,1,0.0,0
2743,3.6,2023,Still Looking,0,English,Female,College and Graduate School of Arts & Sciences,0,0,5,3.52,0,0,0,1,0,0,1.0,1
2744,3.6,2023,Military,0,Engineering - Civil Engineering,Male,School of Engineering & Applied Science,0,0,0,3.7,0,0,0,0,0,0,0.0,0
2745,3.6,2023,Working,0,Architecture,Female,School of Architecture,1,1,63,,0,0,0,0,0,1,0.0,0
2746,3.6,2023,Working,1,Economics,Female,College and Graduate School of Arts & Sciences,1,6,73,3.56,0,1,0,0,1,1,0.0,0
2747,3.6,2023,Working,1,Economics,Female,College and Graduate School of Arts & Sciences,1,6,73,4.0,0,1,0,0,1,1,0.0,0
2748,3.6,2023,Still Looking,2,Spanish,Female,College and Graduate School of Arts & Sciences,0,4,142,3.92,0,1,0,1,1,1,0.0,0
2749,3.6,2023,Still Looking,2,Spanish,Female,College and Graduate School of Arts & Sciences,0,4,142,,0,1,0,1,1,1,0.0,0
2750,3.6,2023,Working,2,Computer Science - Interdisciplinary,Female,College and Graduate School of Arts & Sciences,1,5,5,3.9,0,1,0,0,1,0,0.0,0
2751,3.6,2023,Continuing Education,1,Mathematics,Male,College and Graduate School of Arts & Sciences,0,2,7,3.87,0,1,1,0,1,0,0.0,0
2752,3.6,2023,Working,1,Cognitive Science - Interdisciplinary,Female,College and Graduate School of Arts & Sciences,1,0,2,,0,1,0,0,0,0,0.0,0
2753,3.6,2023,Military,0,Chemistry,Male,College and Graduate School of Arts & Sciences,0,0,0,3.91,0,0,0,0,0,0,0.0,0
2754,3.6,2023,Continuing Education,1,Sociology,Female,College and Graduate School of Arts & Sciences,0,0,0,,0,1,1,0,0,0,0.0,0
2755,3.6,2023,Working,1,Engineering - Biomedical Engineering,Female,School of Engineering & Applied Science,1,0,5,,0,1,0,0,0,0,0.0,0
2756,3.6,2023,Working,1,Engineering - Mechanical Engineering,Female,School of Engineering & Applied Science,1,2,86,,0,1,0,0,1,1,0.0,0
2757,3.6,2023,Working,2,Engineering - Systems Engineering,Female,School of Engineering & Applied Science,1,7,22,,0,1,0,0,1,0,0.0,0
2758,3.6,2023,Working,2,Engineering - Systems Engineering,Female,School of Engineering & Applied Science,1,7,22,3.96,0,1,0,0,1,0,0.0,0
2759,3.6,2023,Working,3,Architecture,Female,School of Architecture,1,5,130,,1,1,0,0,1,1,0.0,0
2760,3.6,2023,Working,2,Education - English Education,Female,School of Education and Human Development,1,1,0,,0,1,0,0,0,0,0.0,0
2761,3.6,2023,Working,1,Economics,Male,College and Graduate School of Arts & Sciences,1,3,19,3.87,0,1,0,0,1,0,0.0,0
2762,3.6,2023,Working,1,Economics,Male,College and Graduate School of Arts & Sciences,1,3,19,3.17,0,1,0,0,1,0,0.0,0
2763,3.6,2023,Still Looking,1,Engineering - Computer Science,Male,School of Engineering & Applied Science,0,2,30,3.94,0,1,0,1,1,0,0.0,0
2764,3.6,2023,Still Looking,0,Statistics,Female,College and Graduate School of Arts & Sciences,0,2,184,,0,0,0,1,1,1,0.0,0
2765,3.6,2023,Still Looking,0,Statistics,Female,College and Graduate School of Arts & Sciences,0,2,184,4.2,0,0,0,1,1,1,0.0,0
2766,3.6,2023,Working,0,Education - Educational Psychology,Female,School of Education and Human Development,1,0,0,,0,0,0,0,0,0,0.0,0
2767,3.6,2023,Working,2,Architecture,Male,School of Architecture,1,1,15,,0,1,0,0,0,0,0.0,0
2768,3.6,2023,Continuing Education,0,Biology,Male,College and Graduate School of Arts & Sciences,0,0,0,,0,0,1,0,0,0,1.0,1
2769,3.6,2023,Continuing Education,1,Economics,Male,College and Graduate School of Arts & Sciences,0,1,197,,0,1,1,0,0,1,0.0,0
2770,3.6,2023,Working,0,Drama,Female,College and Graduate School of Arts & Sciences,1,0,4,4.0,0,0,0,0,0,0,0.0,0
2771,3.6,2023,Working,1,Architecture - Urban & Environmental Planning,Female,School of Architecture,1,1,4,3.93,0,1,0,0,0,0,0.0,0
2772,3.6,2023,Working,1,Architecture - Urban & Environmental Planning,Female,School of Architecture,1,1,4,3.69,0,1,0,0,0,0,0.0,0
2773,3.6,2023,Working,1,Computer Science - Interdisciplinary,Female,College and Graduate School of Arts & Sciences,1,0,0,,0,1,0,0,0,0,0.0,0
2774,3.6,2023,Still Looking,1,Cognitive Science - Interdisciplinary,Male,College and Graduate School of Arts & Sciences,0,1,190,,0,1,0,1,0,1,2.0,1
2775,3.6,2023,Continuing Education,2,African-American & African Studies,Female,College and Graduate School of Arts & Sciences,0,16,104,,0,1,1,0,1,1,14.0,1
2776,3.6,2023,Continuing Education,3,Engineering - Biomedical Engineering,Female,School of Engineering & Applied Science,0,1,36,,0,1,1,0,0,0,1.0,1
2777,3.6,2023,Still Looking,1,Environmental Thought & Practice - Interdisciplinary,Female,College and Graduate School of Arts & Sciences,0,0,0,4.0,0,1,0,1,0,0,1.0,1
2778,3.6,2023,Still Looking,0,Sociology,Female,College and Graduate School of Arts & Sciences,0,0,0,2.6,0,0,0,1,0,0,0.0,0
2779,3.6,2023,Working,2,Education - Youth & Social Innovation,Female,School of Education and Human Development,1,0,106,,1,1,0,0,0,1,0.0,0
2780,3.6,2023,Still Looking,1,Foreign Affairs,Female,College and Graduate School of Arts & Sciences,0,2,62,3.88,0,1,0,1,1,1,3.0,1
2781,3.6,2023,Working,3,Computer Science - Interdisciplinary,Female,College and Graduate School of Arts & Sciences,1,3,6,,0,1,0,0,1,0,0.0,0
2782,3.6,2023,Working,3,Engineering - Computer Science,Female,School of Engineering & Applied Science,1,1,4,,0,1,0,0,0,0,0.0,0
2783,3.6,2023,Continuing Education,3,History,Female,College and Graduate School of Arts & Sciences,0,4,108,,1,1,1,0,1,1,2.0,1
2784,3.6,2023,Working,2,Government,Male,College and Graduate School of Arts & Sciences,1,0,13,4.65,0,1,0,0,0,0,2.0,1
2785,3.6,2023,Working,2,Government,Male,College and Graduate School of Arts & Sciences,1,0,13,3.89,0,1,0,0,0,0,2.0,1
2786,3.6,2023,Continuing Education,3,Art - Art History,Female,College and Graduate School of Arts & Sciences,0,0,28,3.82,0,1,1,0,0,0,0.0,0
2787,3.6,2023,Working,3,Computer Science - Interdisciplinary,Female,College and Graduate School of Arts & Sciences,1,0,86,3.85,0,1,0,0,0,1,1.0,1
2788,3.6,2023,Working,3,Computer Science - Interdisciplinary,Female,College and Graduate School of Arts & Sciences,1,0,86,4.39,0,1,0,0,0,1,1.0,1
2789,3.6,2023,Working,2,Computer Science - Interdisciplinary,Female,College and Graduate School of Arts & Sciences,1,0,72,,0,1,0,0,0,1,0.0,0
2790,3.6,2023,Still Looking,2,Global Studies - Interdisciplinary,Female,College and Graduate School of Arts & Sciences,0,8,178,3.7,0,1,0,1,1,1,0.0,0
2791,3.6,2023,Still Looking,0,Linguistics,Male,College and Graduate School of Arts & Sciences,0,0,16,3.71,0,0,0,1,0,0,0.0,0
2792,3.6,2023,Still Looking,3,Economics,Female,College and Graduate School of Arts & Sciences,0,0,2,,0,1,0,1,0,0,0.0,0
2793,3.6,2023,Continuing Education,1,Government,Female,College and Graduate School of Arts & Sciences,0,0,3,3.5,0,1,1,0,0,0,0.0,0
2794,3.6,2023,Still Looking,0,Cognitive Science - Interdisciplinary,Female,College and Graduate School of Arts & Sciences,0,1,10,3.7,0,0,0,1,0,0,1.0,1
2795,3.6,2023,Still Looking,1,Art - Art History,Female,College and Graduate School of Arts & Sciences,0,0,1,,0,1,0,1,0,0,0.0,0
2796,3.6,2023,Still Looking,0,Japanese Language & Literature - Interdisciplinary,Male,College and Graduate School of Arts & Sciences,0,0,3,,0,0,0,1,0,0,0.0,0
2797,3.6,2023,Working,3,Economics,Female,College and Graduate School of Arts & Sciences,1,0,2,4.4,0,1,0,0,0,0,0.0,0
2798,3.6,2023,Working,3,Economics,Female,College and Graduate School of Arts & Sciences,1,0,2,3.87,0,1,0,0,0,0,0.0,0
2799,3.6,2023,Working,3,Economics,Female,College and Graduate School of Arts & Sciences,1,0,2,,0,1,0,0,0,0,0.0,0
2800,3.6,2023,Still Looking,0,Chemistry,Male,College and Graduate School of Arts & Sciences,0,0,0,,0,0,0,1,0,0,3.0,1
2801,3.6,2023,Continuing Education,0,Biology,Female,College and Graduate School of Arts & Sciences,0,0,0,3.59,0,0,1,0,0,0,7.0,1
2802,3.6,2023,Continuing Education,0,Biology,Female,College and Graduate School of Arts & Sciences,0,0,0,4.0,0,0,1,0,0,0,7.0,1
2803,3.6,2023,Continuing Education,0,Biology,Female,College and Graduate School of Arts & Sciences,0,0,0,4.71,0,0,1,0,0,0,7.0,1
2804,3.6,2023,Working,1,Education - Kinesiology,Male,School of Education and Human Development,1,1,120,,0,1,0,0,0,1,0.0,0
2805,3.6,2023,Continuing Education,1,Chemistry,Female,College and Graduate School of Arts & Sciences,0,0,0,3.92,1,1,1,0,0,0,1.0,1
2806,3.6,2023,Continuing Education,0,Cognitive Science - Interdisciplinary,Male,College and Graduate School of Arts & Sciences,0,10,123,3.89,0,0,1,0,1,1,0.0,0
2807,3.6,2023,Continuing Education,0,Chemistry,Female,College and Graduate School of Arts & Sciences,0,10,347,,0,0,1,0,1,1,0.0,0
2808,3.6,2023,Continuing Education,0,Chemistry,Female,College and Graduate School of Arts & Sciences,0,10,347,3.2,0,0,1,0,1,1,0.0,0
2809,3.6,2023,Working,2,Engineering - Biomedical Engineering,Female,School of Engineering & Applied Science,1,4,9,,0,1,0,0,1,0,3.0,1
2810,3.6,2023,Working,2,Engineering - Computer Engineering,Male,School of Engineering & Applied Science,1,0,3,3.98,0,1,0,0,0,0,0.0,0
2811,3.6,2023,Continuing Education,2,Computer Science - Interdisciplinary,Female,College and Graduate School of Arts & Sciences,0,9,39,4.0,0,1,1,0,1,0,0.0,0
2812,3.6,2023,Continuing Education,2,Computer Science - Interdisciplinary,Female,College and Graduate School of Arts & Sciences,0,9,39,3.87,0,1,1,0,1,0,0.0,0
2813,3.6,2023,Continuing Education,2,Statistics,Female,College and Graduate School of Arts & Sciences,0,0,2,3.97,0,1,1,0,0,0,0.0,0
2814,3.6,2023,Continuing Education,2,Statistics,Female,College and Graduate School of Arts & Sciences,0,0,2,,0,1,1,0,0,0,0.0,0
2815,3.6,2023,Continuing Education,2,Statistics,Female,College and Graduate School of Arts & Sciences,0,0,2,4.0,0,1,1,0,0,0,0.0,0
2816,3.6,2023,Continuing Education,0,Psychology,Female,College and Graduate School of Arts & Sciences,0,0,6,,0,0,1,0,0,0,0.0,0
2817,3.6,2023,Working,1,Architecture,Female,School of Architecture,1,0,0,,0,1,0,0,0,0,0.0,0
2818,3.6,2023,Continuing Education,0,Engineering - Chemical Engineering,Male,School of Engineering & Applied Science,0,0,0,,0,0,1,0,0,0,0.0,0
2819,3.6,2023,Working,0,Art - Studio Art,Female,College and Graduate School of Arts & Sciences,1,3,132,,0,0,0,0,1,1,0.0,0
2820,3.6,2023,Continuing Education,3,Political Philosophy Policy & Law - Interdisciplinary,Male,College and Graduate School of Arts & Sciences,0,0,0,3.92,0,1,1,0,0,0,0.0,0
2821,3.6,2023,Working,1,Government,Female,College and Graduate School of Arts & Sciences,1,0,3,3.72,0,1,0,0,0,0,0.0,0
2822,3.6,2023,Still Looking,1,Mathematics,Female,College and Graduate School of Arts & Sciences,0,2,5,,0,1,0,1,1,0,0.0,0
2823,3.6,2023,Continuing Education,0,Creative Writing,Female,College and Graduate School of Arts & Sciences,0,0,37,,0,0,1,0,0,0,0.0,0
2824,3.6,2023,Continuing Education,2,Biology,Female,College and Graduate School of Arts & Sciences,0,0,0,,0,1,1,0,0,0,3.0,1
2825,3.6,2023,Continuing Education,1,Psychology,Female,College and Graduate School of Arts & Sciences,0,0,2,,0,1,1,0,0,0,2.0,1
2826,3.6,2023,Working,1,Education - Speech Communication Disorders,Female,School of Education and Human Development,1,0,0,3.7,0,1,0,0,0,0,0.0,0
2827,3.6,2023,Working,0,Engineering - Computer Engineering,Female,School of Engineering & Applied Science,1,0,149,,0,0,0,0,0,1,0.0,0
2828,3.6,2023,Still Looking,0,Computer Science - Interdisciplinary,Male,College and Graduate School of Arts & Sciences,0,0,171,3.36,0,0,0,1,0,1,0.0,0
2829,3.6,2023,Working,3,Computer Science - Interdisciplinary,Female,College and Graduate School of Arts & Sciences,1,1,94,3.67,0,1,0,0,0,1,2.0,1
2830,3.6,2023,Working,1,Biology,Female,College and Graduate School of Arts & Sciences,1,0,0,,0,1,0,0,0,0,0.0,0
2831,3.6,2023,Still Looking,0,Cognitive Science - Interdisciplinary,Female,College and Graduate School of Arts & Sciences,0,0,0,,0,0,0,1,0,0,0.0,0
2832,3.6,2023,Continuing Education,3,Environmental Thought & Practice - Interdisciplinary,Female,College and Graduate School of Arts & Sciences,0,0,4,,1,1,1,0,0,0,1.0,1
2833,3.6,2023,Continuing Education,3,Environmental Thought & Practice - Interdisciplinary,Female,College and Graduate School of Arts & Sciences,0,0,4,3.87,1,1,1,0,0,0,1.0,1
2834,3.6,2023,Working,3,Foreign Affairs,Male,College and Graduate School of Arts & Sciences,1,0,84,3.9,0,1,0,0,0,1,0.0,0
2835,3.6,2023,Working,3,Foreign Affairs,Male,College and Graduate School of Arts & Sciences,1,0,84,,0,1,0,0,0,1,0.0,0
2836,3.6,2023,Fellowship,2,Chemistry,Female,College and Graduate School of Arts & Sciences,0,0,41,3.9,0,1,0,0,0,0,0.0,0
2837,3.6,2023,Working,2,Media Studies,Female,College and Graduate School of Arts & Sciences,1,1,49,,0,1,0,0,0,1,0.0,0
2838,3.6,2023,Working,2,Chemistry,Female,College and Graduate School of Arts & Sciences,1,0,0,,0,1,0,0,0,0,0.0,0
2839,3.6,2023,Working,3,Engineering - Computer Science,Male,School of Engineering & Applied Science,1,0,0,4.54,0,1,0,0,0,0,0.0,0
2840,3.6,2023,Working,3,Engineering - Computer Science,Male,School of Engineering & Applied Science,1,0,0,3.8,0,1,0,0,0,0,0.0,0
2841,3.6,2023,Still Looking,0,Engineering - Materials Science & Engineering,Female,School of Engineering & Applied Science,0,0,0,3.9,0,0,0,1,0,0,0.0,0
2842,3.6,2023,Working,2,Neuroscience - Interdisciplinary,Male,College and Graduate School of Arts & Sciences,1,1,14,3.96,0,1,0,0,0,0,0.0,0
2843,3.6,2023,Working,2,English,Female,College and Graduate School of Arts & Sciences,1,2,112,3.91,0,1,0,0,1,1,0.0,0
2844,3.6,2023,Working,1,Computer Science - Interdisciplinary,Female,College and Graduate School of Arts & Sciences,1,0,0,,1,1,0,0,0,0,0.0,0
2845,3.6,2023,Still Looking,1,Engineering - Computer Science,Male,School of Engineering & Applied Science,0,0,63,,0,1,0,1,0,1,0.0,0
2846,3.6,2023,Still Looking,1,Engineering - Computer Science,Male,School of Engineering & Applied Science,0,0,63,3.67,0,1,0,1,0,1,0.0,0
2847,3.6,2023,Continuing Education,2,Foreign Affairs,Male,College and Graduate School of Arts & Sciences,0,9,210,,0,1,1,0,1,1,0.0,0
2848,3.6,2023,Working,0,Chemistry,Female,College and Graduate School of Arts & Sciences,1,0,0,,0,0,0,0,0,0,0.0,0
2849,3.6,2023,Working,1,Physics,Female,College and Graduate School of Arts & Sciences,1,1,5,3.9,0,1,0,0,0,0,0.0,0
2850,3.6,2023,Continuing Education,2,Global Studies - Interdisciplinary,Male,College and Graduate School of Arts & Sciences,0,0,116,4.5,0,1,1,0,0,1,0.0,0
2851,3.6,2023,Continuing Education,2,Global Studies - Interdisciplinary,Male,College and Graduate School of Arts & Sciences,0,0,116,,0,1,1,0,0,1,0.0,0
2852,3.6,2023,Working,1,Engineering - Computer Engineering,Male,School of Engineering & Applied Science,1,1,42,3.85,0,1,0,0,0,0,1.0,1
2853,3.6,2023,Working,1,Engineering - Computer Engineering,Male,School of Engineering & Applied Science,1,1,42,4.31,0,1,0,0,0,0,1.0,1
2854,3.6,2023,Working,0,Engineering - Civil Engineering,Male,School of Engineering & Applied Science,1,0,0,,0,0,0,0,0,0,0.0,0
2855,3.6,2023,Working,1,Statistics,Female,College and Graduate School of Arts & Sciences,1,9,201,3.9,0,1,0,0,1,1,3.0,1
2856,3.6,2023,Working,1,Statistics,Female,College and Graduate School of Arts & Sciences,1,9,201,3.94,0,1,0,0,1,1,3.0,1
2857,3.6,2023,Working,0,Computer Science - Interdisciplinary,Male,College and Graduate School of Arts & Sciences,1,0,0,,0,0,0,0,0,0,0.0,0
2858,3.6,2023,Working,2,Computer Science - Interdisciplinary,Male,College and Graduate School of Arts & Sciences,1,0,116,3.81,0,1,0,0,0,1,0.0,0
2859,3.6,2023,Continuing Education,3,Economics,Female,College and Graduate School of Arts & Sciences,0,1,158,3.94,0,1,1,0,0,1,0.0,0
2860,3.6,2023,Working,0,Global Studies - Interdisciplinary,Female,College and Graduate School of Arts & Sciences,1,0,1,,0,0,0,0,0,0,0.0,0
2861,3.6,2023,Continuing Education,3,Statistics,Male,College and Graduate School of Arts & Sciences,0,0,9,,0,1,1,0,0,0,0.0,0
2862,3.6,2023,Continuing Education,3,Statistics,Male,College and Graduate School of Arts & Sciences,0,0,9,3.83,0,1,1,0,0,0,0.0,0
2863,3.6,2023,Working,2,Statistics,Male,College and Graduate School of Arts & Sciences,1,0,0,,0,1,0,0,0,0,0.0,0
2864,3.6,2023,Working,2,Engineering - Biomedical Engineering,Female,School of Engineering & Applied Science,1,4,27,,0,1,0,0,1,0,5.0,1
2865,3.6,2023,Working,2,Cognitive Science - Interdisciplinary,Female,College and Graduate School of Arts & Sciences,1,2,131,3.27,0,1,0,0,1,1,0.0,0
2866,3.6,2023,Working,1,Biology,Female,College and Graduate School of Arts & Sciences,1,2,153,3.81,1,1,0,0,1,1,0.0,0
2867,3.6,2023,Working,3,Computer Science - Interdisciplinary,Male,College and Graduate School of Arts & Sciences,1,4,704,,0,1,0,0,1,1,1.0,1
2868,3.6,2023,Still Looking,2,Mathematics,Male,College and Graduate School of Arts & Sciences,0,2,22,,0,1,0,1,1,0,0.0,0
2869,3.6,2023,Continuing Education,3,Education - Speech Communication Disorders,Female,School of Education and Human Development,0,0,0,,0,1,1,0,0,0,0.0,0
2870,3.6,2023,Continuing Education,0,Computer Science - Interdisciplinary,Male,College and Graduate School of Arts & Sciences,0,0,0,3.85,0,0,1,0,0,0,0.0,0
2871,3.6,2023,Working,1,Computer Science - Interdisciplinary,Female,College and Graduate School of Arts & Sciences,1,3,34,3.79,0,1,0,0,1,0,0.0,0
2872,3.6,2023,Continuing Education,1,French,Female,College and Graduate School of Arts & Sciences,0,0,20,,0,1,1,0,0,0,0.0,0
2873,3.6,2023,Working,1,Engineering - Systems Engineering,Male,School of Engineering & Applied Science,1,7,348,,0,1,0,0,1,1,0.0,0
2874,3.6,2023,Working,2,Global Studies - Interdisciplinary,Female,College and Graduate School of Arts & Sciences,1,0,34,,0,1,0,0,0,0,0.0,0
2875,3.6,2023,Continuing Education,3,Foreign Affairs,Male,College and Graduate School of Arts & Sciences,0,9,98,3.7,0,1,1,0,1,1,0.0,0
2876,3.6,2023,Continuing Education,3,Foreign Affairs,Male,College and Graduate School of Arts & Sciences,0,9,98,,0,1,1,0,1,1,0.0,0
2877,3.6,2023,Continuing Education,3,Foreign Affairs,Male,College and Graduate School of Arts & Sciences,0,9,98,4.0,0,1,1,0,1,1,0.0,0
2878,3.6,2023,Continuing Education,1,Statistics,Female,College and Graduate School of Arts & Sciences,0,0,4,,0,1,1,0,0,0,0.0,0
2879,3.6,2023,Working,1,Economics,Male,College and Graduate School of Arts & Sciences,1,0,37,3.78,0,1,0,0,0,0,1.0,1
2880,3.6,2023,Working,2,Media Studies,Female,College and Graduate School of Arts & Sciences,1,3,52,,1,1,0,0,1,1,0.0,0
2881,3.6,2023,Working,3,Engineering - Computer Science,Female,School of Engineering & Applied Science,1,0,0,,0,1,0,0,0,0,0.0,0
2882,3.6,2023,Still Looking,0,Engineering - Computer Science,Male,School of Engineering & Applied Science,0,0,0,,0,0,0,1,0,0,0.0,0
2883,3.6,2023,Continuing Education,0,Slavic Languages and Literatures,Female,College and Graduate School of Arts & Sciences,0,0,28,,0,0,1,0,0,0,0.0,0
2884,3.6,2023,Still Looking,3,English,Female,College and Graduate School of Arts & Sciences,0,0,0,,0,1,0,1,0,0,0.0,0
2885,3.6,2023,Still Looking,3,English,Female,College and Graduate School of Arts & Sciences,0,0,0,3.86,0,1,0,1,0,0,0.0,0
2886,3.6,2023,Working,3,Global Studies - Interdisciplinary,Female,College and Graduate School of Arts & Sciences,1,0,16,3.5,0,1,0,0,0,0,3.0,1
2887,3.6,2023,Working,2,Economics,Female,College and Graduate School of Arts & Sciences,1,7,68,4.0,0,1,0,0,1,1,0.0,0
2888,3.6,2023,Continuing Education,0,Psychology,Female,College and Graduate School of Arts & Sciences,0,2,10,4.17,0,0,1,0,1,0,0.0,0
2889,3.6,2023,Continuing Education,0,Psychology,Female,College and Graduate School of Arts & Sciences,0,2,10,,0,0,1,0,1,0,0.0,0
2890,3.6,2023,Continuing Education,0,Engineering - Biomedical Engineering,Female,School of Engineering & Applied Science,0,4,0,,0,0,1,0,1,0,0.0,0
2891,3.6,2023,Still Looking,0,Psychology,Female,College and Graduate School of Arts & Sciences,0,0,0,3.7,0,0,0,1,0,0,0.0,0
2892,3.6,2023,Still Looking,1,Architecture,Female,School of Architecture,0,1,58,4.1,0,1,0,1,0,1,0.0,0
2893,3.6,2023,Still Looking,1,Architecture,Female,School of Architecture,0,1,58,4.0,0,1,0,1,0,1,0.0,0
2894,3.6,2023,Still Looking,1,Architecture,Female,School of Architecture,0,1,58,3.6,0,1,0,1,0,1,0.0,0
2895,3.6,2023,Working,2,Foreign Affairs,Male,College and Graduate School of Arts & Sciences,1,0,24,,0,1,0,0,0,0,0.0,0
2896,3.6,2023,Working,2,Computer Science - Interdisciplinary,Female,College and Graduate School of Arts & Sciences,1,0,32,3.97,0,1,0,0,0,0,0.0,0
2897,3.6,2023,Working,2,Computer Science - Interdisciplinary,Female,College and Graduate School of Arts & Sciences,1,0,32,,0,1,0,0,0,0,0.0,0
2898,3.6,2023,Working,3,History,Male,College and Graduate School of Arts & Sciences,1,1,22,3.9,0,1,0,0,0,0,0.0,0
2899,3.6,2023,Working,2,Engineering - Mechanical Engineering,Female,School of Engineering & Applied Science,1,4,34,,0,1,0,0,1,0,0.0,0
2900,3.6,2023,Working,2,History,Male,College and Graduate School of Arts & Sciences,1,2,58,3.84,0,1,0,0,1,1,0.0,0
2901,3.6,2023,Continuing Education,2,Engineering - Civil Engineering,Female,School of Engineering & Applied Science,0,2,6,,0,1,1,0,1,0,0.0,0
2902,3.6,2023,Still Looking,3,Political Philosophy Policy & Law - Interdisciplinary,Female,College and Graduate School of Arts & Sciences,0,2,90,,0,1,0,1,1,1,0.0,0
2903,3.6,2023,Continuing Education,0,Biology,Female,College and Graduate School of Arts & Sciences,0,1,14,,0,0,1,0,0,0,0.0,0
2904,3.6,2023,Continuing Education,0,Psychology,Female,College and Graduate School of Arts & Sciences,0,9,25,4.0,0,0,1,0,1,0,0.0,0
2905,3.6,2023,Working,2,Computer Science - Interdisciplinary,Female,College and Graduate School of Arts & Sciences,1,0,244,4.3,0,1,0,0,0,1,0.0,0
2906,3.6,2023,Working,2,Computer Science - Interdisciplinary,Female,College and Graduate School of Arts & Sciences,1,0,244,3.88,0,1,0,0,0,1,0.0,0
2907,3.6,2023,Working,2,Computer Science - Interdisciplinary,Male,College and Graduate School of Arts & Sciences,1,0,5,3.3,0,1,0,0,0,0,0.0,0
2908,3.6,2023,Working,1,English,Female,College and Graduate School of Arts & Sciences,1,0,3,3.96,0,1,0,0,0,0,0.0,0
2909,3.6,2023,Working,1,English,Female,College and Graduate School of Arts & Sciences,1,0,3,,0,1,0,0,0,0,0.0,0
2910,3.6,2023,Working,1,English,Female,College and Graduate School of Arts & Sciences,1,0,3,4.0,0,1,0,0,0,0,0.0,0
2911,3.6,2023,Continuing Education,2,Biology,Female,College and Graduate School of Arts & Sciences,0,0,62,3.72,0,1,1,0,0,1,0.0,0
2912,3.6,2023,Continuing Education,3,Environmental Sciences,Male,College and Graduate School of Arts & Sciences,0,0,43,,0,1,1,0,0,0,0.0,0
2913,3.6,2023,Working,3,Education - Early Childhood Development,Female,School of Education and Human Development,1,2,0,,0,1,0,0,1,0,0.0,0
2914,3.6,2023,Working,2,Engineering - Chemical Engineering,Female,School of Engineering & Applied Science,1,3,15,,0,1,0,0,1,0,3.0,1
2915,3.6,2023,Continuing Education,1,Biology,Male,College and Graduate School of Arts & Sciences,0,0,18,,0,1,1,0,0,0,1.0,1
2916,3.6,2023,Working,1,Education - Kinesiology,Female,School of Education and Human Development,1,1,10,,0,1,0,0,0,0,0.0,0
2917,3.6,2023,Working,3,Psychology,Female,College and Graduate School of Arts & Sciences,1,0,0,,0,1,0,0,0,0,0.0,0
2918,3.6,2023,Working,1,Global Studies - Interdisciplinary,Female,College and Graduate School of Arts & Sciences,1,1,69,,0,1,0,0,0,1,3.0,1
2919,3.6,2023,Working,1,Global Studies - Interdisciplinary,Female,College and Graduate School of Arts & Sciences,1,1,69,3.93,0,1,0,0,0,1,3.0,1
2920,3.6,2023,Working,1,Architecture,Female,School of Architecture,1,1,35,,0,1,0,0,0,0,3.0,1
2921,3.6,2023,Working,2,Foreign Affairs,Male,College and Graduate School of Arts & Sciences,1,0,34,,0,1,0,0,0,0,0.0,0
2922,3.6,2023,Working,2,Foreign Affairs,Male,College and Graduate School of Arts & Sciences,1,0,34,3.8,0,1,0,0,0,0,0.0,0
2923,3.6,2023,Working,1,Economics,Female,College and Graduate School of Arts & Sciences,1,1,0,,0,1,0,0,0,0,0.0,0
2924,3.6,2023,Working,3,Economics,Male,College and Graduate School of Arts & Sciences,1,0,32,3.6,0,1,0,0,0,0,0.0,0
2925,3.6,2023,Working,3,Economics,Male,College and Graduate School of Arts & Sciences,1,0,32,,0,1,0,0,0,0,0.0,0
2926,3.6,2023,Still Looking,1,Psychology,Female,College and Graduate School of Arts & Sciences,0,1,27,,0,1,0,1,0,0,0.0,0
2927,3.6,2023,Continuing Education,1,Architecture,Male,School of Architecture,0,0,0,3.87,0,1,1,0,0,0,0.0,0
2928,3.6,2023,Still Looking,1,Media Studies,Female,College and Graduate School of Arts & Sciences,0,0,46,3.9,0,1,0,1,0,0,0.0,0
2929,3.6,2023,Still Looking,1,Media Studies,Female,College and Graduate School of Arts & Sciences,0,0,46,3.5,0,1,0,1,0,0,0.0,0
2930,3.6,2023,Working,1,Architecture,Male,School of Architecture,1,1,0,3.7,0,1,0,0,0,0,0.0,0
2931,3.6,2023,Working,1,Architecture,Male,School of Architecture,1,1,0,3.8,0,1,0,0,0,0,0.0,0
2932,3.6,2023,Working,0,Neuroscience - Interdisciplinary,Female,College and Graduate School of Arts & Sciences,1,0,0,,0,0,0,0,0,0,0.0,0
2933,3.6,2023,Continuing Education,1,Economics,Male,College and Graduate School of Arts & Sciences,0,3,79,,0,1,1,0,1,1,0.0,0
2934,3.6,2023,Continuing Education,1,Spanish,Female,College and Graduate School of Arts & Sciences,0,0,0,,0,1,1,0,0,0,0.0,0
2935,3.6,2023,Still Looking,1,Architecture,Female,School of Architecture,0,0,0,3.86,0,1,0,1,0,0,0.0,0
2936,3.6,2023,Still Looking,1,Architecture,Female,School of Architecture,0,0,0,,0,1,0,1,0,0,0.0,0
2937,3.6,2023,Still Looking,1,Chemistry,Female,College and Graduate School of Arts & Sciences,0,1,74,,0,1,0,1,0,1,0.0,0
2938,3.6,2023,Still Looking,2,Media Studies,Male,College and Graduate School of Arts & Sciences,0,0,86,3.5,1,1,0,1,0,1,3.0,1
2939,3.6,2023,Working,2,Foreign Affairs,Female,College and Graduate School of Arts & Sciences,1,5,169,3.84,0,1,0,0,1,1,0.0,0
2940,3.6,2023,Working,2,Education - Speech Communication Disorders,Female,School of Education and Human Development,1,1,0,3.73,0,1,0,0,0,0,0.0,0
2941,3.6,2023,Working,2,Education - Speech Communication Disorders,Female,School of Education and Human Development,1,1,0,,0,1,0,0,0,0,0.0,0
2942,3.6,2023,Military,0,Engineering - Aerospace Engineering,Male,School of Engineering & Applied Science,0,1,0,3.6,0,0,0,0,0,0,0.0,0
2943,3.6,2023,Working,3,Media Studies,Female,College and Graduate School of Arts & Sciences,1,1,128,3.5,0,1,0,0,0,1,1.0,1
2944,3.6,2023,Working,1,Cognitive Science - Interdisciplinary,Female,College and Graduate School of Arts & Sciences,1,0,14,4.3,0,1,0,0,0,0,0.0,0
2945,3.6,2023,Working,1,Cognitive Science - Interdisciplinary,Female,College and Graduate School of Arts & Sciences,1,0,14,,0,1,0,0,0,0,0.0,0
2946,3.6,2023,Continuing Education,1,Physics,Male,College and Graduate School of Arts & Sciences,0,1,0,,0,1,1,0,0,0,0.0,0
2947,3.6,2023,Working,2,Education - Elementary Education,Female,School of Education and Human Development,1,0,0,,0,1,0,0,0,0,0.0,0
2948,3.6,2023,Still Looking,0,Engineering - Computer Science,Male,School of Engineering & Applied Science,0,2,34,3.75,0,0,0,1,1,0,0.0,0
2949,3.6,2023,Still Looking,0,Engineering - Computer Science,Male,School of Engineering & Applied Science,0,2,34,4.0,0,0,0,1,1,0,0.0,0
2950,3.6,2023,Still Looking,0,Engineering - Chemical Engineering,Female,School of Engineering & Applied Science,0,3,2,,0,0,0,1,1,0,0.0,0
2951,3.6,2023,Working,1,Engineering - Computer Science,Male,School of Engineering & Applied Science,1,0,0,3.81,0,1,0,0,0,0,0.0,0
2952,3.6,2023,Still Looking,2,Sociology,Male,College and Graduate School of Arts & Sciences,0,4,130,,0,1,0,1,1,1,0.0,0
2953,3.6,2023,Working,2,Engineering - Civil Engineering,Female,School of Engineering & Applied Science,1,1,4,,0,1,0,0,0,0,0.0,0
2954,3.6,2023,Working,3,Engineering - Biomedical Engineering,Female,School of Engineering & Applied Science,1,12,30,,0,1,0,0,1,0,0.0,0
2955,3.6,2023,Not Seeking,0,Engineering - Computer Science,Female,School of Engineering & Applied Science,0,0,0,,0,0,0,0,0,0,0.0,0
2956,3.6,2023,Working,0,Data Science,Female,School of Data Science,1,4,3,,0,0,0,0,1,0,0.0,0
2957,3.6,2023,Working,2,Global Studies - Interdisciplinary,Female,College and Graduate School of Arts & Sciences,1,2,114,3.81,0,1,0,0,1,1,0.0,0
2958,3.6,2023,Working,3,Architecture - Urban & Environmental Planning,Female,School of Architecture,1,1,80,3.66,1,1,0,0,0,1,0.0,0
2959,3.6,2023,Working,3,Architecture - Urban & Environmental Planning,Female,School of Architecture,1,1,80,3.5,1,1,0,0,0,1,0.0,0
2960,3.6,2023,Working,0,Engineering - Electrical Engineering,Male,School of Engineering & Applied Science,1,0,0,,0,0,0,0,0,0,0.0,0
2961,3.6,2023,Continuing Education,3,Engineering - Civil Engineering,Female,School of Engineering & Applied Science,0,1,0,,0,1,1,0,0,0,0.0,0
2962,3.6,2023,Continuing Education,0,Engineering - Biomedical Engineering,Female,School of Engineering & Applied Science,0,2,0,,0,0,1,0,1,0,0.0,0
2963,3.6,2023,Continuing Education,0,Architecture,Male,School of Architecture,0,0,0,,0,0,1,0,0,0,0.0,0
2964,3.6,2023,Working,1,Engineering - Chemical Engineering,Male,School of Engineering & Applied Science,1,0,0,,0,1,0,0,0,0,0.0,0
2965,3.6,2023,Still Looking,3,Education - Early Childhood Development,Female,School of Education and Human Development,0,4,14,,0,1,0,1,1,0,0.0,0
2966,3.6,2023,Still Looking,1,Global Studies - Interdisciplinary,Female,College and Graduate School of Arts & Sciences,0,8,616,,1,1,0,1,1,1,0.0,0
2967,3.6,2023,Still Looking,0,Interdisciplinary (SCPS-BIS),Female,School of Continuing and Professional Studies,0,0,0,3.6,0,0,0,1,0,0,0.0,0
2968,3.6,2023,Still Looking,1,Engineering - Systems Engineering,Female,School of Engineering & Applied Science,0,7,4,,0,1,0,1,1,0,0.0,0
2969,3.6,2023,Still Looking,0,English,Female,College and Graduate School of Arts & Sciences,0,0,1,,0,0,0,1,0,0,0.0,0
2970,3.6,2023,Working,2,Education - Counselor Education,Female,School of Education and Human Development,1,0,0,,0,1,0,0,0,0,0.0,0
2971,3.6,2023,Working,2,Education - Counselor Education,Female,School of Education and Human Development,1,0,0,4.0,0,1,0,0,0,0,0.0,0
2972,3.6,2023,Working,2,Engineering - Systems Engineering,Female,School of Engineering & Applied Science,1,1,45,3.88,0,1,0,0,0,0,4.0,1
2973,3.6,2023,Working,2,Engineering - Systems Engineering,Female,School of Engineering & Applied Science,1,1,45,,0,1,0,0,0,0,4.0,1
2974,3.6,2023,Working,1,Computer Science - Interdisciplinary,Female,College and Graduate School of Arts & Sciences,1,9,35,,0,1,0,0,1,0,0.0,0
2975,3.6,2023,Working,1,Computer Science - Interdisciplinary,Female,College and Graduate School of Arts & Sciences,1,9,35,3.92,0,1,0,0,1,0,0.0,0
2976,3.6,2023,Working,0,Engineering - Systems Engineering,Female,School of Engineering & Applied Science,1,0,1,,0,0,0,0,0,0,0.0,0
2977,3.6,2023,Still Looking,0,French,Female,College and Graduate School of Arts & Sciences,0,0,28,,0,0,0,1,0,0,0.0,0
2978,3.6,2023,Volunteering,2,Government,Female,College and Graduate School of Arts & Sciences,0,0,8,3.6,0,1,0,0,0,0,3.0,1
2979,3.6,2023,Working,2,Global Studies - Interdisciplinary,Female,College and Graduate School of Arts & Sciences,1,1,18,,0,1,0,0,0,0,0.0,0
2980,3.6,2023,Continuing Education,0,Education - Kinesiology,Female,School of Education and Human Development,0,0,16,,0,0,1,0,0,0,0.0,0
2981,3.6,2023,Working,2,Political Philosophy Policy & Law - Interdisciplinary,Female,College and Graduate School of Arts & Sciences,1,0,0,,0,1,0,0,0,0,0.0,0
2982,3.6,2023,Still Looking,3,Architecture - Urban & Environmental Planning,Female,School of Architecture,0,4,16,,0,1,0,1,1,0,10.0,1
2983,3.6,2023,Still Looking,0,English,Female,College and Graduate School of Arts & Sciences,0,0,0,4.0,0,0,0,1,0,0,0.0,0
2984,3.6,2023,Still Looking,1,Economics,Male,College and Graduate School of Arts & Sciences,0,4,226,3.4,0,1,0,1,1,1,0.0,0
2985,3.6,2023,Still Looking,1,Economics,Male,College and Graduate School of Arts & Sciences,0,4,226,3.48,0,1,0,1,1,1,0.0,0
2986,3.6,2023,Continuing Education,2,Media Studies,Female,College and Graduate School of Arts & Sciences,0,3,9,,0,1,1,0,1,0,0.0,0
2987,3.6,2023,Working,1,Global Studies - Interdisciplinary,Female,College and Graduate School of Arts & Sciences,1,0,225,3.5,0,1,0,0,0,1,0.0,0
2988,3.6,2023,Working,1,Engineering - Biomedical Engineering,Female,School of Engineering & Applied Science,1,2,91,,0,1,0,0,1,1,0.0,0
2989,3.6,2023,Working,1,Engineering - Biomedical Engineering,Female,School of Engineering & Applied Science,1,2,91,3.8,0,1,0,0,1,1,0.0,0
2990,3.6,2023,Working,2,Economics,Male,College and Graduate School of Arts & Sciences,1,3,85,3.8,0,1,0,0,1,1,2.0,1
2991,3.6,2023,Working,1,Engineering - Mechanical Engineering,Male,School of Engineering & Applied Science,1,2,3,3.9,0,1,0,0,1,0,0.0,0
2992,3.6,2023,Continuing Education,2,Education - Youth & Social Innovation,Male,School of Education and Human Development,0,0,1,3.34,1,1,1,0,0,0,1.0,1
2993,3.6,2023,Working,2,Engineering - Systems Engineering,Male,School of Engineering & Applied Science,1,2,105,4.0,0,1,0,0,1,1,1.0,1
2994,3.6,2023,Working,2,Engineering - Systems Engineering,Male,School of Engineering & Applied Science,1,2,105,4.71,0,1,0,0,1,1,1.0,1
2995,3.6,2023,Still Looking,1,Psychology,Male,College and Graduate School of Arts & Sciences,0,1,60,,0,1,0,1,0,1,0.0,0
2996,3.6,2023,Working,1,Computer Science - Interdisciplinary,Male,College and Graduate School of Arts & Sciences,1,2,406,3.98,0,1,0,0,1,1,0.0,0
2997,3.6,2023,Working,0,Education - Curriculum & Instruction,Female,School of Education and Human Development,1,0,0,,0,0,0,0,0,0,0.0,0
2998,3.6,2023,Working,2,Engineering - Systems Engineering,Female,School of Engineering & Applied Science,1,0,20,,0,1,0,0,0,0,0.0,0
2999,3.6,2023,Working,1,Chemistry,Female,College and Graduate School of Arts & Sciences,1,0,2,,0,1,0,0,0,0,0.0,0
3000,3.6,2023,Working,2,Computer Science - Interdisciplinary,Female,College and Graduate School of Arts & Sciences,1,3,0,3.77,1,1,0,0,1,0,3.0,1
3001,3.6,2023,Working,0,Spanish,Female,College and Graduate School of Arts & Sciences,1,0,0,3.9,0,0,0,0,0,0,0.0,0
3002,3.6,2023,Working,2,Engineering - Computer Science,Male,School of Engineering & Applied Science,1,0,45,4.6,1,1,0,0,0,0,0.0,0
3003,3.6,2023,Working,2,Engineering - Computer Science,Male,School of Engineering & Applied Science,1,0,45,3.9,1,1,0,0,0,0,0.0,0
3004,3.6,2023,Still Looking,2,Global Studies - Interdisciplinary,Female,College and Graduate School of Arts & Sciences,0,0,36,,1,1,0,1,0,0,0.0,0
3005,3.6,2023,Still Looking,0,History,Female,College and Graduate School of Arts & Sciences,0,0,13,3.71,0,0,0,1,0,0,1.0,1
3006,3.6,2023,Working,1,Statistics,Female,College and Graduate School of Arts & Sciences,1,1,52,3.57,0,1,0,0,0,1,0.0,0
3007,3.6,2023,Still Looking,1,Data Science,Female,School of Data Science,0,8,64,3.67,0,1,0,1,1,1,2.0,1
3008,3.6,2023,Working,0,Engineering - Computer Engineering,Female,School of Engineering & Applied Science,1,1,0,,0,0,0,0,0,0,0.0,0
3009,3.6,2023,Working,0,History,Female,College and Graduate School of Arts & Sciences,1,0,4,3.8,0,0,0,0,0,0,0.0,0
3010,3.6,2023,Working,1,Chemistry,Male,College and Graduate School of Arts & Sciences,1,0,0,,0,1,0,0,0,0,0.0,0
3011,3.6,2023,Working,1,Environmental Sciences,Female,College and Graduate School of Arts & Sciences,1,0,3,,0,1,0,0,0,0,0.0,0
3012,3.6,2023,Working,1,Government,Male,College and Graduate School of Arts & Sciences,1,0,1,,0,1,0,0,0,0,0.0,0
3013,3.6,2023,Working,2,Engineering - Chemical Engineering,Female,School of Engineering & Applied Science,1,3,19,,0,1,0,0,1,0,0.0,0
3014,3.6,2023,Working,2,Engineering - Chemical Engineering,Female,School of Engineering & Applied Science,1,3,19,3.47,0,1,0,0,1,0,0.0,0
3015,3.6,2023,Working,0,Psychology,Female,College and Graduate School of Arts & Sciences,1,0,0,,0,0,0,0,0,0,0.0,0
3016,3.6,2023,Working,0,Biophysics,Female,School of Medicine,1,0,3,,0,0,0,0,0,0,0.0,0
3017,3.6,2023,Working,3,Computer Science - Interdisciplinary,Male,College and Graduate School of Arts & Sciences,1,0,8,4.0,0,1,0,0,0,0,0.0,0
3018,3.6,2023,Working,3,Computer Science - Interdisciplinary,Male,College and Graduate School of Arts & Sciences,1,0,8,,0,1,0,0,0,0,0.0,0
3019,3.6,2023,Working,1,Religious Studies,Female,College and Graduate School of Arts & Sciences,1,0,0,,0,1,0,0,0,0,0.0,0
3020,3.6,2023,Still Looking,2,Media Studies,Female,College and Graduate School of Arts & Sciences,0,1,160,,0,1,0,1,0,1,0.0,0
3021,3.6,2023,Continuing Education,2,Economics,Female,College and Graduate School of Arts & Sciences,0,0,13,,0,1,1,0,0,0,0.0,0
3022,3.6,2023,Working,1,Government,Female,College and Graduate School of Arts & Sciences,1,1,36,,0,1,0,0,0,0,0.0,0
3023,3.6,2023,Working,3,Education - Elementary Education,Female,School of Education and Human Development,1,1,0,,0,1,0,0,0,0,0.0,0
3024,3.6,2023,Still Looking,1,English,Female,College and Graduate School of Arts & Sciences,0,12,117,,0,1,0,1,1,1,0.0,0
3025,3.6,2023,Working,2,Education - Youth & Social Innovation,Female,School of Education and Human Development,1,0,0,,0,1,0,0,0,0,0.0,0
3026,3.6,2023,Working,0,Data Science,Male,School of Data Science,1,5,7,,0,0,0,0,1,0,0.0,0
3027,3.6,2023,Working,0,Data Science,Male,School of Data Science,1,5,7,3.65,0,0,0,0,1,0,0.0,0
3028,3.6,2023,Working,0,Architecture,Female,School of Architecture,1,2,7,,0,0,0,0,1,0,1.0,1
3029,3.6,2023,Working,2,Computer Science - Interdisciplinary,Female,College and Graduate School of Arts & Sciences,1,0,92,3.84,0,1,0,0,0,1,3.0,1
3030,3.6,2023,Working,2,Computer Science - Interdisciplinary,Female,College and Graduate School of Arts & Sciences,1,0,92,4.59,0,1,0,0,0,1,3.0,1
3031,3.6,2023,Working,3,Philosophy,Female,College and Graduate School of Arts & Sciences,1,0,76,,0,1,0,0,0,1,0.0,0
3032,3.6,2023,Working,2,Biology,Female,College and Graduate School of Arts & Sciences,1,0,14,,0,1,0,0,0,0,0.0,0
3033,3.6,2023,Working,2,Engineering - Computer Science,Female,School of Engineering & Applied Science,1,0,0,,0,1,0,0,0,0,0.0,0
3034,3.6,2023,Working,2,Engineering - Computer Science,Female,School of Engineering & Applied Science,1,0,0,3.98,0,1,0,0,0,0,0.0,0
3035,3.6,2023,Working,2,Global Studies - Interdisciplinary,Female,College and Graduate School of Arts & Sciences,1,5,322,3.8,0,1,0,0,1,1,1.0,1
3036,3.6,2023,Continuing Education,0,Education - Speech Communication Disorders,Female,School of Education and Human Development,0,0,0,,0,0,1,0,0,0,3.0,1
3037,3.6,2023,Still Looking,3,Architecture,Male,School of Architecture,0,1,34,,0,1,0,1,0,0,2.0,1
3038,3.6,2023,Continuing Education,0,Interdisciplinary (SCPS-BIS),Male,School of Continuing and Professional Studies,0,0,0,,0,0,1,0,0,0,1.0,1
3039,3.6,2023,Continuing Education,3,Cognitive Science - Interdisciplinary,Male,College and Graduate School of Arts & Sciences,0,2,162,3.97,0,1,1,0,1,1,2.0,1
3040,3.6,2023,Continuing Education,3,Cognitive Science - Interdisciplinary,Male,College and Graduate School of Arts & Sciences,0,2,162,4.0,0,1,1,0,1,1,2.0,1
3041,3.6,2023,Working,0,Foreign Affairs,Female,College and Graduate School of Arts & Sciences,1,1,98,3.52,0,0,0,0,0,1,1.0,1
3042,3.6,2023,Working,0,Foreign Affairs,Female,College and Graduate School of Arts & Sciences,1,1,98,,0,0,0,0,0,1,1.0,1
3043,3.6,2023,Still Looking,1,Foreign Affairs,Male,College and Graduate School of Arts & Sciences,0,1,11,,0,1,0,1,0,0,0.0,0
3044,3.6,2023,Still Looking,1,Foreign Affairs,Male,College and Graduate School of Arts & Sciences,0,1,11,3.04,0,1,0,1,0,0,0.0,0
3045,3.6,2023,Working,1,Global Studies - Interdisciplinary,Female,College and Graduate School of Arts & Sciences,1,0,48,,0,1,0,0,0,1,0.0,0
3046,3.6,2023,Working,1,Engineering - Computer Engineering,Female,School of Engineering & Applied Science,1,3,3,,0,1,0,0,1,0,0.0,0
3047,3.6,2023,Working,0,English,Male,College and Graduate School of Arts & Sciences,1,0,0,,0,0,0,0,0,0,0.0,0
3048,3.6,2023,Fellowship,1,Chemistry,Female,College and Graduate School of Arts & Sciences,0,0,0,3.75,0,1,0,0,0,0,0.0,0
3049,3.6,2023,Continuing Education,2,Psychology,Female,College and Graduate School of Arts & Sciences,0,0,0,,0,1,1,0,0,0,1.0,1
3050,3.6,2023,Continuing Education,1,Mathematics,Male,College and Graduate School of Arts & Sciences,0,0,0,3.88,0,1,1,0,0,0,0.0,0
3051,3.6,2023,Continuing Education,0,History,Female,College and Graduate School of Arts & Sciences,0,0,16,,0,0,1,0,0,0,0.0,0
3052,3.6,2023,Working,0,Education - Special Education,Female,School of Education and Human Development,1,0,0,,0,0,0,0,0,0,0.0,0
3053,3.6,2023,Working,2,Cognitive Science - Interdisciplinary,Female,College and Graduate School of Arts & Sciences,1,6,40,4.0,0,1,0,0,1,0,4.0,1
3054,3.6,2023,Working,2,Cognitive Science - Interdisciplinary,Female,College and Graduate School of Arts & Sciences,1,6,40,,0,1,0,0,1,0,4.0,1
3055,3.6,2023,Still Looking,2,Engineering - Computer Science,Male,School of Engineering & Applied Science,0,11,97,3.84,0,1,0,1,1,1,0.0,0
3056,3.6,2023,Working,1,Chemistry,Female,College and Graduate School of Arts & Sciences,1,0,3,,0,1,0,0,0,0,1.0,1
3057,3.6,2023,Working,1,Economics,Female,College and Graduate School of Arts & Sciences,1,0,24,3.51,0,1,0,0,0,0,0.0,0
3058,3.6,2023,Continuing Education,0,Interdisciplinary (SCPS-BIS),Female,School of Continuing and Professional Studies,0,0,0,3.9,0,0,1,0,0,0,0.0,0
3059,3.6,2023,Working,1,Computer Science - Interdisciplinary,Female,College and Graduate School of Arts & Sciences,1,10,140,3.8,0,1,0,0,1,1,0.0,0
3060,3.6,2023,Continuing Education,3,Art - Art History,Female,College and Graduate School of Arts & Sciences,0,0,8,,0,1,1,0,0,0,0.0,0
3061,3.6,2023,Working,2,Education - English Education,Male,School of Education and Human Development,1,1,0,,0,1,0,0,0,0,0.0,0
3062,3.6,2023,Continuing Education,1,Engineering - Computer Science,Male,School of Engineering & Applied Science,0,0,0,,0,1,1,0,0,0,0.0,0
3063,3.6,2023,Working,0,Cognitive Science - Interdisciplinary,Male,College and Graduate School of Arts & Sciences,1,0,0,,0,0,0,0,0,0,0.0,0
3064,3.6,2023,Working,2,Engineering - Computer Science,Male,School of Engineering & Applied Science,1,1,12,3.7,0,1,0,0,0,0,0.0,0
3065,3.6,2023,Continuing Education,3,Computer Science - Interdisciplinary,Male,College and Graduate School of Arts & Sciences,0,2,20,4.5,0,1,1,0,1,0,0.0,0
3066,3.6,2023,Continuing Education,3,Computer Science - Interdisciplinary,Male,College and Graduate School of Arts & Sciences,0,2,20,,0,1,1,0,1,0,0.0,0
3067,3.6,2023,Continuing Education,2,Mathematics,Male,College and Graduate School of Arts & Sciences,0,0,4,,0,1,1,0,0,0,0.0,0
3068,3.6,2023,Working,1,Engineering - Computer Science,Female,School of Engineering & Applied Science,1,1,0,3.85,0,1,0,0,0,0,0.0,0
3069,3.6,2023,Working,3,Environmental Sciences,Female,College and Graduate School of Arts & Sciences,1,0,3,3.7,0,1,0,0,0,0,0.0,0
3070,3.6,2023,Working,3,Environmental Sciences,Female,College and Graduate School of Arts & Sciences,1,0,3,4.6,0,1,0,0,0,0,0.0,0
3071,3.6,2023,Continuing Education,1,Education - Youth & Social Innovation,Female,School of Education and Human Development,0,0,1,4.48,0,1,1,0,0,0,1.0,1
3072,3.6,2023,Continuing Education,1,Education - Youth & Social Innovation,Female,School of Education and Human Development,0,0,1,,0,1,1,0,0,0,1.0,1
3073,3.6,2023,Continuing Education,1,Education - Youth & Social Innovation,Female,School of Education and Human Development,0,0,1,3.64,0,1,1,0,0,0,1.0,1
3074,3.6,2023,Working,2,Economics,Female,College and Graduate School of Arts & Sciences,1,0,5,,0,1,0,0,0,0,0.0,0
3075,3.6,2023,Continuing Education,3,Engineering - Systems Engineering,Male,School of Engineering & Applied Science,0,0,0,,0,1,1,0,0,0,1.0,1
3076,3.6,2023,Continuing Education,3,Engineering - Systems Engineering,Male,School of Engineering & Applied Science,0,0,0,5.0,0,1,1,0,0,0,1.0,1
3077,3.6,2023,Continuing Education,1,Chemistry,Female,College and Graduate School of Arts & Sciences,0,0,4,3.98,0,1,1,0,0,0,1.0,1
3078,3.6,2023,Continuing Education,1,Chemistry,Female,College and Graduate School of Arts & Sciences,0,0,4,3.99,0,1,1,0,0,0,1.0,1
3079,3.6,2023,Continuing Education,2,Religious Studies,Male,College and Graduate School of Arts & Sciences,0,0,0,3.8,0,1,1,0,0,0,0.0,0
3080,3.6,2023,Working,3,Education - Elementary Education,Female,School of Education and Human Development,1,1,0,3.9,0,1,0,0,0,0,0.0,0
3081,3.6,2023,Working,3,Engineering - Biomedical Engineering,Female,School of Engineering & Applied Science,1,4,2,4.4,0,1,0,0,1,0,0.0,0
3082,3.6,2023,Working,3,Engineering - Biomedical Engineering,Female,School of Engineering & Applied Science,1,4,2,,0,1,0,0,1,0,0.0,0
3083,3.6,2023,Continuing Education,3,Biology,Female,College and Graduate School of Arts & Sciences,0,0,0,,0,1,1,0,0,0,0.0,0
3084,3.6,2023,Fellowship,0,Sociology,Female,College and Graduate School of Arts & Sciences,0,0,0,,0,0,0,0,0,0,0.0,0
3085,3.6,2023,Not Seeking,0,Education - Science Education,Female,School of Education and Human Development,0,1,0,,0,0,0,0,0,0,0.0,0
3086,3.6,2023,Working,1,Mathematics,Male,College and Graduate School of Arts & Sciences,1,0,15,3.95,0,1,0,0,0,0,0.0,0
3087,3.6,2023,Working,1,Economics,Male,College and Graduate School of Arts & Sciences,1,0,37,,0,1,0,0,0,0,1.0,1
3088,3.6,2023,Working,0,Physics,Male,College and Graduate School of Arts & Sciences,1,0,0,,0,0,0,0,0,0,0.0,0
3089,3.6,2023,Working,1,Economics,Male,College and Graduate School of Arts & Sciences,1,0,11,3.4,0,1,0,0,0,0,0.0,0
3090,3.6,2023,Continuing Education,0,Political & Social Thought - Interdisciplinary,Male,College and Graduate School of Arts & Sciences,0,0,27,3.9,0,0,1,0,0,0,0.0,0
3091,3.6,2023,Still Looking,2,Biology,Male,College and Graduate School of Arts & Sciences,0,0,0,,0,1,0,1,0,0,0.0,0
3092,3.6,2023,Working,0,Education - Reading Education,Female,School of Education and Human Development,1,0,0,,0,0,0,0,0,0,0.0,0
3093,3.6,2023,Working,2,Global Studies - Interdisciplinary,Female,College and Graduate School of Arts & Sciences,1,1,46,3.81,0,1,0,0,0,0,0.0,0
3094,3.6,2023,Working,2,Global Studies - Interdisciplinary,Female,College and Graduate School of Arts & Sciences,1,1,46,3.83,0,1,0,0,0,0,0.0,0
3095,3.6,2023,Working,1,Biology,Male,College and Graduate School of Arts & Sciences,1,0,82,3.75,1,1,0,0,0,1,0.0,0
3096,3.6,2023,Not Seeking,3,Global Studies - Interdisciplinary,Female,College and Graduate School of Arts & Sciences,0,0,35,4.5,0,1,0,0,0,0,0.0,0
3097,3.6,2023,Not Seeking,3,Global Studies - Interdisciplinary,Female,College and Graduate School of Arts & Sciences,0,0,35,,0,1,0,0,0,0,0.0,0
3098,3.6,2023,Working,2,Global Studies - Interdisciplinary,Male,College and Graduate School of Arts & Sciences,1,1,133,4.2,1,1,0,0,0,1,0.0,0
3099,3.6,2023,Working,2,Global Studies - Interdisciplinary,Male,College and Graduate School of Arts & Sciences,1,1,133,3.74,1,1,0,0,0,1,0.0,0
3100,3.6,2023,Working,2,Global Studies - Interdisciplinary,Male,College and Graduate School of Arts & Sciences,1,1,133,,1,1,0,0,0,1,0.0,0
3101,3.6,2023,Working,1,Psychology,Female,College and Graduate School of Arts & Sciences,1,0,16,,0,1,0,0,0,0,0.0,0
3102,3.6,2023,Working,0,Education - Special Education,Female,School of Education and Human Development,1,0,0,,0,0,0,0,0,0,0.0,0
3103,3.6,2023,Still Looking,1,Engineering - Chemical Engineering,Female,School of Engineering & Applied Science,0,0,34,,0,1,0,1,0,0,0.0,0
3104,3.6,2023,Still Looking,1,Music,Male,College and Graduate School of Arts & Sciences,0,1,132,3.03,0,1,0,1,0,1,0.0,0
3105,3.6,2023,Continuing Education,2,Psychology,Female,College and Graduate School of Arts & Sciences,0,0,21,3.8,0,1,1,0,0,0,0.0,0
3106,3.6,2023,Working,3,Chemistry,Male,College and Graduate School of Arts & Sciences,1,1,0,,0,1,0,0,0,0,0.0,0
3107,3.6,2023,Still Looking,2,Engineering - Chemical Engineering,Female,School of Engineering & Applied Science,0,0,31,,0,1,0,1,0,0,0.0,0
3108,3.6,2023,Continuing Education,2,Education - Youth & Social Innovation,Female,School of Education and Human Development,0,3,68,3.93,0,1,1,0,1,1,0.0,0
3109,3.6,2023,Continuing Education,2,Education - Youth & Social Innovation,Female,School of Education and Human Development,0,3,68,3.94,0,1,1,0,1,1,0.0,0
3110,3.6,2023,Working,1,Economics,Female,College and Graduate School of Arts & Sciences,1,3,5,,0,1,0,0,1,0,0.0,0
3111,3.6,2023,Continuing Education,2,Education - Speech Communication Disorders,Female,School of Education and Human Development,0,0,1,3.83,0,1,1,0,0,0,0.0,0
3112,3.6,2023,Continuing Education,0,Economics,Female,College and Graduate School of Arts & Sciences,0,1,16,,0,0,1,0,0,0,0.0,0
3113,3.6,2023,Continuing Education,0,Economics,Female,College and Graduate School of Arts & Sciences,0,1,16,3.74,0,0,1,0,0,0,0.0,0
3114,3.6,2023,Continuing Education,0,Biology,Female,College and Graduate School of Arts & Sciences,0,0,10,,0,0,1,0,0,0,0.0,0
3115,3.6,2023,Still Looking,0,History,Male,College and Graduate School of Arts & Sciences,0,0,4,,0,0,0,1,0,0,0.0,0
3116,3.6,2023,Working,1,Engineering - Computer Science,Male,School of Engineering & Applied Science,1,2,0,,0,1,0,0,1,0,1.0,1
3117,3.6,2023,Working,2,Media Studies,Female,College and Graduate School of Arts & Sciences,1,2,66,,1,1,0,0,1,1,2.0,1
3118,3.6,2023,Working,1,Economics,Male,College and Graduate School of Arts & Sciences,1,0,144,3.53,0,1,0,0,0,1,0.0,0
3119,3.6,2023,Working,1,Economics,Male,College and Graduate School of Arts & Sciences,1,0,144,,0,1,0,0,0,1,0.0,0
3120,3.6,2023,Working,1,Applied Statistics,Male,College and Graduate School of Arts & Sciences,1,0,20,3.5,0,1,0,0,0,0,0.0,0
3121,3.6,2023,Working,1,Spanish,Male,College and Graduate School of Arts & Sciences,1,1,130,3.77,0,1,0,0,0,1,0.0,0
3122,3.6,2023,Working,2,Economics,Male,College and Graduate School of Arts & Sciences,1,0,76,3.95,0,1,0,0,0,1,0.0,0
3123,3.6,2023,Working,2,Economics,Male,College and Graduate School of Arts & Sciences,1,0,76,,0,1,0,0,0,1,0.0,0
3124,3.6,2023,Working,3,Psychology,Female,College and Graduate School of Arts & Sciences,1,3,176,,0,1,0,0,1,1,0.0,0
3125,3.6,2023,Working,3,English,Female,College and Graduate School of Arts & Sciences,1,0,10,,0,1,0,0,0,0,0.0,0
3126,3.6,2023,Still Looking,0,Engineering - Biomedical Engineering,Male,School of Engineering & Applied Science,0,0,15,3.1,0,0,0,1,0,0,0.0,0
3127,3.6,2023,Working,2,Media Studies,Female,College and Graduate School of Arts & Sciences,1,0,34,3.42,0,1,0,0,0,0,0.0,0
3128,3.6,2023,Working,1,Biology,Female,College and Graduate School of Arts & Sciences,1,6,25,3.89,0,1,0,0,1,0,2.0,1
3129,3.6,2023,Continuing Education,2,Mathematics,Male,College and Graduate School of Arts & Sciences,0,12,161,4.0,0,1,1,0,1,1,0.0,0
3130,3.6,2023,Continuing Education,2,Mathematics,Male,College and Graduate School of Arts & Sciences,0,12,161,3.87,0,1,1,0,1,1,0.0,0
3131,3.6,2023,Continuing Education,3,Global Studies - Interdisciplinary,Male,College and Graduate School of Arts & Sciences,0,5,33,3.7,1,1,1,0,1,0,0.0,0
3132,3.6,2023,Working,1,Engineering - Computer Science,Male,School of Engineering & Applied Science,1,0,197,,0,1,0,0,0,1,1.0,1
3133,3.6,2023,Continuing Education,1,Chemistry,Female,College and Graduate School of Arts & Sciences,0,0,0,,1,1,1,0,0,0,0.0,0
3134,3.6,2023,Working,1,Engineering - Computer Engineering,Male,School of Engineering & Applied Science,1,2,27,3.92,0,1,0,0,1,0,6.0,1
3135,3.6,2023,Working,1,Religious Studies,Female,College and Graduate School of Arts & Sciences,1,0,0,,0,1,0,0,0,0,0.0,0
3136,3.6,2023,Working,2,Education - Elementary Education,Female,School of Education and Human Development,1,2,2,,0,1,0,0,1,0,0.0,0
3137,3.6,2023,Still Looking,0,Art - Studio Art,Female,College and Graduate School of Arts & Sciences,0,0,1,3.7,0,0,0,1,0,0,0.0,0
3138,3.6,2023,Not Seeking,0,Anthropology,Female,College and Graduate School of Arts & Sciences,0,3,11,3.8,0,0,0,0,1,0,3.0,1
3139,3.6,2023,Working,2,Foreign Affairs,Female,College and Graduate School of Arts & Sciences,1,0,160,3.84,0,1,0,0,0,1,0.0,0
3140,3.6,2023,Continuing Education,3,English,Female,College and Graduate School of Arts & Sciences,0,0,0,3.85,0,1,1,0,0,0,1.0,1
3141,3.6,2023,Continuing Education,3,English,Female,College and Graduate School of Arts & Sciences,0,0,0,,0,1,1,0,0,0,1.0,1
3142,3.6,2023,Continuing Education,0,Statistics,Female,College and Graduate School of Arts & Sciences,0,0,37,,0,0,1,0,0,0,0.0,0
3143,3.6,2023,Working,3,History,Male,College and Graduate School of Arts & Sciences,1,1,21,,0,1,0,0,0,0,1.0,1
3144,3.6,2023,Working,2,Education - Athletic Training,Female,School of Education and Human Development,1,0,0,,0,1,0,0,0,0,0.0,0
3145,3.6,2023,Continuing Education,0,Psychology,Female,College and Graduate School of Arts & Sciences,0,0,0,,0,0,1,0,0,0,0.0,0
3146,3.6,2023,Working,0,Education - Higher Education,Female,School of Education and Human Development,1,0,60,,0,0,0,0,0,1,0.0,0
3147,3.6,2023,Continuing Education,1,Government,Male,College and Graduate School of Arts & Sciences,0,0,17,3.54,0,1,1,0,0,0,2.0,1
3148,3.6,2023,Continuing Education,1,Government,Male,College and Graduate School of Arts & Sciences,0,0,17,3.64,0,1,1,0,0,0,2.0,1
3149,3.6,2023,Working,1,Computer Science - Interdisciplinary,Female,College and Graduate School of Arts & Sciences,1,0,39,3.7,0,1,0,0,0,0,0.0,0
3150,3.6,2023,Still Looking,2,Global Studies - Interdisciplinary,Female,College and Graduate School of Arts & Sciences,0,3,16,,0,1,0,1,1,0,0.0,0
3151,3.6,2023,Still Looking,2,Global Studies - Interdisciplinary,Female,College and Graduate School of Arts & Sciences,0,3,16,3.7,0,1,0,1,1,0,0.0,0
3152,3.6,2023,Working,2,Engineering - Biomedical Engineering,Female,School of Engineering & Applied Science,1,9,123,,0,1,0,0,1,1,0.0,0
3153,3.6,2023,Still Looking,1,Education - Higher Education,Male,School of Education and Human Development,0,0,7,3.77,0,1,0,1,0,0,0.0,0
3154,3.6,2023,Still Looking,1,Education - Higher Education,Male,School of Education and Human Development,0,0,7,3.5,0,1,0,1,0,0,0.0,0
3155,3.6,2023,Still Looking,1,Education - Higher Education,Male,School of Education and Human Development,0,0,7,,0,1,0,1,0,0,0.0,0
3156,3.6,2023,Continuing Education,2,Psychology,Female,College and Graduate School of Arts & Sciences,0,2,111,,0,1,1,0,1,1,0.0,0
3157,3.6,2023,Continuing Education,2,Psychology,Female,College and Graduate School of Arts & Sciences,0,2,111,3.89,0,1,1,0,1,1,0.0,0
3158,3.6,2023,Working,1,Engineering - Aerospace Engineering,Male,School of Engineering & Applied Science,1,0,16,,0,1,0,0,0,0,0.0,0
3159,3.6,2023,Working,1,Cognitive Science - Interdisciplinary,Female,College and Graduate School of Arts & Sciences,1,0,9,,0,1,0,0,0,0,1.0,1
3160,3.6,2023,Working,1,Cognitive Science - Interdisciplinary,Female,College and Graduate School of Arts & Sciences,1,0,9,3.7,0,1,0,0,0,0,1.0,1
3161,3.6,2023,Still Looking,0,Computer Science - Interdisciplinary,Female,College and Graduate School of Arts & Sciences,0,5,38,3.87,0,0,0,1,1,0,1.0,1
3162,3.6,2023,Still Looking,0,Computer Science - Interdisciplinary,Female,College and Graduate School of Arts & Sciences,0,5,38,,0,0,0,1,1,0,1.0,1
3163,3.6,2023,Working,1,Engineering - Computer Science,Male,School of Engineering & Applied Science,1,1,22,,0,1,0,0,0,0,0.0,0
3164,3.6,2023,Continuing Education,0,Education - Speech Communication Disorders,Female,School of Education and Human Development,0,0,0,,0,0,1,0,0,0,0.0,0
3165,3.6,2023,Working,1,Statistics,Male,College and Graduate School of Arts & Sciences,1,1,11,,0,1,0,0,0,0,0.0,0
3166,3.6,2023,Working,2,Economics,Male,College and Graduate School of Arts & Sciences,1,2,26,3.74,0,1,0,0,1,0,0.0,0
3167,3.6,2023,Still Looking,0,Statistics,Female,College and Graduate School of Arts & Sciences,0,0,38,,0,0,0,1,0,0,0.0,0
3168,3.6,2023,Working,2,Government,Female,College and Graduate School of Arts & Sciences,1,1,58,3.56,0,1,0,0,0,1,0.0,0
3169,3.6,2023,Working,0,Engineering - Computer Engineering,Male,School of Engineering & Applied Science,1,1,222,3.9,0,0,0,0,0,1,2.0,1
3170,3.6,2023,Working,1,Computer Science - Interdisciplinary,Female,College and Graduate School of Arts & Sciences,1,3,52,3.8,0,1,0,0,1,1,0.0,0
3171,3.6,2023,Working,1,Computer Science - Interdisciplinary,Female,College and Graduate School of Arts & Sciences,1,3,52,4.4,0,1,0,0,1,1,0.0,0
3172,3.6,2023,Not Seeking,1,Education - Kinesiology,Female,School of Education and Human Development,0,0,0,,0,1,0,0,0,0,0.0,0
3173,3.6,2023,Still Looking,1,Biology,Female,College and Graduate School of Arts & Sciences,0,0,8,4.34,0,1,0,1,0,0,0.0,0
3174,3.6,2023,Still Looking,1,Biology,Female,College and Graduate School of Arts & Sciences,0,0,8,3.43,0,1,0,1,0,0,0.0,0
3175,3.6,2023,Continuing Education,2,Engineering - Biomedical Engineering,Female,School of Engineering & Applied Science,0,31,152,3.96,0,1,1,0,1,1,0.0,0
3176,3.6,2023,Still Looking,0,Education - Speech Communication Disorders,Female,School of Education and Human Development,0,0,1,3.72,0,0,0,1,0,0,0.0,0
3177,3.6,2023,Still Looking,0,Education - Speech Communication Disorders,Female,School of Education and Human Development,0,0,1,,0,0,0,1,0,0,0.0,0
3178,3.6,2023,Working,3,Computer Science - Interdisciplinary,Male,College and Graduate School of Arts & Sciences,1,2,110,,0,1,0,0,1,1,0.0,0
3179,3.6,2023,Working,0,Cognitive Science - Interdisciplinary,Female,College and Graduate School of Arts & Sciences,1,0,43,,0,0,0,0,0,0,0.0,0
3180,3.6,2023,Still Looking,3,Music,Female,College and Graduate School of Arts & Sciences,0,0,28,3.96,0,1,0,1,0,0,0.0,0
3181,3.6,2023,Still Looking,3,Music,Female,College and Graduate School of Arts & Sciences,0,0,28,,0,1,0,1,0,0,0.0,0
3182,3.6,2023,Working,2,Engineering - Computer Science,Female,School of Engineering & Applied Science,1,0,17,3.7,0,1,0,0,0,0,0.0,0
3183,3.6,2023,Working,2,Engineering - Computer Science,Female,School of Engineering & Applied Science,1,0,17,,0,1,0,0,0,0,0.0,0
3184,3.6,2023,Working,3,Global Studies - Interdisciplinary,Female,College and Graduate School of Arts & Sciences,1,2,22,,0,1,0,0,1,0,1.0,1
3185,3.6,2023,Working,0,Biology,Male,College and Graduate School of Arts & Sciences,1,1,27,,0,0,0,0,0,0,0.0,0
3186,3.6,2023,Still Looking,2,Media Studies,Female,College and Graduate School of Arts & Sciences,0,3,58,3.82,1,1,0,1,1,1,3.0,1
3187,3.6,2023,Continuing Education,1,English,Male,College and Graduate School of Arts & Sciences,0,1,6,3.75,0,1,1,0,0,0,0.0,0
3188,3.6,2023,Working,1,Engineering - Aerospace Engineering,Male,School of Engineering & Applied Science,1,2,4,3.89,0,1,0,0,1,0,0.0,0
3189,3.6,2023,Working,3,Education - Elementary Education,Male,School of Education and Human Development,1,1,1,3.8,0,1,0,0,0,0,0.0,0
3190,3.6,2023,Working,2,Engineering - Computer Science,Male,School of Engineering & Applied Science,1,0,0,3.82,0,1,0,0,0,0,0.0,0
3191,3.6,2023,Working,3,Computer Science - Interdisciplinary,Male,College and Graduate School of Arts & Sciences,1,8,17,3.8,0,1,0,0,1,0,0.0,0
3192,3.6,2023,Still Looking,0,Sociology,Female,College and Graduate School of Arts & Sciences,0,0,14,,0,0,0,1,0,0,1.0,1
3193,3.6,2023,Continuing Education,1,Psychology,Female,College and Graduate School of Arts & Sciences,0,0,0,,0,1,1,0,0,0,0.0,0
3194,3.6,2023,Working,2,Media Studies,Female,College and Graduate School of Arts & Sciences,1,0,15,,0,1,0,0,0,0,3.0,1
3195,3.6,2023,Working,0,Cognitive Science - Interdisciplinary,Male,College and Graduate School of Arts & Sciences,1,1,15,4.5,0,0,0,0,0,0,1.0,1
3196,3.6,2023,Working,0,Cognitive Science - Interdisciplinary,Male,College and Graduate School of Arts & Sciences,1,1,15,3.56,0,0,0,0,0,0,1.0,1
3197,3.6,2023,Still Looking,1,Sociology,Female,College and Graduate School of Arts & Sciences,0,1,554,,0,1,0,1,0,1,0.0,0
3198,3.6,2023,Working,2,Engineering - Chemical Engineering,Female,School of Engineering & Applied Science,1,1,41,,0,1,0,0,0,0,0.0,0
3199,3.6,2023,Working,2,Engineering - Chemical Engineering,Female,School of Engineering & Applied Science,1,1,41,3.8,0,1,0,0,0,0,0.0,0
3200,3.6,2023,Continuing Education,1,Chemistry,Male,College and Graduate School of Arts & Sciences,0,6,58,,0,1,1,0,1,1,0.0,0
3201,3.6,2023,Continuing Education,2,Engineering - Computer Science,Male,School of Engineering & Applied Science,0,5,89,,0,1,1,0,1,1,0.0,0
3202,3.6,2023,Continuing Education,2,Computer Science - Interdisciplinary,Female,College and Graduate School of Arts & Sciences,0,1,22,,0,1,1,0,0,0,0.0,0
3203,3.6,2023,Continuing Education,2,Computer Science - Interdisciplinary,Female,College and Graduate School of Arts & Sciences,0,1,22,4.55,0,1,1,0,0,0,0.0,0
3204,3.6,2023,Continuing Education,1,Government,Female,College and Graduate School of Arts & Sciences,0,0,6,3.76,0,1,1,0,0,0,0.0,0
3205,3.6,2023,Continuing Education,1,Government,Female,College and Graduate School of Arts & Sciences,0,0,6,,0,1,1,0,0,0,0.0,0
3206,3.6,2023,Still Looking,0,Data Science,Female,School of Data Science,0,2,49,,0,0,0,1,1,1,0.0,0
3207,3.6,2023,Still Looking,0,Data Science,Female,School of Data Science,0,2,49,3.87,0,0,0,1,1,1,0.0,0
3208,3.6,2023,Continuing Education,2,Economics,Female,College and Graduate School of Arts & Sciences,0,0,1,,0,1,1,0,0,0,0.0,0
3209,3.6,2023,Working,2,Engineering - Mechanical Engineering,Female,School of Engineering & Applied Science,1,9,181,,0,1,0,0,1,1,0.0,0
3210,3.6,2023,Working,0,Education - Elementary Education,Female,School of Education and Human Development,1,2,7,,0,0,0,0,1,0,0.0,0
3211,3.6,2023,Continuing Education,1,Engineering - Biomedical Engineering,Female,School of Engineering & Applied Science,0,8,66,,0,1,1,0,1,1,0.0,0
3212,3.6,2023,Working,3,Statistics,Male,College and Graduate School of Arts & Sciences,1,1,17,,0,1,0,0,0,0,0.0,0
3213,3.6,2023,Working,3,Statistics,Male,College and Graduate School of Arts & Sciences,1,1,17,3.85,0,1,0,0,0,0,0.0,0
3214,3.6,2023,Working,2,Education - English Education,Female,School of Education and Human Development,1,2,0,,0,1,0,0,1,0,0.0,0
3215,3.6,2023,Working,1,Engineering - Biomedical Engineering,Female,School of Engineering & Applied Science,1,3,18,3.9,0,1,0,0,1,0,0.0,0
3216,3.6,2023,Still Looking,0,Global Studies - Interdisciplinary,Female,College and Graduate School of Arts & Sciences,0,3,29,,0,0,0,1,1,0,0.0,0
3217,3.6,2023,Still Looking,2,Global Studies - Interdisciplinary,Male,College and Graduate School of Arts & Sciences,0,0,4,3.3,0,1,0,1,0,0,0.0,0
3218,3.6,2023,Continuing Education,0,Statistics,Male,College and Graduate School of Arts & Sciences,0,0,0,,0,0,1,0,0,0,1.0,1
3219,3.6,2023,Working,3,Applied Statistics,Male,College and Graduate School of Arts & Sciences,1,0,81,3.85,0,1,0,0,0,1,0.0,0
3220,3.6,2023,Not Seeking,3,Education - Special Education,Female,School of Education and Human Development,0,1,0,,0,1,0,0,0,0,0.0,0
3221,3.6,2023,Still Looking,1,Data Science,Female,School of Data Science,0,5,124,,0,1,0,1,1,1,3.0,1
3222,3.6,2023,Still Looking,1,Data Science,Female,School of Data Science,0,5,124,3.9,0,1,0,1,1,1,3.0,1
3223,3.6,2023,Continuing Education,2,Government,Male,College and Graduate School of Arts & Sciences,0,0,23,,0,1,1,0,0,0,0.0,0
3224,3.6,2023,Working,2,Chemistry,Female,College and Graduate School of Arts & Sciences,1,0,0,4.55,0,1,0,0,0,0,4.0,1
3225,3.6,2023,Working,2,Chemistry,Female,College and Graduate School of Arts & Sciences,1,0,0,3.89,0,1,0,0,0,0,4.0,1
3226,3.6,2023,Still Looking,0,Media Studies,Male,College and Graduate School of Arts & Sciences,0,0,23,,0,0,0,1,0,0,0.0,0
3227,3.6,2023,Still Looking,0,Environmental Sciences,Female,College and Graduate School of Arts & Sciences,0,0,0,,0,0,0,1,0,0,0.0,0
3228,3.6,2023,Continuing Education,0,Psychology,Female,College and Graduate School of Arts & Sciences,0,0,8,3.62,0,0,1,0,0,0,0.0,0
3229,3.6,2023,Working,1,Psychology,Female,College and Graduate School of Arts & Sciences,1,0,54,,0,1,0,0,0,1,0.0,0
3230,3.6,2023,Continuing Education,1,Engineering - Computer Science,Male,School of Engineering & Applied Science,0,0,0,3.94,0,1,1,0,0,0,0.0,0
3231,3.6,2023,Working,2,Education - Counselor Education,Female,School of Education and Human Development,1,2,3,,0,1,0,0,1,0,0.0,0
3232,3.6,2023,Still Looking,0,Astronomy-Physics,Female,College and Graduate School of Arts & Sciences,0,0,0,,0,0,0,1,0,0,0.0,0
3233,3.6,2023,Working,2,Global Studies - Interdisciplinary,Male,College and Graduate School of Arts & Sciences,1,0,25,,0,1,0,0,0,0,0.0,0
3234,3.6,2023,Working,0,Biology,Female,College and Graduate School of Arts & Sciences,1,0,2,,0,0,0,0,0,0,0.0,0
3235,3.6,2023,Still Looking,1,Global Studies - Interdisciplinary,Female,College and Graduate School of Arts & Sciences,0,0,0,,0,1,0,1,0,0,0.0,0
3236,3.6,2023,Continuing Education,0,Mathematics,Female,College and Graduate School of Arts & Sciences,0,2,3,3.4,0,0,1,0,1,0,0.0,0
3237,3.6,2023,Working,1,Computer Science - Interdisciplinary,Female,College and Graduate School of Arts & Sciences,1,5,33,3.81,0,1,0,0,1,0,0.0,0
3238,3.6,2023,Still Looking,3,Slavic Languages and Literatures,Female,College and Graduate School of Arts & Sciences,0,9,11,3.62,0,1,0,1,1,0,0.0,0
3239,3.6,2023,Still Looking,0,Engineering - Computer Science,Male,School of Engineering & Applied Science,0,2,98,3.93,0,0,0,1,1,1,0.0,0
3240,3.6,2023,Still Looking,0,Engineering - Computer Science,Male,School of Engineering & Applied Science,0,2,98,3.4,0,0,0,1,1,1,0.0,0
3241,3.6,2023,Working,3,East Asian Studies - Interdisciplinary,Female,College and Graduate School of Arts & Sciences,1,0,18,3.67,1,1,0,0,0,0,0.0,0
3242,3.6,2023,Working,0,Spanish,Female,College and Graduate School of Arts & Sciences,1,0,102,,0,0,0,0,0,1,0.0,0
3243,3.6,2023,Working,2,Engineering - Computer Engineering,Male,School of Engineering & Applied Science,1,2,2,,0,1,0,0,1,0,0.0,0
3244,3.6,2023,Still Looking,0,Biology,Female,College and Graduate School of Arts & Sciences,0,0,0,,0,0,0,1,0,0,0.0,0
3245,3.6,2023,Working,0,Biology,Female,College and Graduate School of Arts & Sciences,1,0,0,,0,0,0,0,0,0,0.0,0
3246,3.6,2023,Working,3,Economics,Male,College and Graduate School of Arts & Sciences,1,7,182,3.94,0,1,0,0,1,1,0.0,0
3247,3.6,2023,Working,2,Applied Statistics,Female,College and Graduate School of Arts & Sciences,1,0,66,,0,1,0,0,0,1,3.0,1
3248,3.6,2023,Continuing Education,2,Economics,Female,College and Graduate School of Arts & Sciences,0,3,29,3.7,0,1,1,0,1,0,0.0,0
3249,3.6,2023,Continuing Education,1,Religious Studies,Female,College and Graduate School of Arts & Sciences,0,0,1,3.6,0,1,1,0,0,0,0.0,0
3250,3.6,2023,Continuing Education,1,Religious Studies,Female,College and Graduate School of Arts & Sciences,0,0,1,,0,1,1,0,0,0,0.0,0
3251,3.6,2023,Working,3,Global Studies - Interdisciplinary,Male,College and Graduate School of Arts & Sciences,1,4,16,3.9,0,1,0,0,1,0,0.0,0
3252,3.6,2023,Working,2,Engineering - Computer Science,Male,School of Engineering & Applied Science,1,2,17,3.89,0,1,0,0,1,0,0.0,0
3253,3.6,2023,Working,2,Economics,Male,College and Graduate School of Arts & Sciences,1,6,148,3.85,0,1,0,0,1,1,0.0,0
3254,3.6,2023,Working,0,Data Science,Male,School of Data Science,1,0,0,3.93,0,0,0,0,0,0,0.0,0
3255,3.6,2023,Working,0,Data Science,Male,School of Data Science,1,0,0,,0,0,0,0,0,0,0.0,0
3256,3.6,2023,Continuing Education,0,Global Studies - Interdisciplinary,Male,College and Graduate School of Arts & Sciences,0,5,46,,0,0,1,0,1,0,0.0,0
3257,3.6,2023,Continuing Education,2,Cognitive Science - Interdisciplinary,Female,College and Graduate School of Arts & Sciences,0,2,106,4.2,0,1,1,0,1,1,0.0,0
3258,3.6,2023,Continuing Education,2,Cognitive Science - Interdisciplinary,Female,College and Graduate School of Arts & Sciences,0,2,106,3.52,0,1,1,0,1,1,0.0,0
3259,3.6,2023,Continuing Education,2,Cognitive Science - Interdisciplinary,Female,College and Graduate School of Arts & Sciences,0,2,106,,0,1,1,0,1,1,0.0,0
3260,3.6,2023,Still Looking,0,History,Male,College and Graduate School of Arts & Sciences,0,0,0,3.95,0,0,0,1,0,0,0.0,0
3261,3.6,2023,Working,2,Spanish,Female,College and Graduate School of Arts & Sciences,1,3,160,3.89,0,1,0,0,1,1,3.0,1
3262,3.6,2023,Working,1,Engineering - Computer Science,Male,School of Engineering & Applied Science,1,0,67,4.56,0,1,0,0,0,1,0.0,0
3263,3.6,2023,Working,1,Engineering - Computer Science,Male,School of Engineering & Applied Science,1,0,67,3.96,0,1,0,0,0,1,0.0,0
3264,3.6,2023,Working,0,Education - Higher Education,Female,School of Education and Human Development,1,0,0,,0,0,0,0,0,0,0.0,0
3265,3.6,2023,Still Looking,1,Education - Administration & Supervision,Male,School of Education and Human Development,0,0,0,,0,1,0,1,0,0,0.0,0
3266,3.6,2023,Continuing Education,2,Global Studies - Interdisciplinary,Female,College and Graduate School of Arts & Sciences,0,0,185,3.75,0,1,1,0,0,1,3.0,1
3267,3.6,2023,Working,3,Global Studies - Interdisciplinary,Male,College and Graduate School of Arts & Sciences,1,0,7,3.8,0,1,0,0,0,0,1.0,1
3268,3.6,2023,Continuing Education,0,History,Male,College and Graduate School of Arts & Sciences,0,5,63,,0,0,1,0,1,1,8.0,1
3269,3.6,2023,Working,2,Architecture - Urban & Environmental Planning,Female,School of Architecture,1,1,1,,0,1,0,0,0,0,2.0,1
3270,3.6,2023,Continuing Education,2,Psychology,Female,College and Graduate School of Arts & Sciences,0,1,146,3.88,0,1,1,0,0,1,0.0,0
3271,3.6,2023,Still Looking,1,Psychology,Female,College and Graduate School of Arts & Sciences,0,0,2,3.68,1,1,0,1,0,0,0.0,0
3272,3.6,2023,Continuing Education,0,Foreign Affairs,Male,College and Graduate School of Arts & Sciences,0,0,62,,0,0,1,0,0,1,0.0,0
3273,3.6,2023,Working,3,Computer Science - Interdisciplinary,Female,College and Graduate School of Arts & Sciences,1,2,182,3.87,0,1,0,0,1,1,0.0,0
3274,3.6,2023,Continuing Education,2,Economics,Female,College and Graduate School of Arts & Sciences,0,5,116,3.67,0,1,1,0,1,1,0.0,0
3275,3.6,2023,Continuing Education,2,Economics,Female,College and Graduate School of Arts & Sciences,0,5,116,4.0,0,1,1,0,1,1,0.0,0
3276,3.6,2023,Continuing Education,2,Economics,Female,College and Graduate School of Arts & Sciences,0,5,116,3.69,0,1,1,0,1,1,0.0,0
3277,3.6,2023,Working,2,Foreign Affairs,Male,College and Graduate School of Arts & Sciences,1,0,8,,0,1,0,0,0,0,0.0,0
3278,3.6,2023,Continuing Education,0,Psychology,Female,College and Graduate School of Arts & Sciences,0,0,5,,0,0,1,0,0,0,0.0,0
3279,3.6,2023,Continuing Education,0,Psychology,Female,College and Graduate School of Arts & Sciences,0,0,5,3.86,0,0,1,0,0,0,0.0,0
3280,3.6,2023,Continuing Education,2,Global Studies - Interdisciplinary,Female,College and Graduate School of Arts & Sciences,0,13,99,,0,1,1,0,1,1,0.0,0
3281,3.6,2023,Continuing Education,2,Global Studies - Interdisciplinary,Female,College and Graduate School of Arts & Sciences,0,13,99,3.67,0,1,1,0,1,1,0.0,0
3282,3.6,2023,Working,2,Cognitive Science - Interdisciplinary,Male,College and Graduate School of Arts & Sciences,1,0,0,,0,1,0,0,0,0,0.0,0
3283,3.6,2023,Continuing Education,2,Education - Speech Communication Disorders,Female,School of Education and Human Development,0,0,0,,0,1,1,0,0,0,0.0,0
3284,3.6,2023,Working,0,Data Science,Male,School of Data Science,1,8,25,3.96,0,0,0,0,1,0,0.0,0
3285,3.6,2023,Working,0,Data Science,Male,School of Data Science,1,8,25,,0,0,0,0,1,0,0.0,0
3286,3.6,2023,Continuing Education,0,Education - Speech Communication Disorders,Female,School of Education and Human Development,0,0,2,4.0,0,0,1,0,0,0,0.0,0
3287,3.6,2023,Working,1,Architecture,Female,School of Architecture,1,1,120,3.48,0,1,0,0,0,1,0.0,0
3288,3.6,2023,Working,1,Architecture,Female,School of Architecture,1,1,120,,0,1,0,0,0,1,0.0,0
3289,3.6,2023,Working,2,Architecture,Female,School of Architecture,1,0,5,,0,1,0,0,0,0,0.0,0
3290,3.6,2023,Fellowship,0,Echols Scholar - Interdisciplinary,Female,College and Graduate School of Arts & Sciences,0,0,3,,0,0,0,0,0,0,4.0,1
3291,3.6,2023,Still Looking,1,Psychology,Female,College and Graduate School of Arts & Sciences,0,0,115,2.95,0,1,0,1,0,1,1.0,1
3292,3.6,2023,Working,3,Statistics,Male,College and Graduate School of Arts & Sciences,1,0,118,,0,1,0,0,0,1,0.0,0
3293,3.6,2023,Working,3,Architecture,Female,School of Architecture,1,5,92,3.6,1,1,0,0,1,1,8.0,1
3294,3.6,2023,Still Looking,1,Architecture,Male,School of Architecture,0,1,6,,0,1,0,1,0,0,0.0,0
3295,3.6,2023,Working,1,Anthropology,Female,College and Graduate School of Arts & Sciences,1,4,66,,0,1,0,0,1,1,0.0,0
3296,3.6,2023,Working,0,Psychology,Female,College and Graduate School of Arts & Sciences,1,1,117,3.14,0,0,0,0,0,1,0.0,0
3297,3.6,2023,Working,1,Economics,Male,College and Graduate School of Arts & Sciences,1,4,408,3.81,0,1,0,0,1,1,0.0,0
3298,3.6,2023,Still Looking,0,Education - Speech Communication Disorders,Female,School of Education and Human Development,0,2,4,,0,0,0,1,1,0,0.0,0
3299,3.6,2023,Working,2,Economics,Female,College and Graduate School of Arts & Sciences,1,0,35,3.68,0,1,0,0,0,0,0.0,0
3300,3.6,2023,Still Looking,1,Biology,Female,College and Graduate School of Arts & Sciences,0,0,11,,1,1,0,1,0,0,0.0,0
3301,3.6,2023,Working,1,Engineering - Systems Engineering,Female,School of Engineering & Applied Science,1,4,6,,1,1,0,0,1,0,12.0,1
3302,3.6,2023,Working,1,Engineering - Biomedical Engineering,Female,School of Engineering & Applied Science,1,0,0,4.0,0,1,0,0,0,0,0.0,0
3303,3.6,2023,Working,2,Anthropology,Female,College and Graduate School of Arts & Sciences,1,2,50,,1,1,0,0,1,1,4.0,1
3304,3.6,2023,Still Looking,0,Engineering - Chemical Engineering,Male,School of Engineering & Applied Science,0,1,20,3.4,0,0,0,1,0,0,0.0,0
3305,3.6,2023,Still Looking,0,Engineering - Chemical Engineering,Male,School of Engineering & Applied Science,0,1,20,3.83,0,0,0,1,0,0,0.0,0
3306,3.6,2023,Working,1,Engineering - Biomedical Engineering,Female,School of Engineering & Applied Science,1,0,1,,1,1,0,0,0,0,2.0,1
3307,3.6,2023,Working,1,Psychology,Female,College and Graduate School of Arts & Sciences,1,0,19,,1,1,0,0,0,0,0.0,0
3308,3.6,2023,Working,3,Economics,Male,College and Graduate School of Arts & Sciences,1,1,30,3.9,0,1,0,0,0,0,0.0,0
3309,3.6,2023,Continuing Education,3,Spanish,Male,College and Graduate School of Arts & Sciences,0,1,172,3.66,0,1,1,0,0,1,0.0,0
3310,3.6,2023,Still Looking,1,Government,Female,College and Graduate School of Arts & Sciences,0,0,12,3.9,0,1,0,1,0,0,1.0,1
3311,3.6,2023,Working,1,Computer Science - Interdisciplinary,Female,College and Graduate School of Arts & Sciences,1,0,30,3.68,0,1,0,0,0,0,0.0,0
3312,3.6,2023,Continuing Education,1,Education - Special Education,Female,School of Education and Human Development,0,0,31,,0,1,1,0,0,0,1.0,1
3313,3.6,2023,Continuing Education,0,Biology,Female,College and Graduate School of Arts & Sciences,0,0,13,4.3,0,0,1,0,0,0,0.0,0
3314,3.6,2023,Continuing Education,0,Biology,Female,College and Graduate School of Arts & Sciences,0,0,13,,0,0,1,0,0,0,0.0,0
3315,3.6,2023,Working,2,Engineering - Computer Science,Male,School of Engineering & Applied Science,1,0,14,,0,1,0,0,0,0,1.0,1
3316,3.6,2023,Still Looking,3,Global Studies - Interdisciplinary,Female,College and Graduate School of Arts & Sciences,0,0,8,,0,1,0,1,0,0,0.0,0
3317,3.6,2023,Working,2,Education - English Education,Female,School of Education and Human Development,1,1,0,,0,1,0,0,0,0,0.0,0
3318,3.6,2023,Still Looking,0,History,Male,College and Graduate School of Arts & Sciences,0,0,0,3.83,0,0,0,1,0,0,0.0,0
3319,3.6,2023,Military,2,Education - Research Statistics & Evaluation,Male,School of Education and Human Development,0,0,0,,0,1,0,0,0,0,0.0,0
3320,3.6,2023,Still Looking,3,Anthropology,Female,College and Graduate School of Arts & Sciences,0,0,136,3.62,0,1,0,1,0,1,0.0,0
3321,3.6,2023,Still Looking,3,Anthropology,Female,College and Graduate School of Arts & Sciences,0,0,136,4.2,0,1,0,1,0,1,0.0,0
3322,3.6,2023,Still Looking,0,Engineering - Computer Science,Male,School of Engineering & Applied Science,0,0,245,,0,0,0,1,0,1,0.0,0
3323,3.6,2023,Working,2,Engineering - Computer Science,Male,School of Engineering & Applied Science,1,0,40,,0,1,0,0,0,0,1.0,1
3324,3.6,2023,Working,2,Engineering - Computer Science,Male,School of Engineering & Applied Science,1,0,40,3.93,0,1,0,0,0,0,1.0,1
3325,3.6,2023,Working,0,Physics,Female,College and Graduate School of Arts & Sciences,1,0,6,,0,0,0,0,0,0,0.0,0
3326,3.6,2023,Continuing Education,0,Biology,Female,College and Graduate School of Arts & Sciences,0,0,1,,0,0,1,0,0,0,0.0,0
3327,3.6,2023,Working,2,Engineering - Mechanical Engineering,Male,School of Engineering & Applied Science,1,4,31,3.7,0,1,0,0,1,0,0.0,0
3328,3.6,2023,Still Looking,0,Biology,Male,College and Graduate School of Arts & Sciences,0,0,5,,0,0,0,1,0,0,0.0,0
3329,3.6,2023,Working,1,Engineering - Computer Science,Female,School of Engineering & Applied Science,1,4,126,3.96,0,1,0,0,1,1,0.0,0
3330,3.6,2023,Working,3,Data Science,Male,School of Data Science,1,6,21,3.91,0,1,0,0,1,0,0.0,0
3331,3.6,2023,Working,3,Data Science,Male,School of Data Science,1,6,21,,0,1,0,0,1,0,0.0,0
3332,3.6,2023,Working,1,Engineering - Mechanical Engineering,Male,School of Engineering & Applied Science,1,2,400,3.58,0,1,0,0,1,1,0.0,0
3333,3.6,2023,Working,1,Engineering - Aerospace Engineering,Male,School of Engineering & Applied Science,1,2,59,4.31,0,1,0,0,1,1,10.0,1
3334,3.6,2023,Working,1,Engineering - Aerospace Engineering,Male,School of Engineering & Applied Science,1,2,59,3.28,0,1,0,0,1,1,10.0,1
3335,3.6,2023,Working,0,Biology,Female,College and Graduate School of Arts & Sciences,1,1,15,,0,0,0,0,0,0,0.0,0
3336,3.6,2023,Working,0,Data Science,Male,School of Data Science,1,0,7,,0,0,0,0,0,0,0.0,0
3337,3.6,2023,Continuing Education,2,Engineering - Computer Engineering,Male,School of Engineering & Applied Science,0,4,9,4.25,0,1,1,0,1,0,0.0,0
3338,3.6,2023,Continuing Education,2,Engineering - Computer Engineering,Male,School of Engineering & Applied Science,0,4,9,,0,1,1,0,1,0,0.0,0
3339,3.6,2023,Working,2,Architecture,Female,School of Architecture,1,1,36,3.87,0,1,0,0,0,0,0.0,0
3340,3.6,2023,Working,2,Architecture,Female,School of Architecture,1,1,36,,0,1,0,0,0,0,0.0,0
3341,3.6,2023,Working,1,Engineering - Systems Engineering,Male,School of Engineering & Applied Science,1,4,212,3.93,0,1,0,0,1,1,0.0,0
3342,3.6,2023,Working,1,Engineering - Systems Engineering,Male,School of Engineering & Applied Science,1,4,212,4.0,0,1,0,0,1,1,0.0,0
3343,3.6,2023,Working,0,Interdisciplinary (SCPS-BIS),Male,School of Continuing and Professional Studies,1,0,3,3.81,0,0,0,0,0,0,0.0,0
3344,3.6,2023,Working,0,Education - Counselor Education,Female,School of Education and Human Development,1,2,0,,0,0,0,0,1,0,0.0,0
3345,3.6,2023,Working,0,Education - Counselor Education,Female,School of Education and Human Development,1,2,0,3.72,0,0,0,0,1,0,0.0,0
3346,3.6,2023,Working,3,Architecture - Urban & Environmental Planning,Female,School of Architecture,1,1,6,3.87,0,1,0,0,0,0,0.0,0
3347,3.6,2023,Not Seeking,1,Engineering - Computer Science,Male,School of Engineering & Applied Science,0,1,16,3.98,0,1,0,0,0,0,0.0,0
3348,3.6,2023,Continuing Education,0,Global Studies - Interdisciplinary,Female,College and Graduate School of Arts & Sciences,0,0,0,,0,0,1,0,0,0,1.0,1
3349,3.6,2023,Volunteering,2,Global Studies - Interdisciplinary,Female,College and Graduate School of Arts & Sciences,0,0,14,,0,1,0,0,0,0,0.0,0
3350,3.6,2023,Continuing Education,0,Architecture,Female,School of Architecture,0,0,0,,0,0,1,0,0,0,0.0,0
3351,3.6,2023,Continuing Education,2,Global Studies - Interdisciplinary,Male,College and Graduate School of Arts & Sciences,0,1,24,4.22,0,1,1,0,0,0,2.0,1
3352,3.6,2023,Continuing Education,2,Global Studies - Interdisciplinary,Male,College and Graduate School of Arts & Sciences,0,1,24,,0,1,1,0,0,0,2.0,1
3353,3.6,2023,Continuing Education,2,Global Studies - Interdisciplinary,Male,College and Graduate School of Arts & Sciences,0,1,24,3.78,0,1,1,0,0,0,2.0,1
3354,3.6,2023,Working,1,Engineering - Mechanical Engineering,Male,School of Engineering & Applied Science,1,0,17,3.77,0,1,0,0,0,0,0.0,0
3355,3.6,2023,Working,1,Engineering - Mechanical Engineering,Male,School of Engineering & Applied Science,1,0,17,3.96,0,1,0,0,0,0,0.0,0
3356,3.6,2023,Still Looking,2,Psychology,Female,College and Graduate School of Arts & Sciences,0,2,90,3.88,0,1,0,1,1,1,2.0,1
3357,3.6,2023,Working,1,Engineering - Biomedical Engineering,Female,School of Engineering & Applied Science,1,0,0,,0,1,0,0,0,0,1.0,1
3358,3.6,2023,Continuing Education,3,Global Studies - Interdisciplinary,Female,College and Graduate School of Arts & Sciences,0,0,4,,0,1,1,0,0,0,0.0,0
3359,3.6,2023,Still Looking,0,Data Science,Female,School of Data Science,0,3,127,,0,0,0,1,1,1,0.0,0
3360,3.6,2023,Continuing Education,1,Biology,Female,College and Graduate School of Arts & Sciences,0,0,18,,0,1,1,0,0,0,0.0,0
3361,3.6,2023,Working,0,Engineering - Civil Engineering,Male,School of Engineering & Applied Science,1,1,4,3.5,0,0,0,0,0,0,0.0,0
3362,3.6,2023,Still Looking,0,Biology,Male,College and Graduate School of Arts & Sciences,0,0,6,3.78,0,0,0,1,0,0,0.0,0
3363,3.6,2023,Working,1,Engineering - Computer Science,Male,School of Engineering & Applied Science,1,5,109,3.51,0,1,0,0,1,1,0.0,0
3364,3.6,2023,Working,3,Engineering - Systems Engineering,Male,School of Engineering & Applied Science,1,0,7,,0,1,0,0,0,0,0.0,0
3365,3.6,2023,Working,3,Engineering - Systems Engineering,Male,School of Engineering & Applied Science,1,0,7,3.94,0,1,0,0,0,0,0.0,0
3366,3.6,2023,Working,0,Engineering - Chemical Engineering,Female,School of Engineering & Applied Science,1,0,0,,0,0,0,0,0,0,0.0,0
3367,3.6,2023,Continuing Education,1,Architecture - Urban & Environmental Planning,Female,School of Architecture,0,2,12,3.9,0,1,1,0,1,0,0.0,0
3368,3.6,2023,Working,2,Linguistics,Female,College and Graduate School of Arts & Sciences,1,2,114,,0,1,0,0,1,1,0.0,0
3369,3.6,2023,Still Looking,2,American Studies - Interdisciplinary,Female,College and Graduate School of Arts & Sciences,0,5,222,,0,1,0,1,1,1,1.0,1
3370,3.6,2023,Working,3,Psychology,Female,College and Graduate School of Arts & Sciences,1,0,40,,0,1,0,0,0,0,0.0,0
3371,3.6,2023,Working,3,Economics,Male,College and Graduate School of Arts & Sciences,1,2,91,,0,1,0,0,1,1,0.0,0
3372,3.6,2023,Continuing Education,1,Architecture - Urban & Environmental Planning,Female,School of Architecture,0,0,26,,0,1,1,0,0,0,0.0,0
3373,3.6,2023,Working,3,Engineering - Systems Engineering,Male,School of Engineering & Applied Science,1,5,564,3.14,0,1,0,0,1,1,1.0,1
3374,3.6,2023,Working,1,Engineering - Computer Science,Male,School of Engineering & Applied Science,1,8,155,3.6,0,1,0,0,1,1,8.0,1
3375,3.6,2023,Continuing Education,1,Psychology,Male,College and Graduate School of Arts & Sciences,0,1,0,3.67,0,1,1,0,0,0,5.0,1
3376,3.6,2023,Still Looking,1,Anthropology,Female,College and Graduate School of Arts & Sciences,0,2,36,,0,1,0,1,1,0,0.0,0
3377,3.6,2023,Still Looking,3,Statistics,Female,College and Graduate School of Arts & Sciences,0,3,20,4.0,0,1,0,1,1,0,0.0,0
3378,3.6,2023,Working,1,Computer Science - Interdisciplinary,Female,College and Graduate School of Arts & Sciences,1,5,6,3.7,0,1,0,0,1,0,0.0,0
3379,3.6,2023,Working,3,Sociology,Female,College and Graduate School of Arts & Sciences,1,2,27,3.77,0,1,0,0,1,0,0.0,0
3380,3.6,2023,Working,3,Sociology,Female,College and Graduate School of Arts & Sciences,1,2,27,,0,1,0,0,1,0,0.0,0
3381,3.6,2023,Continuing Education,3,Applied Statistics,Female,College and Graduate School of Arts & Sciences,0,0,434,,0,1,1,0,0,1,0.0,0
3382,3.6,2023,Continuing Education,3,Applied Statistics,Female,College and Graduate School of Arts & Sciences,0,0,434,3.91,0,1,1,0,0,1,0.0,0
3383,3.6,2023,Working,1,Computer Science - Interdisciplinary,Female,College and Graduate School of Arts & Sciences,1,1,91,,0,1,0,0,0,1,0.0,0
3384,3.6,2023,Working,3,Engineering - Systems Engineering,Female,School of Engineering & Applied Science,1,4,23,,0,1,0,0,1,0,0.0,0
3385,3.6,2023,Working,3,Spanish,Female,College and Graduate School of Arts & Sciences,1,2,34,,1,1,0,0,1,0,6.0,1
3386,3.6,2023,Still Looking,3,Foreign Affairs,Male,College and Graduate School of Arts & Sciences,0,3,20,,0,1,0,1,1,0,0.0,0
3387,3.6,2023,Still Looking,3,Foreign Affairs,Male,College and Graduate School of Arts & Sciences,0,3,20,3.9,0,1,0,1,1,0,0.0,0
3388,3.6,2023,Working,3,Economics,Male,College and Graduate School of Arts & Sciences,1,5,415,3.77,0,1,0,0,1,1,0.0,0
3389,3.6,2023,Working,3,Economics,Male,College and Graduate School of Arts & Sciences,1,5,415,,0,1,0,0,1,1,0.0,0
3390,3.6,2023,Working,2,Biology,Female,College and Graduate School of Arts & Sciences,1,0,0,,0,1,0,0,0,0,0.0,0
3391,3.6,2023,Continuing Education,1,Biology,Male,College and Graduate School of Arts & Sciences,0,0,0,3.98,0,1,1,0,0,0,0.0,0
3392,3.6,2023,Continuing Education,3,Engineering - Biomedical Engineering,Male,School of Engineering & Applied Science,0,0,58,4.0,0,1,1,0,0,1,0.0,0
3393,3.6,2023,Continuing Education,3,Engineering - Biomedical Engineering,Male,School of Engineering & Applied Science,0,0,58,4.35,0,1,1,0,0,1,0.0,0
3394,3.6,2023,Continuing Education,0,Computer Science - Interdisciplinary,Male,College and Graduate School of Arts & Sciences,0,8,220,3.46,0,0,1,0,1,1,2.0,1
3395,3.6,2023,Working,0,Engineering - Aerospace Engineering,Male,School of Engineering & Applied Science,1,3,47,3.8,0,0,0,0,1,0,0.0,0
3396,3.6,2023,Working,2,Engineering - Systems Engineering,Female,School of Engineering & Applied Science,1,4,43,3.9,0,1,0,0,1,0,0.0,0
3397,3.6,2023,Working,2,Engineering - Systems Engineering,Female,School of Engineering & Applied Science,1,4,43,,0,1,0,0,1,0,0.0,0
3398,3.6,2023,Continuing Education,0,Psychology,Female,College and Graduate School of Arts & Sciences,0,0,0,,0,0,1,0,0,0,2.0,1
3399,3.6,2023,Continuing Education,0,Psychology,Female,College and Graduate School of Arts & Sciences,0,0,0,3.39,0,0,1,0,0,0,2.0,1
3400,3.6,2023,Working,3,Engineering - Computer Science,Female,School of Engineering & Applied Science,1,0,3,4.45,0,1,0,0,0,0,0.0,0
3401,3.6,2023,Working,3,Engineering - Computer Science,Female,School of Engineering & Applied Science,1,0,3,3.95,0,1,0,0,0,0,0.0,0
3402,3.6,2023,Still Looking,2,Biology,Female,College and Graduate School of Arts & Sciences,0,0,1,,0,1,0,1,0,0,0.0,0
3403,3.6,2023,Working,0,Physics,Female,College and Graduate School of Arts & Sciences,1,0,2,,0,0,0,0,0,0,0.0,0
3404,3.6,2023,Still Looking,2,Computer Science - Interdisciplinary,Male,College and Graduate School of Arts & Sciences,0,3,32,3.5,0,1,0,1,1,0,0.0,0
3405,3.6,2023,Continuing Education,0,Engineering - Biomedical Engineering,Female,School of Engineering & Applied Science,0,0,0,,0,0,1,0,0,0,3.0,1
3406,3.6,2023,Continuing Education,1,Engineering - Biomedical Engineering,Female,School of Engineering & Applied Science,0,3,46,,0,1,1,0,1,0,0.0,0
3407,3.6,2023,Working,1,Engineering - Mechanical Engineering,Male,School of Engineering & Applied Science,1,6,64,,0,1,0,0,1,1,1.0,1
3408,3.6,2023,Working,1,Engineering - Mechanical Engineering,Male,School of Engineering & Applied Science,1,6,64,3.8,0,1,0,0,1,1,1.0,1
3409,3.6,2023,Not Seeking,3,Architecture,Female,School of Architecture,0,0,22,,0,1,0,0,0,0,6.0,1
3410,3.6,2023,Working,2,Philosophy,Female,College and Graduate School of Arts & Sciences,1,0,4,,0,1,0,0,0,0,1.0,1
3411,3.6,2023,Still Looking,1,Sociology,Female,College and Graduate School of Arts & Sciences,0,0,0,,0,1,0,1,0,0,0.0,0
3412,3.6,2023,Still Looking,0,Statistics,Male,College and Graduate School of Arts & Sciences,0,2,12,,0,0,0,1,1,0,0.0,0
3413,3.6,2023,Working,1,Biology,Female,College and Graduate School of Arts & Sciences,1,0,0,,0,1,0,0,0,0,0.0,0
3414,3.6,2023,Working,3,Engineering - Computer Science,Male,School of Engineering & Applied Science,1,0,2,,0,1,0,0,0,0,0.0,0
3415,3.6,2023,Still Looking,1,Psychology,Male,College and Graduate School of Arts & Sciences,0,0,27,3.6,0,1,0,1,0,0,3.0,1
3416,3.6,2023,Working,0,Biology,Male,College and Graduate School of Arts & Sciences,1,0,0,,0,0,0,0,0,0,0.0,0
3417,3.6,2023,Working,1,Engineering - Computer Science,Female,School of Engineering & Applied Science,1,0,0,,0,1,0,0,0,0,0.0,0
3418,3.6,2023,Continuing Education,1,Engineering - Mechanical Engineering,Male,School of Engineering & Applied Science,0,9,128,3.72,0,1,1,0,1,1,0.0,0
3419,3.6,2023,Working,1,Engineering - Computer Science,Male,School of Engineering & Applied Science,1,0,17,3.71,0,1,0,0,0,0,1.0,1
3420,3.6,2023,Working,1,Engineering - Electrical Engineering,Male,School of Engineering & Applied Science,1,0,3,4.0,0,1,0,0,0,0,0.0,0
3421,3.6,2023,Working,1,Engineering - Electrical Engineering,Male,School of Engineering & Applied Science,1,0,3,,0,1,0,0,0,0,0.0,0
3422,3.6,2023,Working,1,Engineering - Electrical Engineering,Male,School of Engineering & Applied Science,1,2,269,3.82,0,1,0,0,1,1,1.0,1
3423,3.6,2023,Working,2,Engineering - Systems Engineering,Female,School of Engineering & Applied Science,1,1,6,,0,1,0,0,0,0,0.0,0
3424,3.6,2023,Working,0,Computer Science - Interdisciplinary,Female,College and Graduate School of Arts & Sciences,1,0,2,4.0,0,0,0,0,0,0,0.0,0
3425,3.6,2023,Working,0,Computer Science - Interdisciplinary,Female,College and Graduate School of Arts & Sciences,1,0,2,3.87,0,0,0,0,0,0,0.0,0
3426,3.6,2023,Working,0,Computer Science - Interdisciplinary,Female,College and Graduate School of Arts & Sciences,1,0,2,,0,0,0,0,0,0,0.0,0
3427,3.6,2023,Still Looking,2,Architecture,Male,School of Architecture,0,0,65,3.8,0,1,0,1,0,1,5.0,1
3428,3.6,2023,Still Looking,2,Architecture,Male,School of Architecture,0,0,65,,0,1,0,1,0,1,5.0,1
3429,3.6,2023,Working,0,Engineering - Chemical Engineering,Female,School of Engineering & Applied Science,1,2,75,3.92,0,0,0,0,1,1,0.0,0
3430,3.6,2023,Working,0,Sociology,Female,College and Graduate School of Arts & Sciences,1,0,0,,0,0,0,0,0,0,0.0,0
3431,3.6,2023,Still Looking,2,Physics,Male,College and Graduate School of Arts & Sciences,0,0,0,3.77,0,1,0,1,0,0,0.0,0
3432,3.6,2023,Continuing Education,1,Economics,Male,College and Graduate School of Arts & Sciences,0,5,1,3.56,0,1,1,0,1,0,2.0,1
3433,3.6,2023,Continuing Education,1,Economics,Male,College and Graduate School of Arts & Sciences,0,5,1,3.78,0,1,1,0,1,0,2.0,1
3434,3.6,2023,Working,2,Computer Science - Interdisciplinary,Female,College and Graduate School of Arts & Sciences,1,0,8,3.93,0,1,0,0,0,0,0.0,0
3435,3.6,2023,Working,0,Education - Curriculum & Instruction,Female,School of Education and Human Development,1,0,0,,0,0,0,0,0,0,0.0,0
3436,3.6,2023,Still Looking,0,Engineering - Computer Engineering,Male,School of Engineering & Applied Science,0,2,156,,0,0,0,1,1,1,0.0,0
3437,3.6,2023,Still Looking,0,Chemistry,Male,College and Graduate School of Arts & Sciences,0,0,3,,0,0,0,1,0,0,0.0,0
3438,3.6,2023,Continuing Education,1,Education - Kinesiology,Female,School of Education and Human Development,0,0,0,,0,1,1,0,0,0,0.0,0
3439,3.6,2023,Working,2,Engineering - Systems Engineering,Male,School of Engineering & Applied Science,1,0,362,3.53,0,1,0,0,0,1,0.0,0
3440,3.6,2023,Continuing Education,0,Engineering - Systems Engineering,Female,School of Engineering & Applied Science,0,4,233,4.0,0,0,1,0,1,1,0.0,0
3441,3.6,2023,Continuing Education,0,Engineering - Systems Engineering,Female,School of Engineering & Applied Science,0,4,233,3.7,0,0,1,0,1,1,0.0,0
3442,3.6,2023,Continuing Education,1,Statistics,Female,College and Graduate School of Arts & Sciences,0,4,73,,1,1,1,0,1,1,5.0,1
3443,3.6,2023,Continuing Education,1,Statistics,Female,College and Graduate School of Arts & Sciences,0,4,73,3.92,1,1,1,0,1,1,5.0,1
3444,3.6,2023,Still Looking,0,Data Science,Male,School of Data Science,0,5,6,,0,0,0,1,1,0,2.0,1
3445,3.6,2023,Continuing Education,2,Computer Science - Interdisciplinary,Male,College and Graduate School of Arts & Sciences,0,2,9,,0,1,1,0,1,0,0.0,0
3446,3.6,2023,Working,0,Biology,Female,College and Graduate School of Arts & Sciences,1,0,8,3.88,0,0,0,0,0,0,1.0,1
3447,3.6,2023,Continuing Education,0,History,Male,College and Graduate School of Arts & Sciences,0,0,11,3.98,0,0,1,0,0,0,0.0,0
3448,3.6,2023,Continuing Education,0,History,Male,College and Graduate School of Arts & Sciences,0,0,11,3.94,0,0,1,0,0,0,0.0,0
3449,3.6,2023,Continuing Education,0,Education - Youth & Social Innovation,Female,School of Education and Human Development,0,1,0,4.0,0,0,1,0,0,0,0.0,0
3450,3.6,2023,Continuing Education,0,Education - Youth & Social Innovation,Female,School of Education and Human Development,0,1,0,4.3,0,0,1,0,0,0,0.0,0
3451,3.6,2023,Continuing Education,0,Education - Youth & Social Innovation,Female,School of Education and Human Development,0,1,0,,0,0,1,0,0,0,0.0,0
3452,3.6,2023,Working,1,Economics,Male,College and Graduate School of Arts & Sciences,1,0,60,3.44,0,1,0,0,0,1,0.0,0
3453,3.6,2023,Continuing Education,2,Environmental Sciences,Female,College and Graduate School of Arts & Sciences,0,0,26,3.77,0,1,1,0,0,0,0.0,0
3454,3.6,2023,Continuing Education,0,Education - Kinesiology,Female,School of Education and Human Development,0,1,3,3.76,0,0,1,0,0,0,0.0,0
3455,3.6,2023,Continuing Education,0,Education - Kinesiology,Female,School of Education and Human Development,0,1,3,4.19,0,0,1,0,0,0,0.0,0
3456,3.6,2023,Still Looking,2,Foreign Affairs,Female,College and Graduate School of Arts & Sciences,0,0,3,3.9,0,1,0,1,0,0,0.0,0
3457,3.6,2023,Working,2,Education - Elementary Education,Female,School of Education and Human Development,1,1,9,,0,1,0,0,0,0,0.0,0
3458,3.6,2023,Working,2,Biology,Female,College and Graduate School of Arts & Sciences,1,1,112,3.7,0,1,0,0,0,1,0.0,0
3459,3.6,2023,Working,2,Biology,Female,College and Graduate School of Arts & Sciences,1,1,112,4.6,0,1,0,0,0,1,0.0,0
3460,3.6,2023,Working,1,Engineering - Computer Science,Male,School of Engineering & Applied Science,1,1,0,,0,1,0,0,0,0,0.0,0
3461,3.6,2023,Still Looking,0,Religious Studies,Female,College and Graduate School of Arts & Sciences,0,1,16,,0,0,0,1,0,0,1.0,1
3462,3.6,2023,Working,2,Engineering - Computer Science,Male,School of Engineering & Applied Science,1,0,0,3.63,0,1,0,0,0,0,0.0,0
3463,3.6,2023,Working,2,Computer Science - Interdisciplinary,Female,College and Graduate School of Arts & Sciences,1,3,33,3.78,0,1,0,0,1,0,0.0,0
3464,3.6,2023,Still Looking,1,Psychology,Male,College and Graduate School of Arts & Sciences,0,0,0,,0,1,0,1,0,0,1.0,1
3465,3.6,2023,Working,1,Foreign Affairs,Female,College and Graduate School of Arts & Sciences,1,0,526,,0,1,0,0,0,1,0.0,0
3466,3.6,2023,Working,3,Engineering - Computer Science,Male,School of Engineering & Applied Science,1,8,119,4.34,0,1,0,0,1,1,0.0,0
3467,3.6,2023,Working,3,Engineering - Computer Science,Male,School of Engineering & Applied Science,1,8,119,3.2,0,1,0,0,1,1,0.0,0
3468,3.6,2023,Working,3,Engineering - Computer Science,Male,School of Engineering & Applied Science,1,8,119,,0,1,0,0,1,1,0.0,0
3469,3.6,2023,Working,2,Applied Statistics,Male,College and Graduate School of Arts & Sciences,1,2,49,,1,1,0,0,1,1,0.0,0
3470,3.6,2023,Working,2,Applied Statistics,Male,College and Graduate School of Arts & Sciences,1,2,49,3.79,1,1,0,0,1,1,0.0,0
3471,3.6,2023,Still Looking,1,Human Biology - Interdisciplinary,Male,College and Graduate School of Arts & Sciences,0,0,15,,0,1,0,1,0,0,1.0,1
3472,3.6,2023,Continuing Education,1,Human Biology - Interdisciplinary,Female,College and Graduate School of Arts & Sciences,0,0,0,,0,1,1,0,0,0,0.0,0
3473,3.6,2023,Working,2,Engineering - Systems Engineering,Male,School of Engineering & Applied Science,1,0,29,4.61,0,1,0,0,0,0,1.0,1
3474,3.6,2023,Working,2,Engineering - Systems Engineering,Male,School of Engineering & Applied Science,1,0,29,3.86,0,1,0,0,0,0,1.0,1
3475,3.6,2023,Working,1,Engineering - Mechanical & Aerospace Engineering,Male,School of Engineering & Applied Science,1,1,2,3.83,0,1,0,0,0,0,0.0,0
3476,3.6,2023,Working,1,Engineering - Mechanical & Aerospace Engineering,Male,School of Engineering & Applied Science,1,1,2,,0,1,0,0,0,0,0.0,0
3477,3.6,2023,Working,1,Engineering - Mechanical & Aerospace Engineering,Male,School of Engineering & Applied Science,1,1,2,4.0,0,1,0,0,0,0,0.0,0
3478,3.6,2023,Working,1,Engineering - Computer Science,Female,School of Engineering & Applied Science,1,1,33,,0,1,0,0,0,0,3.0,1
3479,3.6,2023,Working,2,Psychology,Female,College and Graduate School of Arts & Sciences,1,8,198,3.77,0,1,0,0,1,1,0.0,0
3480,3.6,2023,Still Looking,2,Government,Female,College and Graduate School of Arts & Sciences,0,0,12,3.6,0,1,0,1,0,0,0.0,0
3481,3.6,2023,Continuing Education,0,Environmental Sciences,Male,College and Graduate School of Arts & Sciences,0,2,68,,0,0,1,0,1,1,0.0,0
3482,3.6,2023,Continuing Education,0,Environmental Sciences,Male,College and Graduate School of Arts & Sciences,0,2,68,3.4,0,0,1,0,1,1,0.0,0
3483,3.6,2023,Still Looking,0,Data Science,Male,School of Data Science,0,7,20,4.0,0,0,0,1,1,0,1.0,1
3484,3.6,2023,Still Looking,0,Data Science,Male,School of Data Science,0,7,20,3.89,0,0,0,1,1,0,1.0,1
3485,3.6,2023,Still Looking,0,Data Science,Male,School of Data Science,0,7,20,,0,0,0,1,1,0,1.0,1
3486,3.6,2023,Still Looking,2,Education - Kinesiology,Female,School of Education and Human Development,0,0,0,,0,1,0,1,0,0,0.0,0
3487,3.6,2023,Still Looking,1,Architecture - Urban & Environmental Planning,Female,School of Architecture,0,1,4,3.84,0,1,0,1,0,0,0.0,0
3488,3.6,2023,Still Looking,1,Architecture - Urban & Environmental Planning,Female,School of Architecture,0,1,4,,0,1,0,1,0,0,0.0,0
3489,3.6,2023,Working,3,Engineering - Computer Science,Male,School of Engineering & Applied Science,1,2,10,3.9,0,1,0,0,1,0,1.0,1
3490,3.6,2023,Working,0,Sociology,Male,College and Graduate School of Arts & Sciences,1,1,8,,0,0,0,0,0,0,0.0,0
3491,3.6,2023,Working,0,Sociology,Male,College and Graduate School of Arts & Sciences,1,1,8,3.81,0,0,0,0,0,0,0.0,0
3492,3.6,2023,Working,2,Architecture,Female,School of Architecture,1,2,13,3.8,0,1,0,0,1,0,0.0,0
3493,3.6,2023,Working,2,Psychology,Female,College and Graduate School of Arts & Sciences,1,0,1,,0,1,0,0,0,0,0.0,0
3494,3.6,2023,Fellowship,1,Anthropology,Female,College and Graduate School of Arts & Sciences,0,1,18,,0,1,0,0,0,0,2.0,1
3495,3.6,2023,Continuing Education,1,History,Female,College and Graduate School of Arts & Sciences,0,0,4,,0,1,1,0,0,0,0.0,0
3496,3.6,2023,Working,0,Chemistry,Female,College and Graduate School of Arts & Sciences,1,0,8,,0,0,0,0,0,0,0.0,0
3497,3.6,2023,Still Looking,0,Biology,Female,College and Graduate School of Arts & Sciences,0,0,0,,0,0,0,1,0,0,0.0,0
3498,3.6,2023,Working,0,Mathematics,Male,College and Graduate School of Arts & Sciences,1,0,0,,0,0,0,0,0,0,0.0,0
3499,3.6,2023,Continuing Education,3,Spanish,Female,College and Graduate School of Arts & Sciences,0,9,34,3.56,0,1,1,0,1,0,0.0,0
3500,3.6,2023,Continuing Education,2,Education - Kinesiology,Female,School of Education and Human Development,0,0,0,,0,1,1,0,0,0,0.0,0
3501,3.6,2023,Not Seeking,3,Global Studies - Interdisciplinary,Female,College and Graduate School of Arts & Sciences,0,2,19,,0,1,0,0,1,0,6.0,1
3502,3.6,2023,Still Looking,0,Philosophy,Male,College and Graduate School of Arts & Sciences,0,2,1,,0,0,0,1,1,0,0.0,0
3503,3.6,2023,Still Looking,2,Computer Science - Interdisciplinary,Male,College and Graduate School of Arts & Sciences,0,1,47,3.93,0,1,0,1,0,0,0.0,0
3504,3.6,2023,Still Looking,2,Computer Science - Interdisciplinary,Male,College and Graduate School of Arts & Sciences,0,1,47,,0,1,0,1,0,0,0.0,0
3505,3.6,2023,Working,0,Global Studies - Interdisciplinary,Female,College and Graduate School of Arts & Sciences,1,0,66,3.85,0,0,0,0,0,1,0.0,0
3506,3.6,2023,Fellowship,3,Physics,Male,College and Graduate School of Arts & Sciences,0,1,0,,0,1,0,0,0,0,0.0,0
3507,3.6,2023,Working,0,English,Female,College and Graduate School of Arts & Sciences,1,0,0,3.7,0,0,0,0,0,0,0.0,0
3508,3.6,2023,Still Looking,1,East Asian Studies - Interdisciplinary,Female,College and Graduate School of Arts & Sciences,0,1,7,,0,1,0,1,0,0,0.0,0
3509,3.6,2023,Still Looking,1,Music,Male,College and Graduate School of Arts & Sciences,0,0,10,3.81,0,1,0,1,0,0,2.0,1
3510,3.6,2023,Still Looking,1,Music,Male,College and Graduate School of Arts & Sciences,0,0,10,3.97,0,1,0,1,0,0,2.0,1
3511,3.6,2023,Still Looking,3,English,Female,College and Graduate School of Arts & Sciences,0,0,930,,0,1,0,1,0,1,0.0,0
3512,3.6,2023,Still Looking,1,Foreign Affairs,Female,College and Graduate School of Arts & Sciences,0,3,9,3.6,0,1,0,1,1,0,0.0,0
3513,3.6,2023,Still Looking,1,Foreign Affairs,Female,College and Graduate School of Arts & Sciences,0,3,9,,0,1,0,1,1,0,0.0,0
3514,3.6,2023,Working,0,Biology,Male,College and Graduate School of Arts & Sciences,1,0,34,,0,0,0,0,0,0,0.0,0
3515,3.6,2023,Working,2,Computer Science - Interdisciplinary,Female,College and Graduate School of Arts & Sciences,1,1,9,,0,1,0,0,0,0,0.0,0
3516,3.6,2023,Working,2,Engineering - Computer Science,Male,School of Engineering & Applied Science,1,1,43,3.94,0,1,0,0,0,0,1.0,1
3517,3.6,2023,Working,0,Engineering - Biomedical Engineering,Male,School of Engineering & Applied Science,1,0,0,,0,0,0,0,0,0,0.0,0
3518,3.6,2023,Working,0,Engineering - Biomedical Engineering,Male,School of Engineering & Applied Science,1,0,0,3.8,0,0,0,0,0,0,0.0,0
3519,3.6,2023,Working,2,Computer Science - Interdisciplinary,Female,College and Graduate School of Arts & Sciences,1,0,1,,1,1,0,0,0,0,1.0,1
3520,3.6,2023,Working,0,Biology,Male,College and Graduate School of Arts & Sciences,1,0,0,4.52,0,0,0,0,0,0,0.0,0
3521,3.6,2023,Working,0,Biology,Male,College and Graduate School of Arts & Sciences,1,0,0,,0,0,0,0,0,0,0.0,0
3522,3.6,2023,Continuing Education,3,Education - Kinesiology,Female,School of Education and Human Development,0,0,0,,0,1,1,0,0,0,0.0,0
3523,3.6,2023,Working,1,Statistics,Male,College and Graduate School of Arts & Sciences,1,0,0,,0,1,0,0,0,0,0.0,0
3524,3.6,2023,Still Looking,3,Environmental Thought & Practice - Interdisciplinary,Female,College and Graduate School of Arts & Sciences,0,1,13,,0,1,0,1,0,0,0.0,0
3525,3.6,2023,Working,1,Engineering - Biomedical Engineering,Female,School of Engineering & Applied Science,1,1,0,3.88,0,1,0,0,0,0,1.0,1
3526,3.6,2023,Working,1,Engineering - Electrical Engineering,Male,School of Engineering & Applied Science,1,0,19,,0,1,0,0,0,0,4.0,1
3527,3.6,2023,Continuing Education,2,Psychology,Female,College and Graduate School of Arts & Sciences,0,0,32,3.7,0,1,1,0,0,0,0.0,0
3528,3.6,2023,Continuing Education,1,Statistics,Male,College and Graduate School of Arts & Sciences,0,4,88,3.83,0,1,1,0,1,1,0.0,0
3529,3.6,2023,Continuing Education,1,Statistics,Male,College and Graduate School of Arts & Sciences,0,4,88,,0,1,1,0,1,1,0.0,0
3530,3.6,2023,Working,1,Cognitive Science - Interdisciplinary,Female,College and Graduate School of Arts & Sciences,1,1,0,,0,1,0,0,0,0,0.0,0
3531,3.6,2023,Fellowship,2,Environmental Sciences,Female,College and Graduate School of Arts & Sciences,0,0,0,,0,1,0,0,0,0,0.0,0
3532,3.6,2023,Still Looking,1,Global Studies - Interdisciplinary,Female,College and Graduate School of Arts & Sciences,0,2,11,3.59,0,1,0,1,1,0,1.0,1
3533,3.6,2023,Still Looking,0,Psychology,Female,College and Graduate School of Arts & Sciences,0,0,0,4.5,0,0,0,1,0,0,1.0,1
3534,3.6,2023,Still Looking,0,Psychology,Female,College and Graduate School of Arts & Sciences,0,0,0,3.85,0,0,0,1,0,0,1.0,1
3535,3.6,2023,Working,3,Global Studies - Interdisciplinary,Female,College and Graduate School of Arts & Sciences,1,2,126,,1,1,0,0,1,1,0.0,0
3536,3.6,2023,Still Looking,3,Global Studies - Interdisciplinary,Female,College and Graduate School of Arts & Sciences,0,2,92,,0,1,0,1,1,1,0.0,0
3537,3.6,2023,Still Looking,3,Global Studies - Interdisciplinary,Female,College and Graduate School of Arts & Sciences,0,2,92,3.67,0,1,0,1,1,1,0.0,0
3538,3.6,2023,Still Looking,1,Global Studies - Interdisciplinary,Female,College and Graduate School of Arts & Sciences,0,0,10,,0,1,0,1,0,0,0.0,0
3539,3.6,2023,Working,0,Education - Elementary Education,Female,School of Education and Human Development,1,1,0,,0,0,0,0,0,0,0.0,0
3540,3.6,2023,Fellowship,1,Anthropology,Female,College and Graduate School of Arts & Sciences,0,0,28,,0,1,0,0,0,0,0.0,0
3541,3.6,2023,Continuing Education,0,Engineering - Computer Engineering,Male,School of Engineering & Applied Science,0,2,0,,0,0,1,0,1,0,0.0,0
3542,3.6,2023,Working,1,Engineering - Computer Science,Male,School of Engineering & Applied Science,1,1,109,,0,1,0,0,0,1,0.0,0
3543,3.6,2023,Working,1,Engineering - Computer Science,Male,School of Engineering & Applied Science,1,1,109,3.9,0,1,0,0,0,1,0.0,0
3544,3.6,2023,Still Looking,0,Computer Science - Interdisciplinary,Male,College and Graduate School of Arts & Sciences,0,0,1,3.9,0,0,0,1,0,0,0.0,0
3545,3.6,2023,Still Looking,0,Biology,Female,College and Graduate School of Arts & Sciences,0,0,0,,0,0,0,1,0,0,0.0,0
3546,3.6,2023,Still Looking,2,Mathematics,Male,College and Graduate School of Arts & Sciences,0,2,11,,0,1,0,1,1,0,1.0,1
3547,3.6,2023,Working,0,Foreign Affairs,Male,College and Graduate School of Arts & Sciences,1,0,14,3.72,0,0,0,0,0,0,0.0,0
3548,3.6,2023,Working,2,Economics,Female,College and Graduate School of Arts & Sciences,1,2,12,,0,1,0,0,1,0,3.0,1
3549,3.6,2023,Working,1,Engineering - Civil Engineering,Male,School of Engineering & Applied Science,1,2,7,,0,1,0,0,1,0,0.0,0
3550,3.6,2023,Working,0,Foreign Affairs,Female,College and Graduate School of Arts & Sciences,1,3,54,,0,0,0,0,1,1,0.0,0
3551,3.6,2023,Continuing Education,2,Environmental Sciences,Female,College and Graduate School of Arts & Sciences,0,1,8,3.76,0,1,1,0,0,0,1.0,1
3552,3.6,2023,Continuing Education,2,Economics,Male,College and Graduate School of Arts & Sciences,0,9,26,4.2,0,1,1,0,1,0,0.0,0
3553,3.6,2023,Continuing Education,2,Economics,Male,College and Graduate School of Arts & Sciences,0,9,26,,0,1,1,0,1,0,0.0,0
3554,3.6,2023,Continuing Education,2,Economics,Male,College and Graduate School of Arts & Sciences,0,9,26,3.62,0,1,1,0,1,0,0.0,0
3555,3.6,2023,Working,0,Biology,Female,College and Graduate School of Arts & Sciences,1,0,4,4.3,0,0,0,0,0,0,0.0,0
3556,3.6,2023,Working,0,Biology,Female,College and Graduate School of Arts & Sciences,1,0,4,3.6,0,0,0,0,0,0,0.0,0
3557,3.6,2023,Working,1,Computer Science - Interdisciplinary,Male,College and Graduate School of Arts & Sciences,1,0,125,,0,1,0,0,0,1,0.0,0
3558,3.6,2023,Working,1,Computer Science - Interdisciplinary,Male,College and Graduate School of Arts & Sciences,1,0,125,3.64,0,1,0,0,0,1,0.0,0
3559,3.6,2023,Working,0,Foreign Affairs,Female,College and Graduate School of Arts & Sciences,1,0,2,,0,0,0,0,0,0,0.0,0
3560,3.6,2023,Working,1,Biology,Female,College and Graduate School of Arts & Sciences,1,1,1,,0,1,0,0,0,0,0.0,0
3561,3.6,2023,Still Looking,0,English,Female,College and Graduate School of Arts & Sciences,0,0,2,,0,0,0,1,0,0,0.0,0
3562,3.6,2023,Working,3,Global Studies - Interdisciplinary,Female,College and Graduate School of Arts & Sciences,1,0,2,3.6,0,1,0,0,0,0,3.0,1
3563,3.6,2023,Working,1,Latin American Studies,Male,College and Graduate School of Arts & Sciences,1,1,104,3.6,0,1,0,0,0,1,0.0,0
3564,3.6,2023,Working,1,Environmental Sciences,Male,College and Graduate School of Arts & Sciences,1,0,25,,0,1,0,0,0,0,0.0,0
3565,3.6,2023,Continuing Education,1,Global Studies - Interdisciplinary,Female,College and Graduate School of Arts & Sciences,0,1,1,,0,1,1,0,0,0,0.0,0
3566,3.6,2023,Still Looking,0,Foreign Affairs,Male,College and Graduate School of Arts & Sciences,0,1,0,,0,0,0,1,0,0,1.0,1
3567,3.6,2023,Continuing Education,3,Biology,Female,College and Graduate School of Arts & Sciences,0,1,0,,0,1,1,0,0,0,0.0,0
3568,3.6,2023,Continuing Education,1,Education - Elementary Education,Female,School of Education and Human Development,0,2,38,,0,1,1,0,1,0,0.0,0
3569,3.6,2023,Working,3,Engineering - Computer Science,Male,School of Engineering & Applied Science,1,0,16,4.23,0,1,0,0,0,0,4.0,1
3570,3.6,2023,Working,3,Engineering - Computer Science,Male,School of Engineering & Applied Science,1,0,16,3.86,0,1,0,0,0,0,4.0,1
3571,3.6,2023,Continuing Education,0,Engineering - Computer Science,Male,School of Engineering & Applied Science,0,0,2,3.77,0,0,1,0,0,0,0.0,0
3572,3.6,2023,Continuing Education,0,Engineering - Computer Science,Male,School of Engineering & Applied Science,0,0,2,,0,0,1,0,0,0,0.0,0
3573,3.6,2023,Continuing Education,1,Economics,Male,College and Graduate School of Arts & Sciences,0,1,101,3.7,0,1,1,0,0,1,0.0,0
3574,3.6,2023,Continuing Education,1,Economics,Male,College and Graduate School of Arts & Sciences,0,1,101,3.5,0,1,1,0,0,1,0.0,0
3575,3.6,2023,Still Looking,3,Engineering - Computer Science,Male,School of Engineering & Applied Science,0,3,31,3.7,1,1,0,1,1,0,0.0,0
3576,3.6,2023,Still Looking,3,Engineering - Computer Science,Male,School of Engineering & Applied Science,0,3,31,4.5,1,1,0,1,1,0,0.0,0
3577,3.6,2023,Working,0,Engineering - Computer Engineering,Male,School of Engineering & Applied Science,1,0,0,,0,0,0,0,0,0,0.0,0
3578,3.6,2023,Working,0,Engineering - Computer Engineering,Male,School of Engineering & Applied Science,1,0,0,3.57,0,0,0,0,0,0,0.0,0
3579,3.6,2023,Working,0,Engineering - Computer Engineering,Male,School of Engineering & Applied Science,1,0,0,4.0,0,0,0,0,0,0,0.0,0
3580,3.6,2023,Working,1,Economics,Female,College and Graduate School of Arts & Sciences,1,0,2,,0,1,0,0,0,0,0.0,0
3581,3.6,2023,Continuing Education,3,Economics,Female,College and Graduate School of Arts & Sciences,0,0,6,3.86,1,1,1,0,0,0,0.0,0
3582,3.6,2023,Working,3,Computer Science - Interdisciplinary,Female,College and Graduate School of Arts & Sciences,1,0,10,3.97,0,1,0,0,0,0,2.0,1
3583,3.6,2023,Working,3,Computer Science - Interdisciplinary,Female,College and Graduate School of Arts & Sciences,1,0,10,4.54,0,1,0,0,0,0,2.0,1
3584,3.6,2023,Working,0,Engineering - Biomedical Engineering,Female,School of Engineering & Applied Science,1,1,4,,0,0,0,0,0,0,0.0,0
3585,3.6,2023,Working,0,Engineering - Computer Science,Female,School of Engineering & Applied Science,1,0,0,,0,0,0,0,0,0,0.0,0
3586,3.6,2023,Working,3,Applied Statistics,Female,College and Graduate School of Arts & Sciences,1,1,27,3.57,1,1,0,0,0,0,0.0,0
3587,3.6,2023,Working,1,Psychology,Female,College and Graduate School of Arts & Sciences,1,2,59,,0,1,0,0,1,1,0.0,0
3588,3.6,2023,Working,2,Media Studies,Female,College and Graduate School of Arts & Sciences,1,2,198,,0,1,0,0,1,1,0.0,0
3589,3.6,2023,Working,0,Engineering - Biomedical Engineering,Male,School of Engineering & Applied Science,1,1,7,3.45,0,0,0,0,0,0,1.0,1
3590,3.6,2023,Not Seeking,0,English,Male,College and Graduate School of Arts & Sciences,0,0,0,,0,0,0,0,0,0,0.0,0
3591,3.6,2023,Still Looking,2,Architecture,Female,School of Architecture,0,0,0,3.81,0,1,0,1,0,0,0.0,0
3592,3.6,2023,Working,2,Engineering - Computer Science,Male,School of Engineering & Applied Science,1,1,28,3.7,0,1,0,0,0,0,0.0,0
3593,3.6,2023,Still Looking,0,English,Female,College and Graduate School of Arts & Sciences,0,0,8,3.6,0,0,0,1,0,0,0.0,0
3594,3.6,2023,Working,2,Computer Science - Interdisciplinary,Male,College and Graduate School of Arts & Sciences,1,0,8,3.95,0,1,0,0,0,0,0.0,0
3595,3.6,2023,Working,1,Engineering - Systems Engineering,Female,School of Engineering & Applied Science,1,2,64,,0,1,0,0,1,1,0.0,0
3596,3.6,2023,Working,3,Economics,Male,College and Graduate School of Arts & Sciences,1,0,0,3.87,0,1,0,0,0,0,0.0,0
3597,3.6,2023,Working,3,Economics,Male,College and Graduate School of Arts & Sciences,1,0,0,4.17,0,1,0,0,0,0,0.0,0
3598,3.6,2023,Working,1,Biology,Female,College and Graduate School of Arts & Sciences,1,0,0,3.64,0,1,0,0,0,0,0.0,0
3599,3.6,2023,Working,1,Engineering - Biomedical Engineering,Female,School of Engineering & Applied Science,1,2,26,3.76,0,1,0,0,1,0,0.0,0
3600,3.6,2023,Working,0,Engineering - Electrical Engineering,Male,School of Engineering & Applied Science,1,1,0,,0,0,0,0,0,0,0.0,0
3601,3.6,2023,Working,2,East Asian Studies - Interdisciplinary,Female,College and Graduate School of Arts & Sciences,1,4,358,,0,1,0,0,1,1,0.0,0
3602,3.6,2023,Continuing Education,1,Computer Science - Interdisciplinary,Male,College and Graduate School of Arts & Sciences,0,0,30,4.0,0,1,1,0,0,0,1.0,1
3603,3.6,2023,Working,2,Computer Science - Interdisciplinary,Female,College and Graduate School of Arts & Sciences,1,0,24,3.97,0,1,0,0,0,0,4.0,1
3604,3.6,2023,Still Looking,0,Foreign Affairs,Female,College and Graduate School of Arts & Sciences,0,4,55,,0,0,0,1,1,1,0.0,0
3605,3.6,2023,Still Looking,0,Foreign Affairs,Female,College and Graduate School of Arts & Sciences,0,4,55,3.56,0,0,0,1,1,1,0.0,0
3606,3.6,2023,Still Looking,0,Foreign Affairs,Female,College and Graduate School of Arts & Sciences,0,4,55,4.38,0,0,0,1,1,1,0.0,0
3607,3.6,2023,Continuing Education,0,Architecture - Urban & Environmental Planning,Female,School of Architecture,0,0,0,4.32,0,0,1,0,0,0,0.0,0
3608,3.6,2023,Continuing Education,0,Architecture - Urban & Environmental Planning,Female,School of Architecture,0,0,0,,0,0,1,0,0,0,0.0,0
3609,3.6,2023,Continuing Education,2,Neuroscience - Interdisciplinary,Female,College and Graduate School of Arts & Sciences,0,0,10,,0,1,1,0,0,0,0.0,0
3610,3.6,2023,Continuing Education,2,Neuroscience - Interdisciplinary,Female,College and Graduate School of Arts & Sciences,0,0,10,3.92,0,1,1,0,0,0,0.0,0
3611,3.6,2023,Working,3,Engineering - Biomedical Engineering,Female,School of Engineering & Applied Science,1,3,96,,0,1,0,0,1,1,0.0,0
3612,3.6,2023,Working,1,Education - Counselor Education,Female,School of Education and Human Development,1,0,1,,0,1,0,0,0,0,0.0,0
3613,3.6,2023,Not Seeking,2,Engineering - Chemical Engineering,Male,School of Engineering & Applied Science,0,0,0,,0,1,0,0,0,0,0.0,0
3614,3.6,2023,Working,3,Media Studies,Female,College and Graduate School of Arts & Sciences,1,3,40,,0,1,0,0,1,0,23.0,1
3615,3.6,2023,Working,2,Government,Male,College and Graduate School of Arts & Sciences,1,0,11,3.81,0,1,0,0,0,0,1.0,1
3616,3.6,2023,Continuing Education,1,Religious Studies,Male,College and Graduate School of Arts & Sciences,0,0,3,,0,1,1,0,0,0,0.0,0
3617,3.6,2023,Continuing Education,1,Religious Studies,Male,College and Graduate School of Arts & Sciences,0,0,3,3.78,0,1,1,0,0,0,0.0,0
3618,3.6,2023,Still Looking,2,Global Studies - Interdisciplinary,Female,College and Graduate School of Arts & Sciences,0,0,4,3.51,0,1,0,1,0,0,0.0,0
3619,3.6,2023,Working,1,Engineering - Systems Engineering,Female,School of Engineering & Applied Science,1,2,27,3.97,0,1,0,0,1,0,7.0,1
3620,3.6,2023,Working,2,Education - English Education,Female,School of Education and Human Development,1,1,0,3.7,0,1,0,0,0,0,0.0,0
3621,3.6,2023,Working,2,Education - English Education,Female,School of Education and Human Development,1,1,0,,0,1,0,0,0,0,0.0,0
3622,3.6,2023,Continuing Education,0,English,Female,College and Graduate School of Arts & Sciences,0,1,12,,0,0,1,0,0,0,1.0,1
3623,3.6,2023,Continuing Education,1,Statistics,Female,College and Graduate School of Arts & Sciences,0,0,2,,0,1,1,0,0,0,0.0,0
3624,3.6,2023,Working,2,Computer Science - Interdisciplinary,Male,College and Graduate School of Arts & Sciences,1,0,250,3.8,0,1,0,0,0,1,0.0,0
3625,3.6,2023,Working,1,Engineering - Electrical Engineering,Male,School of Engineering & Applied Science,1,3,54,3.93,0,1,0,0,1,1,0.0,0
3626,3.6,2023,Working,1,Engineering - Electrical Engineering,Male,School of Engineering & Applied Science,1,3,54,,0,1,0,0,1,1,0.0,0
3627,3.6,2023,Military,0,Data Science,Female,School of Data Science,0,1,0,,0,0,0,0,0,0,0.0,0
3628,3.6,2023,Continuing Education,1,Government,Female,College and Graduate School of Arts & Sciences,0,7,63,3.68,0,1,1,0,1,1,0.0,0
3629,3.6,2023,Continuing Education,1,Government,Female,College and Graduate School of Arts & Sciences,0,7,63,3.71,0,1,1,0,1,1,0.0,0
3630,3.6,2023,Working,3,Engineering - Systems Engineering,Male,School of Engineering & Applied Science,1,3,63,,0,1,0,0,1,1,0.0,0
3631,3.6,2023,Working,0,Computer Science - Interdisciplinary,Male,College and Graduate School of Arts & Sciences,1,0,54,3.8,0,0,0,0,0,1,0.0,0
3632,3.6,2023,Working,0,Biology,Female,College and Graduate School of Arts & Sciences,1,0,0,,0,0,0,0,0,0,1.0,1
3633,3.6,2023,Continuing Education,3,Engineering - Biomedical Engineering,Female,School of Engineering & Applied Science,0,3,47,3.79,0,1,1,0,1,0,0.0,0
3634,3.6,2023,Working,0,Biology,Male,College and Graduate School of Arts & Sciences,1,0,0,,0,0,0,0,0,0,0.0,0
3635,3.6,2023,Working,0,Economics,Male,College and Graduate School of Arts & Sciences,1,0,3,,0,0,0,0,0,0,0.0,0
3636,3.6,2023,Working,1,Political & Social Thought - Interdisciplinary,Male,College and Graduate School of Arts & Sciences,1,2,84,,0,1,0,0,1,1,6.0,1
3637,3.6,2023,Working,1,Computer Science - Interdisciplinary,Female,College and Graduate School of Arts & Sciences,1,0,19,,0,1,0,0,0,0,0.0,0
3638,3.6,2023,Still Looking,0,Cognitive Science - Interdisciplinary,Male,College and Graduate School of Arts & Sciences,0,3,15,3.8,0,0,0,1,1,0,1.0,1
3639,3.6,2023,Still Looking,0,Cognitive Science - Interdisciplinary,Male,College and Graduate School of Arts & Sciences,0,3,15,3.5,0,0,0,1,1,0,1.0,1
3640,3.6,2023,Still Looking,0,Engineering - Materials Science and Engineering,Female,School of Engineering & Applied Science,0,0,8,3.0,0,0,0,1,0,0,0.0,0
3641,3.6,2023,Still Looking,0,Engineering - Materials Science and Engineering,Female,School of Engineering & Applied Science,0,0,8,,0,0,0,1,0,0,0.0,0
3642,3.6,2023,Continuing Education,0,Cognitive Science - Interdisciplinary,Female,College and Graduate School of Arts & Sciences,0,0,4,,0,0,1,0,0,0,0.0,0
3643,3.6,2023,Military,1,Engineering - Engineering Science,Male,School of Engineering & Applied Science,0,0,0,3.5,0,1,0,0,0,0,0.0,0
3644,3.6,2023,Continuing Education,0,Economics,Female,College and Graduate School of Arts & Sciences,0,0,0,3.4,0,0,1,0,0,0,0.0,0
3645,3.6,2023,Not Seeking,0,Psychology,Female,College and Graduate School of Arts & Sciences,0,0,4,,0,0,0,0,0,0,0.0,0
3646,3.6,2023,Continuing Education,3,Economics,Female,College and Graduate School of Arts & Sciences,0,1,128,3.7,1,1,1,0,0,1,0.0,0
3647,3.6,2023,Continuing Education,0,Engineering - Aerospace Engineering,Male,School of Engineering & Applied Science,0,1,0,3.98,0,0,1,0,0,0,2.0,1
3648,3.6,2023,Still Looking,0,Education - Reading Education,Female,School of Education and Human Development,0,0,0,,0,0,0,1,0,0,0.0,0
3649,3.6,2023,Volunteering,1,Engineering - Computer Science,Male,School of Engineering & Applied Science,0,2,98,3.42,0,1,0,0,1,1,0.0,0
3650,3.6,2023,Military,2,Education - Kinesiology,Male,School of Education and Human Development,0,0,0,,0,1,0,0,0,0,0.0,0
3651,3.6,2023,Working,3,Education - Special Education,Female,School of Education and Human Development,1,2,0,,0,1,0,0,1,0,0.0,0
3652,3.6,2023,Working,3,Economics,Female,College and Graduate School of Arts & Sciences,1,1,110,,0,1,0,0,0,1,0.0,0
3653,3.6,2023,Working,3,Economics,Female,College and Graduate School of Arts & Sciences,1,1,110,4.0,0,1,0,0,0,1,0.0,0
3654,3.6,2023,Working,1,Middle Eastern and South Asian Languages and Cultures,Female,College and Graduate School of Arts & Sciences,1,0,8,,0,1,0,0,0,0,3.0,1
3655,3.6,2023,Continuing Education,3,Education - Kinesiology,Female,School of Education and Human Development,0,3,150,,0,1,1,0,1,1,0.0,0
3656,3.6,2023,Continuing Education,0,Engineering - Computer Science,Female,School of Engineering & Applied Science,0,11,538,4.0,0,0,1,0,1,1,0.0,0
3657,3.6,2023,Working,0,Spanish,Female,College and Graduate School of Arts & Sciences,1,0,5,,0,0,0,0,0,0,0.0,0
3658,3.6,2023,Still Looking,3,Global Studies - Interdisciplinary,Female,College and Graduate School of Arts & Sciences,0,0,0,,0,1,0,1,0,0,0.0,0
3659,3.6,2023,Continuing Education,1,Cognitive Science - Interdisciplinary,Male,College and Graduate School of Arts & Sciences,0,3,33,3.7,0,1,1,0,1,0,1.0,1
3660,3.6,2023,Working,1,Education - Kinesiology,Female,School of Education and Human Development,1,3,25,3.8,0,1,0,0,1,0,0.0,0
3661,3.6,2023,Working,2,Engineering - Aerospace Engineering,Male,School of Engineering & Applied Science,1,1,21,4.0,1,1,0,0,0,0,0.0,0
3662,3.6,2023,Working,2,Engineering - Aerospace Engineering,Male,School of Engineering & Applied Science,1,1,21,3.61,1,1,0,0,0,0,0.0,0
3663,3.6,2023,Working,3,Computer Science - Interdisciplinary,Female,College and Graduate School of Arts & Sciences,1,1,62,3.75,0,1,0,0,0,1,0.0,0
3664,3.6,2023,Working,2,Engineering - Computer Science,Male,School of Engineering & Applied Science,1,1,0,,0,1,0,0,0,0,0.0,0
3665,3.6,2023,Still Looking,1,Anthropology,Female,College and Graduate School of Arts & Sciences,0,0,6,,0,1,0,1,0,0,1.0,1
3666,3.6,2023,Still Looking,1,Anthropology,Female,College and Graduate School of Arts & Sciences,0,0,6,3.8,0,1,0,1,0,0,1.0,1
3667,3.6,2023,Working,0,History,Female,College and Graduate School of Arts & Sciences,1,0,0,,0,0,0,0,0,0,0.0,0
3668,3.6,2023,Working,0,Engineering - Mechanical Engineering,Female,School of Engineering & Applied Science,1,2,27,,0,0,0,0,1,0,0.0,0
3669,3.6,2023,Working,1,Economics,Female,College and Graduate School of Arts & Sciences,1,1,6,,0,1,0,0,0,0,0.0,0
3670,3.6,2023,Working,3,Architecture,Female,School of Architecture,1,3,16,,0,1,0,0,1,0,0.0,0
3671,3.6,2023,Working,2,Engineering - Mechanical Engineering,Female,School of Engineering & Applied Science,1,0,0,,0,1,0,0,0,0,0.0,0
3672,3.6,2023,Still Looking,0,Sociology,Female,College and Graduate School of Arts & Sciences,0,0,0,3.47,0,0,0,1,0,0,1.0,1
3673,3.6,2023,Working,0,Education - Reading Education,Female,School of Education and Human Development,1,0,0,4.0,0,0,0,0,0,0,0.0,0
3674,3.6,2023,Working,0,Education - Reading Education,Female,School of Education and Human Development,1,0,0,,0,0,0,0,0,0,0.0,0
3675,3.6,2023,Working,1,Biology,Female,College and Graduate School of Arts & Sciences,1,0,32,,0,1,0,0,0,0,4.0,1
3676,3.6,2023,Working,0,Biology,Male,College and Graduate School of Arts & Sciences,1,0,0,,0,0,0,0,0,0,0.0,0
3677,3.6,2023,Still Looking,1,Astronomy,Female,College and Graduate School of Arts & Sciences,0,0,8,3.73,0,1,0,1,0,0,1.0,1
3678,3.6,2023,Still Looking,1,Media Studies,Female,College and Graduate School of Arts & Sciences,0,0,78,3.9,0,1,0,1,0,1,0.0,0
3679,3.6,2023,Working,2,Engineering - Biomedical Engineering,Male,School of Engineering & Applied Science,1,3,20,,0,1,0,0,1,0,0.0,0
3680,3.6,2023,Working,2,Engineering - Biomedical Engineering,Male,School of Engineering & Applied Science,1,3,20,3.94,0,1,0,0,1,0,0.0,0
3681,3.6,2023,Working,2,Architecture - Urban & Environmental Planning,Male,School of Architecture,1,3,2,,0,1,0,0,1,0,0.0,0
3682,3.6,2023,Working,2,Foreign Affairs,Female,College and Graduate School of Arts & Sciences,1,9,68,3.65,1,1,0,0,1,1,0.0,0
3683,3.6,2023,Working,0,Computer Science - Interdisciplinary,Male,College and Graduate School of Arts & Sciences,1,3,49,3.95,0,0,0,0,1,1,0.0,0
3684,3.6,2023,Continuing Education,3,Architecture,Female,School of Architecture,0,1,9,,1,1,1,0,0,0,13.0,1
3685,3.6,2023,Working,2,Engineering - Computer Science,Female,School of Engineering & Applied Science,1,1,13,4.52,0,1,0,0,0,0,0.0,0
3686,3.6,2023,Working,2,Engineering - Computer Science,Female,School of Engineering & Applied Science,1,1,13,,0,1,0,0,0,0,0.0,0
3687,3.6,2023,Working,2,Economics,Male,College and Graduate School of Arts & Sciences,1,5,141,3.94,0,1,0,0,1,1,2.0,1
3688,3.6,2023,Working,2,Economics,Male,College and Graduate School of Arts & Sciences,1,5,141,3.9,0,1,0,0,1,1,2.0,1
3689,3.6,2023,Still Looking,0,Architecture,Male,School of Architecture,0,2,8,,0,0,0,1,1,0,0.0,0
3690,3.6,2023,Working,3,Economics,Female,College and Graduate School of Arts & Sciences,1,4,30,3.76,1,1,0,0,1,0,0.0,0
3691,3.6,2023,Still Looking,3,Architecture - Urban & Environmental Planning,Female,School of Architecture,0,0,1,,0,1,0,1,0,0,1.0,1
3692,3.6,2023,Working,2,Economics,Female,College and Graduate School of Arts & Sciences,1,1,8,,0,1,0,0,0,0,2.0,1
3693,3.6,2023,Working,1,Architecture - Urban & Environmental Planning,Female,School of Architecture,1,1,3,,0,1,0,0,0,0,0.0,0
3694,3.6,2023,Working,1,Architecture - Urban & Environmental Planning,Female,School of Architecture,1,1,3,3.5,0,1,0,0,0,0,0.0,0
3695,3.6,2023,Still Looking,0,Architecture,Female,School of Architecture,0,1,19,3.4,0,0,0,1,0,0,2.0,1
3696,3.6,2023,Still Looking,0,Architecture,Female,School of Architecture,0,1,19,,0,0,0,1,0,0,2.0,1
3697,3.6,2023,Continuing Education,2,Political Philosophy Policy & Law - Interdisciplinary,Female,College and Graduate School of Arts & Sciences,0,0,0,3.87,0,1,1,0,0,0,1.0,1
3698,3.6,2023,Working,0,Psychology,Female,College and Graduate School of Arts & Sciences,1,1,2,,0,0,0,0,0,0,0.0,0
3699,3.6,2023,Working,0,English,Female,College and Graduate School of Arts & Sciences,1,0,0,,0,0,0,0,0,0,0.0,0
3700,3.6,2023,Working,0,Engineering - Electrical Engineering,Male,School of Engineering & Applied Science,1,0,105,3.61,0,0,0,0,0,1,0.0,0
3701,3.6,2023,Working,0,Engineering - Electrical Engineering,Male,School of Engineering & Applied Science,1,0,105,4.21,0,0,0,0,0,1,0.0,0
3702,3.6,2023,Working,0,Engineering - Electrical Engineering,Male,School of Engineering & Applied Science,1,0,105,,0,0,0,0,0,1,0.0,0
3703,3.6,2023,Working,2,Engineering - Computer Science,Female,School of Engineering & Applied Science,1,5,136,3.9,0,1,0,0,1,1,0.0,0
3704,3.6,2023,Still Looking,0,History,Male,College and Graduate School of Arts & Sciences,0,1,0,,0,0,0,1,0,0,1.0,1
3705,3.6,2023,Fellowship,3,Political & Social Thought - Interdisciplinary,Female,College and Graduate School of Arts & Sciences,0,1,8,,0,1,0,0,0,0,0.0,0
3706,3.6,2023,Working,0,Biology,Female,College and Graduate School of Arts & Sciences,1,0,0,,0,0,0,0,0,0,0.0,0
3707,3.6,2023,Working,0,Spanish,Male,College and Graduate School of Arts & Sciences,1,0,0,,0,0,0,0,0,0,0.0,0
3708,3.6,2023,Continuing Education,0,Cognitive Science - Interdisciplinary,Male,College and Graduate School of Arts & Sciences,0,0,0,,0,0,1,0,0,0,0.0,0
3709,3.6,2023,Still Looking,3,Engineering - Computer Science,Male,School of Engineering & Applied Science,0,1,98,3.9,0,1,0,1,0,1,0.0,0
3710,3.6,2023,Still Looking,3,Engineering - Computer Science,Male,School of Engineering & Applied Science,0,1,98,3.45,0,1,0,1,0,1,0.0,0
3711,3.6,2023,Still Looking,0,English,Female,College and Graduate School of Arts & Sciences,0,0,28,,0,0,0,1,0,0,1.0,1
3712,3.6,2023,Working,0,Education - Curriculum & Instruction,Male,School of Education and Human Development,1,0,17,,0,0,0,0,0,0,0.0,0
3713,3.6,2023,Working,0,Global Studies - Interdisciplinary,Female,College and Graduate School of Arts & Sciences,1,2,2,,0,0,0,0,1,0,0.0,0
3714,3.6,2023,Continuing Education,1,Political Philosophy Policy & Law - Interdisciplinary,Female,College and Graduate School of Arts & Sciences,0,0,0,,0,1,1,0,0,0,0.0,0
3715,3.6,2023,Working,3,Engineering - Computer Science,Male,School of Engineering & Applied Science,1,0,0,,0,1,0,0,0,0,0.0,0
3716,3.6,2023,Working,3,Engineering - Computer Science,Male,School of Engineering & Applied Science,1,0,0,3.95,0,1,0,0,0,0,0.0,0
3717,3.6,2023,Working,1,Architecture - Urban & Environmental Planning,Male,School of Architecture,1,0,7,,0,1,0,0,0,0,0.0,0
3718,3.6,2023,Still Looking,1,Education - Social Studies Education,Male,School of Education and Human Development,0,1,0,,0,1,0,1,0,0,0.0,0
3719,3.6,2023,Working,2,Engineering - Computer Science,Female,School of Engineering & Applied Science,1,1,33,,0,1,0,0,0,0,0.0,0
3720,3.6,2023,Working,3,Education - Elementary Education,Female,School of Education and Human Development,1,1,0,,0,1,0,0,0,0,0.0,0
3721,3.6,2023,Still Looking,3,English,Female,College and Graduate School of Arts & Sciences,0,2,124,3.6,0,1,0,1,1,1,0.0,0
3722,3.6,2023,Still Looking,3,English,Female,College and Graduate School of Arts & Sciences,0,2,124,,0,1,0,1,1,1,0.0,0
3723,3.6,2023,Working,0,Engineering - Mechanical Engineering,Male,School of Engineering & Applied Science,1,0,207,,0,0,0,0,0,1,0.0,0
3724,3.6,2023,Working,0,Engineering - Mechanical & Aerospace Engineering,Female,School of Engineering & Applied Science,1,1,0,,0,0,0,0,0,0,0.0,0
3725,3.6,2023,Working,0,Engineering - Mechanical & Aerospace Engineering,Female,School of Engineering & Applied Science,1,1,0,3.51,0,0,0,0,0,0,0.0,0
3726,3.6,2023,Working,1,Mathematics,Male,College and Graduate School of Arts & Sciences,1,1,276,3.7,0,1,0,0,0,1,0.0,0
3727,3.6,2023,Not Seeking,0,Psychology,Female,College and Graduate School of Arts & Sciences,0,0,0,3.8,0,0,0,0,0,0,0.0,0
3728,3.6,2023,Still Looking,0,Linguistics,Female,College and Graduate School of Arts & Sciences,0,0,0,,0,0,0,1,0,0,0.0,0
3729,3.6,2023,Working,0,Education - Elementary Education,Female,School of Education and Human Development,1,2,0,,0,0,0,0,1,0,0.0,0
3730,3.6,2023,Working,0,Engineering - Civil Engineering,Male,School of Engineering & Applied Science,1,2,0,3.85,0,0,0,0,1,0,0.0,0
3731,3.6,2023,Working,0,Engineering - Civil Engineering,Male,School of Engineering & Applied Science,1,2,0,3.36,0,0,0,0,1,0,0.0,0
3732,3.6,2023,Working,0,Interdisciplinary (SCPS-BIS),Female,School of Continuing and Professional Studies,1,0,0,3.39,0,0,0,0,0,0,0.0,0
3733,3.6,2023,Working,0,Interdisciplinary (SCPS-BIS),Female,School of Continuing and Professional Studies,1,0,0,4.0,0,0,0,0,0,0,0.0,0
3734,3.6,2023,Fellowship,0,Cognitive Science - Interdisciplinary,Female,College and Graduate School of Arts & Sciences,0,0,0,,0,0,0,0,0,0,5.0,1
3735,3.6,2023,Continuing Education,2,Engineering - Mechanical Engineering,Male,School of Engineering & Applied Science,0,3,0,,0,1,1,0,1,0,2.0,1
3736,3.6,2023,Not Seeking,0,Philosophy,Female,College and Graduate School of Arts & Sciences,0,0,0,,0,0,0,0,0,0,0.0,0
3737,3.6,2023,Still Looking,2,Education - Youth & Social Innovation,Female,School of Education and Human Development,0,3,32,3.85,0,1,0,1,1,0,4.0,1
3738,3.6,2023,Continuing Education,3,Foreign Affairs,Male,College and Graduate School of Arts & Sciences,0,4,117,,0,1,1,0,1,1,0.0,0
3739,3.6,2023,Continuing Education,3,Foreign Affairs,Male,College and Graduate School of Arts & Sciences,0,4,117,3.85,0,1,1,0,1,1,0.0,0
3740,3.6,2023,Working,2,Computer Science - Interdisciplinary,Female,College and Graduate School of Arts & Sciences,1,0,128,3.8,0,1,0,0,0,1,0.0,0
3741,3.6,2023,Continuing Education,2,Media Studies,Female,College and Graduate School of Arts & Sciences,0,0,31,3.9,0,1,1,0,0,0,0.0,0
3742,3.6,2023,Continuing Education,2,Media Studies,Female,College and Graduate School of Arts & Sciences,0,0,31,4.0,0,1,1,0,0,0,0.0,0
3743,3.6,2023,Continuing Education,3,Foreign Affairs,Female,College and Graduate School of Arts & Sciences,0,2,18,,0,1,1,0,1,0,2.0,1
3744,3.6,2023,Working,3,Cognitive Science - Interdisciplinary,Female,College and Graduate School of Arts & Sciences,1,7,26,4.0,0,1,0,0,1,0,0.0,0
3745,3.6,2023,Working,3,Cognitive Science - Interdisciplinary,Female,College and Graduate School of Arts & Sciences,1,7,26,,0,1,0,0,1,0,0.0,0
3746,3.6,2023,Military,1,Computer Science - Interdisciplinary,Male,College and Graduate School of Arts & Sciences,0,1,10,,0,1,0,0,0,0,0.0,0
3747,3.6,2023,Still Looking,0,Psychology,Female,College and Graduate School of Arts & Sciences,0,0,2,,0,0,0,1,0,0,0.0,0
3748,3.6,2023,Still Looking,2,Architecture,Female,School of Architecture,0,0,0,,0,1,0,1,0,0,0.0,0
3749,3.6,2023,Continuing Education,2,Government,Male,College and Graduate School of Arts & Sciences,0,0,3,,1,1,1,0,0,0,0.0,0
3750,3.6,2023,Fellowship,0,English,Female,College and Graduate School of Arts & Sciences,0,0,0,,0,0,0,0,0,0,0.0,0
3751,3.6,2023,Working,2,Engineering - Computer Science,Male,School of Engineering & Applied Science,1,4,26,,0,1,0,0,1,0,0.0,0
3752,3.6,2023,Continuing Education,1,Classics,Female,College and Graduate School of Arts & Sciences,0,0,6,,0,1,1,0,0,0,2.0,1
3753,3.6,2023,Continuing Education,1,Classics,Female,College and Graduate School of Arts & Sciences,0,0,6,3.9,0,1,1,0,0,0,2.0,1
3754,3.6,2023,Working,1,Engineering - Systems Engineering,Male,School of Engineering & Applied Science,1,0,66,,0,1,0,0,0,1,0.0,0
3755,3.6,2023,Working,1,Education - Counselor Education,Female,School of Education and Human Development,1,0,0,,0,1,0,0,0,0,0.0,0
3756,3.6,2023,Still Looking,0,Physics,Male,College and Graduate School of Arts & Sciences,0,0,0,,0,0,0,1,0,0,0.0,0
3757,3.6,2023,Still Looking,1,Education - Higher Education,Male,School of Education and Human Development,0,0,0,,0,1,0,1,0,0,0.0,0
3758,3.6,2023,Working,2,Education - Social Studies Education,Male,School of Education and Human Development,1,1,0,3.97,0,1,0,0,0,0,0.0,0
3759,3.6,2023,Working,3,Engineering - Biomedical Engineering,Female,School of Engineering & Applied Science,1,3,16,,0,1,0,0,1,0,7.0,1
3760,3.6,2023,Still Looking,0,Government,Male,College and Graduate School of Arts & Sciences,0,0,142,,0,0,0,1,0,1,0.0,0
3761,3.6,2023,Still Looking,3,Global Studies - Interdisciplinary,Female,College and Graduate School of Arts & Sciences,0,5,462,,0,1,0,1,1,1,0.0,0
3762,3.6,2023,Still Looking,1,Engineering - Electrical Engineering,Male,School of Engineering & Applied Science,0,0,0,,0,1,0,1,0,0,0.0,0
3763,3.6,2023,Working,2,Engineering - Systems Engineering,Female,School of Engineering & Applied Science,1,0,16,3.95,0,1,0,0,0,0,0.0,0
3764,3.6,2023,Still Looking,1,Art - Art History,Female,College and Graduate School of Arts & Sciences,0,0,2,,0,1,0,1,0,0,0.0,0
3765,3.6,2023,Continuing Education,2,English,Female,College and Graduate School of Arts & Sciences,0,0,0,3.75,0,1,1,0,0,0,1.0,1
3766,3.6,2023,Continuing Education,2,English,Female,College and Graduate School of Arts & Sciences,0,0,0,,0,1,1,0,0,0,1.0,1
3767,3.6,2023,Working,0,Anthropology,Female,College and Graduate School of Arts & Sciences,1,0,0,3.74,0,0,0,0,0,0,0.0,0
3768,3.6,2023,Working,0,Anthropology,Female,College and Graduate School of Arts & Sciences,1,0,0,3.67,0,0,0,0,0,0,0.0,0
3769,3.6,2023,Still Looking,0,Physics,Female,College and Graduate School of Arts & Sciences,0,6,2,,0,0,0,1,1,0,0.0,0
3770,3.6,2023,Working,1,Engineering - Systems Engineering,Male,School of Engineering & Applied Science,1,4,36,,0,1,0,0,1,0,0.0,0
3771,3.6,2023,Working,1,Engineering - Systems Engineering,Male,School of Engineering & Applied Science,1,4,36,3.96,0,1,0,0,1,0,0.0,0
3772,3.6,2023,Continuing Education,2,Archaeology - Interdisciplinary,Female,College and Graduate School of Arts & Sciences,0,0,0,,0,1,1,0,0,0,4.0,1
3773,3.6,2023,Working,2,Foreign Affairs,Female,College and Graduate School of Arts & Sciences,1,3,146,3.78,0,1,0,0,1,1,0.0,0
3774,3.6,2023,Working,2,Foreign Affairs,Female,College and Graduate School of Arts & Sciences,1,3,146,4.55,0,1,0,0,1,1,0.0,0
3775,3.6,2023,Still Looking,1,Education - Curriculum & Instruction,Female,School of Education and Human Development,0,0,3,,0,1,0,1,0,0,1.0,1
3776,3.6,2023,Working,1,Engineering - Electrical Engineering,Male,School of Engineering & Applied Science,1,3,50,,0,1,0,0,1,1,0.0,0
3777,3.6,2023,Working,2,Engineering - Computer Science,Male,School of Engineering & Applied Science,1,1,15,3.88,0,1,0,0,0,0,0.0,0
3778,3.6,2023,Working,3,Engineering - Computer Science,Male,School of Engineering & Applied Science,1,4,89,3.62,1,1,0,0,1,1,0.0,0
3779,3.6,2023,Working,3,Education - Speech Communication Disorders,Female,School of Education and Human Development,1,0,1,,0,1,0,0,0,0,0.0,0
3780,3.6,2023,Working,3,Mathematics,Male,College and Graduate School of Arts & Sciences,1,0,142,3.85,0,1,0,0,0,1,3.0,1
3781,3.6,2023,Working,3,Mathematics,Male,College and Graduate School of Arts & Sciences,1,0,142,3.2,0,1,0,0,0,1,3.0,1
3782,3.6,2023,Working,1,Engineering - Civil Engineering,Male,School of Engineering & Applied Science,1,4,4,3.89,0,1,0,0,1,0,0.0,0
3783,3.6,2023,Working,1,Engineering - Computer Science,Male,School of Engineering & Applied Science,1,1,114,3.54,0,1,0,0,0,1,0.0,0
3784,3.6,2023,Working,1,Engineering - Computer Science,Male,School of Engineering & Applied Science,1,1,114,3.77,0,1,0,0,0,1,0.0,0
3785,3.6,2023,Still Looking,1,Architecture - Urban & Environmental Planning,Female,School of Architecture,0,2,7,4.0,0,1,0,1,1,0,0.0,0
3786,3.6,2023,Still Looking,1,Biology,Female,College and Graduate School of Arts & Sciences,0,0,0,,0,1,0,1,0,0,2.0,1
3787,3.6,2023,Working,1,Engineering - Mechanical Engineering,Male,School of Engineering & Applied Science,1,2,89,,0,1,0,0,1,1,0.0,0
3788,3.6,2023,Working,1,Cognitive Science - Interdisciplinary,Female,College and Graduate School of Arts & Sciences,1,0,0,,0,1,0,0,0,0,0.0,0
3789,3.6,2023,Working,0,Education - Reading Education,Female,School of Education and Human Development,1,0,0,,0,0,0,0,0,0,0.0,0
3790,3.6,2023,Working,2,American Studies - Interdisciplinary,Female,College and Graduate School of Arts & Sciences,1,1,0,,0,1,0,0,0,0,1.0,1
3791,3.6,2023,Working,1,Human Biology - Interdisciplinary,Female,College and Graduate School of Arts & Sciences,1,0,4,,0,1,0,0,0,0,0.0,0
3792,3.6,2023,Working,0,Environmental Sciences,Male,College and Graduate School of Arts & Sciences,1,3,2,,0,0,0,0,1,0,0.0,0
3793,3.6,2023,Working,0,Environmental Sciences,Male,College and Graduate School of Arts & Sciences,1,3,2,3.93,0,0,0,0,1,0,0.0,0
3794,3.6,2023,Working,0,Environmental Sciences,Male,College and Graduate School of Arts & Sciences,1,3,2,4.0,0,0,0,0,1,0,0.0,0
3795,3.6,2023,Still Looking,1,American Studies - Interdisciplinary,Male,College and Graduate School of Arts & Sciences,0,2,55,3.82,0,1,0,1,1,1,0.0,0
3796,3.6,2023,Working,2,Engineering - Systems Engineering,Female,School of Engineering & Applied Science,1,7,131,,0,1,0,0,1,1,0.0,0
3797,3.6,2023,Still Looking,2,Mathematics,Male,College and Graduate School of Arts & Sciences,0,1,31,,0,1,0,1,0,0,0.0,0
3798,3.6,2023,Working,2,Economics,Male,College and Graduate School of Arts & Sciences,1,3,10,4.0,0,1,0,0,1,0,1.0,1
3799,3.6,2023,Working,2,Economics,Male,College and Graduate School of Arts & Sciences,1,3,10,3.84,0,1,0,0,1,0,1.0,1
3800,3.6,2023,Still Looking,1,Philosophy,Male,College and Graduate School of Arts & Sciences,0,2,107,3.84,0,1,0,1,1,1,0.0,0
3801,3.6,2023,Still Looking,1,Philosophy,Male,College and Graduate School of Arts & Sciences,0,2,107,,0,1,0,1,1,1,0.0,0
3802,3.6,2023,Working,2,Statistics,Female,College and Graduate School of Arts & Sciences,1,1,3,,0,1,0,0,0,0,0.0,0
3803,3.6,2023,Working,0,Engineering - Mechanical Engineering,Male,School of Engineering & Applied Science,1,2,55,4.13,0,0,0,0,1,1,0.0,0
3804,3.6,2023,Working,0,Engineering - Mechanical Engineering,Male,School of Engineering & Applied Science,1,2,55,3.15,0,0,0,0,1,1,0.0,0
3805,3.6,2023,Working,0,Philosophy,Male,College and Graduate School of Arts & Sciences,1,3,128,,0,0,0,0,1,1,0.0,0
3806,3.6,2023,Continuing Education,2,Engineering - Biomedical Engineering,Female,School of Engineering & Applied Science,0,2,5,3.87,0,1,1,0,1,0,0.0,0
3807,3.6,2023,Continuing Education,2,Engineering - Biomedical Engineering,Female,School of Engineering & Applied Science,0,2,5,,0,1,1,0,1,0,0.0,0
3808,3.6,2023,Working,0,Interdisciplinary (SCPS-BIS),Female,School of Continuing and Professional Studies,1,0,0,,0,0,0,0,0,0,0.0,0
3809,3.6,2023,Working,2,Architecture,Female,School of Architecture,1,2,0,3.88,0,1,0,0,1,0,4.0,1
3810,3.6,2023,Working,1,Architecture - Urban & Environmental Planning,Female,School of Architecture,1,1,2,3.78,0,1,0,0,0,0,0.0,0
3811,3.6,2023,Continuing Education,3,Physics,Female,College and Graduate School of Arts & Sciences,0,1,0,,0,1,1,0,0,0,0.0,0
3812,3.6,2023,Working,1,Architecture,Female,School of Architecture,1,0,0,3.92,0,1,0,0,0,0,0.0,0
3813,3.6,2023,Still Looking,1,Architecture - Urban & Environmental Planning,Female,School of Architecture,0,3,8,,0,1,0,1,1,0,0.0,0
3814,3.6,2023,Working,0,Architecture,Male,School of Architecture,1,0,10,,0,0,0,0,0,0,3.0,1
3815,3.6,2023,Still Looking,1,Engineering - Computer Science,Male,School of Engineering & Applied Science,0,0,2,,0,1,0,1,0,0,0.0,0
3816,3.6,2023,Still Looking,0,Anthropology,Female,College and Graduate School of Arts & Sciences,0,2,0,4.0,0,0,0,1,1,0,4.0,1
3817,3.6,2023,Continuing Education,0,Spanish,Female,College and Graduate School of Arts & Sciences,0,0,0,,0,0,1,0,0,0,0.0,0
3818,3.6,2023,Continuing Education,3,Media Studies,Male,College and Graduate School of Arts & Sciences,0,1,289,,0,1,1,0,0,1,0.0,0
3819,3.6,2023,Continuing Education,3,Media Studies,Male,College and Graduate School of Arts & Sciences,0,1,289,3.7,0,1,1,0,0,1,0.0,0
3820,3.6,2023,Continuing Education,1,Media Studies,Female,College and Graduate School of Arts & Sciences,0,0,11,,0,1,1,0,0,0,1.0,1
3821,3.6,2023,Military,0,Global Studies - Interdisciplinary,Female,College and Graduate School of Arts & Sciences,0,0,4,,0,0,0,0,0,0,1.0,1
3822,3.6,2023,Continuing Education,0,Psychology,Female,College and Graduate School of Arts & Sciences,0,1,0,3.61,0,0,1,0,0,0,1.0,1
3823,3.6,2023,Working,1,Engineering - Computer Science,Male,School of Engineering & Applied Science,1,7,34,3.93,0,1,0,0,1,0,0.0,0
3824,3.6,2023,Working,2,Statistics,Female,College and Graduate School of Arts & Sciences,1,2,40,3.9,0,1,0,0,1,0,0.0,0
3825,3.6,2023,Continuing Education,2,Statistics,Female,College and Graduate School of Arts & Sciences,0,0,4,3.65,0,1,1,0,0,0,0.0,0
3826,3.6,2023,Working,0,Biology,Female,College and Graduate School of Arts & Sciences,1,0,10,,0,0,0,0,0,0,0.0,0
3827,3.6,2023,Working,1,Applied Statistics,Male,College and Graduate School of Arts & Sciences,1,0,57,,0,1,0,0,0,1,0.0,0
3828,3.6,2023,Still Looking,2,Government,Male,College and Graduate School of Arts & Sciences,0,6,840,,0,1,0,1,1,1,1.0,1
3829,3.6,2023,Working,0,Education - Science Education,Female,School of Education and Human Development,1,1,0,,0,0,0,0,0,0,0.0,0
3830,3.6,2023,Continuing Education,1,Environmental Sciences,Female,College and Graduate School of Arts & Sciences,0,0,6,3.5,0,1,1,0,0,0,0.0,0
3831,3.6,2023,Working,1,Engineering - Systems Engineering,Male,School of Engineering & Applied Science,1,0,28,4.7,0,1,0,0,0,0,0.0,0
3832,3.6,2023,Working,1,Engineering - Systems Engineering,Male,School of Engineering & Applied Science,1,0,28,3.63,0,1,0,0,0,0,0.0,0
3833,3.6,2023,Continuing Education,3,History,Female,College and Graduate School of Arts & Sciences,0,0,2,,0,1,1,0,0,0,0.0,0
3834,3.6,2023,Working,2,Engineering - Mechanical Engineering,Male,School of Engineering & Applied Science,1,0,0,3.2,1,1,0,0,0,0,2.0,1
3835,3.6,2023,Still Looking,0,Applied Statistics,Male,College and Graduate School of Arts & Sciences,0,1,8,,0,0,0,1,0,0,0.0,0
3836,3.6,2023,Continuing Education,1,English,Female,College and Graduate School of Arts & Sciences,0,0,28,,1,1,1,0,0,0,0.0,0
3837,3.6,2023,Still Looking,0,Computer Science - Interdisciplinary,Male,College and Graduate School of Arts & Sciences,0,1,0,3.4,0,0,0,1,0,0,0.0,0
3838,3.6,2023,Working,1,History,Male,College and Graduate School of Arts & Sciences,1,1,17,,0,1,0,0,0,0,0.0,0
3839,3.6,2023,Continuing Education,2,Media Studies,Female,College and Graduate School of Arts & Sciences,0,1,10,,0,1,1,0,0,0,0.0,0
3840,3.6,2023,Working,2,Education - Elementary Education,Female,School of Education and Human Development,1,1,0,,0,1,0,0,0,0,2.0,1
3841,3.6,2023,Working,2,Computer Science - Interdisciplinary,Female,College and Graduate School of Arts & Sciences,1,0,69,3.73,0,1,0,0,0,1,0.0,0
3842,3.6,2023,Working,0,Engineering - Civil Engineering,Male,School of Engineering & Applied Science,1,1,0,,0,0,0,0,0,0,3.0,1
3843,3.6,2023,Working,0,Engineering - Systems Engineering,Female,School of Engineering & Applied Science,1,3,46,,0,0,0,0,1,0,1.0,1
3844,3.6,2023,Working,1,Music,Male,College and Graduate School of Arts & Sciences,1,3,20,3.82,0,1,0,0,1,0,0.0,0
3845,3.6,2023,Working,2,Computer Science - Interdisciplinary,Male,College and Graduate School of Arts & Sciences,1,0,2,,0,1,0,0,0,0,0.0,0
3846,3.6,2023,Still Looking,3,Urban Development,Female,School of Architecture,0,0,9,,0,1,0,1,0,0,0.0,0
3847,3.6,2023,Working,1,Biology,Female,College and Graduate School of Arts & Sciences,1,0,0,,0,1,0,0,0,0,0.0,0
3848,3.6,2023,Working,0,English,Female,College and Graduate School of Arts & Sciences,1,0,0,3.9,0,0,0,0,0,0,0.0,0
3849,3.6,2023,Working,2,Media Studies,Female,College and Graduate School of Arts & Sciences,1,0,14,,0,1,0,0,0,0,6.0,1
3850,3.6,2023,Continuing Education,0,Biology,Female,College and Graduate School of Arts & Sciences,0,0,0,3.39,0,0,1,0,0,0,0.0,0
3851,3.6,2023,Working,1,Education - Counselor Education,Female,School of Education and Human Development,1,1,0,,0,1,0,0,0,0,0.0,0
3852,3.6,2023,Continuing Education,1,Economics,Male,College and Graduate School of Arts & Sciences,0,0,0,3.51,0,1,1,0,0,0,0.0,0
3853,3.6,2023,Still Looking,3,Engineering - Computer Science,Male,School of Engineering & Applied Science,0,0,3,3.74,0,1,0,1,0,0,0.0,0
3854,3.6,2023,Still Looking,3,Engineering - Computer Science,Male,School of Engineering & Applied Science,0,0,3,3.7,0,1,0,1,0,0,0.0,0
3855,3.6,2023,Still Looking,0,Art - Studio Art,Male,College and Graduate School of Arts & Sciences,0,0,2,,0,0,0,1,0,0,0.0,0
3856,3.6,2023,Still Looking,2,Statistics,Male,College and Graduate School of Arts & Sciences,0,8,87,3.7,0,1,0,1,1,1,3.0,1
3857,3.6,2023,Still Looking,2,Statistics,Male,College and Graduate School of Arts & Sciences,0,8,87,3.72,0,1,0,1,1,1,3.0,1
3858,3.6,2023,Not Seeking,0,Anthropology,Female,College and Graduate School of Arts & Sciences,0,0,0,,0,0,0,0,0,0,0.0,0
3859,3.6,2023,Working,0,Philosophy,Male,College and Graduate School of Arts & Sciences,1,0,0,,0,0,0,0,0,0,0.0,0
3860,3.6,2023,Still Looking,1,Education - Youth & Social Innovation,Female,School of Education and Human Development,0,0,30,3.98,0,1,0,1,0,0,0.0,0
3861,3.6,2023,Military,0,Health Sciences Management (SCPS),Female,School of Continuing and Professional Studies,0,0,0,,0,0,0,0,0,0,0.0,0
3862,3.6,2023,Working,0,Engineering - Mechanical & Aerospace Engineering,Female,School of Engineering & Applied Science,1,0,0,,0,0,0,0,0,0,0.0,0
3863,3.6,2023,Working,0,Psychology,Female,College and Graduate School of Arts & Sciences,1,0,4,,0,0,0,0,0,0,0.0,0
3864,3.6,2023,Working,0,Psychology,Female,College and Graduate School of Arts & Sciences,1,0,4,3.75,0,0,0,0,0,0,0.0,0
3865,3.6,2023,Working,2,Engineering - Systems Engineering,Male,School of Engineering & Applied Science,1,1,7,3.87,0,1,0,0,0,0,1.0,1
3866,3.6,2023,Working,2,Engineering - Systems Engineering,Male,School of Engineering & Applied Science,1,1,7,4.61,0,1,0,0,0,0,1.0,1
3867,3.6,2023,Still Looking,2,Foreign Affairs,Female,College and Graduate School of Arts & Sciences,0,0,118,,0,1,0,1,0,1,0.0,0
3868,3.6,2023,Working,1,Computer Science - Interdisciplinary,Female,College and Graduate School of Arts & Sciences,1,4,230,,0,1,0,0,1,1,0.0,0
3869,3.6,2023,Working,3,Art - Art History,Female,College and Graduate School of Arts & Sciences,1,0,4,,0,1,0,0,0,0,0.0,0
3870,3.6,2023,Still Looking,1,Sociology,Male,College and Graduate School of Arts & Sciences,0,0,9,,0,1,0,1,0,0,1.0,1
3871,3.6,2023,Still Looking,1,Global Studies - Interdisciplinary,Male,College and Graduate School of Arts & Sciences,0,1,59,3.65,0,1,0,1,0,1,4.0,1
3872,3.6,2023,Continuing Education,3,Cognitive Science - Interdisciplinary,Female,College and Graduate School of Arts & Sciences,0,1,30,,0,1,1,0,0,0,1.0,1
3873,3.6,2023,Working,1,Engineering - Computer Science,Male,School of Engineering & Applied Science,1,0,2,,0,1,0,0,0,0,0.0,0
3874,3.6,2023,Working,1,Spanish,Female,College and Graduate School of Arts & Sciences,1,2,106,,0,1,0,0,1,1,5.0,1
3875,3.6,2023,Working,1,Engineering - Computer Science,Female,School of Engineering & Applied Science,1,0,91,3.94,0,1,0,0,0,1,0.0,0
3876,3.6,2023,Working,2,Engineering - Computer Science,Male,School of Engineering & Applied Science,1,0,25,4.0,0,1,0,0,0,0,0.0,0
3877,3.6,2023,Working,2,Engineering - Computer Science,Male,School of Engineering & Applied Science,1,0,25,,0,1,0,0,0,0,0.0,0
3878,3.6,2023,Continuing Education,0,Biology,Female,College and Graduate School of Arts & Sciences,0,0,0,,0,0,1,0,0,0,2.0,1
3879,3.6,2023,Continuing Education,1,Government,Female,College and Graduate School of Arts & Sciences,0,1,21,3.98,0,1,1,0,0,0,0.0,0
3880,3.6,2023,Working,1,Psychology,Female,College and Graduate School of Arts & Sciences,1,0,24,,0,1,0,0,0,0,0.0,0
3881,3.6,2023,Still Looking,2,Media Studies,Male,College and Graduate School of Arts & Sciences,0,1,26,,0,1,0,1,0,0,4.0,1
3882,3.6,2023,Working,1,Engineering - Systems Engineering,Male,School of Engineering & Applied Science,1,0,6,3.7,0,1,0,0,0,0,0.0,0
3883,3.6,2023,Working,0,Education - Elementary Education,Female,School of Education and Human Development,1,1,1,3.96,0,0,0,0,0,0,0.0,0
3884,3.6,2023,Working,0,Education - Elementary Education,Female,School of Education and Human Development,1,1,1,3.76,0,0,0,0,0,0,0.0,0
3885,3.6,2023,Still Looking,2,Cognitive Science - Interdisciplinary,Female,College and Graduate School of Arts & Sciences,0,0,197,3.45,0,1,0,1,0,1,1.0,1
3886,3.6,2023,Still Looking,1,Psychology,Female,College and Graduate School of Arts & Sciences,0,2,15,3.8,0,1,0,1,1,0,1.0,1
3887,3.6,2023,Continuing Education,0,Psychology,Female,College and Graduate School of Arts & Sciences,0,0,0,3.79,0,0,1,0,0,0,0.0,0
3888,3.6,2023,Working,0,Engineering - Systems Engineering,Female,School of Engineering & Applied Science,1,1,43,,0,0,0,0,0,0,0.0,0
3889,3.6,2023,Working,2,Cognitive Science - Interdisciplinary,Female,College and Graduate School of Arts & Sciences,1,0,0,3.4,1,1,0,0,0,0,8.0,1
3890,3.6,2023,Continuing Education,3,Education - Special Education,Female,School of Education and Human Development,0,1,0,,0,1,1,0,0,0,0.0,0
3891,3.6,2023,Working,0,Engineering - Materials Science and Engineering,Male,School of Engineering & Applied Science,1,4,23,3.61,0,0,0,0,1,0,3.0,1
3892,3.6,2023,Working,0,Engineering - Materials Science and Engineering,Male,School of Engineering & Applied Science,1,4,23,,0,0,0,0,1,0,3.0,1
3893,3.6,2023,Continuing Education,2,Engineering - Systems Engineering,Female,School of Engineering & Applied Science,0,1,43,,0,1,1,0,0,0,0.0,0
3894,3.6,2023,Continuing Education,0,Education - Kinesiology,Female,School of Education and Human Development,0,0,49,,0,0,1,0,0,1,0.0,0
3895,3.6,2023,Continuing Education,0,Education - Kinesiology,Female,School of Education and Human Development,0,0,49,3.95,0,0,1,0,0,1,0.0,0
3896,3.6,2023,Continuing Education,0,Education - Speech Communication Disorders,Female,School of Education and Human Development,0,0,0,,0,0,1,0,0,0,0.0,0
3897,3.6,2023,Continuing Education,0,East Asian Studies - Interdisciplinary,Female,College and Graduate School of Arts & Sciences,0,1,0,,0,0,1,0,0,0,0.0,0
3898,3.6,2023,Still Looking,0,Engineering - Computer Science,Female,School of Engineering & Applied Science,0,1,124,,0,0,0,1,0,1,0.0,0
3899,3.6,2023,Still Looking,1,Environmental Sciences,Female,College and Graduate School of Arts & Sciences,0,0,0,,0,1,0,1,0,0,0.0,0
3900,3.6,2023,Still Looking,3,English,Female,College and Graduate School of Arts & Sciences,0,0,0,3.97,0,1,0,1,0,0,2.0,1
3901,3.6,2023,Working,0,Biochemistry & Molecular Genetics,Male,School of Medicine,1,0,0,,0,0,0,0,0,0,0.0,0
3902,3.6,2023,Continuing Education,3,Engineering - Computer Science,Female,School of Engineering & Applied Science,0,2,18,,0,1,1,0,1,0,0.0,0
3903,3.6,2023,Working,0,Psychology,Female,College and Graduate School of Arts & Sciences,1,0,0,3.1,0,0,0,0,0,0,0.0,0
3904,3.6,2023,Continuing Education,3,Engineering - Biomedical Engineering,Female,School of Engineering & Applied Science,0,2,1,,0,1,1,0,1,0,0.0,0
3905,3.6,2023,Working,2,Engineering - Computer Science,Male,School of Engineering & Applied Science,1,6,133,3.63,0,1,0,0,1,1,0.0,0
3906,3.6,2023,Still Looking,1,Engineering - Biomedical Engineering,Female,School of Engineering & Applied Science,0,13,78,3.04,0,1,0,1,1,1,0.0,0
3907,3.6,2023,Still Looking,1,Engineering - Biomedical Engineering,Female,School of Engineering & Applied Science,0,13,78,3.7,0,1,0,1,1,1,0.0,0
3908,3.6,2023,Still Looking,1,Engineering - Biomedical Engineering,Female,School of Engineering & Applied Science,0,13,78,,0,1,0,1,1,1,0.0,0
3909,3.6,2023,Continuing Education,2,Foreign Affairs,Male,College and Graduate School of Arts & Sciences,0,0,4,3.72,0,1,1,0,0,0,0.0,0
3910,3.6,2023,Continuing Education,2,Foreign Affairs,Male,College and Graduate School of Arts & Sciences,0,0,4,3.61,0,1,1,0,0,0,0.0,0
3911,3.6,2023,Not Seeking,0,Chemistry,Female,College and Graduate School of Arts & Sciences,0,0,0,,0,0,0,0,0,0,0.0,0
3912,3.6,2023,Working,2,Engineering - Mechanical Engineering,Female,School of Engineering & Applied Science,1,0,126,,0,1,0,0,0,1,0.0,0
3913,3.6,2023,Working,0,Economics,Female,College and Graduate School of Arts & Sciences,1,0,0,,0,0,0,0,0,0,0.0,0
3914,3.6,2023,Fellowship,3,Spanish,Female,College and Graduate School of Arts & Sciences,0,2,55,,0,1,0,0,1,1,0.0,0
3915,3.6,2023,Working,3,Engineering - Computer Engineering,Male,School of Engineering & Applied Science,1,1,14,,0,1,0,0,0,0,0.0,0
3916,3.6,2023,Working,2,Engineering - Biomedical Engineering,Female,School of Engineering & Applied Science,1,1,72,,0,1,0,0,0,1,0.0,0
3917,3.6,2023,Working,0,Education - Kinesiology,Male,School of Education and Human Development,1,0,0,,0,0,0,0,0,0,0.0,0
3918,3.6,2023,Working,0,Engineering - Biomedical Engineering,Female,School of Engineering & Applied Science,1,1,4,,0,0,0,0,0,0,0.0,0
3919,3.6,2023,Working,1,Engineering - Mechanical Engineering,Male,School of Engineering & Applied Science,1,5,32,,0,1,0,0,1,0,0.0,0
3920,3.6,2023,Working,1,Engineering - Computer Science,Male,School of Engineering & Applied Science,1,0,24,4.0,0,1,0,0,0,0,4.0,1
3921,3.6,2023,Continuing Education,3,Engineering - Civil Engineering,Male,School of Engineering & Applied Science,0,2,1,,0,1,1,0,1,0,1.0,1
3922,3.6,2023,Continuing Education,3,Engineering - Civil Engineering,Male,School of Engineering & Applied Science,0,2,1,3.6,0,1,1,0,1,0,1.0,1
3923,3.6,2023,Continuing Education,3,Engineering - Civil Engineering,Male,School of Engineering & Applied Science,0,2,1,5.0,0,1,1,0,1,0,1.0,1
3924,3.6,2023,Working,1,Engineering - Aerospace Engineering,Male,School of Engineering & Applied Science,1,0,0,,0,1,0,0,0,0,0.0,0
3925,3.6,2023,Still Looking,0,Global Studies - Interdisciplinary,Female,College and Graduate School of Arts & Sciences,0,0,2,,0,0,0,1,0,0,1.0,1
3926,3.6,2023,Working,1,Computer Science - Interdisciplinary,Male,College and Graduate School of Arts & Sciences,1,1,38,3.72,0,1,0,0,0,0,0.0,0
3927,3.6,2023,Working,1,Computer Science - Interdisciplinary,Male,College and Graduate School of Arts & Sciences,1,1,38,3.62,0,1,0,0,0,0,0.0,0
3928,3.6,2023,Fellowship,3,Global Studies - Interdisciplinary,Female,College and Graduate School of Arts & Sciences,0,3,152,3.6,0,1,0,0,1,1,0.0,0
3929,3.6,2023,Fellowship,3,Global Studies - Interdisciplinary,Female,College and Graduate School of Arts & Sciences,0,3,152,4.6,0,1,0,0,1,1,0.0,0
3930,3.6,2023,Working,1,Engineering - Biomedical Engineering,Male,School of Engineering & Applied Science,1,0,3,,0,1,0,0,0,0,0.0,0
3931,3.6,2023,Working,1,Engineering - Biomedical Engineering,Male,School of Engineering & Applied Science,1,2,6,,0,1,0,0,1,0,0.0,0
3932,3.6,2023,Working,1,Engineering - Biomedical Engineering,Male,School of Engineering & Applied Science,1,3,12,,0,1,0,0,1,0,1.0,1
3933,3.6,2023,Still Looking,1,Computer Science - Interdisciplinary,Female,College and Graduate School of Arts & Sciences,0,0,26,,0,1,0,1,0,0,0.0,0
3934,3.6,2023,Still Looking,1,Computer Science - Interdisciplinary,Female,College and Graduate School of Arts & Sciences,0,0,26,3.29,0,1,0,1,0,0,0.0,0
3935,3.6,2023,Working,1,Architecture,Female,School of Architecture,1,1,27,,0,1,0,0,0,0,0.0,0
3936,3.6,2023,Working,1,Engineering - Mechanical & Aerospace Engineering,Male,School of Engineering & Applied Science,1,9,157,,0,1,0,0,1,1,1.0,1
3937,3.6,2023,Working,1,Engineering - Mechanical & Aerospace Engineering,Male,School of Engineering & Applied Science,1,9,157,3.62,0,1,0,0,1,1,1.0,1
3938,3.6,2023,Still Looking,1,Architecture - Architectural History,Female,School of Architecture,0,3,2,,0,1,0,1,1,0,0.0,0
3939,3.6,2023,Working,0,Architecture,Female,School of Architecture,1,1,43,3.73,0,0,0,0,0,0,0.0,0
3940,3.6,2023,Working,0,Architecture,Female,School of Architecture,1,1,43,,0,0,0,0,0,0,0.0,0
3941,3.6,2023,Working,1,Environmental Sciences,Male,College and Graduate School of Arts & Sciences,1,1,30,,0,1,0,0,0,0,0.0,0
3942,3.6,2023,Continuing Education,0,Engineering - Biomedical Engineering,Female,School of Engineering & Applied Science,0,1,3,,0,0,1,0,0,0,0.0,0
3943,3.6,2023,Still Looking,0,Foreign Affairs,Male,College and Graduate School of Arts & Sciences,0,6,31,4.0,0,0,0,1,1,0,0.0,0
3944,3.6,2023,Still Looking,0,Foreign Affairs,Male,College and Graduate School of Arts & Sciences,0,6,31,3.79,0,0,0,1,1,0,0.0,0
3945,3.6,2023,Not Seeking,1,Engineering - Biomedical Engineering,Male,School of Engineering & Applied Science,0,4,57,4.0,0,1,0,0,1,1,0.0,0
3946,3.6,2023,Not Seeking,1,Engineering - Biomedical Engineering,Male,School of Engineering & Applied Science,0,4,57,3.73,0,1,0,0,1,1,0.0,0
3947,3.6,2023,Continuing Education,3,Computer Science - Interdisciplinary,Male,College and Graduate School of Arts & Sciences,0,9,74,4.0,0,1,1,0,1,1,0.0,0
3948,3.6,2023,Continuing Education,3,Computer Science - Interdisciplinary,Male,College and Graduate School of Arts & Sciences,0,9,74,3.65,0,1,1,0,1,1,0.0,0
3949,3.6,2023,Continuing Education,3,Computer Science - Interdisciplinary,Male,College and Graduate School of Arts & Sciences,0,9,74,4.32,0,1,1,0,1,1,0.0,0
3950,3.6,2023,Continuing Education,1,Human Biology - Interdisciplinary,Female,College and Graduate School of Arts & Sciences,0,0,0,,0,1,1,0,0,0,0.0,0
3951,3.6,2023,Working,0,Engineering - Biomedical Engineering,Female,School of Engineering & Applied Science,1,2,25,,0,0,0,0,1,0,4.0,1
3952,3.6,2023,Working,3,Architecture - Urban & Environmental Planning,Male,School of Architecture,1,0,17,3.8,0,1,0,0,0,0,0.0,0
3953,3.6,2023,Working,3,Architecture - Urban & Environmental Planning,Male,School of Architecture,1,0,17,3.3,0,1,0,0,0,0,0.0,0
3954,3.6,2023,Working,1,Education - Social Studies Education,Female,School of Education and Human Development,1,1,2,,0,1,0,0,0,0,0.0,0
3955,3.6,2023,Working,1,Education - Social Studies Education,Female,School of Education and Human Development,1,1,2,3.96,0,1,0,0,0,0,0.0,0
3956,3.6,2023,Working,2,Physics,Male,College and Graduate School of Arts & Sciences,1,0,0,,0,1,0,0,0,0,0.0,0
3957,3.6,2023,Working,2,Physics,Male,College and Graduate School of Arts & Sciences,1,0,0,3.75,0,1,0,0,0,0,0.0,0
3958,3.6,2023,Working,0,Engineering - Civil Engineering,Female,School of Engineering & Applied Science,1,2,0,,0,0,0,0,1,0,0.0,0
3959,3.6,2023,Continuing Education,0,Environmental Sciences,Female,College and Graduate School of Arts & Sciences,0,3,200,4.65,0,0,1,0,1,1,0.0,0
3960,3.6,2023,Continuing Education,0,Environmental Sciences,Female,College and Graduate School of Arts & Sciences,0,3,200,4.0,0,0,1,0,1,1,0.0,0
3961,3.6,2023,Continuing Education,0,Environmental Sciences,Female,College and Graduate School of Arts & Sciences,0,3,200,3.34,0,0,1,0,1,1,0.0,0
3962,3.6,2023,Still Looking,0,Biology,Female,College and Graduate School of Arts & Sciences,0,0,0,3.5,0,0,0,1,0,0,0.0,0
3963,3.6,2023,Working,1,Philosophy,Female,College and Graduate School of Arts & Sciences,1,0,0,,0,1,0,0,0,0,0.0,0
3964,3.6,2023,Continuing Education,0,Human Biology - Interdisciplinary,Female,College and Graduate School of Arts & Sciences,0,0,16,3.98,0,0,1,0,0,0,5.0,1
3965,3.6,2023,Working,0,Chemistry,Female,College and Graduate School of Arts & Sciences,1,0,0,3.45,0,0,0,0,0,0,0.0,0
3966,3.6,2023,Still Looking,2,Cognitive Science - Interdisciplinary,Female,College and Graduate School of Arts & Sciences,0,0,14,,0,1,0,1,0,0,0.0,0
3967,3.6,2023,Still Looking,2,Cognitive Science - Interdisciplinary,Female,College and Graduate School of Arts & Sciences,0,0,14,3.7,0,1,0,1,0,0,0.0,0
3968,3.6,2023,Continuing Education,3,Government,Female,College and Graduate School of Arts & Sciences,0,0,18,,0,1,1,0,0,0,0.0,0
3969,3.6,2023,Continuing Education,1,Architecture,Female,School of Architecture,0,1,14,3.85,0,1,1,0,0,0,0.0,0
3970,3.6,2023,Working,0,Psychology,Female,College and Graduate School of Arts & Sciences,1,0,0,,0,0,0,0,0,0,0.0,0
3971,3.6,2023,Working,1,Economics,Male,College and Graduate School of Arts & Sciences,1,3,152,4.0,0,1,0,0,1,1,0.0,0
3972,3.6,2023,Working,1,Economics,Male,College and Graduate School of Arts & Sciences,1,3,152,3.67,0,1,0,0,1,1,0.0,0
3973,3.6,2023,Working,0,Engineering - Biomedical Engineering,Female,School of Engineering & Applied Science,1,3,31,3.29,0,0,0,0,1,0,1.0,1
3974,3.6,2023,Working,1,Global Studies - Interdisciplinary,Female,College and Graduate School of Arts & Sciences,1,0,32,,0,1,0,0,0,0,0.0,0
3975,3.6,2023,Working,3,Global Studies - Interdisciplinary,Female,College and Graduate School of Arts & Sciences,1,0,18,3.95,0,1,0,0,0,0,0.0,0
3976,3.6,2023,Still Looking,3,Engineering - Computer Science,Female,School of Engineering & Applied Science,0,2,7,,0,1,0,1,1,0,1.0,1
3977,3.6,2023,Not Seeking,0,Engineering - Biomedical Engineering,Female,School of Engineering & Applied Science,0,2,39,,0,0,0,0,1,0,0.0,0
3978,3.6,2023,Working,2,Environmental Sciences,Male,College and Graduate School of Arts & Sciences,1,0,2,3.71,0,1,0,0,0,0,0.0,0
3979,3.6,2023,Military,0,East Asian Studies - Interdisciplinary,Male,College and Graduate School of Arts & Sciences,0,0,0,3.5,0,0,0,0,0,0,0.0,0
3980,3.6,2023,Working,3,Foreign Affairs,Female,College and Graduate School of Arts & Sciences,1,1,1,,0,1,0,0,0,0,0.0,0
3981,3.6,2023,Still Looking,0,Engineering - Materials Science & Engineering,Male,School of Engineering & Applied Science,0,0,3,,0,0,0,1,0,0,0.0,0
3982,3.6,2023,Still Looking,0,Engineering - Materials Science & Engineering,Male,School of Engineering & Applied Science,0,0,3,3.45,0,0,0,1,0,0,0.0,0
3983,3.6,2023,Continuing Education,1,Media Studies,Female,College and Graduate School of Arts & Sciences,0,0,0,,0,1,1,0,0,0,0.0,0
3984,3.6,2023,Not Seeking,0,Architecture,Female,School of Architecture,0,0,8,,0,0,0,0,0,0,0.0,0
3985,3.6,2023,Continuing Education,0,Sociology,Female,College and Graduate School of Arts & Sciences,0,0,9,,0,0,1,0,0,0,0.0,0
3986,3.6,2023,Working,2,Engineering - Materials Science and Engineering,Male,School of Engineering & Applied Science,1,2,36,4.0,0,1,0,0,1,0,0.0,0
3987,3.6,2023,Working,0,Engineering - Biomedical Engineering,Male,School of Engineering & Applied Science,1,0,0,,0,0,0,0,0,0,0.0,0
3988,3.6,2023,Working,3,Engineering - Biomedical Engineering,Male,School of Engineering & Applied Science,1,2,28,3.95,0,1,0,0,1,0,1.0,1
3989,3.6,2023,Working,3,Engineering - Biomedical Engineering,Male,School of Engineering & Applied Science,1,2,28,4.45,0,1,0,0,1,0,1.0,1
3990,3.6,2023,Still Looking,0,Engineering - Biomedical Engineering,Female,School of Engineering & Applied Science,0,7,81,3.59,0,0,0,1,1,1,0.0,0
3991,3.6,2023,Still Looking,0,Education - Curriculum & Instruction,Female,School of Education and Human Development,0,0,0,,0,0,0,1,0,0,2.0,1
3992,3.6,2023,Working,2,Foreign Affairs,Male,College and Graduate School of Arts & Sciences,1,0,8,,0,1,0,0,0,0,0.0,0
3993,3.6,2023,Working,1,Engineering - Mechanical Engineering,Male,School of Engineering & Applied Science,1,0,15,,0,1,0,0,0,0,3.0,1
3994,3.6,2023,Still Looking,0,Sociology,Female,College and Graduate School of Arts & Sciences,0,1,12,3.34,0,0,0,1,0,0,0.0,0
3995,3.6,2023,Working,1,Engineering - Biomedical Engineering,Male,School of Engineering & Applied Science,1,2,1,3.7,0,1,0,0,1,0,0.0,0
3996,3.6,2023,Still Looking,1,Engineering - Biomedical Engineering,Male,School of Engineering & Applied Science,0,2,178,,0,1,0,1,1,1,0.0,0
3997,3.6,2023,Still Looking,1,Engineering - Biomedical Engineering,Male,School of Engineering & Applied Science,0,2,178,4.75,0,1,0,1,1,1,0.0,0
3998,3.6,2023,Still Looking,1,Engineering - Biomedical Engineering,Male,School of Engineering & Applied Science,0,2,178,3.87,0,1,0,1,1,1,0.0,0
3999,3.6,2023,Working,1,Computer Science - Interdisciplinary,Male,College and Graduate School of Arts & Sciences,1,2,18,3.93,0,1,0,0,1,0,0.0,0
4000,3.6,2023,Working,1,Computer Science - Interdisciplinary,Male,College and Graduate School of Arts & Sciences,1,2,18,3.8,0,1,0,0,1,0,0.0,0
4001,3.6,2023,Working,1,Engineering - Computer Science,Male,School of Engineering & Applied Science,1,9,153,3.74,1,1,0,0,1,1,0.0,0
4002,3.6,2023,Working,1,Engineering - Systems Engineering,Female,School of Engineering & Applied Science,1,0,3,3.85,0,1,0,0,0,0,3.0,1
4003,3.6,2023,Working,1,Engineering - Systems Engineering,Female,School of Engineering & Applied Science,1,0,3,,0,1,0,0,0,0,3.0,1
4004,3.6,2023,Continuing Education,3,Spanish,Female,College and Graduate School of Arts & Sciences,0,2,6,,0,1,1,0,1,0,4.0,1
4005,3.6,2023,Working,1,Economics,Female,College and Graduate School of Arts & Sciences,1,1,102,3.62,0,1,0,0,0,1,0.0,0
4006,3.6,2023,Working,1,Engineering - Biomedical Engineering,Female,School of Engineering & Applied Science,1,3,58,3.89,0,1,0,0,1,1,0.0,0
4007,3.6,2023,Still Looking,0,Data Science,Male,School of Data Science,0,0,29,,0,0,0,1,0,0,0.0,0
4008,3.6,2023,Continuing Education,1,Engineering - Biomedical Engineering,Male,School of Engineering & Applied Science,0,2,33,3.16,0,1,1,0,1,0,2.0,1
4009,3.6,2023,Continuing Education,1,Engineering - Biomedical Engineering,Male,School of Engineering & Applied Science,0,2,33,,0,1,1,0,1,0,2.0,1
4010,3.6,2023,Not Seeking,0,Engineering - Biomedical Engineering,Male,School of Engineering & Applied Science,0,1,0,,0,0,0,0,0,0,0.0,0
4011,3.6,2023,Fellowship,0,Biology,Male,College and Graduate School of Arts & Sciences,0,0,0,,0,0,0,0,0,0,3.0,1
4012,3.6,2023,Working,1,Engineering - Biomedical Engineering,Male,School of Engineering & Applied Science,1,8,52,,0,1,0,0,1,1,8.0,1
4013,3.6,2023,Still Looking,1,Biology,Female,College and Graduate School of Arts & Sciences,0,0,10,,1,1,0,1,0,0,2.0,1
4014,3.6,2023,Still Looking,1,Biology,Female,College and Graduate School of Arts & Sciences,0,0,10,4.51,1,1,0,1,0,0,2.0,1
4015,3.6,2023,Working,0,Engineering - Aerospace Engineering,Male,School of Engineering & Applied Science,1,3,11,3.79,0,0,0,0,1,0,1.0,1
4016,3.6,2023,Continuing Education,2,Global Studies - Interdisciplinary,Female,College and Graduate School of Arts & Sciences,0,0,2,,0,1,1,0,0,0,0.0,0
4017,3.6,2023,Working,1,Chemistry,Male,College and Graduate School of Arts & Sciences,1,2,0,,0,1,0,0,1,0,0.0,0
4018,3.6,2023,Working,1,Chemistry,Male,College and Graduate School of Arts & Sciences,1,2,0,3.64,0,1,0,0,1,0,0.0,0
4019,3.6,2023,Working,0,Environmental Sciences,Female,College and Graduate School of Arts & Sciences,1,0,1,,0,0,0,0,0,0,0.0,0
4020,3.6,2023,Continuing Education,0,Biology,Female,College and Graduate School of Arts & Sciences,0,0,0,,0,0,1,0,0,0,0.0,0
4021,3.6,2023,Still Looking,0,Foreign Affairs,Male,College and Graduate School of Arts & Sciences,0,1,5,,0,0,0,1,0,0,1.0,1
4022,3.6,2023,Working,0,Engineering - Engineering Science,Female,School of Engineering & Applied Science,1,1,9,3.57,0,0,0,0,0,0,6.0,1
4023,3.6,2023,Working,1,Engineering - Computer Science,Male,School of Engineering & Applied Science,1,6,44,,0,1,0,0,1,0,0.0,0
4024,3.6,2023,Working,2,Engineering - Biomedical Engineering,Male,School of Engineering & Applied Science,1,5,4,,0,1,0,0,1,0,0.0,0
4025,3.6,2023,Working,1,Engineering - Aerospace Engineering,Male,School of Engineering & Applied Science,1,1,0,,0,1,0,0,0,0,0.0,0
4026,3.6,2023,Still Looking,0,Engineering - Biomedical Engineering,Female,School of Engineering & Applied Science,0,2,28,,0,0,0,1,1,0,0.0,0
4027,3.6,2023,Still Looking,3,Architecture,Female,School of Architecture,0,1,15,,0,1,0,1,0,0,0.0,0
4028,3.6,2023,Working,2,Engineering - Computer Science,Male,School of Engineering & Applied Science,1,3,228,,0,1,0,0,1,1,0.0,0
4029,3.6,2023,Working,1,Art - Art History,Female,College and Graduate School of Arts & Sciences,1,0,38,,0,1,0,0,0,0,0.0,0
4030,3.6,2023,Working,1,Art - Art History,Female,College and Graduate School of Arts & Sciences,1,0,38,3.5,0,1,0,0,0,0,0.0,0
4031,3.6,2023,Working,2,History,Male,College and Graduate School of Arts & Sciences,1,0,14,,0,1,0,0,0,0,0.0,0
4032,3.6,2023,Still Looking,3,Education - Elementary Education,Female,School of Education and Human Development,0,1,4,,0,1,0,1,0,0,0.0,0
4033,3.6,2023,Continuing Education,1,Architecture - Urban & Environmental Planning,Male,School of Architecture,0,3,31,,0,1,1,0,1,0,0.0,0
4034,3.6,2023,Continuing Education,1,Architecture - Urban & Environmental Planning,Male,School of Architecture,0,3,31,3.3,0,1,1,0,1,0,0.0,0
4035,3.6,2023,Working,1,Architecture,Male,School of Architecture,1,3,242,3.6,0,1,0,0,1,1,0.0,0
4036,3.6,2023,Working,1,Architecture,Male,School of Architecture,1,3,242,,0,1,0,0,1,1,0.0,0
4037,3.6,2023,Working,3,Architecture - Landscape Architecture,Female,School of Architecture,1,0,9,,0,1,0,0,0,0,0.0,0
4038,3.6,2023,Working,2,Architecture - Landscape Architecture,Female,School of Architecture,1,0,8,3.65,0,1,0,0,0,0,0.0,0
4039,3.6,2023,Still Looking,0,Psychology,Female,College and Graduate School of Arts & Sciences,0,0,6,,0,0,0,1,0,0,0.0,0
4040,3.6,2023,Still Looking,2,European Studies,Female,College and Graduate School of Arts & Sciences,0,1,2,3.88,0,1,0,1,0,0,0.0,0
4041,3.6,2023,Working,0,Data Science,Male,School of Data Science,1,0,5,3.4,0,0,0,0,0,0,0.0,0
4042,3.6,2023,Working,2,Government,Female,College and Graduate School of Arts & Sciences,1,0,2,3.95,0,1,0,0,0,0,0.0,0
4043,3.6,2023,Working,0,Data Science,Female,School of Data Science,1,3,0,,0,0,0,0,1,0,1.0,1
4044,3.6,2023,Working,0,Data Science,Female,School of Data Science,1,3,0,3.84,0,0,0,0,1,0,1.0,1
4045,3.6,2023,Still Looking,0,Psychology,Female,College and Graduate School of Arts & Sciences,0,1,0,,0,0,0,1,0,0,0.0,0
4046,3.6,2023,Still Looking,1,Engineering - Biomedical Engineering,Female,School of Engineering & Applied Science,0,2,5,3.71,0,1,0,1,1,0,1.0,1
4047,3.6,2023,Still Looking,1,Engineering - Biomedical Engineering,Female,School of Engineering & Applied Science,0,2,5,4.47,0,1,0,1,1,0,1.0,1
4048,3.6,2023,Still Looking,2,Engineering - Biomedical Engineering,Female,School of Engineering & Applied Science,0,2,0,3.85,0,1,0,1,1,0,0.0,0
4049,3.6,2023,Still Looking,0,Engineering - Biomedical Engineering,Male,School of Engineering & Applied Science,0,0,9,3.1,0,0,0,1,0,0,2.0,1
4050,3.6,2023,Still Looking,0,Engineering - Biomedical Engineering,Male,School of Engineering & Applied Science,0,0,9,4.6,0,0,0,1,0,0,2.0,1
4051,3.6,2023,Working,2,Engineering - Biomedical Engineering,Male,School of Engineering & Applied Science,1,4,23,3.81,0,1,0,0,1,0,3.0,1
4052,3.6,2023,Continuing Education,2,Economics,Female,College and Graduate School of Arts & Sciences,0,0,3,,0,1,1,0,0,0,0.0,0
4053,3.6,2023,Working,1,Engineering - Biomedical Engineering,Male,School of Engineering & Applied Science,1,1,11,4.77,0,1,0,0,0,0,0.0,0
4054,3.6,2023,Working,1,Engineering - Biomedical Engineering,Male,School of Engineering & Applied Science,1,1,11,3.93,0,1,0,0,0,0,0.0,0
4055,3.6,2023,Fellowship,0,Biology,Female,College and Graduate School of Arts & Sciences,0,0,0,3.9,0,0,0,0,0,0,0.0,0
4056,3.6,2023,Volunteering,1,Engineering - Biomedical Engineering,Female,School of Engineering & Applied Science,0,8,32,,0,1,0,0,1,0,0.0,0
4057,3.6,2023,Working,0,Engineering - Biomedical Engineering,Female,School of Engineering & Applied Science,1,3,3,,0,0,0,0,1,0,2.0,1
4058,3.6,2023,Still Looking,1,Engineering - Biomedical Engineering,Female,School of Engineering & Applied Science,0,3,9,,0,1,0,1,1,0,0.0,0
4059,3.6,2023,Working,0,Engineering - Materials Science & Engineering,Female,School of Engineering & Applied Science,1,0,0,,0,0,0,0,0,0,0.0,0
4060,3.6,2023,Working,0,Engineering - Materials Science & Engineering,Female,School of Engineering & Applied Science,1,0,0,4.0,0,0,0,0,0,0,0.0,0
4061,3.6,2023,Working,2,Government,Female,College and Graduate School of Arts & Sciences,1,1,110,3.63,0,1,0,0,0,1,0.0,0
4062,3.6,2023,Continuing Education,2,Economics,Male,College and Graduate School of Arts & Sciences,0,0,84,,0,1,1,0,0,1,0.0,0
4063,3.6,2023,Working,2,Economics,Male,College and Graduate School of Arts & Sciences,1,0,0,4.0,0,1,0,0,0,0,0.0,0
4064,3.6,2023,Working,2,Economics,Male,College and Graduate School of Arts & Sciences,1,0,0,,0,1,0,0,0,0,0.0,0
4065,3.6,2023,Working,3,Economics,Female,College and Graduate School of Arts & Sciences,1,1,20,3.76,0,1,0,0,0,0,0.0,0
4066,3.6,2023,Continuing Education,0,Religious Studies,Male,College and Graduate School of Arts & Sciences,0,7,62,,0,0,1,0,1,1,0.0,0
4067,3.6,2023,Continuing Education,0,Religious Studies,Male,College and Graduate School of Arts & Sciences,0,7,62,3.67,0,0,1,0,1,1,0.0,0
4068,3.6,2023,Working,1,Engineering - Biomedical Engineering,Male,School of Engineering & Applied Science,1,6,142,,0,1,0,0,1,1,0.0,0
4069,3.6,2023,Working,3,Economics,Male,College and Graduate School of Arts & Sciences,1,0,0,3.92,0,1,0,0,0,0,0.0,0
4070,3.6,2023,Working,3,Engineering - Computer Science,Male,School of Engineering & Applied Science,1,0,0,3.97,0,1,0,0,0,0,0.0,0
4071,3.6,2023,Still Looking,0,Biology,Female,College and Graduate School of Arts & Sciences,0,0,0,3.52,0,0,0,1,0,0,0.0,0
4072,3.6,2023,Still Looking,2,Engineering - Computer Science,Male,School of Engineering & Applied Science,0,1,162,4.21,0,1,0,1,0,1,0.0,0
4073,3.6,2023,Still Looking,2,Engineering - Computer Science,Male,School of Engineering & Applied Science,0,1,162,3.84,0,1,0,1,0,1,0.0,0
4074,3.6,2023,Still Looking,2,Economics,Female,College and Graduate School of Arts & Sciences,0,0,0,,1,1,0,1,0,0,3.0,1
4075,3.6,2023,Working,3,Media Studies,Female,College and Graduate School of Arts & Sciences,1,3,18,,0,1,0,0,1,0,1.0,1
4076,3.6,2023,Working,1,Chemistry,Male,College and Graduate School of Arts & Sciences,1,1,13,,0,1,0,0,0,0,0.0,0
4077,3.6,2023,Working,2,Spanish,Female,College and Graduate School of Arts & Sciences,1,1,102,,0,1,0,0,0,1,7.0,1
4078,3.6,2023,Still Looking,3,Statistics,Male,College and Graduate School of Arts & Sciences,0,2,626,3.68,0,1,0,1,1,1,0.0,0
4079,3.6,2023,Fellowship,3,Education - Kinesiology,Male,School of Education and Human Development,0,0,0,,0,1,0,0,0,0,2.0,1
4080,3.6,2023,Working,2,Engineering - Computer Science,Male,School of Engineering & Applied Science,1,0,1,,0,1,0,0,0,0,0.0,0
4081,3.6,2023,Still Looking,0,Physics,Male,College and Graduate School of Arts & Sciences,0,2,103,3.6,0,0,0,1,1,1,0.0,0
4082,3.6,2023,Working,1,Data Science,Female,School of Data Science,1,4,43,,0,1,0,0,1,0,4.0,1
4083,3.6,2023,Working,2,Engineering - Computer Engineering,Male,School of Engineering & Applied Science,1,0,37,,0,1,0,0,0,0,0.0,0
4084,3.6,2023,Working,2,Computer Science - Interdisciplinary,Male,College and Graduate School of Arts & Sciences,1,2,75,,0,1,0,0,1,1,1.0,1
4085,3.6,2023,Still Looking,0,Data Science,Female,School of Data Science,0,0,2,,0,0,0,1,0,0,0.0,0
4086,3.6,2023,Continuing Education,2,Education - Higher Education,Female,School of Education and Human Development,0,0,2,,0,1,1,0,0,0,0.0,0
4087,3.6,2023,Working,2,Sociology,Female,College and Graduate School of Arts & Sciences,1,1,2,,0,1,0,0,0,0,3.0,1
4088,3.6,2023,Working,2,Media Studies,Female,College and Graduate School of Arts & Sciences,1,0,1,,0,1,0,0,0,0,2.0,1
4089,3.6,2023,Working,2,Engineering - Computer Science,Male,School of Engineering & Applied Science,1,0,1,4.0,0,1,0,0,0,0,0.0,0
4090,3.6,2023,Working,2,Engineering - Computer Science,Male,School of Engineering & Applied Science,1,0,1,3.61,0,1,0,0,0,0,0.0,0
4091,3.6,2023,Working,2,Engineering - Computer Science,Male,School of Engineering & Applied Science,1,0,1,4.63,0,1,0,0,0,0,0.0,0
4092,3.6,2023,Not Seeking,1,Economics,Male,College and Graduate School of Arts & Sciences,0,2,24,3.9,0,1,0,0,1,0,2.0,1
4093,3.6,2023,Not Seeking,1,Economics,Male,College and Graduate School of Arts & Sciences,0,2,24,3.65,0,1,0,0,1,0,2.0,1
4094,3.6,2023,Working,2,Media Studies,Female,College and Graduate School of Arts & Sciences,1,0,19,,0,1,0,0,0,0,0.0,0
4095,3.6,2023,Still Looking,2,Foreign Affairs,Female,College and Graduate School of Arts & Sciences,0,1,14,3.8,0,1,0,1,0,0,0.0,0
4096,3.6,2023,Continuing Education,1,Education - Youth & Social Innovation,Female,School of Education and Human Development,0,1,9,,1,1,1,0,0,0,1.0,1
4097,3.6,2023,Continuing Education,1,Education - Youth & Social Innovation,Female,School of Education and Human Development,0,1,9,3.7,1,1,1,0,0,0,1.0,1
4098,3.6,2023,Still Looking,3,History,Female,College and Graduate School of Arts & Sciences,0,2,39,3.9,1,1,0,1,1,0,0.0,0
4099,3.6,2023,Working,0,Philosophy,Male,College and Graduate School of Arts & Sciences,1,0,73,2.99,0,0,0,0,0,1,0.0,0
4100,3.6,2023,Still Looking,2,Engineering - Mechanical Engineering,Male,School of Engineering & Applied Science,0,1,2,3.79,0,1,0,1,0,0,0.0,0
4101,3.6,2023,Still Looking,0,Biology,Female,College and Graduate School of Arts & Sciences,0,0,1,3.79,0,0,0,1,0,0,0.0,0
4102,3.6,2023,Working,2,Computer Science - Interdisciplinary,Female,College and Graduate School of Arts & Sciences,1,12,13,,1,1,0,0,1,0,6.0,1
4103,3.6,2023,Working,0,Cognitive Science - Interdisciplinary,Female,College and Graduate School of Arts & Sciences,1,0,12,,0,0,0,0,0,0,0.0,0
4104,3.6,2023,Working,1,Engineering - Systems Engineering,Male,School of Engineering & Applied Science,1,0,79,,0,1,0,0,0,1,0.0,0
4105,3.6,2023,Continuing Education,3,Biology,Female,College and Graduate School of Arts & Sciences,0,0,0,,0,1,1,0,0,0,0.0,0
4106,3.6,2023,Working,3,Environmental Sciences,Female,College and Graduate School of Arts & Sciences,1,2,176,3.84,1,1,0,0,1,1,0.0,0
4107,3.6,2023,Working,3,Environmental Sciences,Female,College and Graduate School of Arts & Sciences,1,2,176,4.0,1,1,0,0,1,1,0.0,0
4108,3.6,2023,Working,3,Environmental Sciences,Female,College and Graduate School of Arts & Sciences,1,2,176,4.7,1,1,0,0,1,1,0.0,0
4109,3.6,2023,Working,2,Cognitive Science - Interdisciplinary,Female,College and Graduate School of Arts & Sciences,1,0,0,3.83,0,1,0,0,0,0,0.0,0
4110,3.6,2023,Military,1,Computer Science - Interdisciplinary,Male,College and Graduate School of Arts & Sciences,0,0,0,,0,1,0,0,0,0,0.0,0
4111,3.6,2023,Working,2,Engineering - Computer Science,Male,School of Engineering & Applied Science,1,4,35,3.35,0,1,0,0,1,0,0.0,0
4112,3.6,2023,Continuing Education,0,Global Studies - Interdisciplinary,Female,College and Graduate School of Arts & Sciences,0,0,73,3.98,0,0,1,0,0,1,1.0,1
4113,3.6,2023,Military,0,Engineering - Computer Science,Male,School of Engineering & Applied Science,0,0,0,,0,0,0,0,0,0,0.0,0
4114,3.6,2023,Working,3,Media Studies,Female,College and Graduate School of Arts & Sciences,1,0,3,3.34,0,1,0,0,0,0,0.0,0
4115,3.6,2023,Working,2,Engineering - Computer Science,Male,School of Engineering & Applied Science,1,1,192,3.8,0,1,0,0,0,1,0.0,0
4116,3.6,2023,Still Looking,0,Anthropology,Female,College and Graduate School of Arts & Sciences,0,0,12,,0,0,0,1,0,0,0.0,0
4117,3.6,2023,Working,2,Engineering - Civil Engineering,Male,School of Engineering & Applied Science,1,4,17,,0,1,0,0,1,0,0.0,0
4118,3.6,2023,Working,3,Economics,Female,College and Graduate School of Arts & Sciences,1,0,0,,0,1,0,0,0,0,0.0,0
4119,3.6,2023,Working,2,Computer Science - Interdisciplinary,Female,College and Graduate School of Arts & Sciences,1,3,21,,0,1,0,0,1,0,0.0,0
4120,3.6,2023,Working,2,Computer Science - Interdisciplinary,Female,College and Graduate School of Arts & Sciences,1,3,21,3.83,0,1,0,0,1,0,0.0,0
4121,3.6,2023,Still Looking,1,Applied Statistics,Male,College and Graduate School of Arts & Sciences,0,2,473,3.79,0,1,0,1,1,1,0.0,0
4122,3.6,2023,Still Looking,1,Applied Statistics,Male,College and Graduate School of Arts & Sciences,0,2,473,,0,1,0,1,1,1,0.0,0
4123,3.6,2023,Still Looking,2,Media Studies,Female,College and Graduate School of Arts & Sciences,0,0,8,3.9,0,1,0,1,0,0,0.0,0
4124,3.6,2023,Working,0,Computer Science - Interdisciplinary,Male,College and Graduate School of Arts & Sciences,1,3,43,3.7,0,0,0,0,1,0,0.0,0
4125,3.6,2023,Continuing Education,0,Computer Science - Interdisciplinary,Female,College and Graduate School of Arts & Sciences,0,3,23,,0,0,1,0,1,0,0.0,0
4126,3.6,2023,Working,2,Economics,Male,College and Graduate School of Arts & Sciences,1,0,2,3.77,0,1,0,0,0,0,0.0,0
4127,3.6,2023,Continuing Education,0,Psychology,Female,College and Graduate School of Arts & Sciences,0,0,11,,0,0,1,0,0,0,0.0,0
4128,3.6,2023,Working,3,History,Female,College and Graduate School of Arts & Sciences,1,0,33,3.71,1,1,0,0,0,0,0.0,0
4129,3.6,2023,Still Looking,0,Engineering - Civil Engineering,Female,School of Engineering & Applied Science,0,1,0,,0,0,0,1,0,0,0.0,0
4130,3.6,2023,Still Looking,1,Education - Educational Psychology,Female,School of Education and Human Development,0,0,0,,0,1,0,1,0,0,0.0,0
4131,3.6,2023,Working,2,Engineering - Computer Science,Male,School of Engineering & Applied Science,1,10,103,,0,1,0,0,1,1,0.0,0
4132,3.6,2023,Continuing Education,0,Engineering - Biomedical Engineering,Male,School of Engineering & Applied Science,0,0,14,,0,0,1,0,0,0,0.0,0
4133,3.6,2023,Still Looking,0,Data Science,Male,School of Data Science,0,8,253,3.1,0,0,0,1,1,1,0.0,0
4134,3.6,2023,Still Looking,0,Data Science,Male,School of Data Science,0,8,253,3.85,0,0,0,1,1,1,0.0,0
4135,3.6,2023,Working,2,Environmental Sciences,Female,College and Graduate School of Arts & Sciences,1,0,84,,1,1,0,0,0,1,5.0,1
4136,3.6,2023,Working,0,Data Science,Female,School of Data Science,1,2,0,,0,0,0,0,1,0,0.0,0
4137,3.6,2023,Working,0,Engineering - Electrical Engineering,Male,School of Engineering & Applied Science,1,6,172,,0,0,0,0,1,1,0.0,0
4138,3.6,2023,Working,1,Engineering - Aerospace Engineering,Male,School of Engineering & Applied Science,1,3,6,3.49,0,1,0,0,1,0,2.0,1
4139,3.6,2023,Working,2,Economics,Male,College and Graduate School of Arts & Sciences,1,1,198,3.63,0,1,0,0,0,1,3.0,1
4140,3.6,2023,Working,0,Cognitive Science - Interdisciplinary,Female,College and Graduate School of Arts & Sciences,1,0,11,3.8,0,0,0,0,0,0,0.0,0
4141,3.6,2023,Working,2,Economics,Male,College and Graduate School of Arts & Sciences,1,0,64,3.9,0,1,0,0,0,1,0.0,0
4142,3.6,2023,Continuing Education,0,Engineering - Biomedical Engineering,Female,School of Engineering & Applied Science,0,3,2,,0,0,1,0,1,0,0.0,0
4143,3.6,2023,Working,3,Engineering - Biomedical Engineering,Male,School of Engineering & Applied Science,1,5,33,,0,1,0,0,1,0,0.0,0
4144,3.6,2023,Still Looking,1,Engineering - Biomedical Engineering,Male,School of Engineering & Applied Science,0,5,114,,0,1,0,1,1,1,0.0,0
4145,3.6,2023,Working,1,Engineering - Biomedical Engineering,Male,School of Engineering & Applied Science,1,9,284,4.58,0,1,0,0,1,1,0.0,0
4146,3.6,2023,Working,1,Engineering - Biomedical Engineering,Male,School of Engineering & Applied Science,1,9,284,3.9,0,1,0,0,1,1,0.0,0
4147,3.6,2023,Continuing Education,1,Engineering - Biomedical Engineering,Female,School of Engineering & Applied Science,0,4,130,3.71,0,1,1,0,1,1,0.0,0
4148,3.6,2023,Working,1,Architecture,Male,School of Architecture,1,0,0,,0,1,0,0,0,0,0.0,0
4149,3.6,2023,Working,2,Mathematics,Male,College and Graduate School of Arts & Sciences,1,3,114,3.72,0,1,0,0,1,1,2.0,1
4150,3.6,2023,Working,1,Engineering - Computer Science,Male,School of Engineering & Applied Science,1,0,160,3.57,0,1,0,0,0,1,0.0,0
4151,3.6,2023,Continuing Education,0,Government,Female,College and Graduate School of Arts & Sciences,0,0,9,,0,0,1,0,0,0,0.0,0
4152,3.6,2023,Not Seeking,2,Political Philosophy Policy & Law - Interdisciplinary,Male,College and Graduate School of Arts & Sciences,0,1,360,3.9,0,1,0,0,0,1,0.0,0
4153,3.6,2023,Working,0,Foreign Affairs,Female,College and Graduate School of Arts & Sciences,1,7,378,3.9,0,0,0,0,1,1,0.0,0
4154,3.6,2023,Working,1,Cognitive Science - Interdisciplinary,Female,College and Graduate School of Arts & Sciences,1,0,92,,0,1,0,0,0,1,0.0,0
4155,3.6,2023,Working,2,Education - Kinesiology,Male,School of Education and Human Development,1,0,1,3.25,0,1,0,0,0,0,0.0,0
4156,3.6,2023,Working,2,Engineering - Computer Science,Male,School of Engineering & Applied Science,1,5,106,4.84,0,1,0,0,1,1,0.0,0
4157,3.6,2023,Working,2,Engineering - Computer Science,Male,School of Engineering & Applied Science,1,5,106,3.75,0,1,0,0,1,1,0.0,0
4158,3.6,2023,Working,1,Applied Statistics,Female,College and Graduate School of Arts & Sciences,1,0,4,4.1,0,1,0,0,0,0,0.0,0
4159,3.6,2023,Working,1,Applied Statistics,Female,College and Graduate School of Arts & Sciences,1,0,4,3.55,0,1,0,0,0,0,0.0,0
4160,3.6,2023,Working,1,Economics,Male,College and Graduate School of Arts & Sciences,1,2,94,3.6,0,1,0,0,1,1,0.0,0
4161,3.6,2023,Still Looking,2,Sociology,Female,College and Graduate School of Arts & Sciences,0,2,9,,1,1,0,1,1,0,5.0,1
4162,3.6,2023,Still Looking,1,History,Female,College and Graduate School of Arts & Sciences,0,0,20,3.7,0,1,0,1,0,0,0.0,0
4163,3.6,2023,Working,2,Media Studies,Female,College and Graduate School of Arts & Sciences,1,0,1,,0,1,0,0,0,0,1.0,1
4164,3.6,2023,Working,2,Computer Science - Interdisciplinary,Male,College and Graduate School of Arts & Sciences,1,0,260,3.61,0,1,0,0,0,1,0.0,0
4165,3.6,2023,Still Looking,2,Data Science,Male,School of Data Science,0,3,79,3.58,0,1,0,1,1,1,2.0,1
4166,3.6,2023,Still Looking,2,Data Science,Male,School of Data Science,0,3,79,4.0,0,1,0,1,1,1,2.0,1
4167,3.6,2023,Not Seeking,1,Engineering - Systems Engineering,Male,School of Engineering & Applied Science,0,3,2,,0,1,0,0,1,0,0.0,0
4168,3.6,2023,Working,0,Architecture,Female,School of Architecture,1,0,66,,0,0,0,0,0,1,1.0,1
4169,3.6,2023,Working,1,Engineering - Computer Science,Male,School of Engineering & Applied Science,1,1,11,3.76,0,1,0,0,0,0,6.0,1
4170,3.6,2023,Working,2,Economics,Female,College and Graduate School of Arts & Sciences,1,3,17,,0,1,0,0,1,0,0.0,0
4171,3.6,2023,Still Looking,1,Statistics,Female,College and Graduate School of Arts & Sciences,0,6,306,3.81,0,1,0,1,1,1,3.0,1
4172,3.6,2023,Working,2,Statistics,Male,College and Graduate School of Arts & Sciences,1,0,0,,0,1,0,0,0,0,1.0,1
4173,3.6,2023,Working,1,Environmental Sciences,Male,College and Graduate School of Arts & Sciences,1,0,66,3.82,0,1,0,0,0,1,0.0,0
4174,3.6,2023,Working,1,Statistics,Male,College and Graduate School of Arts & Sciences,1,3,272,3.63,0,1,0,0,1,1,0.0,0
4175,3.6,2023,Working,1,Statistics,Male,College and Graduate School of Arts & Sciences,1,3,272,,0,1,0,0,1,1,0.0,0
4176,3.6,2023,Working,3,Computer Science - Interdisciplinary,Female,College and Graduate School of Arts & Sciences,1,1,0,3.9,0,1,0,0,0,0,0.0,0
4177,3.6,2023,Continuing Education,3,Applied Statistics,Male,College and Graduate School of Arts & Sciences,0,1,4,3.9,0,1,1,0,0,0,0.0,0
4178,3.6,2023,Not Seeking,0,Chemistry,Female,College and Graduate School of Arts & Sciences,0,1,10,,0,0,0,0,0,0,2.0,1
4179,3.6,2023,Working,3,Education - Speech Communication Disorders,Female,School of Education and Human Development,1,0,1,4.5,0,1,0,0,0,0,6.0,1
4180,3.6,2023,Working,3,Education - Speech Communication Disorders,Female,School of Education and Human Development,1,0,1,,0,1,0,0,0,0,6.0,1
4181,3.6,2023,Continuing Education,0,Biology,Female,College and Graduate School of Arts & Sciences,0,0,0,,0,0,1,0,0,0,0.0,0
4182,3.6,2023,Working,0,Education - Curriculum & Instruction,Female,School of Education and Human Development,1,0,0,4.0,0,0,0,0,0,0,0.0,0
4183,3.6,2023,Fellowship,0,Economics,Male,College and Graduate School of Arts & Sciences,0,0,0,,0,0,0,0,0,0,0.0,0
4184,3.6,2023,Working,0,Chemistry,Male,College and Graduate School of Arts & Sciences,1,3,18,,0,0,0,0,1,0,0.0,0
4185,3.6,2023,Working,2,Biology,Female,College and Graduate School of Arts & Sciences,1,0,15,4.34,0,1,0,0,0,0,0.0,0
4186,3.6,2023,Working,2,Biology,Female,College and Graduate School of Arts & Sciences,1,0,15,,0,1,0,0,0,0,0.0,0
4187,3.6,2023,Working,2,Biology,Female,College and Graduate School of Arts & Sciences,1,0,15,3.91,0,1,0,0,0,0,0.0,0
4188,3.6,2023,Working,2,Biology,Male,College and Graduate School of Arts & Sciences,1,2,6,3.8,0,1,0,0,1,0,0.0,0
4189,3.6,2023,Working,3,Economics,Male,College and Graduate School of Arts & Sciences,1,5,294,4.2,0,1,0,0,1,1,0.0,0
4190,3.6,2023,Working,3,Economics,Male,College and Graduate School of Arts & Sciences,1,5,294,3.3,0,1,0,0,1,1,0.0,0
4191,3.6,2023,Still Looking,0,Economics,Male,College and Graduate School of Arts & Sciences,0,4,8,3.4,0,0,0,1,1,0,1.0,1
4192,3.6,2023,Working,1,Education - Higher Education,Female,School of Education and Human Development,1,0,1,,0,1,0,0,0,0,0.0,0
4193,3.6,2023,Still Looking,0,English,Female,College and Graduate School of Arts & Sciences,0,0,0,,0,0,0,1,0,0,3.0,1
4194,3.6,2023,Working,2,Engineering - Computer Science,Male,School of Engineering & Applied Science,1,1,52,3.7,0,1,0,0,0,1,0.0,0
4195,3.6,2023,Working,2,Engineering - Computer Science,Male,School of Engineering & Applied Science,1,1,52,,0,1,0,0,0,1,0.0,0
4196,3.6,2023,Working,2,Engineering - Computer Science,Male,School of Engineering & Applied Science,1,1,52,4.49,0,1,0,0,0,1,0.0,0
4197,3.6,2023,Still Looking,0,Engineering - Biomedical Engineering,Male,School of Engineering & Applied Science,0,4,25,3.5,0,0,0,1,1,0,0.0,0
4198,3.6,2023,Working,0,East Asian Studies - Interdisciplinary,Male,College and Graduate School of Arts & Sciences,1,0,0,,0,0,0,0,0,0,0.0,0
4199,3.6,2023,Working,2,Engineering - Computer Science,Female,School of Engineering & Applied Science,1,0,5,3.82,0,1,0,0,0,0,1.0,1
4200,3.6,2023,Working,1,Architecture - Urban & Environmental Planning,Male,School of Architecture,1,0,0,,0,1,0,0,0,0,0.0,0
4201,3.6,2023,Still Looking,0,Psychology,Female,College and Graduate School of Arts & Sciences,0,1,387,,0,0,0,1,0,1,1.0,1
4202,3.6,2023,Working,3,Computer Science - Interdisciplinary,Female,College and Graduate School of Arts & Sciences,1,0,0,3.9,0,1,0,0,0,0,0.0,0
4203,3.6,2023,Working,1,Biology,Female,College and Graduate School of Arts & Sciences,1,0,3,,0,1,0,0,0,0,0.0,0
4204,3.6,2023,Working,1,Engineering - Electrical Engineering,Male,School of Engineering & Applied Science,1,0,0,,0,1,0,0,0,0,0.0,0
4205,3.6,2023,Working,1,Spanish,Female,College and Graduate School of Arts & Sciences,1,0,0,,0,1,0,0,0,0,0.0,0
4206,3.6,2023,Working,1,Spanish,Female,College and Graduate School of Arts & Sciences,1,0,0,4.0,0,1,0,0,0,0,0.0,0
4207,3.6,2023,Working,1,Engineering - Mechanical Engineering,Male,School of Engineering & Applied Science,1,3,7,,0,1,0,0,1,0,0.0,0
4208,3.6,2023,Working,1,Chemistry,Female,College and Graduate School of Arts & Sciences,1,1,14,,0,1,0,0,0,0,0.0,0
4209,3.6,2023,Working,0,Education - Curriculum & Instruction,Female,School of Education and Human Development,1,0,0,,0,0,0,0,0,0,0.0,0
4210,3.6,2023,Still Looking,0,Engineering - Systems Engineering,Female,School of Engineering & Applied Science,0,4,0,,0,0,0,1,1,0,0.0,0
4211,3.6,2023,Fellowship,1,Human Biology - Interdisciplinary,Female,College and Graduate School of Arts & Sciences,0,0,14,4.32,0,1,0,0,0,0,0.0,0
4212,3.6,2023,Fellowship,1,Human Biology - Interdisciplinary,Female,College and Graduate School of Arts & Sciences,0,0,14,,0,1,0,0,0,0,0.0,0
4213,3.6,2023,Fellowship,1,Human Biology - Interdisciplinary,Female,College and Graduate School of Arts & Sciences,0,0,14,4.0,0,1,0,0,0,0,0.0,0
4214,3.6,2023,Working,2,Engineering - Biomedical Engineering,Female,School of Engineering & Applied Science,1,2,36,3.6,0,1,0,0,1,0,0.0,0
4215,3.6,2023,Continuing Education,0,Biology,Male,College and Graduate School of Arts & Sciences,0,0,0,4.0,0,0,1,0,0,0,0.0,0
4216,3.6,2023,Working,2,Political Philosophy Policy & Law - Interdisciplinary,Male,College and Graduate School of Arts & Sciences,1,9,18,3.97,0,1,0,0,1,0,0.0,0
4217,3.6,2023,Continuing Education,2,Economics,Male,College and Graduate School of Arts & Sciences,0,0,4,3.8,0,1,1,0,0,0,0.0,0
4218,3.6,2023,Working,1,Engineering - Computer Science,Male,School of Engineering & Applied Science,1,1,9,3.84,0,1,0,0,0,0,0.0,0
4219,3.6,2023,Working,2,Engineering - Systems Engineering,Male,School of Engineering & Applied Science,1,0,52,3.97,0,1,0,0,0,1,0.0,0
4220,3.6,2023,Working,2,Engineering - Civil Engineering,Male,School of Engineering & Applied Science,1,2,1,3.6,0,1,0,0,1,0,0.0,0
4221,3.6,2023,Working,1,Engineering - Computer Science,Male,School of Engineering & Applied Science,1,1,53,,0,1,0,0,0,1,0.0,0
4222,3.6,2023,Working,3,Education - Athletic Training,Female,School of Education and Human Development,1,0,0,,0,1,0,0,0,0,0.0,0
4223,3.6,2023,Working,1,Engineering - Computer Science,Male,School of Engineering & Applied Science,1,0,73,,0,1,0,0,0,1,1.0,1
4224,3.6,2023,Continuing Education,3,Engineering - Computer Science,Male,School of Engineering & Applied Science,0,1,28,,0,1,1,0,0,0,1.0,1
4225,3.6,2023,Still Looking,2,Mathematics,Male,College and Graduate School of Arts & Sciences,0,4,78,3.99,1,1,0,1,1,1,6.0,1
4226,3.6,2023,Working,1,Engineering - Computer Science,Male,School of Engineering & Applied Science,1,1,51,,0,1,0,0,0,1,0.0,0
4227,3.6,2023,Working,2,Engineering - Mechanical Engineering,Male,School of Engineering & Applied Science,1,2,22,,0,1,0,0,1,0,6.0,1
4228,3.6,2023,Working,1,Engineering - Computer Science,Male,School of Engineering & Applied Science,1,0,28,,0,1,0,0,0,0,1.0,1
4229,3.6,2023,Working,3,Engineering - Computer Science,Male,School of Engineering & Applied Science,1,0,16,3.91,0,1,0,0,0,0,0.0,0
4230,3.6,2023,Still Looking,3,Physics,Male,College and Graduate School of Arts & Sciences,0,4,2,,0,1,0,1,1,0,0.0,0
4231,3.6,2023,Still Looking,3,Physics,Male,College and Graduate School of Arts & Sciences,0,4,2,4.65,0,1,0,1,1,0,0.0,0
4232,3.6,2023,Working,0,Engineering - Civil Engineering,Male,School of Engineering & Applied Science,1,3,55,,0,0,0,0,1,1,0.0,0
4233,3.6,2023,Continuing Education,1,Engineering - Computer Science,Male,School of Engineering & Applied Science,0,0,44,3.93,0,1,1,0,0,0,0.0,0
4234,3.6,2023,Working,2,Global Studies - Interdisciplinary,Female,College and Graduate School of Arts & Sciences,1,0,0,,0,1,0,0,0,0,1.0,1
4235,3.6,2023,Working,1,Education - Kinesiology,Female,School of Education and Human Development,1,0,1,,0,1,0,0,0,0,0.0,0
4236,3.6,2023,Continuing Education,1,Psychology,Female,College and Graduate School of Arts & Sciences,0,1,28,,0,1,1,0,0,0,0.0,0
4237,3.6,2023,Working,1,English,Female,College and Graduate School of Arts & Sciences,1,0,44,3.8,0,1,0,0,0,0,0.0,0
4238,3.6,2023,Working,1,English,Female,College and Graduate School of Arts & Sciences,1,0,44,,0,1,0,0,0,0,0.0,0
4239,3.6,2023,Working,1,Engineering - Electrical Engineering,Male,School of Engineering & Applied Science,1,2,32,3.86,0,1,0,0,1,0,0.0,0
4240,3.6,2023,Working,2,Engineering - Systems Engineering,Male,School of Engineering & Applied Science,1,5,86,,0,1,0,0,1,1,0.0,0
4241,3.6,2023,Not Seeking,0,Art - Art History,Female,College and Graduate School of Arts & Sciences,0,0,8,,0,0,0,0,0,0,2.0,1
4242,3.6,2023,Working,1,Engineering - Computer Science,Male,School of Engineering & Applied Science,1,4,18,,0,1,0,0,1,0,0.0,0
4243,3.6,2023,Continuing Education,2,English,Female,College and Graduate School of Arts & Sciences,0,0,0,,0,1,1,0,0,0,0.0,0
4244,3.6,2023,Continuing Education,2,English,Female,College and Graduate School of Arts & Sciences,0,0,0,3.84,0,1,1,0,0,0,0.0,0
4245,3.6,2023,Continuing Education,1,Engineering - Mechanical Engineering,Male,School of Engineering & Applied Science,0,0,13,3.85,0,1,1,0,0,0,0.0,0
4246,3.6,2023,Continuing Education,1,Engineering - Mechanical Engineering,Male,School of Engineering & Applied Science,0,0,13,,0,1,1,0,0,0,0.0,0
4247,3.6,2023,Working,3,Computer Science - Interdisciplinary,Male,College and Graduate School of Arts & Sciences,1,2,92,3.67,1,1,0,0,1,1,0.0,0
4248,3.6,2023,Continuing Education,0,Applied Statistics,Male,College and Graduate School of Arts & Sciences,0,8,194,,0,0,1,0,1,1,10.0,1
4249,3.6,2023,Continuing Education,0,Applied Statistics,Male,College and Graduate School of Arts & Sciences,0,8,194,3.27,0,0,1,0,1,1,10.0,1
4250,3.6,2023,Continuing Education,0,Applied Statistics,Male,College and Graduate School of Arts & Sciences,0,8,194,3.89,0,0,1,0,1,1,10.0,1
4251,3.6,2023,Continuing Education,0,Applied Statistics,Male,College and Graduate School of Arts & Sciences,0,8,194,3.51,0,0,1,0,1,1,10.0,1
4252,3.6,2023,Working,2,Computer Science - Interdisciplinary,Male,College and Graduate School of Arts & Sciences,1,2,6,3.85,0,1,0,0,1,0,0.0,0
4253,3.6,2023,Working,2,Engineering - Computer Science,Male,School of Engineering & Applied Science,1,0,41,3.95,0,1,0,0,0,0,0.0,0
4254,3.6,2023,Working,0,Data Science,Female,School of Data Science,1,8,78,,0,0,0,0,1,1,0.0,0
4255,3.6,2023,Fellowship,0,Engineering - Materials Science & Engineering,Female,School of Engineering & Applied Science,0,0,1,,0,0,0,0,0,0,0.0,0
4256,3.6,2023,Fellowship,0,Engineering - Materials Science & Engineering,Female,School of Engineering & Applied Science,0,0,1,3.83,0,0,0,0,0,0,0.0,0
4257,3.6,2023,Working,0,English,Female,College and Graduate School of Arts & Sciences,1,0,6,,0,0,0,0,0,0,0.0,0
4258,3.6,2023,Continuing Education,2,Architecture,Male,School of Architecture,0,1,4,3.59,0,1,1,0,0,0,0.0,0
4259,3.6,2023,Continuing Education,2,Architecture,Male,School of Architecture,0,1,4,,0,1,1,0,0,0,0.0,0
4260,3.6,2023,Working,1,Biology,Female,College and Graduate School of Arts & Sciences,1,4,110,3.6,0,1,0,0,1,1,0.0,0
4261,3.6,2023,Still Looking,0,Engineering - Mechanical & Aerospace Engineering,Male,School of Engineering & Applied Science,0,2,89,3.9,0,0,0,1,1,1,0.0,0
4262,3.6,2023,Working,1,Economics,Male,College and Graduate School of Arts & Sciences,1,3,139,3.5,0,1,0,0,1,1,0.0,0
4263,3.6,2023,Continuing Education,0,History,Male,College and Graduate School of Arts & Sciences,0,0,0,,0,0,1,0,0,0,0.0,0
4264,3.6,2023,Still Looking,1,Global Studies - Interdisciplinary,Female,College and Graduate School of Arts & Sciences,0,2,0,3.9,0,1,0,1,1,0,0.0,0
4265,3.6,2023,Continuing Education,0,Biology,Female,College and Graduate School of Arts & Sciences,0,0,0,3.8,0,0,1,0,0,0,0.0,0
4266,3.6,2023,Working,1,Engineering - Computer Science,Male,School of Engineering & Applied Science,1,3,72,,1,1,0,0,1,1,0.0,0
4267,3.6,2023,Continuing Education,0,Archaeology - Interdisciplinary,Female,College and Graduate School of Arts & Sciences,0,0,0,,0,0,1,0,0,0,2.0,1
4268,3.6,2023,Continuing Education,0,Engineering - Computer Science,Male,School of Engineering & Applied Science,0,0,38,4.52,0,0,1,0,0,0,0.0,0
4269,3.6,2023,Continuing Education,0,Engineering - Computer Science,Male,School of Engineering & Applied Science,0,0,38,4.0,0,0,1,0,0,0,0.0,0
4270,3.6,2023,Continuing Education,0,Engineering - Computer Science,Male,School of Engineering & Applied Science,0,0,38,3.96,0,0,1,0,0,0,0.0,0
4271,3.6,2023,Still Looking,0,Biology,Female,College and Graduate School of Arts & Sciences,0,0,4,,0,0,0,1,0,0,0.0,0
4272,3.6,2023,Working,1,Statistics,Male,College and Graduate School of Arts & Sciences,1,1,58,3.7,0,1,0,0,0,1,1.0,1
4273,3.6,2023,Not Seeking,0,Biology,Female,College and Graduate School of Arts & Sciences,0,2,0,,0,0,0,0,1,0,2.0,1
4274,3.6,2023,Still Looking,1,Anthropology,Male,College and Graduate School of Arts & Sciences,0,1,22,3.5,0,1,0,1,0,0,0.0,0
4275,3.6,2023,Working,3,Engineering - Computer Science,Male,School of Engineering & Applied Science,1,0,6,,0,1,0,0,0,0,0.0,0
4276,3.6,2023,Working,1,Biology,Female,College and Graduate School of Arts & Sciences,1,0,8,3.83,0,1,0,0,0,0,0.0,0
4277,3.6,2023,Continuing Education,0,Global Studies - Interdisciplinary,Female,College and Graduate School of Arts & Sciences,0,0,46,,0,0,1,0,0,0,0.0,0
4278,3.6,2023,Still Looking,2,Data Science,Male,School of Data Science,0,1,18,3.82,0,1,0,1,0,0,8.0,1
4279,3.6,2023,Still Looking,2,Data Science,Male,School of Data Science,0,1,18,3.8,0,1,0,1,0,0,8.0,1
4280,3.6,2023,Still Looking,2,Education - Counselor Education,Female,School of Education and Human Development,0,3,0,,0,1,0,1,1,0,1.0,1
4281,3.6,2023,Fellowship,3,Foreign Affairs,Male,College and Graduate School of Arts & Sciences,0,1,131,3.82,0,1,0,0,0,1,0.0,0
4282,3.6,2023,Working,2,Computer Science - Interdisciplinary,Male,College and Graduate School of Arts & Sciences,1,3,147,3.72,0,1,0,0,1,1,0.0,0
4283,3.6,2023,Working,1,Engineering - Computer Science,Male,School of Engineering & Applied Science,1,2,7,3.01,0,1,0,0,1,0,0.0,0
4284,3.6,2023,Still Looking,1,Biology,Female,College and Graduate School of Arts & Sciences,0,0,7,,0,1,0,1,0,0,0.0,0
4285,3.6,2023,Still Looking,1,Biology,Female,College and Graduate School of Arts & Sciences,0,0,7,4.0,0,1,0,1,0,0,0.0,0
4286,3.6,2023,Still Looking,1,Biology,Female,College and Graduate School of Arts & Sciences,0,0,7,3.93,0,1,0,1,0,0,0.0,0
4287,3.6,2023,Still Looking,1,Engineering - Materials Science and Engineering,Male,School of Engineering & Applied Science,0,0,56,3.5,0,1,0,1,0,1,0.0,0
4288,3.6,2023,Working,3,Engineering - Computer Science,Male,School of Engineering & Applied Science,1,4,1,,0,1,0,0,1,0,0.0,0
4289,3.6,2023,Fellowship,0,Religious Studies,Male,College and Graduate School of Arts & Sciences,0,2,4,,0,0,0,0,1,0,0.0,0
4290,3.6,2023,Still Looking,1,Education - Athletic Training,Female,School of Education and Human Development,0,0,0,,0,1,0,1,0,0,0.0,0
4291,3.6,2023,Working,0,Biology,Male,College and Graduate School of Arts & Sciences,1,0,3,,0,0,0,0,0,0,0.0,0
4292,3.6,2023,Working,1,Engineering - Computer Engineering,Male,School of Engineering & Applied Science,1,0,0,,0,1,0,0,0,0,1.0,1
4293,3.6,2023,Still Looking,0,Pharmacology,Female,School of Medicine,0,0,1,3.71,0,0,0,1,0,0,0.0,0
4294,3.6,2023,Still Looking,0,Pharmacology,Female,School of Medicine,0,0,1,,0,0,0,1,0,0,0.0,0
4295,3.6,2023,Still Looking,1,Biology,Female,College and Graduate School of Arts & Sciences,0,0,46,,0,1,0,1,0,0,0.0,0
4296,3.6,2023,Working,0,Engineering - Biomedical Engineering,Female,School of Engineering & Applied Science,1,2,7,3.9,0,0,0,0,1,0,0.0,0
4297,3.6,2023,Working,0,Biology,Female,College and Graduate School of Arts & Sciences,1,0,60,3.5,0,0,0,0,0,1,5.0,1
4298,3.6,2023,Working,1,Engineering - Biomedical Engineering,Female,School of Engineering & Applied Science,1,2,23,,0,1,0,0,1,0,0.0,0
4299,3.6,2023,Not Seeking,0,Statistics,Male,College and Graduate School of Arts & Sciences,0,0,0,,0,0,0,0,0,0,0.0,0
4300,3.6,2023,Continuing Education,3,Chemistry,Female,College and Graduate School of Arts & Sciences,0,0,6,,0,1,1,0,0,0,0.0,0
4301,3.6,2023,Continuing Education,0,Interdisciplinary (SCPS-BIS),Female,School of Continuing and Professional Studies,0,0,0,,0,0,1,0,0,0,0.0,0
4302,3.6,2023,Working,2,Economics,Male,College and Graduate School of Arts & Sciences,1,0,32,,0,1,0,0,0,0,0.0,0
4303,3.6,2023,Still Looking,0,Biology,Male,College and Graduate School of Arts & Sciences,0,0,0,,0,0,0,1,0,0,0.0,0
4304,3.6,2023,Working,1,Cognitive Science - Interdisciplinary,Male,College and Graduate School of Arts & Sciences,1,0,2,,0,1,0,0,0,0,0.0,0
4305,3.6,2023,Working,0,Engineering - Computer Science,Female,School of Engineering & Applied Science,1,0,18,,0,0,0,0,0,0,0.0,0
4306,3.6,2023,Working,1,Economics,Male,College and Graduate School of Arts & Sciences,1,0,8,,0,1,0,0,0,0,0.0,0
4307,3.6,2023,Continuing Education,2,Computer Science - Interdisciplinary,Male,College and Graduate School of Arts & Sciences,0,2,76,3.8,1,1,1,0,1,1,0.0,0
4308,3.6,2023,Continuing Education,2,Computer Science - Interdisciplinary,Male,College and Graduate School of Arts & Sciences,0,2,76,,1,1,1,0,1,1,0.0,0
4309,3.6,2023,Working,1,Philosophy,Male,College and Graduate School of Arts & Sciences,1,0,8,3.56,0,1,0,0,0,0,0.0,0
4310,3.6,2023,Continuing Education,3,History,Male,College and Graduate School of Arts & Sciences,0,2,60,,0,1,1,0,1,1,0.0,0
4311,3.6,2023,Still Looking,1,Cognitive Science - Interdisciplinary,Female,College and Graduate School of Arts & Sciences,0,0,8,,0,1,0,1,0,0,8.0,1
4312,3.6,2023,Working,3,Education - Elementary Education,Female,School of Education and Human Development,1,0,0,,0,1,0,0,0,0,0.0,0
4313,3.6,2023,Working,2,Media Studies,Female,College and Graduate School of Arts & Sciences,1,2,34,3.6,0,1,0,0,1,0,0.0,0
4314,3.6,2023,Working,3,Engineering - Computer Science,Male,School of Engineering & Applied Science,1,1,60,3.3,0,1,0,0,0,1,0.0,0
4315,3.6,2023,Working,3,Engineering - Computer Science,Male,School of Engineering & Applied Science,1,1,60,4.6,0,1,0,0,0,1,0.0,0
4316,3.6,2023,Still Looking,2,Foreign Affairs,Female,College and Graduate School of Arts & Sciences,0,0,65,,0,1,0,1,0,1,0.0,0
4317,3.6,2023,Continuing Education,0,Psychology,Male,College and Graduate School of Arts & Sciences,0,2,22,,0,0,1,0,1,0,0.0,0
4318,3.6,2023,Not Seeking,0,Computer Science,Male,College and Graduate School of Arts & Sciences,0,3,146,,0,0,0,0,1,1,0.0,0
4319,3.6,2023,Still Looking,1,Cognitive Science - Interdisciplinary,Female,College and Graduate School of Arts & Sciences,0,0,13,3.97,0,1,0,1,0,0,0.0,0
4320,3.6,2023,Working,3,Education - Social Studies Education,Female,School of Education and Human Development,1,1,0,,0,1,0,0,0,0,0.0,0
4321,3.6,2023,Continuing Education,1,Political Philosophy Policy & Law - Interdisciplinary,Female,College and Graduate School of Arts & Sciences,0,0,34,3.9,0,1,1,0,0,0,0.0,0
4322,3.6,2023,Continuing Education,1,Mathematics,Male,College and Graduate School of Arts & Sciences,0,0,15,3.7,0,1,1,0,0,0,0.0,0
4323,3.6,2023,Continuing Education,1,Mathematics,Male,College and Graduate School of Arts & Sciences,0,0,15,3.3,0,1,1,0,0,0,0.0,0
4324,3.6,2023,Continuing Education,1,Mathematics,Male,College and Graduate School of Arts & Sciences,0,0,15,,0,1,1,0,0,0,0.0,0
4325,3.6,2023,Working,3,Political Philosophy Policy & Law - Interdisciplinary,Female,College and Graduate School of Arts & Sciences,1,1,8,,0,1,0,0,0,0,0.0,0
4326,3.6,2023,Working,3,Political Philosophy Policy & Law - Interdisciplinary,Female,College and Graduate School of Arts & Sciences,1,1,8,4.6,0,1,0,0,0,0,0.0,0
4327,3.6,2023,Continuing Education,3,Archaeology - Interdisciplinary,Female,College and Graduate School of Arts & Sciences,0,0,2,3.9,0,1,1,0,0,0,0.0,0
4328,3.6,2023,Working,1,Statistics,Female,College and Graduate School of Arts & Sciences,1,0,49,3.78,0,1,0,0,0,1,1.0,1
4329,3.6,2023,Continuing Education,2,Computer Science - Interdisciplinary,Male,College and Graduate School of Arts & Sciences,0,0,0,,0,1,1,0,0,0,0.0,0
4330,3.6,2023,Military,0,Biology,Male,College and Graduate School of Arts & Sciences,0,0,0,3.7,0,0,0,0,0,0,0.0,0
4331,3.6,2023,Working,0,Computer Science - Interdisciplinary,Female,College and Graduate School of Arts & Sciences,1,2,78,,0,0,0,0,1,1,0.0,0
4332,3.6,2023,Working,0,Computer Science - Interdisciplinary,Female,College and Graduate School of Arts & Sciences,1,2,78,3.79,0,0,0,0,1,1,0.0,0
4333,3.6,2023,Working,0,Psychology,Female,College and Graduate School of Arts & Sciences,1,0,0,,0,0,0,0,0,0,0.0,0
4334,3.6,2023,Working,2,Economics,Male,College and Graduate School of Arts & Sciences,1,2,92,3.8,0,1,0,0,1,1,2.0,1
4335,3.6,2023,Working,2,Global Studies - Interdisciplinary,Female,College and Graduate School of Arts & Sciences,1,6,83,3.9,0,1,0,0,1,1,0.0,0
4336,3.6,2023,Working,2,Architecture,Male,School of Architecture,1,1,0,3.26,0,1,0,0,0,0,0.0,0
4337,3.6,2023,Working,3,Media Studies,Female,College and Graduate School of Arts & Sciences,1,1,36,3.61,0,1,0,0,0,0,0.0,0
4338,3.6,2023,Working,3,Media Studies,Female,College and Graduate School of Arts & Sciences,1,1,36,,0,1,0,0,0,0,0.0,0
4339,3.6,2023,Working,1,Engineering - Computer Engineering,Male,School of Engineering & Applied Science,1,0,80,,0,1,0,0,0,1,0.0,0
4340,3.6,2023,Still Looking,0,Foreign Affairs,Male,College and Graduate School of Arts & Sciences,0,0,466,3.4,0,0,0,1,0,1,0.0,0
4341,3.6,2023,Working,3,Environmental Thought & Practice - Interdisciplinary,Female,College and Graduate School of Arts & Sciences,1,0,0,4.0,0,1,0,0,0,0,1.0,1
4342,3.6,2023,Working,3,American Studies - Interdisciplinary,Female,College and Graduate School of Arts & Sciences,1,1,130,3.78,0,1,0,0,0,1,6.0,1
4343,3.6,2023,Continuing Education,1,Engineering - Mechanical Engineering,Male,School of Engineering & Applied Science,0,0,62,3.8,0,1,1,0,0,1,0.0,0
4344,3.6,2023,Continuing Education,1,Engineering - Mechanical Engineering,Male,School of Engineering & Applied Science,0,0,62,3.85,0,1,1,0,0,1,0.0,0
4345,3.6,2023,Working,1,Economics,Male,College and Graduate School of Arts & Sciences,1,0,2,3.8,0,1,0,0,0,0,2.0,1
4346,3.6,2023,Continuing Education,2,Media Studies,Female,College and Graduate School of Arts & Sciences,0,4,122,3.89,0,1,1,0,1,1,1.0,1
4347,3.6,2023,Continuing Education,2,Media Studies,Female,College and Graduate School of Arts & Sciences,0,4,122,4.06,0,1,1,0,1,1,1.0,1
4348,3.6,2023,Still Looking,0,Engineering - Systems Engineering,Male,School of Engineering & Applied Science,0,7,8,3.82,0,0,0,1,1,0,0.0,0
4349,3.6,2023,Still Looking,0,Engineering - Systems Engineering,Male,School of Engineering & Applied Science,0,7,8,,0,0,0,1,1,0,0.0,0
4350,3.6,2023,Continuing Education,2,Applied Statistics,Female,College and Graduate School of Arts & Sciences,0,5,106,,0,1,1,0,1,1,0.0,0
4351,3.6,2023,Working,0,Chemistry,Male,College and Graduate School of Arts & Sciences,1,1,21,,0,0,0,0,0,0,0.0,0
4352,3.6,2023,Fellowship,3,English,Female,College and Graduate School of Arts & Sciences,0,2,28,,0,1,0,0,1,0,7.0,1
4353,3.6,2023,Continuing Education,1,Education - Youth & Social Innovation,Male,School of Education and Human Development,0,2,10,3.91,0,1,1,0,1,0,0.0,0
4354,3.6,2023,Still Looking,0,History,Female,College and Graduate School of Arts & Sciences,0,0,30,,0,0,0,1,0,0,0.0,0
4355,3.6,2023,Working,2,Foreign Affairs,Female,College and Graduate School of Arts & Sciences,1,3,16,4.85,0,1,0,0,1,0,0.0,0
4356,3.6,2023,Continuing Education,1,Statistics,Female,College and Graduate School of Arts & Sciences,0,3,185,3.86,0,1,1,0,1,1,1.0,1
4357,3.6,2023,Working,1,Human Biology - Interdisciplinary,Female,College and Graduate School of Arts & Sciences,1,1,28,3.95,0,1,0,0,0,0,0.0,0
4358,3.6,2023,Working,2,Education - Higher Education,Male,School of Education and Human Development,1,2,0,,0,1,0,0,1,0,0.0,0
4359,3.6,2023,Still Looking,2,Government,Male,College and Graduate School of Arts & Sciences,0,0,2,,0,1,0,1,0,0,0.0,0
4360,3.6,2023,Still Looking,1,Architecture,Female,School of Architecture,0,1,22,,0,1,0,1,0,0,4.0,1
4361,3.6,2023,Working,1,Applied Statistics,Male,College and Graduate School of Arts & Sciences,1,12,58,3.7,0,1,0,0,1,1,7.0,1
4362,3.6,2023,Working,2,Statistics,Male,College and Graduate School of Arts & Sciences,1,0,15,,0,1,0,0,0,0,0.0,0
4363,3.6,2023,Fellowship,0,Engineering - Civil Engineering,Male,School of Engineering & Applied Science,0,0,0,,0,0,0,0,0,0,0.0,0
4364,3.6,2023,Working,2,Economics,Female,College and Graduate School of Arts & Sciences,1,1,3,4.63,0,1,0,0,0,0,1.0,1
4365,3.6,2023,Working,2,Economics,Female,College and Graduate School of Arts & Sciences,1,1,3,3.88,0,1,0,0,0,0,1.0,1
4366,3.6,2023,Continuing Education,1,Cognitive Science - Interdisciplinary,Female,College and Graduate School of Arts & Sciences,0,1,77,,0,1,1,0,0,1,0.0,0
4367,3.6,2023,Working,3,Global Studies - Interdisciplinary,Female,College and Graduate School of Arts & Sciences,1,4,282,,0,1,0,0,1,1,0.0,0
4368,3.6,2023,Working,3,Global Studies - Interdisciplinary,Female,College and Graduate School of Arts & Sciences,1,4,282,3.77,0,1,0,0,1,1,0.0,0
4369,3.6,2023,Working,3,History,Female,College and Graduate School of Arts & Sciences,1,5,113,3.88,0,1,0,0,1,1,2.0,1
4370,3.6,2023,Working,3,History,Female,College and Graduate School of Arts & Sciences,1,5,113,,0,1,0,0,1,1,2.0,1
4371,3.6,2023,Still Looking,0,Computer Science - Interdisciplinary,Male,College and Graduate School of Arts & Sciences,0,1,30,3.85,0,0,0,1,0,0,0.0,0
4372,3.6,2023,Continuing Education,0,Interdisciplinary (SCPS-BIS),Female,School of Continuing and Professional Studies,0,1,0,,0,0,1,0,0,0,2.0,1
4373,3.6,2023,Working,0,Engineering - Mechanical & Aerospace Engineering,Male,School of Engineering & Applied Science,1,1,0,3.9,0,0,0,0,0,0,0.0,0
4374,3.6,2023,Working,1,Education - Higher Education,Female,School of Education and Human Development,1,1,0,,0,1,0,0,0,0,0.0,0
4375,3.6,2023,Still Looking,0,Government,Female,College and Graduate School of Arts & Sciences,0,0,76,3.4,0,0,0,1,0,1,0.0,0
4376,3.6,2023,Still Looking,2,Computer Science - Interdisciplinary,Male,College and Graduate School of Arts & Sciences,0,1,35,3.3,0,1,0,1,0,0,0.0,0
4377,3.6,2023,Fellowship,2,Global Studies - Interdisciplinary,Female,College and Graduate School of Arts & Sciences,0,0,0,,0,1,0,0,0,0,0.0,0
4378,3.6,2023,Still Looking,1,English,Female,College and Graduate School of Arts & Sciences,0,3,50,3.2,0,1,0,1,1,1,0.0,0
4379,3.6,2023,Still Looking,1,English,Female,College and Graduate School of Arts & Sciences,0,3,50,4.35,0,1,0,1,1,1,0.0,0
4380,3.6,2023,Working,2,Computer Science - Interdisciplinary,Female,College and Graduate School of Arts & Sciences,1,0,7,,0,1,0,0,0,0,0.0,0
4381,3.6,2023,Working,0,Drama,Male,College and Graduate School of Arts & Sciences,1,0,6,,0,0,0,0,0,0,0.0,0
4382,3.6,2023,Still Looking,3,Economics,Female,College and Graduate School of Arts & Sciences,0,5,245,,0,1,0,1,1,1,0.0,0
4383,3.6,2023,Still Looking,3,Economics,Female,College and Graduate School of Arts & Sciences,0,5,245,3.89,0,1,0,1,1,1,0.0,0
4384,3.6,2023,Still Looking,2,Global Studies - Interdisciplinary,Female,College and Graduate School of Arts & Sciences,0,5,9,3.47,0,1,0,1,1,0,18.0,1
4385,3.6,2023,Working,1,Applied Statistics,Female,College and Graduate School of Arts & Sciences,1,0,6,,0,1,0,0,0,0,0.0,0
4386,3.6,2023,Working,3,Engineering - Computer Science,Male,School of Engineering & Applied Science,1,2,58,,0,1,0,0,1,1,2.0,1
4387,3.6,2023,Continuing Education,2,Psychology,Female,College and Graduate School of Arts & Sciences,0,0,0,,0,1,1,0,0,0,2.0,1
4388,3.6,2023,Working,0,Data Science,Female,School of Data Science,1,2,39,3.56,0,0,0,0,1,0,0.0,0
4389,3.6,2023,Working,0,Data Science,Female,School of Data Science,1,2,39,,0,0,0,0,1,0,0.0,0
4390,3.6,2023,Continuing Education,2,Anthropology,Female,College and Graduate School of Arts & Sciences,0,0,36,,0,1,1,0,0,0,0.0,0
4391,3.6,2023,Working,0,Psychology,Female,College and Graduate School of Arts & Sciences,1,0,2,4.0,0,0,0,0,0,0,0.0,0
4392,3.6,2023,Working,1,Architecture,Male,School of Architecture,1,4,48,,0,1,0,0,1,1,4.0,1
4393,3.6,2023,Working,2,American Studies - Interdisciplinary,Female,College and Graduate School of Arts & Sciences,1,0,24,3.9,0,1,0,0,0,0,0.0,0
4394,3.6,2023,Working,0,Chemistry,Female,College and Graduate School of Arts & Sciences,1,1,20,,0,0,0,0,0,0,0.0,0
4395,3.6,2023,Still Looking,0,Engineering - Computer Science,Male,School of Engineering & Applied Science,0,4,215,3.72,0,0,0,1,1,1,0.0,0
4396,3.6,2023,Continuing Education,0,Psychology,Male,College and Graduate School of Arts & Sciences,0,0,0,3.8,0,0,1,0,0,0,0.0,0
4397,3.6,2023,Fellowship,1,Environmental Sciences,Female,College and Graduate School of Arts & Sciences,0,0,0,,0,1,0,0,0,0,0.0,0
4398,3.6,2023,Still Looking,0,Engineering - Mechanical & Aerospace Engineering,Male,School of Engineering & Applied Science,0,3,60,3.01,0,0,0,1,1,1,0.0,0
4399,3.6,2023,Still Looking,0,Engineering - Mechanical & Aerospace Engineering,Male,School of Engineering & Applied Science,0,3,60,3.88,0,0,0,1,1,1,0.0,0
4400,3.6,2023,Working,1,Music,Female,College and Graduate School of Arts & Sciences,1,0,0,3.98,0,1,0,0,0,0,0.0,0
4401,3.6,2023,Working,1,Music,Female,College and Graduate School of Arts & Sciences,1,0,0,,0,1,0,0,0,0,0.0,0
4402,3.6,2023,Continuing Education,1,Education - Clinical & School Psychology,Female,School of Education and Human Development,0,0,0,4.5,0,1,1,0,0,0,0.0,0
4403,3.6,2023,Continuing Education,1,Education - Clinical & School Psychology,Female,School of Education and Human Development,0,0,0,3.65,0,1,1,0,0,0,0.0,0
4404,3.6,2023,Continuing Education,3,Statistics,Male,School of Education and Human Development,0,1,38,3.7,0,1,1,0,0,0,0.0,0
4405,3.6,2023,Working,0,Physics,Male,College and Graduate School of Arts & Sciences,1,3,208,,0,0,0,0,1,1,0.0,0
4406,3.6,2023,Still Looking,0,Interdisciplinary (SCPS-BIS),Female,School of Continuing and Professional Studies,0,0,0,,0,0,0,1,0,0,0.0,0
4407,3.6,2023,Working,3,Education - Clinical & School Psychology,Female,School of Education and Human Development,1,0,8,,0,1,0,0,0,0,0.0,0
4408,3.6,2023,Working,0,Engineering - Civil Engineering,Male,School of Engineering & Applied Science,1,0,0,3.61,0,0,0,0,0,0,0.0,0
4409,3.6,2023,Still Looking,0,Interdisciplinary (SCPS-BIS),Male,School of Continuing and Professional Studies,0,2,2,,0,0,0,1,1,0,0.0,0
4410,3.6,2023,Working,1,Engineering - Computer Science,Male,School of Engineering & Applied Science,1,0,0,,0,1,0,0,0,0,2.0,1
4411,3.6,2023,Working,1,Engineering - Computer Science,Male,School of Engineering & Applied Science,1,0,0,4.0,0,1,0,0,0,0,2.0,1
4412,3.6,2023,Working,0,Psychology,Female,College and Graduate School of Arts & Sciences,1,0,3,,0,0,0,0,0,0,0.0,0
4413,3.6,2023,Working,0,Education - Administration & Supervision,Female,School of Education and Human Development,1,0,0,,0,0,0,0,0,0,0.0,0
4414,3.6,2023,Working,0,Engineering - Systems Engineering,Male,School of Engineering & Applied Science,1,0,0,3.9,0,0,0,0,0,0,0.0,0
4415,3.6,2023,Working,0,Engineering - Systems Engineering,Male,School of Engineering & Applied Science,1,0,0,3.7,0,0,0,0,0,0,0.0,0
4416,3.6,2023,Working,0,Engineering - Systems Engineering,Male,School of Engineering & Applied Science,1,0,0,3.8,0,0,0,0,0,0,0.0,0
4417,3.6,2023,Still Looking,0,Education - Youth & Social Innovation,Female,School of Education and Human Development,0,0,0,,0,0,0,1,0,0,0.0,0
4418,3.6,2023,Working,0,Chemistry,Male,College and Graduate School of Arts & Sciences,1,3,8,4.0,0,0,0,0,1,0,0.0,0
4419,3.6,2023,Working,0,Chemistry,Male,College and Graduate School of Arts & Sciences,1,3,8,3.6,0,0,0,0,1,0,0.0,0
4420,3.6,2023,Working,0,Chemistry,Male,College and Graduate School of Arts & Sciences,1,3,8,,0,0,0,0,1,0,0.0,0
4421,3.6,2023,Working,1,Engineering - Materials Science & Engineering,Male,School of Engineering & Applied Science,1,0,4,,0,1,0,0,0,0,0.0,0
4422,3.6,2023,Still Looking,1,Interdisciplinary (SCPS-BIS),Female,School of Continuing and Professional Studies,0,9,37,3.9,0,1,0,1,1,0,0.0,0
4423,3.6,2023,Still Looking,1,Interdisciplinary (SCPS-BIS),Female,School of Continuing and Professional Studies,0,9,37,,0,1,0,1,1,0,0.0,0
4424,3.6,2023,Working,0,Public Safety,Male,School of Continuing and Professional Studies,1,0,0,,0,0,0,0,0,0,0.0,0
4425,3.6,2023,Working,0,Education - Reading Education,Female,School of Education and Human Development,1,1,0,3.62,0,0,0,0,0,0,0.0,0
4426,3.6,2023,Still Looking,0,Nursing,Female,College and Graduate School of Arts & Sciences,0,0,0,3.96,0,0,0,1,0,0,0.0,0
4427,3.6,2023,Still Looking,0,Nursing,Female,College and Graduate School of Arts & Sciences,0,0,0,,0,0,0,1,0,0,0.0,0
4428,3.6,2023,Continuing Education,2,Education - Kinesiology,Female,School of Education and Human Development,0,0,0,,0,1,1,0,0,0,0.0,0
4429,3.6,2023,Fellowship,1,Engineering - Computer Engineering,Male,School of Engineering & Applied Science,0,0,23,,0,1,0,0,0,0,0.0,0
4430,3.6,2023,Continuing Education,3,Public Policy,Female,College and Graduate School of Arts & Sciences,0,0,9,,1,1,1,0,0,0,1.0,1
4431,3.6,2023,Not Seeking,0,Psychology,Male,College and Graduate School of Arts & Sciences,0,0,15,,0,0,0,0,0,0,0.0,0
4432,3.6,2023,Still Looking,0,Art - Studio Art,Female,College and Graduate School of Arts & Sciences,0,0,3,,0,0,0,1,0,0,0.0,0
4433,3.6,2023,Working,2,Interdisciplinary (SCPS-BIS),Male,School of Continuing and Professional Studies,1,0,42,3.82,1,1,0,0,0,0,8.0,1
4434,3.6,2023,Working,1,Engineering - Computer Science,Male,School of Engineering & Applied Science,1,0,0,,0,1,0,0,0,0,0.0,0
4435,3.6,2023,Fellowship,0,Engineering - Materials Science & Engineering,Female,School of Engineering & Applied Science,0,0,0,,0,0,0,0,0,0,0.0,0
4436,3.6,2023,Working,0,Education - English Education,Female,School of Education and Human Development,1,0,0,4.0,0,0,0,0,0,0,0.0,0
4437,3.6,2023,Still Looking,2,Engineering - Systems Engineering,Male,School of Engineering & Applied Science,0,3,0,3.95,0,1,0,1,1,0,0.0,0
4438,3.6,2023,Still Looking,2,Engineering - Systems Engineering,Male,School of Engineering & Applied Science,0,3,0,3.94,0,1,0,1,1,0,0.0,0
4439,3.6,2023,Still Looking,2,Engineering - Systems Engineering,Male,School of Engineering & Applied Science,0,3,0,3.9,0,1,0,1,1,0,0.0,0
4440,3.6,2023,Still Looking,1,Interdisciplinary (SCPS-BIS),Female,School of Continuing and Professional Studies,0,2,18,3.63,0,1,0,1,1,0,0.0,0
4441,3.6,2023,Still Looking,1,Interdisciplinary (SCPS-BIS),Female,School of Continuing and Professional Studies,0,2,18,,0,1,0,1,1,0,0.0,0
4442,3.6,2023,Still Looking,0,Music,Male,College and Graduate School of Arts & Sciences,0,0,0,,0,0,0,1,0,0,0.0,0
4443,3.6,2023,Working,0,Anthropology,Female,College and Graduate School of Arts & Sciences,1,1,6,,0,0,0,0,0,0,0.0,0
4444,3.6,2023,Fellowship,1,Astronomy,Female,College and Graduate School of Arts & Sciences,0,1,0,3.8,0,1,0,0,0,0,0.0,0
4445,3.6,2023,Military,0,Engineering - Systems Engineering,Male,School of Engineering & Applied Science,0,0,0,,0,0,0,0,0,0,0.0,0
4446,3.6,2023,Working,0,Sociology,Female,College and Graduate School of Arts & Sciences,1,0,0,3.77,0,0,0,0,0,0,0.0,0
4447,3.6,2023,Working,3,Global Studies - Interdisciplinary,Female,College and Graduate School of Arts & Sciences,1,3,27,,0,1,0,0,1,0,0.0,0
4448,3.6,2023,Still Looking,0,Engineering - Computer Science,Male,School of Engineering & Applied Science,0,0,0,,0,0,0,1,0,0,0.0,0
4449,3.6,2023,Working,0,Cognitive Science - Interdisciplinary,Female,College and Graduate School of Arts & Sciences,1,0,1,,0,0,0,0,0,0,0.0,0
4450,3.6,2023,Working,1,Religious Studies,Male,College and Graduate School of Arts & Sciences,1,0,0,,0,1,0,0,0,0,0.0,0
4451,3.6,2023,Working,1,Engineering - Computer Engineering,Male,School of Engineering & Applied Science,1,2,0,,0,1,0,0,1,0,0.0,0
4452,3.6,2023,Working,1,Engineering - Chemical Engineering,Male,School of Engineering & Applied Science,1,0,0,,0,1,0,0,0,0,0.0,0
4453,3.6,2023,Working,3,Economics,Male,College and Graduate School of Arts & Sciences,1,0,225,3.19,0,1,0,0,0,1,0.0,0
4454,3.6,2023,Working,2,Engineering - Computer Science,Male,School of Engineering & Applied Science,1,1,0,,0,1,0,0,0,0,0.0,0
4455,3.6,2023,Working,2,Engineering - Computer Science,Female,School of Engineering & Applied Science,1,0,10,,0,1,0,0,0,0,0.0,0
4456,3.6,2023,Continuing Education,2,Government,Male,College and Graduate School of Arts & Sciences,0,4,33,,0,1,1,0,1,0,4.0,1
4457,3.6,2023,Working,0,Education - Special Education,Male,School of Education and Human Development,1,1,0,3.6,0,0,0,0,0,0,0.0,0
4458,3.6,2023,Continuing Education,0,Engineering - Civil Engineering,Female,School of Engineering & Applied Science,0,0,0,3.67,0,0,1,0,0,0,0.0,0
4459,3.6,2023,Working,0,Engineering - Civil Engineering,Female,School of Engineering & Applied Science,1,1,32,4.0,0,0,0,0,0,0,0.0,0
4460,3.6,2023,Fellowship,0,Engineering - Biomedical Engineering,Female,School of Engineering & Applied Science,0,0,0,,0,0,0,0,0,0,0.0,0
4461,3.6,2023,Working,1,Architecture - Urban & Environmental Planning,Male,School of Architecture,1,0,26,,0,1,0,0,0,0,1.0,1
4462,4.0,2024,Working,3,Engineering - Systems Engineering,Male,School of Engineering & Applied Science,1,5,23,3.97,1,1,0,0,1,0,0.0,0
4463,4.0,2024,Working,3,Engineering - Systems Engineering,Male,School of Engineering & Applied Science,1,5,23,,1,1,0,0,1,0,0.0,0
4464,4.0,2024,Working,1,Computer Science - Interdisciplinary,Female,College and Graduate School of Arts & Sciences,1,13,124,3.99,0,1,0,0,1,1,0.0,0
4465,4.0,2024,Working,3,Engineering - Computer Science,Male,School of Engineering & Applied Science,1,6,65,3.9,1,1,0,0,1,1,1.0,1
4466,4.0,2024,Working,3,Engineering - Computer Science,Male,School of Engineering & Applied Science,1,6,65,,1,1,0,0,1,1,1.0,1
4467,4.0,2024,Working,1,Computer Science - Interdisciplinary,Female,College and Graduate School of Arts & Sciences,1,2,26,,1,1,0,0,1,0,0.0,0
4468,4.0,2024,Working,3,Engineering - Computer Engineering,Female,School of Engineering & Applied Science,1,1,0,,0,1,0,0,0,0,0.0,0
4469,4.0,2024,Working,3,Engineering - Mechanical Engineering,Male,School of Engineering & Applied Science,1,6,83,4.41,0,1,0,0,1,1,0.0,0
4470,4.0,2024,Working,3,Engineering - Mechanical Engineering,Male,School of Engineering & Applied Science,1,6,83,3.94,0,1,0,0,1,1,0.0,0
4471,4.0,2024,Working,1,Engineering - Computer Science,Male,School of Engineering & Applied Science,1,7,232,3.67,0,1,0,0,1,1,0.0,0
4472,4.0,2024,Continuing Education,2,Engineering - Computer Science,Male,School of Engineering & Applied Science,0,6,183,3.95,0,1,1,0,1,1,0.0,0
4473,4.0,2024,Continuing Education,2,Engineering - Computer Science,Male,School of Engineering & Applied Science,0,6,183,4.0,0,1,1,0,1,1,0.0,0
4474,4.0,2024,Working,1,Engineering - Biomedical Engineering,Female,School of Engineering & Applied Science,1,11,28,3.98,0,1,0,0,1,0,0.0,0
4475,4.0,2024,Working,2,Engineering - Systems Engineering,Female,School of Engineering & Applied Science,1,2,3,3.85,0,1,0,0,1,0,0.0,0
4476,4.0,2024,Working,1,Engineering - Engineering Science,Female,School of Engineering & Applied Science,1,1,6,,0,1,0,0,0,0,0.0,0
4477,4.0,2024,Working,2,Engineering - Systems Engineering,Female,School of Engineering & Applied Science,1,6,27,,0,1,0,0,1,0,0.0,0
4478,4.0,2024,Working,2,Engineering - Chemical Engineering,Female,School of Engineering & Applied Science,1,8,109,4.5,0,1,0,0,1,1,3.0,1
4479,4.0,2024,Working,2,Engineering - Chemical Engineering,Female,School of Engineering & Applied Science,1,8,109,3.9,0,1,0,0,1,1,3.0,1
4480,4.0,2024,Continuing Education,3,Engineering - Biomedical Engineering,Female,School of Engineering & Applied Science,0,0,7,,0,1,1,0,0,0,0.0,0
4481,4.0,2024,Continuing Education,3,Engineering - Biomedical Engineering,Female,School of Engineering & Applied Science,0,0,7,4.6,0,1,1,0,0,0,0.0,0
4482,4.0,2024,Working,3,Engineering - Computer Science,Female,School of Engineering & Applied Science,1,11,27,3.99,0,1,0,0,1,0,0.0,0
4483,4.0,2024,Working,3,Engineering - Computer Science,Female,School of Engineering & Applied Science,1,11,27,,0,1,0,0,1,0,0.0,0
4484,4.0,2024,Working,3,Engineering - Computer Science,Female,School of Engineering & Applied Science,1,11,27,4.0,0,1,0,0,1,0,0.0,0
4485,4.0,2024,Working,3,Engineering - Computer Science,Female,School of Engineering & Applied Science,1,11,27,4.45,0,1,0,0,1,0,0.0,0
4486,4.0,2024,Working,2,Engineering - Computer Engineering,Male,School of Engineering & Applied Science,1,5,86,,0,1,0,0,1,1,0.0,0
4487,4.0,2024,Working,2,Engineering - Computer Engineering,Male,School of Engineering & Applied Science,1,5,86,3.82,0,1,0,0,1,1,0.0,0
4488,4.0,2024,Working,2,Engineering - Biomedical Engineering,Female,School of Engineering & Applied Science,1,7,64,,0,1,0,0,1,1,1.0,1
4489,4.0,2024,Working,3,Engineering - Biomedical Engineering,Female,School of Engineering & Applied Science,1,14,313,,1,1,0,0,1,1,4.0,1
4490,4.0,2024,Working,3,Engineering - Computer Engineering,Male,School of Engineering & Applied Science,1,3,29,3.58,0,1,0,0,1,0,1.0,1
4491,4.0,2024,Working,2,Engineering - Computer Science,Male,School of Engineering & Applied Science,1,2,3,3.99,0,1,0,0,1,0,1.0,1
4492,4.0,2024,Working,2,Engineering - Electrical Engineering,Female,School of Engineering & Applied Science,1,2,62,,0,1,0,0,1,1,0.0,0
4493,4.0,2024,Working,2,Engineering - Civil Engineering,Male,School of Engineering & Applied Science,1,2,0,,0,1,0,0,1,0,1.0,1
4494,4.0,2024,Working,2,Engineering - Computer Science,Male,School of Engineering & Applied Science,1,0,0,3.9,0,1,0,0,0,0,0.0,0
4495,4.0,2024,Working,3,Engineering - Biomedical Engineering,Male,School of Engineering & Applied Science,1,8,39,3.6,0,1,0,0,1,0,0.0,0
4496,4.0,2024,Working,2,Engineering - Computer Science,Male,School of Engineering & Applied Science,1,0,24,3.55,0,1,0,0,0,0,0.0,0
4497,4.0,2024,Working,1,Engineering - Systems Engineering,Male,School of Engineering & Applied Science,1,9,496,3.75,0,1,0,0,1,1,0.0,0
4498,4.0,2024,Working,2,Engineering - Chemical Engineering,Male,School of Engineering & Applied Science,1,7,195,,0,1,0,0,1,1,0.0,0
4499,4.0,2024,Working,2,Engineering - Mechanical Engineering,Male,School of Engineering & Applied Science,1,13,158,3.87,0,1,0,0,1,1,0.0,0
4500,4.0,2024,Still Looking,0,Engineering - Computer Science,Male,School of Engineering & Applied Science,0,2,71,,0,0,0,1,1,1,1.0,1
4501,4.0,2024,Working,1,Engineering - Aerospace Engineering,Female,School of Engineering & Applied Science,1,2,1,3.88,0,1,0,0,1,0,0.0,0
4502,4.0,2024,Working,2,Engineering - Computer Science,Male,School of Engineering & Applied Science,1,0,49,,0,1,0,0,0,1,0.0,0
4503,4.0,2024,Working,3,Engineering - Systems Engineering,Female,School of Engineering & Applied Science,1,1,168,3.7,0,1,0,0,0,1,0.0,0
4504,4.0,2024,Working,1,Engineering - Chemical Engineering,Female,School of Engineering & Applied Science,1,1,128,3.73,0,1,0,0,0,1,0.0,0
4505,4.0,2024,Working,1,Engineering - Chemical Engineering,Female,School of Engineering & Applied Science,1,1,128,4.33,0,1,0,0,0,1,0.0,0
4506,4.0,2024,Working,2,Engineering - Computer Science,Male,School of Engineering & Applied Science,1,6,30,3.67,0,1,0,0,1,0,0.0,0
4507,4.0,2024,Working,2,Engineering - Computer Science,Male,School of Engineering & Applied Science,1,6,30,4.43,0,1,0,0,1,0,0.0,0
4508,4.0,2024,Working,1,Engineering - Computer Engineering,Male,School of Engineering & Applied Science,1,11,96,,0,1,0,0,1,1,1.0,1
4509,4.0,2024,Working,2,Engineering - Civil Engineering,Female,School of Engineering & Applied Science,1,1,25,,0,1,0,0,0,0,1.0,1
4510,4.0,2024,Working,3,Engineering - Computer Science,Female,School of Engineering & Applied Science,1,3,51,4.0,0,1,0,0,1,1,0.0,0
4511,4.0,2024,Continuing Education,2,Engineering - Biomedical Engineering,Female,School of Engineering & Applied Science,0,6,5,4.55,0,1,1,0,1,0,0.0,0
4512,4.0,2024,Continuing Education,2,Engineering - Biomedical Engineering,Female,School of Engineering & Applied Science,0,6,5,,0,1,1,0,1,0,0.0,0
4513,4.0,2024,Working,2,Engineering - Biomedical Engineering,Female,School of Engineering & Applied Science,1,3,142,,0,1,0,0,1,1,0.0,0
4514,4.0,2024,Working,2,Engineering - Computer Science,Male,School of Engineering & Applied Science,1,3,30,3.93,0,1,0,0,1,0,0.0,0
4515,4.0,2024,Working,0,Engineering - Systems Engineering,Female,School of Engineering & Applied Science,1,9,293,,0,0,0,0,1,1,0.0,0
4516,4.0,2024,Continuing Education,1,Engineering - Biomedical Engineering,Female,School of Engineering & Applied Science,0,0,9,4.37,0,1,1,0,0,0,0.0,0
4517,4.0,2024,Continuing Education,1,Engineering - Biomedical Engineering,Female,School of Engineering & Applied Science,0,0,9,3.28,0,1,1,0,0,0,0.0,0
4518,4.0,2024,Working,1,Engineering - Biomedical Engineering,Male,School of Engineering & Applied Science,1,8,40,,0,1,0,0,1,0,1.0,1
4519,4.0,2024,Working,2,Engineering - Computer Science,Female,School of Engineering & Applied Science,1,4,53,,0,1,0,0,1,1,0.0,0
4520,4.0,2024,Working,3,Engineering - Computer Science,Female,School of Engineering & Applied Science,1,2,2,,0,1,0,0,1,0,1.0,1
4521,4.0,2024,Working,2,Engineering - Systems Engineering,Female,School of Engineering & Applied Science,1,3,38,3.71,0,1,0,0,1,0,0.0,0
4522,4.0,2024,Working,2,Engineering - Computer Science,Male,School of Engineering & Applied Science,1,9,258,3.4,0,1,0,0,1,1,1.0,1
4523,4.0,2024,Continuing Education,2,Engineering - Aerospace Engineering,Female,School of Engineering & Applied Science,0,1,0,,0,1,1,0,0,0,0.0,0
4524,4.0,2024,Working,3,Computer Science - Interdisciplinary,Male,College and Graduate School of Arts & Sciences,1,4,28,3.99,0,1,0,0,1,0,2.0,1
4525,4.0,2024,Working,3,Computer Science - Interdisciplinary,Male,College and Graduate School of Arts & Sciences,1,4,28,4.0,0,1,0,0,1,0,2.0,1
4526,4.0,2024,Still Looking,2,Foreign Affairs,Female,College and Graduate School of Arts & Sciences,0,0,7,,0,1,0,1,0,0,0.0,0
4527,4.0,2024,Working,0,Business Administration,Male,Darden Graduate School of Business Administration,1,0,0,,0,0,0,0,0,0,0.0,0
4528,4.0,2024,Still Looking,1,Applied Statistics,Female,College and Graduate School of Arts & Sciences,0,7,245,,1,1,0,1,1,1,3.0,1
4529,4.0,2024,Still Looking,3,Psychology,Female,College and Graduate School of Arts & Sciences,0,8,94,3.86,1,1,0,1,1,1,6.0,1
4530,4.0,2024,Still Looking,3,Psychology,Female,College and Graduate School of Arts & Sciences,0,8,94,,1,1,0,1,1,1,6.0,1
4531,4.0,2024,Still Looking,1,Engineering - Computer Science,Male,School of Engineering & Applied Science,0,1,8,3.67,0,1,0,1,0,0,1.0,1
4532,4.0,2024,Working,1,Spanish,Female,College and Graduate School of Arts & Sciences,1,0,34,,0,1,0,0,0,0,0.0,0
4533,4.0,2024,Working,1,Business Administration,Male,Darden Graduate School of Business Administration,1,0,23,3.8,0,1,0,0,0,0,0.0,0
4534,4.0,2024,Working,1,Business Administration,Male,Darden Graduate School of Business Administration,1,0,23,,0,1,0,0,0,0,0.0,0
4535,4.0,2024,Still Looking,1,Engineering - Computer Science,Female,School of Engineering & Applied Science,0,18,776,,0,1,0,1,1,1,0.0,0
4536,4.0,2024,Continuing Education,1,Biology,Female,College and Graduate School of Arts & Sciences,0,0,10,,0,1,1,0,0,0,0.0,0
4537,4.0,2024,Still Looking,1,Applied Statistics,Female,College and Graduate School of Arts & Sciences,0,5,129,,0,1,0,1,1,1,2.0,1
4538,4.0,2024,Working,0,Media Studies,Male,College and Graduate School of Arts & Sciences,1,1,403,3.6,0,0,0,0,0,1,0.0,0
4539,4.0,2024,Working,0,Engineering - Computer Science,Male,School of Engineering & Applied Science,1,13,589,,0,0,0,0,1,1,0.0,0
4540,4.0,2024,Working,3,Computer Science - Interdisciplinary,Female,College and Graduate School of Arts & Sciences,1,12,544,4.0,0,1,0,0,1,1,0.0,0
4541,4.0,2024,Continuing Education,1,Global Studies - Interdisciplinary,Female,College and Graduate School of Arts & Sciences,0,2,23,,0,1,1,0,1,0,2.0,1
4542,4.0,2024,Continuing Education,1,Global Studies - Interdisciplinary,Female,College and Graduate School of Arts & Sciences,0,2,23,3.93,0,1,1,0,1,0,2.0,1
4543,4.0,2024,Still Looking,1,History,Female,College and Graduate School of Arts & Sciences,0,0,50,,1,1,0,1,0,1,0.0,0
4544,4.0,2024,Working,2,Applied Statistics,Male,College and Graduate School of Arts & Sciences,1,5,54,3.5,0,1,0,0,1,1,0.0,0
4545,4.0,2024,Working,2,Biology,Female,College and Graduate School of Arts & Sciences,1,10,95,3.82,0,1,0,0,1,1,0.0,0
4546,4.0,2024,Still Looking,1,Education - Youth & Social Innovation,Male,School of Education and Human Development,0,1,0,,0,1,0,1,0,0,0.0,0
4547,4.0,2024,Working,2,Engineering - Computer Science,Male,School of Engineering & Applied Science,1,5,7,3.79,0,1,0,0,1,0,0.0,0
4548,4.0,2024,Continuing Education,1,Art - Art History,Female,College and Graduate School of Arts & Sciences,0,1,33,3.4,0,1,1,0,0,0,0.0,0
4549,4.0,2024,Continuing Education,1,Art - Art History,Female,College and Graduate School of Arts & Sciences,0,1,33,4.8,0,1,1,0,0,0,0.0,0
4550,4.0,2024,Continuing Education,2,History,Male,College and Graduate School of Arts & Sciences,0,0,1,,0,1,1,0,0,0,0.0,0
4551,4.0,2024,Working,2,Economics,Male,College and Graduate School of Arts & Sciences,1,3,44,3.7,0,1,0,0,1,0,0.0,0
4552,4.0,2024,Working,2,Engineering - Systems Engineering,Female,School of Engineering & Applied Science,1,1,276,,0,1,0,0,0,1,1.0,1
4553,4.0,2024,Volunteering,1,Foreign Affairs,Female,College and Graduate School of Arts & Sciences,0,4,42,3.5,0,1,0,0,1,0,0.0,0
4554,4.0,2024,Working,1,Engineering - Civil Engineering,Female,School of Engineering & Applied Science,1,7,63,,1,1,0,0,1,1,0.0,0
4555,4.0,2024,Continuing Education,1,History,Female,College and Graduate School of Arts & Sciences,0,8,144,,0,1,1,0,1,1,0.0,0
4556,4.0,2024,Working,1,Neuroscience - Interdisciplinary,Male,College and Graduate School of Arts & Sciences,1,1,32,,0,1,0,0,0,0,10.0,1
4557,4.0,2024,Working,2,Statistics,Male,College and Graduate School of Arts & Sciences,1,0,0,3.97,0,1,0,0,0,0,0.0,0
4558,4.0,2024,Working,0,Education - Elementary Education,Female,School of Education and Human Development,1,1,0,,0,0,0,0,0,0,0.0,0
4559,4.0,2024,Continuing Education,2,Applied Statistics,Female,College and Graduate School of Arts & Sciences,0,1,12,3.97,0,1,1,0,0,0,0.0,0
4560,4.0,2024,Working,2,Engineering - Civil Engineering,Male,School of Engineering & Applied Science,1,6,19,,0,1,0,0,1,0,3.0,1
4561,4.0,2024,Working,2,Engineering - Civil Engineering,Male,School of Engineering & Applied Science,1,6,19,4.2,0,1,0,0,1,0,3.0,1
4562,4.0,2024,Working,2,Computer Science - Interdisciplinary,Male,College and Graduate School of Arts & Sciences,1,13,143,3.71,1,1,0,0,1,1,0.0,0
4563,4.0,2024,Working,2,Computer Science - Interdisciplinary,Male,College and Graduate School of Arts & Sciences,1,13,143,3.78,1,1,0,0,1,1,0.0,0
4564,4.0,2024,Working,2,Engineering - Systems Engineering,Female,School of Engineering & Applied Science,1,2,47,,0,1,0,0,1,0,0.0,0
4565,4.0,2024,Working,1,Applied Statistics,Male,College and Graduate School of Arts & Sciences,1,1,30,4.0,0,1,0,0,0,0,0.0,0
4566,4.0,2024,Working,1,Applied Statistics,Male,College and Graduate School of Arts & Sciences,1,1,30,,0,1,0,0,0,0,0.0,0
4567,4.0,2024,Working,1,Engineering - Computer Science,Female,School of Engineering & Applied Science,1,0,298,,0,1,0,0,0,1,0.0,0
4568,4.0,2024,Still Looking,0,Engineering - Electrical Engineering,Female,School of Engineering & Applied Science,0,0,0,,0,0,0,1,0,0,0.0,0
4569,4.0,2024,Working,1,Engineering - Computer Science,Female,School of Engineering & Applied Science,1,2,37,4.0,0,1,0,0,1,0,0.0,0
4570,4.0,2024,Working,1,Engineering - Chemical Engineering,Female,School of Engineering & Applied Science,1,8,63,,0,1,0,0,1,1,0.0,0
4571,4.0,2024,Volunteering,2,Spanish,Female,College and Graduate School of Arts & Sciences,0,1,14,,0,1,0,0,0,0,1.0,1
4572,4.0,2024,Continuing Education,0,Biology,Female,College and Graduate School of Arts & Sciences,0,0,6,,0,0,1,0,0,0,1.0,1
4573,4.0,2024,Working,2,Environmental Sciences,Female,College and Graduate School of Arts & Sciences,1,0,12,,0,1,0,0,0,0,1.0,1
4574,4.0,2024,Continuing Education,0,Psychology,Female,College and Graduate School of Arts & Sciences,0,0,34,,0,0,1,0,0,0,0.0,0
4575,4.0,2024,Working,1,Engineering - Biomedical Engineering,Male,School of Engineering & Applied Science,1,4,27,3.5,0,1,0,0,1,0,2.0,1
4576,4.0,2024,Continuing Education,3,English,Male,College and Graduate School of Arts & Sciences,0,3,80,,0,1,1,0,1,1,0.0,0
4577,4.0,2024,Still Looking,1,Foreign Affairs,Female,College and Graduate School of Arts & Sciences,0,6,176,,0,1,0,1,1,1,1.0,1
4578,4.0,2024,Working,1,Cognitive Science - Interdisciplinary,Female,College and Graduate School of Arts & Sciences,1,0,67,,0,1,0,0,0,1,0.0,0
4579,4.0,2024,Working,3,Engineering - Systems Engineering,Male,School of Engineering & Applied Science,1,4,110,,0,1,0,0,1,1,0.0,0
4580,4.0,2024,Continuing Education,3,Engineering - Biomedical Engineering,Female,School of Engineering & Applied Science,0,3,49,,1,1,1,0,1,1,0.0,0
4581,4.0,2024,Continuing Education,3,Engineering - Biomedical Engineering,Female,School of Engineering & Applied Science,0,3,49,4.74,1,1,1,0,1,1,0.0,0
4582,4.0,2024,Continuing Education,3,Engineering - Biomedical Engineering,Female,School of Engineering & Applied Science,0,3,49,4.68,1,1,1,0,1,1,0.0,0
4583,4.0,2024,Still Looking,0,Data Science,Male,School of Data Science,0,1,14,,0,0,0,1,0,0,0.0,0
4584,4.0,2024,Working,1,Foreign Affairs,Male,College and Graduate School of Arts & Sciences,1,6,27,4.8,0,1,0,0,1,0,0.0,0
4585,4.0,2024,Working,1,Foreign Affairs,Male,College and Graduate School of Arts & Sciences,1,6,27,3.0,0,1,0,0,1,0,0.0,0
4586,4.0,2024,Continuing Education,2,Education - Kinesiology,Female,School of Education and Human Development,0,0,47,,0,1,1,0,0,0,0.0,0
4587,4.0,2024,Working,3,Philosophy,Female,College and Graduate School of Arts & Sciences,1,0,15,3.6,1,1,0,0,0,0,0.0,0
4588,4.0,2024,Working,3,Economics,Male,College and Graduate School of Arts & Sciences,1,7,32,3.9,0,1,0,0,1,0,0.0,0
4589,4.0,2024,Working,2,Education - Counselor Education,Female,School of Education and Human Development,1,1,3,4.0,0,1,0,0,0,0,0.0,0
4590,4.0,2024,Working,2,Engineering - Materials Science and Engineering,Female,School of Engineering & Applied Science,1,4,30,,0,1,0,0,1,0,0.0,0
4591,4.0,2024,Working,1,Engineering - Systems Engineering,Male,School of Engineering & Applied Science,1,9,232,3.65,0,1,0,0,1,1,0.0,0
4592,4.0,2024,Working,0,History,Male,College and Graduate School of Arts & Sciences,1,0,46,,0,0,0,0,0,0,0.0,0
4593,4.0,2024,Working,1,Neuroscience - Interdisciplinary,Female,College and Graduate School of Arts & Sciences,1,0,4,4.0,0,1,0,0,0,0,0.0,0
4594,4.0,2024,Working,2,Engineering - Systems Engineering,Male,School of Engineering & Applied Science,1,12,94,3.91,0,1,0,0,1,1,6.0,1
4595,4.0,2024,Continuing Education,2,Engineering - Biomedical Engineering,Male,School of Engineering & Applied Science,0,1,1,3.71,0,1,1,0,0,0,0.0,0
4596,4.0,2024,Working,1,Chemistry,Male,College and Graduate School of Arts & Sciences,1,1,0,,0,1,0,0,0,0,0.0,0
4597,4.0,2024,Working,0,Nursing,Female,School of Nursing,1,0,0,3.96,0,0,0,0,0,0,1.0,1
4598,4.0,2024,Working,1,Mathematics,Male,College and Graduate School of Arts & Sciences,1,0,122,4.0,0,1,0,0,0,1,0.0,0
4599,4.0,2024,Working,2,Nursing,Female,School of Nursing,1,0,0,,0,1,0,0,0,0,0.0,0
4600,4.0,2024,Continuing Education,1,Anthropology,Female,College and Graduate School of Arts & Sciences,0,1,39,3.06,0,1,1,0,0,0,0.0,0
4601,4.0,2024,Continuing Education,1,Anthropology,Female,College and Graduate School of Arts & Sciences,0,1,39,,0,1,1,0,0,0,0.0,0
4602,4.0,2024,Working,2,Architecture,Female,School of Architecture,1,0,6,,0,1,0,0,0,0,0.0,0
4603,4.0,2024,Working,2,Applied Statistics,Female,College and Graduate School of Arts & Sciences,1,7,74,,0,1,0,0,1,1,1.0,1
4604,4.0,2024,Working,2,Environmental Thought & Practice - Interdisciplinary,Female,College and Graduate School of Arts & Sciences,1,2,138,4.41,0,1,0,0,1,1,0.0,0
4605,4.0,2024,Working,2,Environmental Thought & Practice - Interdisciplinary,Female,College and Graduate School of Arts & Sciences,1,2,138,3.5,0,1,0,0,1,1,0.0,0
4606,4.0,2024,Working,0,English,Female,College and Graduate School of Arts & Sciences,1,0,29,,0,0,0,0,0,0,0.0,0
4607,4.0,2024,Continuing Education,2,History,Female,College and Graduate School of Arts & Sciences,0,0,7,3.96,0,1,1,0,0,0,0.0,0
4608,4.0,2024,Continuing Education,2,History,Female,College and Graduate School of Arts & Sciences,0,0,7,4.0,0,1,1,0,0,0,0.0,0
4609,4.0,2024,Working,1,Nursing,Female,School of Nursing,1,0,1,,0,1,0,0,0,0,0.0,0
4610,4.0,2024,Working,0,Japanese Language & Literature - Interdisciplinary,Female,College and Graduate School of Arts & Sciences,1,0,0,,0,0,0,0,0,0,0.0,0
4611,4.0,2024,Working,1,Architecture - Urban & Environmental Planning,Female,School of Architecture,1,0,0,,0,1,0,0,0,0,0.0,0
4612,4.0,2024,Working,3,Economics,Male,College and Graduate School of Arts & Sciences,1,2,535,,0,1,0,0,1,1,9.0,1
4613,4.0,2024,Working,2,Nursing,Female,School of Nursing,1,0,0,,0,1,0,0,0,0,0.0,0
4614,4.0,2024,Continuing Education,0,Engineering - Biomedical Engineering,Female,School of Engineering & Applied Science,0,3,5,4.41,0,0,1,0,1,0,4.0,1
4615,4.0,2024,Continuing Education,0,Engineering - Biomedical Engineering,Female,School of Engineering & Applied Science,0,3,5,,0,0,1,0,1,0,4.0,1
4616,4.0,2024,Working,2,Economics,Male,College and Graduate School of Arts & Sciences,1,5,45,3.77,0,1,0,0,1,0,1.0,1
4617,4.0,2024,Working,1,Education - English Education,Male,School of Education and Human Development,1,1,6,3.75,0,1,0,0,0,0,0.0,0
4618,4.0,2024,Working,2,Government,Female,College and Graduate School of Arts & Sciences,1,5,129,3.85,0,1,0,0,1,1,6.0,1
4619,4.0,2024,Working,1,Global Studies - Interdisciplinary,Female,College and Graduate School of Arts & Sciences,1,1,39,,0,1,0,0,0,0,2.0,1
4620,4.0,2024,Working,1,Global Studies - Interdisciplinary,Female,College and Graduate School of Arts & Sciences,1,1,39,4.83,0,1,0,0,0,0,2.0,1
4621,4.0,2024,Working,1,Business Administration,Male,Darden Graduate School of Business Administration,1,0,1,,0,1,0,0,0,0,0.0,0
4622,4.0,2024,Still Looking,1,Engineering - Biomedical Engineering,Female,School of Engineering & Applied Science,0,3,91,3.2,0,1,0,1,1,1,0.0,0
4623,4.0,2024,Still Looking,1,Engineering - Biomedical Engineering,Female,School of Engineering & Applied Science,0,3,91,3.86,0,1,0,1,1,1,0.0,0
4624,4.0,2024,Continuing Education,1,Foreign Affairs,Male,College and Graduate School of Arts & Sciences,0,1,2,,0,1,1,0,0,0,0.0,0
4625,4.0,2024,Working,0,Education - Elementary Education,Female,School of Education and Human Development,1,1,0,,0,0,0,0,0,0,0.0,0
4626,4.0,2024,Working,1,Physics,Male,College and Graduate School of Arts & Sciences,1,3,34,3.95,0,1,0,0,1,0,0.0,0
4627,4.0,2024,Volunteering,2,Engineering - Civil Engineering,Female,School of Engineering & Applied Science,0,2,5,3.76,0,1,0,0,1,0,0.0,0
4628,4.0,2024,Still Looking,2,Government,Male,College and Graduate School of Arts & Sciences,0,6,142,3.87,1,1,0,1,1,1,0.0,0
4629,4.0,2024,Working,1,Nursing,Female,School of Nursing,1,0,0,,0,1,0,0,0,0,0.0,0
4630,4.0,2024,Working,2,Government,Female,College and Graduate School of Arts & Sciences,1,0,26,3.83,1,1,0,0,0,0,5.0,1
4631,4.0,2024,Working,3,Computer Science,Male,College and Graduate School of Arts & Sciences,1,2,4,3.95,1,1,0,0,1,0,0.0,0
4632,4.0,2024,Military,1,History,Female,College and Graduate School of Arts & Sciences,0,2,1,,0,1,0,0,1,0,0.0,0
4633,4.0,2024,Still Looking,0,Physics,Male,College and Graduate School of Arts & Sciences,0,0,0,,0,0,0,1,0,0,0.0,0
4634,4.0,2024,Working,1,Engineering - Biomedical Engineering,Female,School of Engineering & Applied Science,1,1,54,3.06,0,1,0,0,0,1,0.0,0
4635,4.0,2024,Working,3,Anthropology,Male,College and Graduate School of Arts & Sciences,1,2,330,3.68,0,1,0,0,1,1,0.0,0
4636,4.0,2024,Working,1,English,Female,College and Graduate School of Arts & Sciences,1,3,58,,0,1,0,0,1,1,2.0,1
4637,4.0,2024,Working,2,Economics,Female,College and Graduate School of Arts & Sciences,1,2,20,,0,1,0,0,1,0,0.0,0
4638,4.0,2024,Working,2,Economics,Female,College and Graduate School of Arts & Sciences,1,0,81,,0,1,0,0,0,1,0.0,0
4639,4.0,2024,Working,3,Education - Special Education,Female,School of Education and Human Development,1,1,50,,0,1,0,0,0,1,0.0,0
4640,4.0,2024,Working,2,Engineering - Mechanical Engineering,Male,School of Engineering & Applied Science,1,2,2,,0,1,0,0,1,0,0.0,0
4641,4.0,2024,Still Looking,3,Cognitive Science - Interdisciplinary,Female,College and Graduate School of Arts & Sciences,0,10,496,,1,1,0,1,1,1,0.0,0
4642,4.0,2024,Still Looking,3,Cognitive Science - Interdisciplinary,Female,College and Graduate School of Arts & Sciences,0,10,496,0.0,1,1,0,1,1,1,0.0,0
4643,4.0,2024,Working,2,Engineering - Computer Science,Male,School of Engineering & Applied Science,1,0,1,,0,1,0,0,0,0,0.0,0
4644,4.0,2024,Working,2,Engineering - Computer Science,Male,School of Engineering & Applied Science,1,3,45,,0,1,0,0,1,0,0.0,0
4645,4.0,2024,Still Looking,2,Media Studies,Male,College and Graduate School of Arts & Sciences,0,0,1,,0,1,0,1,0,0,4.0,1
4646,4.0,2024,Continuing Education,0,Economics,Female,College and Graduate School of Arts & Sciences,0,0,36,3.74,0,0,1,0,0,0,0.0,0
4647,4.0,2024,Continuing Education,1,Education - Kinesiology,Female,School of Education and Human Development,0,4,31,3.8,0,1,1,0,1,0,0.0,0
4648,4.0,2024,Working,2,Engineering - Mechanical Engineering,Male,School of Engineering & Applied Science,1,4,170,3.62,0,1,0,0,1,1,0.0,0
4649,4.0,2024,Working,2,Engineering - Mechanical Engineering,Male,School of Engineering & Applied Science,1,4,170,4.0,0,1,0,0,1,1,0.0,0
4650,4.0,2024,Working,2,Engineering - Systems Engineering,Female,School of Engineering & Applied Science,1,4,8,3.88,0,1,0,0,1,0,0.0,0
4651,4.0,2024,Working,2,Engineering - Systems Engineering,Female,School of Engineering & Applied Science,1,4,8,4.71,0,1,0,0,1,0,0.0,0
4652,4.0,2024,Working,2,Engineering - Systems Engineering,Female,School of Engineering & Applied Science,1,4,8,,0,1,0,0,1,0,0.0,0
4653,4.0,2024,Working,2,Engineering - Systems Engineering,Female,School of Engineering & Applied Science,1,4,8,4.0,0,1,0,0,1,0,0.0,0
4654,4.0,2024,Still Looking,0,Sociology,Female,College and Graduate School of Arts & Sciences,0,1,6,,0,0,0,1,0,0,8.0,1
4655,4.0,2024,Still Looking,0,Sociology,Female,College and Graduate School of Arts & Sciences,0,1,6,4.0,0,0,0,1,0,0,8.0,1
4656,4.0,2024,Still Looking,0,Chemistry,Male,College and Graduate School of Arts & Sciences,0,1,8,,0,0,0,1,0,0,0.0,0
4657,4.0,2024,Fellowship,2,Biology,Female,College and Graduate School of Arts & Sciences,0,0,0,3.89,0,1,0,0,0,0,0.0,0
4658,4.0,2024,Still Looking,1,Cognitive Science - Interdisciplinary,Male,College and Graduate School of Arts & Sciences,0,4,25,,0,1,0,1,1,0,0.0,0
4659,4.0,2024,Continuing Education,2,Architecture,Female,School of Architecture,0,0,8,3.75,0,1,1,0,0,0,0.0,0
4660,4.0,2024,Working,2,Applied Statistics,Female,College and Graduate School of Arts & Sciences,1,0,18,3.82,0,1,0,0,0,0,0.0,0
4661,4.0,2024,Working,2,Engineering - Systems Engineering,Female,School of Engineering & Applied Science,1,12,28,3.58,0,1,0,0,1,0,0.0,0
4662,4.0,2024,Working,2,Engineering - Systems Engineering,Female,School of Engineering & Applied Science,1,12,28,,0,1,0,0,1,0,0.0,0
4663,4.0,2024,Working,2,Engineering - Systems Engineering,Female,School of Engineering & Applied Science,1,12,28,4.74,0,1,0,0,1,0,0.0,0
4664,4.0,2024,Continuing Education,3,Engineering - Computer Science,Male,School of Engineering & Applied Science,0,1,6,3.95,0,1,1,0,0,0,2.0,1
4665,4.0,2024,Working,1,Cognitive Science - Interdisciplinary,Female,College and Graduate School of Arts & Sciences,1,0,6,,0,1,0,0,0,0,2.0,1
4666,4.0,2024,Working,2,Environmental Sciences,Male,College and Graduate School of Arts & Sciences,1,0,120,3.4,0,1,0,0,0,1,0.0,0
4667,4.0,2024,Working,2,Engineering - Chemical Engineering,Female,School of Engineering & Applied Science,1,2,150,3.86,0,1,0,0,1,1,2.0,1
4668,4.0,2024,Working,2,Engineering - Chemical Engineering,Female,School of Engineering & Applied Science,1,2,150,4.5,0,1,0,0,1,1,2.0,1
4669,4.0,2024,Working,2,Economics,Male,College and Graduate School of Arts & Sciences,1,8,107,3.72,0,1,0,0,1,1,0.0,0
4670,4.0,2024,Not Seeking,1,French,Female,College and Graduate School of Arts & Sciences,0,0,10,,0,1,0,0,0,0,0.0,0
4671,4.0,2024,Working,2,Engineering - Mechanical Engineering,Male,School of Engineering & Applied Science,1,2,329,3.69,0,1,0,0,1,1,0.0,0
4672,4.0,2024,Still Looking,3,Foreign Affairs,Female,College and Graduate School of Arts & Sciences,0,0,280,,0,1,0,1,0,1,0.0,0
4673,4.0,2024,Continuing Education,1,Environmental Sciences,Female,College and Graduate School of Arts & Sciences,0,4,57,,0,1,1,0,1,1,0.0,0
4674,4.0,2024,Working,2,Education - Kinesiology,Female,School of Education and Human Development,1,2,26,4.35,0,1,0,0,1,0,1.0,1
4675,4.0,2024,Working,2,Education - Kinesiology,Female,School of Education and Human Development,1,2,26,3.92,0,1,0,0,1,0,1.0,1
4676,4.0,2024,Continuing Education,0,Cognitive Science - Interdisciplinary,Female,College and Graduate School of Arts & Sciences,0,1,10,4.6,0,0,1,0,0,0,5.0,1
4677,4.0,2024,Continuing Education,0,Cognitive Science - Interdisciplinary,Female,College and Graduate School of Arts & Sciences,0,1,10,,0,0,1,0,0,0,5.0,1
4678,4.0,2024,Working,2,Economics,Male,College and Graduate School of Arts & Sciences,1,2,72,,0,1,0,0,1,1,3.0,1
4679,4.0,2024,Still Looking,3,Architecture - Landscape Architecture,Female,School of Architecture,0,0,14,,0,1,0,1,0,0,0.0,0
4680,4.0,2024,Working,2,Economics,Female,College and Graduate School of Arts & Sciences,1,0,33,3.53,0,1,0,0,0,0,0.0,0
4681,4.0,2024,Working,2,Economics,Female,College and Graduate School of Arts & Sciences,1,0,33,,0,1,0,0,0,0,0.0,0
4682,4.0,2024,Working,3,Computer Science - Interdisciplinary,Male,College and Graduate School of Arts & Sciences,1,7,824,3.6,0,1,0,0,1,1,0.0,0
4683,4.0,2024,Working,1,Behavioral Neuroscience,Female,College and Graduate School of Arts & Sciences,1,2,0,,0,1,0,0,1,0,2.0,1
4684,4.0,2024,Working,1,Engineering - Aerospace Engineering,Male,School of Engineering & Applied Science,1,2,72,,0,1,0,0,1,1,0.0,0
4685,4.0,2024,Continuing Education,1,Global Studies - Interdisciplinary,Female,College and Graduate School of Arts & Sciences,0,4,26,,0,1,1,0,1,0,0.0,0
4686,4.0,2024,Working,0,Nursing,Female,School of Nursing,1,0,0,,0,0,0,0,0,0,0.0,0
4687,4.0,2024,Still Looking,3,Linguistics,Female,College and Graduate School of Arts & Sciences,0,0,294,3.93,0,1,0,1,0,1,0.0,0
4688,4.0,2024,Still Looking,3,Linguistics,Female,College and Graduate School of Arts & Sciences,0,0,294,4.0,0,1,0,1,0,1,0.0,0
4689,4.0,2024,Continuing Education,1,Human Biology - Interdisciplinary,Female,College and Graduate School of Arts & Sciences,0,0,0,,0,1,1,0,0,0,5.0,1
4690,4.0,2024,Still Looking,0,Engineering - Computer Engineering,Male,School of Engineering & Applied Science,0,3,302,3.8,0,0,0,1,1,1,0.0,0
4691,4.0,2024,Continuing Education,2,Applied Statistics,Female,College and Graduate School of Arts & Sciences,0,2,53,,0,1,1,0,1,1,5.0,1
4692,4.0,2024,Working,2,Economics,Male,College and Graduate School of Arts & Sciences,1,4,578,3.2,0,1,0,0,1,1,0.0,0
4693,4.0,2024,Continuing Education,2,Global Studies - Interdisciplinary,Female,College and Graduate School of Arts & Sciences,0,1,94,,0,1,1,0,0,1,0.0,0
4694,4.0,2024,Continuing Education,2,Global Studies - Interdisciplinary,Female,College and Graduate School of Arts & Sciences,0,1,94,3.55,0,1,1,0,0,1,0.0,0
4695,4.0,2024,Working,1,Engineering - Biomedical Engineering,Female,School of Engineering & Applied Science,1,2,66,,0,1,0,0,1,1,3.0,1
4696,4.0,2024,Working,0,Data Science,Female,School of Data Science,1,5,70,3.81,0,0,0,0,1,1,2.0,1
4697,4.0,2024,Working,0,Engineering - Civil Engineering,Male,School of Engineering & Applied Science,1,0,0,,0,0,0,0,0,0,7.0,1
4698,4.0,2024,Still Looking,2,Economics,Female,College and Graduate School of Arts & Sciences,0,17,684,3.8,0,1,0,1,1,1,0.0,0
4699,4.0,2024,Working,1,Education - Youth & Social Innovation,Female,School of Education and Human Development,1,13,110,,0,1,0,0,1,1,0.0,0
4700,4.0,2024,Working,1,Education - Youth & Social Innovation,Female,School of Education and Human Development,1,13,110,3.79,0,1,0,0,1,1,0.0,0
4701,4.0,2024,Still Looking,0,Global Studies - Interdisciplinary,Female,College and Graduate School of Arts & Sciences,0,0,46,,0,0,0,1,0,0,2.0,1
4702,4.0,2024,Still Looking,2,Data Science,Male,School of Data Science,0,3,1,,0,1,0,1,1,0,2.0,1
4703,4.0,2024,Still Looking,2,Data Science,Male,School of Data Science,0,3,1,4.0,0,1,0,1,1,0,2.0,1
4704,4.0,2024,Working,2,Architecture,Female,School of Architecture,1,0,16,,0,1,0,0,0,0,0.0,0
4705,4.0,2024,Working,3,Architecture,Female,School of Architecture,1,1,29,,0,1,0,0,0,0,0.0,0
4706,4.0,2024,Working,0,Architecture,Female,School of Architecture,1,2,24,3.85,0,0,0,0,1,0,0.0,0
4707,4.0,2024,Still Looking,2,Media Studies,Female,College and Graduate School of Arts & Sciences,0,0,88,,0,1,0,1,0,1,0.0,0
4708,4.0,2024,Continuing Education,3,American Studies - Interdisciplinary,Female,College and Graduate School of Arts & Sciences,0,1,3,,0,1,1,0,0,0,0.0,0
4709,4.0,2024,Still Looking,3,Global Studies - Interdisciplinary,Male,College and Graduate School of Arts & Sciences,0,0,67,,0,1,0,1,0,1,1.0,1
4710,4.0,2024,Still Looking,1,Architecture - Urban & Environmental Planning,Male,School of Architecture,0,3,20,,0,1,0,1,1,0,6.0,1
4711,4.0,2024,Volunteering,0,Cognitive Science - Interdisciplinary,Female,College and Graduate School of Arts & Sciences,0,1,5,3.7,0,0,0,0,0,0,0.0,0
4712,4.0,2024,Working,2,Data Science,Male,School of Data Science,1,3,8,,0,1,0,0,1,0,1.0,1
4713,4.0,2024,Working,2,Data Science,Male,School of Data Science,1,3,8,3.6,0,1,0,0,1,0,1.0,1
4714,4.0,2024,Working,2,Computer Science - Interdisciplinary,Female,College and Graduate School of Arts & Sciences,1,3,34,5.0,0,1,0,0,1,0,2.0,1
4715,4.0,2024,Working,2,Computer Science - Interdisciplinary,Female,College and Graduate School of Arts & Sciences,1,3,34,,0,1,0,0,1,0,2.0,1
4716,4.0,2024,Working,2,Government - Foreign Affairs,Female,College and Graduate School of Arts & Sciences,1,0,210,,1,1,0,0,0,1,4.0,1
4717,4.0,2024,Working,0,Education - Social Studies Education,Female,School of Education and Human Development,1,0,0,,0,0,0,0,0,0,0.0,0
4718,4.0,2024,Working,3,Engineering - Chemical Engineering,Female,School of Engineering & Applied Science,1,2,6,,0,1,0,0,1,0,0.0,0
4719,4.0,2024,Working,1,Engineering - Aerospace Engineering,Female,School of Engineering & Applied Science,1,3,76,3.48,0,1,0,0,1,1,3.0,1
4720,4.0,2024,Working,1,Engineering - Aerospace Engineering,Female,School of Engineering & Applied Science,1,3,76,3.0,0,1,0,0,1,1,3.0,1
4721,4.0,2024,Working,3,Education - Kinesiology,Female,School of Education and Human Development,1,0,0,3.97,0,1,0,0,0,0,1.0,1
4722,4.0,2024,Working,2,Economics,Female,College and Graduate School of Arts & Sciences,1,0,5,3.8,0,1,0,0,0,0,0.0,0
4723,4.0,2024,Working,2,Economics,Female,College and Graduate School of Arts & Sciences,1,0,5,4.63,0,1,0,0,0,0,0.0,0
4724,4.0,2024,Working,2,Economics,Female,College and Graduate School of Arts & Sciences,1,0,5,,0,1,0,0,0,0,0.0,0
4725,4.0,2024,Continuing Education,3,Economics,Male,College and Graduate School of Arts & Sciences,0,0,1,,0,1,1,0,0,0,0.0,0
4726,4.0,2024,Working,1,Engineering - Electrical Engineering,Male,School of Engineering & Applied Science,1,3,9,4.0,0,1,0,0,1,0,0.0,0
4727,4.0,2024,Working,3,Engineering - Chemical Engineering,Female,School of Engineering & Applied Science,1,2,66,3.98,0,1,0,0,1,1,0.0,0
4728,4.0,2024,Working,2,Economics,Female,College and Graduate School of Arts & Sciences,1,1,10,3.67,0,1,0,0,0,0,0.0,0
4729,4.0,2024,Working,2,Economics,Female,College and Graduate School of Arts & Sciences,1,1,10,,0,1,0,0,0,0,0.0,0
4730,4.0,2024,Continuing Education,0,American Studies - Interdisciplinary,Female,College and Graduate School of Arts & Sciences,0,2,38,4.43,0,0,1,0,1,0,0.0,0
4731,4.0,2024,Continuing Education,0,American Studies - Interdisciplinary,Female,College and Graduate School of Arts & Sciences,0,2,38,3.7,0,0,1,0,1,0,0.0,0
4732,4.0,2024,Working,2,Applied Statistics,Female,College and Graduate School of Arts & Sciences,1,8,116,,0,1,0,0,1,1,10.0,1
4733,4.0,2024,Working,2,Global Studies - Interdisciplinary,Female,College and Graduate School of Arts & Sciences,1,0,17,,0,1,0,0,0,0,0.0,0
4734,4.0,2024,Continuing Education,0,Chemistry,Male,College and Graduate School of Arts & Sciences,0,2,8,,0,0,1,0,1,0,0.0,0
4735,4.0,2024,Continuing Education,0,Chemistry,Male,College and Graduate School of Arts & Sciences,0,2,8,4.43,0,0,1,0,1,0,0.0,0
4736,4.0,2024,Working,2,Foreign Affairs,Male,College and Graduate School of Arts & Sciences,1,1,36,,0,1,0,0,0,0,0.0,0
4737,4.0,2024,Working,1,French,Female,College and Graduate School of Arts & Sciences,1,0,20,,0,1,0,0,0,0,0.0,0
4738,4.0,2024,Continuing Education,2,Engineering - Computer Science,Male,School of Engineering & Applied Science,0,1,13,,0,1,1,0,0,0,0.0,0
4739,4.0,2024,Continuing Education,3,Engineering - Chemical Engineering,Female,School of Engineering & Applied Science,0,10,95,,0,1,1,0,1,1,1.0,1
4740,4.0,2024,Continuing Education,2,Neuroscience - Interdisciplinary,Female,College and Graduate School of Arts & Sciences,0,1,4,,0,1,1,0,0,0,0.0,0
4741,4.0,2024,Working,3,Engineering - Computer Science,Female,School of Engineering & Applied Science,1,10,375,,0,1,0,0,1,1,0.0,0
4742,4.0,2024,Working,2,Philosophy,Male,College and Graduate School of Arts & Sciences,1,1,77,,0,1,0,0,0,1,1.0,1
4743,4.0,2024,Working,2,Engineering - Aerospace Engineering,Female,School of Engineering & Applied Science,1,0,21,,0,1,0,0,0,0,3.0,1
4744,4.0,2024,Military,1,Government,Male,College and Graduate School of Arts & Sciences,0,1,1,,0,1,0,0,0,0,4.0,1
4745,4.0,2024,Working,2,Engineering - Computer Science,Male,School of Engineering & Applied Science,1,0,28,4.0,0,1,0,0,0,0,0.0,0
4746,4.0,2024,Still Looking,3,Government,Female,College and Graduate School of Arts & Sciences,0,3,16,4.0,0,1,0,1,1,0,2.0,1
4747,4.0,2024,Continuing Education,0,Education - Kinesiology,Female,School of Education and Human Development,0,0,7,3.6,0,0,1,0,0,0,0.0,0
4748,4.0,2024,Continuing Education,1,Political Philosophy Policy & Law - Interdisciplinary,Female,College and Graduate School of Arts & Sciences,0,0,74,3.92,0,1,1,0,0,1,0.0,0
4749,4.0,2024,Fellowship,1,Biology,Male,College and Graduate School of Arts & Sciences,0,1,3,,0,1,0,0,0,0,0.0,0
4750,4.0,2024,Still Looking,0,Engineering - Biomedical Engineering,Male,School of Engineering & Applied Science,0,0,0,,0,0,0,1,0,0,0.0,0
4751,4.0,2024,Still Looking,0,Government,Male,College and Graduate School of Arts & Sciences,0,0,0,3.83,0,0,0,1,0,0,0.0,0
4752,4.0,2024,Still Looking,0,Government,Male,College and Graduate School of Arts & Sciences,0,0,0,3.94,0,0,0,1,0,0,0.0,0
4753,4.0,2024,Working,0,Computer Science - Interdisciplinary,Female,College and Graduate School of Arts & Sciences,1,3,86,,0,0,0,0,1,1,0.0,0
4754,4.0,2024,Working,2,Computer Science - Interdisciplinary,Male,College and Graduate School of Arts & Sciences,1,3,34,3.85,0,1,0,0,1,0,0.0,0
4755,4.0,2024,Working,2,Computer Science - Interdisciplinary,Male,College and Graduate School of Arts & Sciences,1,3,34,4.22,0,1,0,0,1,0,0.0,0
4756,4.0,2024,Still Looking,2,Global Studies - Interdisciplinary,Female,College and Graduate School of Arts & Sciences,0,0,214,,0,1,0,1,0,1,3.0,1
4757,4.0,2024,Working,1,Nursing,Female,School of Nursing,1,0,0,,0,1,0,0,0,0,0.0,0
4758,4.0,2024,Working,0,Education - Counselor Education,Female,School of Education and Human Development,1,0,0,,0,0,0,0,0,0,0.0,0
4759,4.0,2024,Working,0,Education - Counselor Education,Female,School of Education and Human Development,1,0,0,4.0,0,0,0,0,0,0,0.0,0
4760,4.0,2024,Continuing Education,0,English,Female,College and Graduate School of Arts & Sciences,0,2,14,,0,0,1,0,1,0,1.0,1
4761,4.0,2024,Still Looking,1,Government,Female,College and Graduate School of Arts & Sciences,0,1,30,,0,1,0,1,0,0,10.0,1
4762,4.0,2024,Still Looking,1,Government,Female,College and Graduate School of Arts & Sciences,0,1,30,3.6,0,1,0,1,0,0,10.0,1
4763,4.0,2024,Working,2,Computer Science,Female,College and Graduate School of Arts & Sciences,1,5,51,3.86,0,1,0,0,1,1,0.0,0
4764,4.0,2024,Continuing Education,0,Government,Male,College and Graduate School of Arts & Sciences,0,0,30,,0,0,1,0,0,0,0.0,0
4765,4.0,2024,Still Looking,0,Data Science,Female,School of Data Science,0,8,50,,0,0,0,1,1,1,1.0,1
4766,4.0,2024,Still Looking,1,American Studies - Interdisciplinary,Male,College and Graduate School of Arts & Sciences,0,3,372,,0,1,0,1,1,1,0.0,0
4767,4.0,2024,Working,2,Computer Science - Interdisciplinary,Female,College and Graduate School of Arts & Sciences,1,3,27,,0,1,0,0,1,0,1.0,1
4768,4.0,2024,Working,2,Computer Science - Interdisciplinary,Female,College and Graduate School of Arts & Sciences,1,3,27,4.51,0,1,0,0,1,0,1.0,1
4769,4.0,2024,Continuing Education,1,Biology,Female,College and Graduate School of Arts & Sciences,0,0,3,,0,1,1,0,0,0,0.0,0
4770,4.0,2024,Continuing Education,0,Applied Statistics,Female,College and Graduate School of Arts & Sciences,0,0,50,,0,0,1,0,0,1,0.0,0
4771,4.0,2024,Continuing Education,0,Applied Statistics,Female,College and Graduate School of Arts & Sciences,0,0,50,4.3,0,0,1,0,0,1,0.0,0
4772,4.0,2024,Continuing Education,0,Applied Statistics,Female,College and Graduate School of Arts & Sciences,0,0,50,3.5,0,0,1,0,0,1,0.0,0
4773,4.0,2024,Still Looking,0,Chemistry,Female,College and Graduate School of Arts & Sciences,0,0,0,,0,0,0,1,0,0,0.0,0
4774,4.0,2024,Continuing Education,2,Education - Kinesiology,Male,School of Education and Human Development,0,0,0,,0,1,1,0,0,0,0.0,0
4775,4.0,2024,Working,1,Engineering - Computer Science,Male,School of Engineering & Applied Science,1,1,13,,0,1,0,0,0,0,0.0,0
4776,4.0,2024,Working,3,Cognitive Science - Interdisciplinary,Female,College and Graduate School of Arts & Sciences,1,0,1,,0,1,0,0,0,0,0.0,0
4777,4.0,2024,Working,3,Economics,Female,College and Graduate School of Arts & Sciences,1,6,66,,0,1,0,0,1,1,0.0,0
4778,4.0,2024,Working,3,Nursing,Female,School of Nursing,1,0,0,,0,1,0,0,0,0,0.0,0
4779,4.0,2024,Fellowship,1,Public Health,Female,School of Medicine,0,0,8,,0,1,0,0,0,0,0.0,0
4780,4.0,2024,Working,2,French,Female,College and Graduate School of Arts & Sciences,1,3,58,,0,1,0,0,1,1,2.0,1
4781,4.0,2024,Working,1,English,Female,College and Graduate School of Arts & Sciences,1,0,44,3.5,0,1,0,0,0,0,0.0,0
4782,4.0,2024,Still Looking,2,Engineering - Engineering Science,Female,School of Engineering & Applied Science,0,7,93,,0,1,0,1,1,1,3.0,1
4783,4.0,2024,Working,2,Economics,Male,College and Graduate School of Arts & Sciences,1,1,180,3.6,0,1,0,0,0,1,0.0,0
4784,4.0,2024,Working,2,Economics,Male,College and Graduate School of Arts & Sciences,1,1,180,4.0,0,1,0,0,0,1,0.0,0
4785,4.0,2024,Continuing Education,0,Sociology,Female,College and Graduate School of Arts & Sciences,0,0,0,,0,0,1,0,0,0,0.0,0
4786,4.0,2024,Working,2,Biology,Female,College and Graduate School of Arts & Sciences,1,3,64,,0,1,0,0,1,1,0.0,0
4787,4.0,2024,Working,3,Global Studies - Interdisciplinary,Male,College and Graduate School of Arts & Sciences,1,1,150,,0,1,0,0,0,1,0.0,0
4788,4.0,2024,Working,3,Global Studies - Interdisciplinary,Male,College and Graduate School of Arts & Sciences,1,1,150,3.88,0,1,0,0,0,1,0.0,0
4789,4.0,2024,Working,0,Engineering - Computer Science,Male,School of Engineering & Applied Science,1,1,31,,0,0,0,0,0,0,0.0,0
4790,4.0,2024,Working,0,Engineering - Computer Science,Male,School of Engineering & Applied Science,1,1,31,3.83,0,0,0,0,0,0,0.0,0
4791,4.0,2024,Continuing Education,1,Foreign Affairs,Female,College and Graduate School of Arts & Sciences,0,0,60,,0,1,1,0,0,1,0.0,0
4792,4.0,2024,Working,2,Engineering - Mechanical Engineering,Female,School of Engineering & Applied Science,1,1,52,,0,1,0,0,0,1,6.0,1
4793,4.0,2024,Working,1,Mathematics,Female,College and Graduate School of Arts & Sciences,1,0,10,,0,1,0,0,0,0,3.0,1
4794,4.0,2024,Still Looking,1,Cognitive Science - Interdisciplinary,Female,College and Graduate School of Arts & Sciences,0,1,983,,1,1,0,1,0,1,1.0,1
4795,4.0,2024,Still Looking,1,Foreign Affairs,Female,College and Graduate School of Arts & Sciences,0,1,30,,0,1,0,1,0,0,2.0,1
4796,4.0,2024,Still Looking,2,Data Science,Male,School of Data Science,0,5,24,3.31,0,1,0,1,1,0,0.0,0
4797,4.0,2024,Still Looking,2,Data Science,Male,School of Data Science,0,5,24,4.0,0,1,0,1,1,0,0.0,0
4798,4.0,2024,Still Looking,2,Data Science,Male,School of Data Science,0,5,24,3.82,0,1,0,1,1,0,0.0,0
4799,4.0,2024,Working,1,Architecture - Urban & Environmental Planning,Female,School of Architecture,1,0,44,,1,1,0,0,0,0,0.0,0
4800,4.0,2024,Working,1,Architecture - Urban & Environmental Planning,Female,School of Architecture,1,0,44,3.9,1,1,0,0,0,0,0.0,0
4801,4.0,2024,Continuing Education,1,Education - Educational Psychology,Female,School of Education and Human Development,0,0,0,,0,1,1,0,0,0,0.0,0
4802,4.0,2024,Working,3,Environmental Sciences,Female,College and Graduate School of Arts & Sciences,1,2,114,,0,1,0,0,1,1,0.0,0
4803,4.0,2024,Working,3,Environmental Sciences,Female,College and Graduate School of Arts & Sciences,1,2,114,4.3,0,1,0,0,1,1,0.0,0
4804,4.0,2024,Still Looking,3,Data Science,Male,School of Data Science,0,5,7,,0,1,0,1,1,0,0.0,0
4805,4.0,2024,Still Looking,2,Art - Art History,Female,College and Graduate School of Arts & Sciences,0,1,6,3.84,0,1,0,1,0,0,0.0,0
4806,4.0,2024,Working,3,Architecture,Male,School of Architecture,1,6,15,3.79,0,1,0,0,1,0,0.0,0
4807,4.0,2024,Working,3,Architecture,Male,School of Architecture,1,6,15,3.44,0,1,0,0,1,0,0.0,0
4808,4.0,2024,Still Looking,2,Economics,Female,College and Graduate School of Arts & Sciences,0,1,13,,0,1,0,1,0,0,3.0,1
4809,4.0,2024,Still Looking,0,Engineering - Biomedical Engineering,Female,School of Engineering & Applied Science,0,0,19,3.3,0,0,0,1,0,0,0.0,0
4810,4.0,2024,Still Looking,0,Engineering - Biomedical Engineering,Female,School of Engineering & Applied Science,0,0,19,,0,0,0,1,0,0,0.0,0
4811,4.0,2024,Working,2,Nursing,Female,School of Nursing,1,0,7,,0,1,0,0,0,0,0.0,0
4812,4.0,2024,Working,2,Engineering - Electrical Engineering,Male,School of Engineering & Applied Science,1,3,67,,0,1,0,0,1,1,0.0,0
4813,4.0,2024,Working,1,Economics,Female,College and Graduate School of Arts & Sciences,1,3,318,,0,1,0,0,1,1,2.0,1
4814,4.0,2024,Continuing Education,3,Biology,Male,College and Graduate School of Arts & Sciences,0,0,210,3.94,0,1,1,0,0,1,1.0,1
4815,4.0,2024,Working,2,Engineering - Computer Engineering,Female,School of Engineering & Applied Science,1,4,126,3.75,0,1,0,0,1,1,0.0,0
4816,4.0,2024,Working,2,Engineering - Computer Engineering,Female,School of Engineering & Applied Science,1,4,126,4.0,0,1,0,0,1,1,0.0,0
4817,4.0,2024,Working,2,Engineering - Computer Engineering,Female,School of Engineering & Applied Science,1,4,126,4.3,0,1,0,0,1,1,0.0,0
4818,4.0,2024,Continuing Education,2,Engineering - Biomedical Engineering,Female,School of Engineering & Applied Science,0,3,5,,0,1,1,0,1,0,0.0,0
4819,4.0,2024,Continuing Education,3,Engineering - Biomedical Engineering,Female,School of Engineering & Applied Science,0,3,4,3.95,0,1,1,0,1,0,0.0,0
4820,4.0,2024,Working,0,Astronomy,Male,College and Graduate School of Arts & Sciences,1,0,16,,0,0,0,0,0,0,0.0,0
4821,4.0,2024,Working,2,Economics,Male,College and Graduate School of Arts & Sciences,1,3,2,4.57,0,1,0,0,1,0,0.0,0
4822,4.0,2024,Working,2,Economics,Male,College and Graduate School of Arts & Sciences,1,3,2,3.57,0,1,0,0,1,0,0.0,0
4823,4.0,2024,Working,2,Economics,Female,College and Graduate School of Arts & Sciences,1,5,112,4.43,0,1,0,0,1,1,0.0,0
4824,4.0,2024,Working,2,Economics,Female,College and Graduate School of Arts & Sciences,1,5,112,3.42,0,1,0,0,1,1,0.0,0
4825,4.0,2024,Working,2,Engineering - Systems Engineering,Male,School of Engineering & Applied Science,1,13,78,,0,1,0,0,1,1,0.0,0
4826,4.0,2024,Working,2,Engineering - Systems Engineering,Male,School of Engineering & Applied Science,1,13,78,3.66,0,1,0,0,1,1,0.0,0
4827,4.0,2024,Continuing Education,2,Biology,Female,College and Graduate School of Arts & Sciences,0,3,1,,0,1,1,0,1,0,0.0,0
4828,4.0,2024,Working,3,Economics,Female,College and Graduate School of Arts & Sciences,1,2,62,,0,1,0,0,1,1,0.0,0
4829,4.0,2024,Working,0,Engineering - Systems Engineering,Female,School of Engineering & Applied Science,1,0,0,,0,0,0,0,0,0,0.0,0
4830,4.0,2024,Working,2,Engineering - Systems Engineering,Female,School of Engineering & Applied Science,1,7,58,,0,1,0,0,1,1,3.0,1
4831,4.0,2024,Continuing Education,1,Biology,Female,College and Graduate School of Arts & Sciences,0,0,4,,0,1,1,0,0,0,2.0,1
4832,4.0,2024,Working,2,Computer Science - Interdisciplinary,Female,College and Graduate School of Arts & Sciences,1,3,102,,0,1,0,0,1,1,0.0,0
4833,4.0,2024,Still Looking,0,Foreign Affairs,Female,College and Graduate School of Arts & Sciences,0,6,92,3.83,0,0,0,1,1,1,0.0,0
4834,4.0,2024,Working,0,Cognitive Science - Interdisciplinary,Female,College and Graduate School of Arts & Sciences,1,0,0,,0,0,0,0,0,0,0.0,0
4835,4.0,2024,Working,1,Architecture - Urban & Environmental Planning,Female,School of Architecture,1,1,0,3.88,0,1,0,0,0,0,0.0,0
4836,4.0,2024,Working,2,Biology,Male,College and Graduate School of Arts & Sciences,1,14,218,4.91,0,1,0,0,1,1,1.0,1
4837,4.0,2024,Working,2,Biology,Male,College and Graduate School of Arts & Sciences,1,14,218,3.6,0,1,0,0,1,1,1.0,1
4838,4.0,2024,Still Looking,0,Engineering - Chemical Engineering,Male,School of Engineering & Applied Science,0,0,6,,0,0,0,1,0,0,0.0,0
4839,4.0,2024,Working,1,Media Studies,Female,College and Graduate School of Arts & Sciences,1,0,5,,0,1,0,0,0,0,0.0,0
4840,4.0,2024,Working,1,English,Male,College and Graduate School of Arts & Sciences,1,6,147,3.9,0,1,0,0,1,1,0.0,0
4841,4.0,2024,Continuing Education,2,Biology,Female,College and Graduate School of Arts & Sciences,0,8,44,,1,1,1,0,1,0,7.0,1
4842,4.0,2024,Continuing Education,2,Education - Kinesiology,Female,School of Education and Human Development,0,0,2,3.5,0,1,1,0,0,0,0.0,0
4843,4.0,2024,Continuing Education,2,Women Gender & Sexuality - Interdisciplinary,Female,College and Graduate School of Arts & Sciences,0,1,61,,0,1,1,0,0,1,0.0,0
4844,4.0,2024,Working,2,Government,Male,College and Graduate School of Arts & Sciences,1,1,0,,0,1,0,0,0,0,0.0,0
4845,4.0,2024,Working,1,Engineering - Aerospace Engineering,Male,School of Engineering & Applied Science,1,3,21,3.22,0,1,0,0,1,0,0.0,0
4846,4.0,2024,Working,3,Computer Science - Interdisciplinary,Male,College and Graduate School of Arts & Sciences,1,4,6,4.0,0,1,0,0,1,0,0.0,0
4847,4.0,2024,Continuing Education,2,Government,Male,College and Graduate School of Arts & Sciences,0,1,10,,0,1,1,0,0,0,0.0,0
4848,4.0,2024,Working,2,Chemistry,Female,College and Graduate School of Arts & Sciences,1,1,30,,0,1,0,0,0,0,0.0,0
4849,4.0,2024,Working,2,Economics,Male,College and Graduate School of Arts & Sciences,1,3,10,3.8,0,1,0,0,1,0,2.0,1
4850,4.0,2024,Working,2,Architecture,Female,School of Architecture,1,1,73,3.62,0,1,0,0,0,1,0.0,0
4851,4.0,2024,Working,0,Biology,Female,College and Graduate School of Arts & Sciences,1,0,48,,0,0,0,0,0,1,0.0,0
4852,4.0,2024,Working,1,Chemistry,Male,College and Graduate School of Arts & Sciences,1,0,0,,0,1,0,0,0,0,0.0,0
4853,4.0,2024,Working,1,Architecture - Urban & Environmental Planning,Male,School of Architecture,1,3,31,,0,1,0,0,1,0,0.0,0
4854,4.0,2024,Working,1,Architecture - Urban & Environmental Planning,Male,School of Architecture,1,3,31,3.3,0,1,0,0,1,0,0.0,0
4855,4.0,2024,Still Looking,0,Psychology,Male,College and Graduate School of Arts & Sciences,0,0,7,,0,0,0,1,0,0,1.0,1
4856,4.0,2024,Working,2,Psychology,Male,College and Graduate School of Arts & Sciences,1,0,1,,0,1,0,0,0,0,0.0,0
4857,4.0,2024,Working,3,Architecture,Female,School of Architecture,1,0,16,,0,1,0,0,0,0,0.0,0
4858,4.0,2024,Continuing Education,0,Education - Speech Communication Disorders,Female,School of Education and Human Development,0,0,0,4.48,0,0,1,0,0,0,4.0,1
4859,4.0,2024,Working,3,History,Male,College and Graduate School of Arts & Sciences,1,9,1686,,0,1,0,0,1,1,0.0,0
4860,4.0,2024,Working,3,History,Male,College and Graduate School of Arts & Sciences,1,9,1686,3.56,0,1,0,0,1,1,0.0,0
4861,4.0,2024,Still Looking,1,Biology,Female,College and Graduate School of Arts & Sciences,0,0,10,,0,1,0,1,0,0,0.0,0
4862,4.0,2024,Still Looking,1,Biology,Female,College and Graduate School of Arts & Sciences,0,0,10,3.96,0,1,0,1,0,0,0.0,0
4863,4.0,2024,Working,2,Engineering - Chemical Engineering,Female,School of Engineering & Applied Science,1,15,209,,0,1,0,0,1,1,0.0,0
4864,4.0,2024,Still Looking,2,Political & Social Thought - Interdisciplinary,Female,College and Graduate School of Arts & Sciences,0,0,22,,0,1,0,1,0,0,1.0,1
4865,4.0,2024,Still Looking,2,Political & Social Thought - Interdisciplinary,Female,College and Graduate School of Arts & Sciences,0,0,22,3.94,0,1,0,1,0,0,1.0,1
4866,4.0,2024,Volunteering,1,Philosophy,Male,College and Graduate School of Arts & Sciences,0,0,9,4.44,0,1,0,0,0,0,3.0,1
4867,4.0,2024,Volunteering,1,Philosophy,Male,College and Graduate School of Arts & Sciences,0,0,9,3.98,0,1,0,0,0,0,3.0,1
4868,4.0,2024,Working,3,Economics,Male,College and Graduate School of Arts & Sciences,1,8,126,,0,1,0,0,1,1,0.0,0
4869,4.0,2024,Working,2,Economics,Male,College and Graduate School of Arts & Sciences,1,8,235,,0,1,0,0,1,1,0.0,0
4870,4.0,2024,Still Looking,1,History,Female,College and Graduate School of Arts & Sciences,0,0,0,,0,1,0,1,0,0,0.0,0
4871,4.0,2024,Fellowship,1,English,Male,College and Graduate School of Arts & Sciences,0,1,20,,0,1,0,0,0,0,1.0,1
4872,4.0,2024,Still Looking,1,Computer Science,Female,College and Graduate School of Arts & Sciences,0,8,49,3.84,0,1,0,1,1,1,0.0,0
4873,4.0,2024,Working,1,Economics,Female,College and Graduate School of Arts & Sciences,1,2,5,,0,1,0,0,1,0,0.0,0
4874,4.0,2024,Working,2,Computer Science,Male,College and Graduate School of Arts & Sciences,1,23,451,,0,1,0,0,1,1,1.0,1
4875,4.0,2024,Still Looking,1,Computer Science,Female,College and Graduate School of Arts & Sciences,0,2,30,3.9,0,1,0,1,1,0,0.0,0
4876,4.0,2024,Still Looking,1,Computer Science,Female,College and Graduate School of Arts & Sciences,0,2,30,4.0,0,1,0,1,1,0,0.0,0
4877,4.0,2024,Continuing Education,2,Global Studies - Interdisciplinary,Male,College and Graduate School of Arts & Sciences,0,0,0,,0,1,1,0,0,0,3.0,1
4878,4.0,2024,Working,1,Education - Kinesiology,Male,School of Education and Human Development,1,0,0,,0,1,0,0,0,0,0.0,0
4879,4.0,2024,Working,1,Cognitive Science - Interdisciplinary,Male,College and Graduate School of Arts & Sciences,1,0,0,,0,1,0,0,0,0,0.0,0
4880,4.0,2024,Working,2,Foreign Affairs,Female,College and Graduate School of Arts & Sciences,1,4,21,4.0,0,1,0,0,1,0,1.0,1
4881,4.0,2024,Working,2,Foreign Affairs,Female,College and Graduate School of Arts & Sciences,1,4,21,3.89,0,1,0,0,1,0,1.0,1
4882,4.0,2024,Working,1,Sociology,Male,College and Graduate School of Arts & Sciences,1,3,157,3.15,0,1,0,0,1,1,0.0,0
4883,4.0,2024,Working,1,Sociology,Male,College and Graduate School of Arts & Sciences,1,3,157,,0,1,0,0,1,1,0.0,0
4884,4.0,2024,Working,1,Sociology,Male,College and Graduate School of Arts & Sciences,1,3,157,3.4,0,1,0,0,1,1,0.0,0
4885,4.0,2024,Working,2,Nursing,Female,School of Nursing,1,0,19,,0,1,0,0,0,0,0.0,0
4886,4.0,2024,Working,3,Engineering - Mechanical Engineering,Male,School of Engineering & Applied Science,1,6,246,3.95,1,1,0,0,1,1,1.0,1
4887,4.0,2024,Working,3,Engineering - Mechanical Engineering,Male,School of Engineering & Applied Science,1,6,246,3.58,1,1,0,0,1,1,1.0,1
4888,4.0,2024,Continuing Education,2,Physics,Female,College and Graduate School of Arts & Sciences,0,0,0,,0,1,1,0,0,0,0.0,0
4889,4.0,2024,Still Looking,2,Psychology,Male,College and Graduate School of Arts & Sciences,0,4,71,,0,1,0,1,1,1,5.0,1
4890,4.0,2024,Continuing Education,2,Global Studies - Interdisciplinary,Female,College and Graduate School of Arts & Sciences,0,3,31,,0,1,1,0,1,0,9.0,1
4891,4.0,2024,Working,0,Economics,Male,College and Graduate School of Arts & Sciences,1,5,0,,0,0,0,0,1,0,0.0,0
4892,4.0,2024,Continuing Education,1,Education - Kinesiology,Female,School of Education and Human Development,0,0,0,,0,1,1,0,0,0,0.0,0
4893,4.0,2024,Working,2,Foreign Affairs,Female,College and Graduate School of Arts & Sciences,1,2,182,4.0,0,1,0,0,1,1,3.0,1
4894,4.0,2024,Working,1,Chemistry,Female,College and Graduate School of Arts & Sciences,1,2,44,,0,1,0,0,1,0,3.0,1
4895,4.0,2024,Working,1,Chemistry,Female,College and Graduate School of Arts & Sciences,1,2,44,3.84,0,1,0,0,1,0,3.0,1
4896,4.0,2024,Still Looking,0,Drama,Female,College and Graduate School of Arts & Sciences,0,1,22,,0,0,0,1,0,0,0.0,0
4897,4.0,2024,Still Looking,0,Drama,Female,College and Graduate School of Arts & Sciences,0,1,22,3.54,0,0,0,1,0,0,0.0,0
4898,4.0,2024,Working,2,Education - Youth & Social Innovation,Female,School of Education and Human Development,1,4,31,3.94,0,1,0,0,1,0,2.0,1
4899,4.0,2024,Working,2,Engineering - Civil Engineering,Female,School of Engineering & Applied Science,1,1,0,,0,1,0,0,0,0,0.0,0
4900,4.0,2024,Working,3,Media Studies,Female,College and Graduate School of Arts & Sciences,1,4,80,,0,1,0,0,1,1,2.0,1
4901,4.0,2024,Working,3,Media Studies,Female,College and Graduate School of Arts & Sciences,1,4,80,3.72,0,1,0,0,1,1,2.0,1
4902,4.0,2024,Continuing Education,1,Media Culture & Technology,Female,College and Graduate School of Arts & Sciences,0,0,6,,0,1,1,0,0,0,0.0,0
4903,4.0,2024,Working,2,Education - Kinesiology,Female,School of Education and Human Development,1,1,0,,0,1,0,0,0,0,0.0,0
4904,4.0,2024,Working,2,Economics,Male,College and Graduate School of Arts & Sciences,1,10,132,3.81,0,1,0,0,1,1,2.0,1
4905,4.0,2024,Working,3,Economics,Female,College and Graduate School of Arts & Sciences,1,13,156,3.8,0,1,0,0,1,1,3.0,1
4906,4.0,2024,Working,3,Economics,Female,College and Graduate School of Arts & Sciences,1,13,156,,0,1,0,0,1,1,3.0,1
4907,4.0,2024,Continuing Education,1,Environmental Sciences,Female,College and Graduate School of Arts & Sciences,0,0,32,,1,1,1,0,0,0,0.0,0
4908,4.0,2024,Working,3,Global Studies - Interdisciplinary,Female,College and Graduate School of Arts & Sciences,1,0,52,3.82,0,1,0,0,0,1,0.0,0
4909,4.0,2024,Working,3,Global Studies - Interdisciplinary,Female,College and Graduate School of Arts & Sciences,1,0,52,,0,1,0,0,0,1,0.0,0
4910,4.0,2024,Working,0,Psychology,Female,College and Graduate School of Arts & Sciences,1,0,84,3.77,0,0,0,0,0,1,0.0,0
4911,4.0,2024,Continuing Education,3,Architecture,Female,School of Architecture,0,0,22,3.5,1,1,1,0,0,0,1.0,1
4912,4.0,2024,Working,2,Cognitive Science - Interdisciplinary,Female,College and Graduate School of Arts & Sciences,1,4,73,3.6,0,1,0,0,1,1,0.0,0
4913,4.0,2024,Working,2,Cognitive Science - Interdisciplinary,Female,College and Graduate School of Arts & Sciences,1,4,73,4.0,0,1,0,0,1,1,0.0,0
4914,4.0,2024,Working,1,Nursing,Female,School of Nursing,1,0,0,,0,1,0,0,0,0,0.0,0
4915,4.0,2024,Working,2,History,Female,College and Graduate School of Arts & Sciences,1,6,550,,0,1,0,0,1,1,2.0,1
4916,4.0,2024,Volunteering,3,Political & Social Thought - Interdisciplinary,Female,College and Graduate School of Arts & Sciences,0,0,14,3.89,0,1,0,0,0,0,0.0,0
4917,4.0,2024,Continuing Education,3,Psychology,Male,College and Graduate School of Arts & Sciences,0,2,12,3.8,0,1,1,0,1,0,3.0,1
4918,4.0,2024,Working,2,Architecture - Landscape Architecture,Female,School of Architecture,1,1,16,,0,1,0,0,0,0,0.0,0
4919,4.0,2024,Working,3,Spanish,Male,College and Graduate School of Arts & Sciences,1,4,23,3.76,0,1,0,0,1,0,0.0,0
4920,4.0,2024,Working,2,Computer Science - Interdisciplinary,Female,College and Graduate School of Arts & Sciences,1,1,167,3.9,0,1,0,0,0,1,0.0,0
4921,4.0,2024,Still Looking,2,Architecture - Landscape Architecture,Male,School of Architecture,0,1,1,3.6,0,1,0,1,0,0,0.0,0
4922,4.0,2024,Continuing Education,0,Government,Male,College and Graduate School of Arts & Sciences,0,2,39,,0,0,1,0,1,0,0.0,0
4923,4.0,2024,Continuing Education,0,Government,Male,College and Graduate School of Arts & Sciences,0,2,39,3.36,0,0,1,0,1,0,0.0,0
4924,4.0,2024,Continuing Education,0,Engineering - Aerospace Engineering,Male,School of Engineering & Applied Science,0,0,6,3.88,0,0,1,0,0,0,0.0,0
4925,4.0,2024,Fellowship,0,Chinese Language and Literature - Interdisciplinary,Female,College and Graduate School of Arts & Sciences,0,4,14,3.6,0,0,0,0,1,0,5.0,1
4926,4.0,2024,Still Looking,1,Architecture,Male,School of Architecture,0,0,11,3.08,0,1,0,1,0,0,0.0,0
4927,4.0,2024,Still Looking,1,Architecture,Male,School of Architecture,0,0,11,,0,1,0,1,0,0,0.0,0
4928,4.0,2024,Still Looking,0,Media Studies,Female,College and Graduate School of Arts & Sciences,0,0,0,3.9,0,0,0,1,0,0,0.0,0
4929,4.0,2024,Still Looking,0,Media Studies,Female,College and Graduate School of Arts & Sciences,0,0,0,,0,0,0,1,0,0,0.0,0
4930,4.0,2024,Continuing Education,2,Engineering - Computer Science,Male,School of Engineering & Applied Science,0,4,71,4.95,0,1,1,0,1,1,1.0,1
4931,4.0,2024,Continuing Education,2,Engineering - Computer Science,Male,School of Engineering & Applied Science,0,4,71,3.83,0,1,1,0,1,1,1.0,1
4932,4.0,2024,Working,1,Architecture,Male,School of Architecture,1,1,19,3.63,0,1,0,0,0,0,2.0,1
4933,4.0,2024,Working,1,Architecture,Male,School of Architecture,1,1,19,3.79,0,1,0,0,0,0,2.0,1
4934,4.0,2024,Working,1,Architecture,Male,School of Architecture,1,1,19,,0,1,0,0,0,0,2.0,1
4935,4.0,2024,Still Looking,0,Music,Male,College and Graduate School of Arts & Sciences,0,2,214,3.87,0,0,0,1,1,1,0.0,0
4936,4.0,2024,Still Looking,3,Architecture - Urban & Environmental Planning,Female,School of Architecture,0,3,47,,0,1,0,1,1,0,11.0,1
4937,4.0,2024,Continuing Education,1,Classics,Female,College and Graduate School of Arts & Sciences,0,0,21,,0,1,1,0,0,0,0.0,0
4938,4.0,2024,Working,2,Cognitive Science - Interdisciplinary,Female,College and Graduate School of Arts & Sciences,1,3,21,,0,1,0,0,1,0,0.0,0
4939,4.0,2024,Working,1,Spanish,Female,College and Graduate School of Arts & Sciences,1,0,0,,0,1,0,0,0,0,0.0,0
4940,4.0,2024,Fellowship,3,Engineering - Systems Engineering,Female,School of Engineering & Applied Science,0,3,17,,0,1,0,0,1,0,1.0,1
4941,4.0,2024,Working,1,Architecture,Female,School of Architecture,1,0,0,,0,1,0,0,0,0,0.0,0
4942,4.0,2024,Still Looking,0,Engineering - Computer Science,Male,School of Engineering & Applied Science,0,2,12,3.63,0,0,0,1,1,0,0.0,0
4943,4.0,2024,Still Looking,0,Architecture,Male,School of Architecture,0,1,11,3.68,0,0,0,1,0,0,0.0,0
4944,4.0,2024,Still Looking,0,Architecture,Male,School of Architecture,0,1,11,,0,0,0,1,0,0,0.0,0
4945,4.0,2024,Working,0,Architecture,Female,School of Architecture,1,0,4,,0,0,0,0,0,0,2.0,1
4946,4.0,2024,Working,2,Architecture,Female,School of Architecture,1,0,22,,0,1,0,0,0,0,0.0,0
4947,4.0,2024,Working,0,Nursing,Female,School of Nursing,1,0,0,,0,0,0,0,0,0,0.0,0
4948,4.0,2024,Still Looking,2,Architecture - Landscape Architecture,Female,School of Architecture,0,1,3,,0,1,0,1,0,0,0.0,0
4949,4.0,2024,Working,1,Architecture - Urban & Environmental Planning,Female,School of Architecture,1,0,0,3.92,0,1,0,0,0,0,2.0,1
4950,4.0,2024,Working,1,Architecture - Urban & Environmental Planning,Female,School of Architecture,1,0,0,3.53,0,1,0,0,0,0,2.0,1
4951,4.0,2024,Working,1,Architecture,Female,School of Architecture,1,0,18,3.6,0,1,0,0,0,0,0.0,0
4952,4.0,2024,Working,1,Architecture,Female,School of Architecture,1,0,18,3.77,0,1,0,0,0,0,0.0,0
4953,4.0,2024,Working,1,Architecture,Female,School of Architecture,1,0,18,,0,1,0,0,0,0,0.0,0
4954,4.0,2024,Still Looking,1,Architecture,Female,School of Architecture,0,0,11,3.5,0,1,0,1,0,0,0.0,0
4955,4.0,2024,Working,2,Computer Science - Interdisciplinary,Female,College and Graduate School of Arts & Sciences,1,5,26,3.9,0,1,0,0,1,0,0.0,0
4956,4.0,2024,Working,2,Computer Science - Interdisciplinary,Female,College and Graduate School of Arts & Sciences,1,5,26,,0,1,0,0,1,0,0.0,0
4957,4.0,2024,Working,2,Engineering - Civil Engineering,Male,School of Engineering & Applied Science,1,4,10,,1,1,0,0,1,0,0.0,0
4958,4.0,2024,Working,2,Economics,Male,College and Graduate School of Arts & Sciences,1,7,62,3.85,0,1,0,0,1,1,0.0,0
4959,4.0,2024,Working,0,Engineering - Computer Engineering,Male,School of Engineering & Applied Science,1,4,124,,0,0,0,0,1,1,0.0,0
4960,4.0,2024,Working,3,Architecture,Female,School of Architecture,1,1,7,3.94,0,1,0,0,0,0,0.0,0
4961,4.0,2024,Working,3,Architecture,Female,School of Architecture,1,1,7,,0,1,0,0,0,0,0.0,0
4962,4.0,2024,Working,2,Engineering - Electrical Engineering,Male,School of Engineering & Applied Science,1,1,17,,0,1,0,0,0,0,1.0,1
4963,4.0,2024,Still Looking,1,Media Studies,Female,College and Graduate School of Arts & Sciences,0,2,207,,0,1,0,1,1,1,3.0,1
4964,4.0,2024,Working,2,Art - Art History,Female,College and Graduate School of Arts & Sciences,1,1,4,,0,1,0,0,0,0,0.0,0
4965,4.0,2024,Working,1,Architecture,Female,School of Architecture,1,0,99,,0,1,0,0,0,1,0.0,0
4966,4.0,2024,Working,1,Architecture,Female,School of Architecture,1,0,99,4.1,0,1,0,0,0,1,0.0,0
4967,4.0,2024,Working,0,Biology,Female,College and Graduate School of Arts & Sciences,1,0,10,,0,0,0,0,0,0,0.0,0
4968,4.0,2024,Working,2,Global Studies - Interdisciplinary,Female,College and Graduate School of Arts & Sciences,1,1,68,3.53,0,1,0,0,0,1,0.0,0
4969,4.0,2024,Working,0,Architecture,Female,School of Architecture,1,0,3,3.9,0,0,0,0,0,0,0.0,0
4970,4.0,2024,Continuing Education,0,Education - Speech Communication Disorders,Female,School of Education and Human Development,0,0,2,,0,0,1,0,0,0,0.0,0
4971,4.0,2024,Continuing Education,2,Mathematics,Male,College and Graduate School of Arts & Sciences,0,0,36,3.98,0,1,1,0,0,0,0.0,0
4972,4.0,2024,Continuing Education,2,Mathematics,Male,College and Graduate School of Arts & Sciences,0,0,36,,0,1,1,0,0,0,0.0,0
4973,4.0,2024,Working,1,Chemistry,Female,College and Graduate School of Arts & Sciences,1,1,42,3.65,0,1,0,0,0,0,1.0,1
4974,4.0,2024,Working,1,Chemistry,Female,College and Graduate School of Arts & Sciences,1,1,42,4.0,0,1,0,0,0,0,1.0,1
4975,4.0,2024,Continuing Education,3,Engineering - Civil Engineering,Female,School of Engineering & Applied Science,0,1,66,4.31,0,1,1,0,0,1,0.0,0
4976,4.0,2024,Continuing Education,3,Engineering - Civil Engineering,Female,School of Engineering & Applied Science,0,1,66,3.63,0,1,1,0,0,1,0.0,0
4977,4.0,2024,Working,2,Media Studies,Female,College and Graduate School of Arts & Sciences,1,1,25,,0,1,0,0,0,0,3.0,1
4978,4.0,2024,Working,2,Media Studies,Female,College and Graduate School of Arts & Sciences,1,1,25,4.2,0,1,0,0,0,0,3.0,1
4979,4.0,2024,Working,2,Media Studies,Female,College and Graduate School of Arts & Sciences,1,1,25,3.86,0,1,0,0,0,0,3.0,1
4980,4.0,2024,Still Looking,1,Architecture - Urban & Environmental Planning,Male,School of Architecture,0,0,0,,0,1,0,1,0,0,1.0,1
4981,4.0,2024,Working,2,Architecture,Female,School of Architecture,1,1,13,3.8,0,1,0,0,0,0,2.0,1
4982,4.0,2024,Working,2,Architecture,Female,School of Architecture,1,1,13,,0,1,0,0,0,0,2.0,1
4983,4.0,2024,Working,2,Architecture,Male,School of Architecture,1,0,10,3.73,0,1,0,0,0,0,0.0,0
4984,4.0,2024,Continuing Education,2,Sociology,Female,College and Graduate School of Arts & Sciences,0,0,5,,0,1,1,0,0,0,0.0,0
4985,4.0,2024,Not Seeking,1,Engineering - Biomedical Engineering,Female,School of Engineering & Applied Science,0,12,86,3.8,0,1,0,0,1,1,0.0,0
4986,4.0,2024,Working,1,Data Science,Female,School of Data Science,1,3,185,3.86,0,1,0,0,1,1,1.0,1
4987,4.0,2024,Working,1,Nursing,Female,School of Nursing,1,0,0,,0,1,0,0,0,0,0.0,0
4988,4.0,2024,Working,2,Media Studies,Female,College and Graduate School of Arts & Sciences,1,1,20,,1,1,0,0,0,0,2.0,1
4989,4.0,2024,Working,2,Media Studies,Female,College and Graduate School of Arts & Sciences,1,1,20,3.97,1,1,0,0,0,0,2.0,1
4990,4.0,2024,Still Looking,0,Anthropology,Male,College and Graduate School of Arts & Sciences,0,1,3,3.7,0,0,0,1,0,0,0.0,0
4991,4.0,2024,Working,2,Foreign Affairs,Female,College and Graduate School of Arts & Sciences,1,3,86,3.75,0,1,0,0,1,1,0.0,0
4992,4.0,2024,Working,2,Foreign Affairs,Female,College and Graduate School of Arts & Sciences,1,3,86,4.3,0,1,0,0,1,1,0.0,0
4993,4.0,2024,Continuing Education,0,Psychology,Female,College and Graduate School of Arts & Sciences,0,0,5,,0,0,1,0,0,0,0.0,0
4994,4.0,2024,Continuing Education,0,Psychology,Female,College and Graduate School of Arts & Sciences,0,0,5,4.38,0,0,1,0,0,0,0.0,0
4995,4.0,2024,Working,3,Engineering - Civil Engineering,Male,School of Engineering & Applied Science,1,6,128,3.83,0,1,0,0,1,1,0.0,0
4996,4.0,2024,Still Looking,1,Cognitive Science - Interdisciplinary,Male,College and Graduate School of Arts & Sciences,0,4,100,3.58,0,1,0,1,1,1,0.0,0
4997,4.0,2024,Still Looking,0,Cognitive Science - Interdisciplinary,Female,College and Graduate School of Arts & Sciences,0,0,47,,0,0,0,1,0,0,0.0,0
4998,4.0,2024,Continuing Education,3,Economics,Male,College and Graduate School of Arts & Sciences,0,2,312,3.9,0,1,1,0,1,1,0.0,0
4999,4.0,2024,Continuing Education,3,Economics,Male,College and Graduate School of Arts & Sciences,0,2,312,,0,1,1,0,1,1,0.0,0
5000,4.0,2024,Continuing Education,3,Global Studies - Interdisciplinary,Female,College and Graduate School of Arts & Sciences,0,1,8,3.76,0,1,1,0,0,0,2.0,1
5001,4.0,2024,Working,3,Engineering - Computer Science,Male,School of Engineering & Applied Science,1,0,0,4.0,0,1,0,0,0,0,0.0,0
5002,4.0,2024,Working,1,Nursing,Female,School of Nursing,1,0,0,,0,1,0,0,0,0,0.0,0
5003,4.0,2024,Working,2,Education - Youth & Social Innovation,Female,School of Education and Human Development,1,5,17,,1,1,0,0,1,0,0.0,0
5004,4.0,2024,Still Looking,2,Data Science,Female,School of Data Science,0,1,303,,0,1,0,1,0,1,0.0,0
5005,4.0,2024,Continuing Education,0,Biology,Female,College and Graduate School of Arts & Sciences,0,1,0,3.86,0,0,1,0,0,0,0.0,0
5006,4.0,2024,Continuing Education,0,Chemistry,Male,College and Graduate School of Arts & Sciences,0,1,49,,0,0,1,0,0,1,0.0,0
5007,4.0,2024,Working,2,Engineering - Civil Engineering,Female,School of Engineering & Applied Science,1,6,2,,0,1,0,0,1,0,0.0,0
5008,4.0,2024,Working,2,Engineering - Computer Science,Male,School of Engineering & Applied Science,1,0,22,,0,1,0,0,0,0,2.0,1
5009,4.0,2024,Working,1,Nursing,Female,School of Nursing,1,0,2,,0,1,0,0,0,0,0.0,0
5010,4.0,2024,Working,1,Engineering - Computer Science,Female,School of Engineering & Applied Science,1,2,18,3.95,0,1,0,0,1,0,0.0,0
5011,4.0,2024,Working,1,Engineering - Computer Science,Female,School of Engineering & Applied Science,1,2,18,4.65,0,1,0,0,1,0,0.0,0
5012,4.0,2024,Working,3,Applied Statistics,Male,College and Graduate School of Arts & Sciences,1,1,72,,0,1,0,0,0,1,0.0,0
5013,4.0,2024,Continuing Education,2,Political & Social Thought - Interdisciplinary,Male,College and Graduate School of Arts & Sciences,0,1,4,,0,1,1,0,0,0,7.0,1
5014,4.0,2024,Working,2,Applied Statistics,Female,College and Graduate School of Arts & Sciences,1,1,27,3.8,0,1,0,0,0,0,0.0,0
5015,4.0,2024,Working,2,Applied Statistics,Female,College and Graduate School of Arts & Sciences,1,1,27,,0,1,0,0,0,0,0.0,0
5016,4.0,2024,Continuing Education,0,Biology,Female,College and Graduate School of Arts & Sciences,0,0,0,,0,0,1,0,0,0,0.0,0
5017,4.0,2024,Working,2,Mathematics,Male,College and Graduate School of Arts & Sciences,1,0,0,3.88,0,1,0,0,0,0,0.0,0
5018,4.0,2024,Working,2,Architecture,Male,School of Architecture,1,0,4,,0,1,0,0,0,0,4.0,1
5019,4.0,2024,Working,1,Economics,Female,College and Graduate School of Arts & Sciences,1,0,32,,0,1,0,0,0,0,1.0,1
5020,4.0,2024,Continuing Education,3,History,Female,College and Graduate School of Arts & Sciences,0,0,61,4.26,1,1,1,0,0,1,0.0,0
5021,4.0,2024,Continuing Education,3,History,Female,College and Graduate School of Arts & Sciences,0,0,61,,1,1,1,0,0,1,0.0,0
5022,4.0,2024,Working,2,American Studies - Interdisciplinary,Female,College and Graduate School of Arts & Sciences,1,4,126,3.8,0,1,0,0,1,1,0.0,0
5023,4.0,2024,Still Looking,2,Architecture - Landscape Architecture,Female,School of Architecture,0,1,15,,0,1,0,1,0,0,0.0,0
5024,4.0,2024,Working,1,Economics,Female,College and Graduate School of Arts & Sciences,1,8,30,3.79,0,1,0,0,1,0,3.0,1
5025,4.0,2024,Working,2,Economics,Male,College and Graduate School of Arts & Sciences,1,10,622,3.8,0,1,0,0,1,1,4.0,1
5026,4.0,2024,Working,2,Economics,Male,College and Graduate School of Arts & Sciences,1,10,622,,0,1,0,0,1,1,4.0,1
5027,4.0,2024,Not Seeking,1,Computer Science - Interdisciplinary,Female,College and Graduate School of Arts & Sciences,0,2,103,,0,1,0,0,1,1,7.0,1
5028,4.0,2024,Still Looking,1,Architecture - Urban & Environmental Planning,Male,School of Architecture,0,0,8,,0,1,0,1,0,0,0.0,0
5029,4.0,2024,Still Looking,0,English,Female,College and Graduate School of Arts & Sciences,0,0,3,,0,0,0,1,0,0,0.0,0
5030,4.0,2024,Still Looking,1,Data Science,Female,School of Data Science,0,4,22,,0,1,0,1,1,0,0.0,0
5031,4.0,2024,Still Looking,1,Data Science,Female,School of Data Science,0,4,22,3.81,0,1,0,1,1,0,0.0,0
5032,4.0,2024,Still Looking,1,Data Science,Male,School of Data Science,0,0,35,,0,1,0,1,0,0,0.0,0
5033,4.0,2024,Working,0,Economics,Male,College and Graduate School of Arts & Sciences,1,4,67,,0,0,0,0,1,1,4.0,1
5034,4.0,2024,Working,0,Psychology,Female,College and Graduate School of Arts & Sciences,1,0,0,,0,0,0,0,0,0,0.0,0
5035,4.0,2024,Still Looking,2,History,Male,College and Graduate School of Arts & Sciences,0,0,4,3.8,0,1,0,1,0,0,5.0,1
5036,4.0,2024,Working,2,Economics,Male,College and Graduate School of Arts & Sciences,1,0,185,3.38,0,1,0,0,0,1,0.0,0
5037,4.0,2024,Working,3,Interdisciplinary (SCPS-BIS),Male,School of Continuing and Professional Studies,1,0,5,3.8,0,1,0,0,0,0,0.0,0
5038,4.0,2024,Still Looking,3,Global Studies - Interdisciplinary,Female,College and Graduate School of Arts & Sciences,0,1,61,,1,1,0,1,0,1,12.0,1
5039,4.0,2024,Still Looking,0,French,Male,College and Graduate School of Arts & Sciences,0,1,1,,0,0,0,1,0,0,0.0,0
5040,4.0,2024,Still Looking,1,Music,Male,College and Graduate School of Arts & Sciences,0,0,32,,0,1,0,1,0,0,0.0,0
5041,4.0,2024,Still Looking,3,English,Male,College and Graduate School of Arts & Sciences,0,0,65,4.0,0,1,0,1,0,1,0.0,0
5042,4.0,2024,Still Looking,1,Architecture - Urban & Environmental Planning,Female,School of Architecture,0,2,0,,0,1,0,1,1,0,0.0,0
5043,4.0,2024,Working,1,Computer Science - Interdisciplinary,Male,College and Graduate School of Arts & Sciences,1,3,21,3.89,0,1,0,0,1,0,1.0,1
5044,4.0,2024,Still Looking,2,Architecture - Architectural History,Male,School of Architecture,0,3,18,,1,1,0,1,1,0,0.0,0
5045,4.0,2024,Still Looking,2,Architecture - Architectural History,Male,School of Architecture,0,3,18,3.85,1,1,0,1,1,0,0.0,0
5046,4.0,2024,Working,0,Architecture - Constructed Environment,Female,School of Architecture,1,0,0,,0,0,0,0,0,0,1.0,1
5047,4.0,2024,Working,0,Nursing,Female,School of Nursing,1,0,9,3.18,0,0,0,0,0,0,0.0,0
5048,4.0,2024,Working,0,Nursing,Female,School of Nursing,1,0,9,3.16,0,0,0,0,0,0,0.0,0
5049,4.0,2024,Working,0,Nursing,Female,School of Nursing,1,0,9,,0,0,0,0,0,0,0.0,0
5050,4.0,2024,Working,0,Nursing,Female,School of Nursing,1,0,7,,0,0,0,0,0,0,0.0,0
5051,4.0,2024,Working,2,Economics,Male,College and Graduate School of Arts & Sciences,1,3,39,,0,1,0,0,1,0,0.0,0
5052,4.0,2024,Still Looking,3,Architecture - Urban & Environmental Planning,Female,School of Architecture,0,3,59,,1,1,0,1,1,1,3.0,1
5053,4.0,2024,Still Looking,3,Architecture - Urban & Environmental Planning,Female,School of Architecture,0,3,59,3.68,1,1,0,1,1,1,3.0,1
5054,4.0,2024,Still Looking,2,Architecture,Female,School of Architecture,0,0,3,,0,1,0,1,0,0,0.0,0
5055,4.0,2024,Fellowship,3,Data Science,Female,School of Data Science,0,5,106,,0,1,0,0,1,1,0.0,0
5056,4.0,2024,Still Looking,0,Biology,Female,College and Graduate School of Arts & Sciences,0,1,0,,0,0,0,1,0,0,1.0,1
5057,4.0,2024,Working,0,Education - Reading Education,Female,School of Education and Human Development,1,0,0,3.97,0,0,0,0,0,0,0.0,0
5058,4.0,2024,Still Looking,0,Education - Curriculum & Instruction,Male,School of Education and Human Development,0,0,0,,0,0,0,1,0,0,0.0,0
5059,4.0,2024,Working,0,Data Science,Male,School of Data Science,1,2,3,,0,0,0,0,1,0,0.0,0
5060,4.0,2024,Continuing Education,0,Foreign Affairs,Male,College and Graduate School of Arts & Sciences,0,0,36,3.82,0,0,1,0,0,0,0.0,0
5061,4.0,2024,Continuing Education,0,Foreign Affairs,Male,College and Graduate School of Arts & Sciences,0,0,36,3.95,0,0,1,0,0,0,0.0,0
5062,4.0,2024,Working,3,Engineering - Computer Science,Male,School of Engineering & Applied Science,1,4,8,,0,1,0,0,1,0,0.0,0
5063,4.0,2024,Working,2,Architecture - Urban & Environmental Planning,Male,School of Architecture,1,2,1,3.7,0,1,0,0,1,0,4.0,1
5064,4.0,2024,Working,0,Engineering - Materials Science & Engineering,Male,School of Engineering & Applied Science,1,0,0,,0,0,0,0,0,0,0.0,0
5065,4.0,2024,Still Looking,1,Architecture,Male,School of Architecture,0,0,32,3.59,0,1,0,1,0,0,5.0,1
5066,4.0,2024,Continuing Education,0,Biology,Female,College and Graduate School of Arts & Sciences,0,0,3,,0,0,1,0,0,0,0.0,0
5067,4.0,2024,Still Looking,1,Architecture,Female,School of Architecture,0,1,8,3.6,0,1,0,1,0,0,5.0,1
5068,4.0,2024,Still Looking,0,Chemistry,Female,College and Graduate School of Arts & Sciences,0,1,15,3.44,0,0,0,1,0,0,0.0,0
5069,4.0,2024,Working,2,Environmental Thought & Practice - Interdisciplinary,Female,College and Graduate School of Arts & Sciences,1,4,0,,0,1,0,0,1,0,2.0,1
5070,4.0,2024,Working,0,Biology,Male,College and Graduate School of Arts & Sciences,1,0,0,,0,0,0,0,0,0,0.0,0
5071,4.0,2024,Working,1,Engineering - Civil Engineering,Female,School of Engineering & Applied Science,1,4,3,,0,1,0,0,1,0,0.0,0
5072,4.0,2024,Still Looking,2,Environmental Sciences,Female,College and Graduate School of Arts & Sciences,0,7,43,3.9,0,1,0,1,1,0,0.0,0
5073,4.0,2024,Working,2,Statistics,Male,College and Graduate School of Arts & Sciences,1,0,16,3.99,0,1,0,0,0,0,1.0,1
5074,4.0,2024,Working,2,Statistics,Male,College and Graduate School of Arts & Sciences,1,0,16,4.95,0,1,0,0,0,0,1.0,1
5075,4.0,2024,Working,0,Education - Special Education,Female,School of Education and Human Development,1,0,0,,0,0,0,0,0,0,0.0,0
5076,4.0,2024,Continuing Education,3,Education - Kinesiology,Female,School of Education and Human Development,0,0,1,3.73,0,1,1,0,0,0,0.0,0
5077,4.0,2024,Working,0,Neuroscience - Interdisciplinary,Female,College and Graduate School of Arts & Sciences,1,0,4,,0,0,0,0,0,0,7.0,1
5078,4.0,2024,Working,3,Economics,Male,College and Graduate School of Arts & Sciences,1,0,15,,0,1,0,0,0,0,0.0,0
5079,4.0,2024,Working,2,American Studies - Interdisciplinary,Female,College and Graduate School of Arts & Sciences,1,1,48,,0,1,0,0,0,1,1.0,1
5080,4.0,2024,Working,2,American Studies - Interdisciplinary,Female,College and Graduate School of Arts & Sciences,1,1,48,3.85,0,1,0,0,0,1,1.0,1
5081,4.0,2024,Working,0,Data Science,Male,School of Data Science,1,0,0,,0,0,0,0,0,0,0.0,0
5082,4.0,2024,Continuing Education,0,Education - Kinesiology,Female,School of Education and Human Development,0,0,0,,0,0,1,0,0,0,0.0,0
5083,4.0,2024,Working,1,Applied Statistics,Male,College and Graduate School of Arts & Sciences,1,8,77,3.84,0,1,0,0,1,1,0.0,0
5084,4.0,2024,Still Looking,1,Architecture,Female,School of Architecture,0,1,18,3.5,0,1,0,1,0,0,1.0,1
5085,4.0,2024,Still Looking,1,Architecture,Female,School of Architecture,0,1,18,3.88,0,1,0,1,0,0,1.0,1
5086,4.0,2024,Still Looking,2,Psychology,Female,College and Graduate School of Arts & Sciences,0,2,34,3.44,0,1,0,1,1,0,1.0,1
5087,4.0,2024,Still Looking,2,Public Health,Female,School of Medicine,0,0,0,,0,1,0,1,0,0,3.0,1
5088,4.0,2024,Working,2,Psychology,Male,College and Graduate School of Arts & Sciences,1,10,802,,0,1,0,0,1,1,6.0,1
5089,4.0,2024,Continuing Education,0,Anthropology,Male,College and Graduate School of Arts & Sciences,0,0,0,,0,0,1,0,0,0,0.0,0
5090,4.0,2024,Working,1,Data Science,Male,School of Data Science,1,22,299,4.67,0,1,0,0,1,1,5.0,1
5091,4.0,2024,Working,1,Data Science,Male,School of Data Science,1,22,299,,0,1,0,0,1,1,5.0,1
5092,4.0,2024,Continuing Education,2,Education - Kinesiology,Female,School of Education and Human Development,0,0,5,3.54,1,1,1,0,0,0,3.0,1
5093,4.0,2024,Continuing Education,2,Education - Kinesiology,Female,School of Education and Human Development,0,0,5,4.29,1,1,1,0,0,0,3.0,1
5094,4.0,2024,Continuing Education,3,Global Studies - Interdisciplinary,Female,College and Graduate School of Arts & Sciences,0,0,0,,0,1,1,0,0,0,0.0,0
5095,4.0,2024,Working,3,Education - Athletic Training,Female,School of Education and Human Development,1,0,0,,0,1,0,0,0,0,0.0,0
5096,4.0,2024,Not Seeking,2,Engineering - Electrical Engineering,Male,School of Engineering & Applied Science,0,0,38,3.97,0,1,0,0,0,0,0.0,0
5097,4.0,2024,Not Seeking,2,Engineering - Electrical Engineering,Male,School of Engineering & Applied Science,0,0,38,4.69,0,1,0,0,0,0,0.0,0
5098,4.0,2024,Still Looking,3,Education - Kinesiology,Male,School of Education and Human Development,0,0,15,,0,1,0,1,0,0,0.0,0
5099,4.0,2024,Working,1,Nursing,Male,School of Nursing,1,0,2,3.3,1,1,0,0,0,0,0.0,0
5100,4.0,2024,Working,1,Nursing,Male,School of Nursing,1,0,2,,1,1,0,0,0,0,0.0,0
5101,4.0,2024,Working,1,Religious Studies,Female,College and Graduate School of Arts & Sciences,1,1,1,3.97,0,1,0,0,0,0,3.0,1
5102,4.0,2024,Working,1,Religious Studies,Female,College and Graduate School of Arts & Sciences,1,1,1,,0,1,0,0,0,0,3.0,1
5103,4.0,2024,Still Looking,0,Chemistry,Female,College and Graduate School of Arts & Sciences,0,0,0,,0,0,0,1,0,0,0.0,0
5104,4.0,2024,Continuing Education,0,Interdisciplinary (SCPS-BIS),Female,School of Continuing and Professional Studies,0,0,0,3.9,0,0,1,0,0,0,0.0,0
5105,4.0,2024,Working,1,Economics,Female,College and Graduate School of Arts & Sciences,1,3,46,3.88,0,1,0,0,1,0,0.0,0
5106,4.0,2024,Working,2,Media Studies,Female,College and Graduate School of Arts & Sciences,1,0,58,,0,1,0,0,0,1,0.0,0
5107,4.0,2024,Still Looking,0,Biology,Female,College and Graduate School of Arts & Sciences,0,0,72,,0,0,0,1,0,1,2.0,1
5108,4.0,2024,Working,0,Engineering - Biomedical Engineering,Female,School of Engineering & Applied Science,1,0,0,,0,0,0,0,0,0,0.0,0
5109,4.0,2024,Continuing Education,1,Spanish,Female,College and Graduate School of Arts & Sciences,0,0,10,,0,1,1,0,0,0,0.0,0
5110,4.0,2024,Still Looking,3,Psychology,Female,College and Graduate School of Arts & Sciences,0,2,292,3.7,0,1,0,1,1,1,0.0,0
5111,4.0,2024,Still Looking,3,Psychology,Female,College and Graduate School of Arts & Sciences,0,2,292,3.87,0,1,0,1,1,1,0.0,0
5112,4.0,2024,Continuing Education,0,Chemistry,Male,College and Graduate School of Arts & Sciences,0,0,0,,0,0,1,0,0,0,1.0,1
5113,4.0,2024,Working,2,Global Studies - Interdisciplinary,Male,College and Graduate School of Arts & Sciences,1,0,55,3.78,1,1,0,0,0,1,3.0,1
5114,4.0,2024,Continuing Education,0,English,Female,College and Graduate School of Arts & Sciences,0,0,14,,0,0,1,0,0,0,0.0,0
5115,4.0,2024,Working,3,Education - Speech Communication Disorders,Female,School of Education and Human Development,1,0,0,,0,1,0,0,0,0,0.0,0
5116,4.0,2024,Still Looking,1,Biology,Female,College and Graduate School of Arts & Sciences,0,0,104,,0,1,0,1,0,1,0.0,0
5117,4.0,2024,Continuing Education,1,Cognitive Science - Interdisciplinary,Female,College and Graduate School of Arts & Sciences,0,4,1,3.9,0,1,1,0,1,0,12.0,1
5118,4.0,2024,Working,2,Economics,Male,College and Graduate School of Arts & Sciences,1,11,157,4.42,0,1,0,0,1,1,10.0,1
5119,4.0,2024,Working,2,Economics,Male,College and Graduate School of Arts & Sciences,1,11,157,3.48,0,1,0,0,1,1,10.0,1
5120,4.0,2024,Working,3,Economics,Female,College and Graduate School of Arts & Sciences,1,4,3,,0,1,0,0,1,0,2.0,1
5121,4.0,2024,Working,1,Engineering - Aerospace Engineering,Male,School of Engineering & Applied Science,1,6,122,,0,1,0,0,1,1,0.0,0
5122,4.0,2024,Continuing Education,0,Biology,Female,College and Graduate School of Arts & Sciences,0,0,0,,0,0,1,0,0,0,0.0,0
5123,4.0,2024,Still Looking,0,History,Male,College and Graduate School of Arts & Sciences,0,0,14,,0,0,0,1,0,0,0.0,0
5124,4.0,2024,Continuing Education,2,Education - Youth & Social Innovation,Female,School of Education and Human Development,0,1,50,3.96,0,1,1,0,0,1,0.0,0
5125,4.0,2024,Continuing Education,2,Education - Youth & Social Innovation,Female,School of Education and Human Development,0,1,50,3.77,0,1,1,0,0,1,0.0,0
5126,4.0,2024,Continuing Education,2,Education - Youth & Social Innovation,Female,School of Education and Human Development,0,1,50,,0,1,1,0,0,1,0.0,0
5127,4.0,2024,Working,2,Nursing,Female,School of Nursing,1,0,0,,0,1,0,0,0,0,0.0,0
5128,4.0,2024,Working,2,Engineering - Computer Engineering,Male,School of Engineering & Applied Science,1,1,68,3.8,0,1,0,0,0,1,0.0,0
5129,4.0,2024,Working,2,Religious Studies,Male,College and Graduate School of Arts & Sciences,1,0,0,3.81,0,1,0,0,0,0,0.0,0
5130,4.0,2024,Still Looking,0,Education - Kinesiology,Female,School of Education and Human Development,0,0,0,,0,0,0,1,0,0,0.0,0
5131,4.0,2024,Working,3,Engineering - Computer Science,Female,School of Engineering & Applied Science,1,2,1,3.94,0,1,0,0,1,0,0.0,0
5132,4.0,2024,Working,3,Engineering - Computer Science,Female,School of Engineering & Applied Science,1,2,1,,0,1,0,0,1,0,0.0,0
5133,4.0,2024,Working,3,Engineering - Computer Science,Female,School of Engineering & Applied Science,1,2,1,3.85,0,1,0,0,1,0,0.0,0
5134,4.0,2024,Working,2,Nursing,Female,School of Nursing,1,0,4,,0,1,0,0,0,0,0.0,0
5135,4.0,2024,Still Looking,2,Foreign Affairs,Female,College and Graduate School of Arts & Sciences,0,1,40,3.03,1,1,0,1,0,0,0.0,0
5136,4.0,2024,Still Looking,2,Foreign Affairs,Female,College and Graduate School of Arts & Sciences,0,1,40,,1,1,0,1,0,0,0.0,0
5137,4.0,2024,Working,3,Engineering - Computer Science,Male,School of Engineering & Applied Science,1,7,229,,0,1,0,0,1,1,0.0,0
5138,4.0,2024,Working,0,Education - Youth & Social Innovation,Female,School of Education and Human Development,1,7,64,,0,0,0,0,1,1,2.0,1
5139,4.0,2024,Still Looking,0,Chemistry,Male,College and Graduate School of Arts & Sciences,0,0,3,4.0,0,0,0,1,0,0,0.0,0
5140,4.0,2024,Working,0,Nursing,Female,School of Nursing,1,0,0,3.7,0,0,0,0,0,0,0.0,0
5141,4.0,2024,Working,3,Government - Foreign Affairs,Female,College and Graduate School of Arts & Sciences,1,0,4,,0,1,0,0,0,0,0.0,0
5142,4.0,2024,Working,1,Applied Statistics,Female,College and Graduate School of Arts & Sciences,1,4,1,,0,1,0,0,1,0,0.0,0
5143,4.0,2024,Working,1,Engineering - Aerospace Engineering,Male,School of Engineering & Applied Science,1,3,99,,0,1,0,0,1,1,0.0,0
5144,4.0,2024,Continuing Education,2,Drama,Female,College and Graduate School of Arts & Sciences,0,0,24,,0,1,1,0,0,0,0.0,0
5145,4.0,2024,Working,0,Health Sciences Management (SCPS),Female,School of Continuing and Professional Studies,1,0,0,4.0,0,0,0,0,0,0,0.0,0
5146,4.0,2024,Working,0,Data Science,Male,School of Data Science,1,0,0,,0,0,0,0,0,0,0.0,0
5147,4.0,2024,Still Looking,1,Data Science,Female,School of Data Science,0,3,3,,0,1,0,1,1,0,0.0,0
5148,4.0,2024,Still Looking,3,Architecture,Female,School of Architecture,0,0,45,,0,1,0,1,0,0,1.0,1
5149,4.0,2024,Working,1,Education - Elementary Education,Female,School of Education and Human Development,1,0,0,,0,1,0,0,0,0,0.0,0
5150,4.0,2024,Still Looking,2,Architecture,Male,School of Architecture,0,1,39,3.6,0,1,0,1,0,0,2.0,1
5151,4.0,2024,Still Looking,2,Architecture,Male,School of Architecture,0,1,39,,0,1,0,1,0,0,2.0,1
5152,4.0,2024,Working,1,Education - Athletic Training,Female,School of Education and Human Development,1,0,0,,0,1,0,0,0,0,0.0,0
5153,4.0,2024,Continuing Education,0,Data Science,Female,School of Data Science,0,7,23,,0,0,1,0,1,0,0.0,0
5154,4.0,2024,Continuing Education,0,Data Science,Female,School of Data Science,0,7,23,4.0,0,0,1,0,1,0,0.0,0
5155,4.0,2024,Continuing Education,2,Physics,Male,College and Graduate School of Arts & Sciences,0,1,28,,0,1,1,0,0,0,0.0,0
5156,4.0,2024,Working,3,Architecture,Female,School of Architecture,1,1,3,3.85,0,1,0,0,0,0,0.0,0
5157,4.0,2024,Working,3,Architecture,Female,School of Architecture,1,1,3,3.94,0,1,0,0,0,0,0.0,0
5158,4.0,2024,Continuing Education,2,Education - Youth & Social Innovation,Female,School of Education and Human Development,0,1,1,,0,1,1,0,0,0,0.0,0
5159,4.0,2024,Working,0,Nursing,Male,School of Nursing,1,0,2,,0,0,0,0,0,0,1.0,1
5160,4.0,2024,Working,3,Engineering - Mechanical Engineering,Male,School of Engineering & Applied Science,1,23,292,3.6,0,1,0,0,1,1,5.0,1
5161,4.0,2024,Working,3,Engineering - Mechanical Engineering,Male,School of Engineering & Applied Science,1,23,292,,0,1,0,0,1,1,5.0,1
5162,4.0,2024,Working,0,Education - Curriculum & Instruction,Female,School of Education and Human Development,1,0,0,,0,0,0,0,0,0,0.0,0
5163,4.0,2024,Working,0,Global Studies - Interdisciplinary,Female,College and Graduate School of Arts & Sciences,1,0,18,,0,0,0,0,0,0,0.0,0
5164,4.0,2024,Working,1,Sociology,Female,College and Graduate School of Arts & Sciences,1,1,17,,1,1,0,0,0,0,1.0,1
5165,4.0,2024,Working,0,Environmental Sciences,Female,College and Graduate School of Arts & Sciences,1,0,1,,0,0,0,0,0,0,0.0,0
5166,4.0,2024,Working,3,Computer Science - Interdisciplinary,Female,College and Graduate School of Arts & Sciences,1,2,58,,0,1,0,0,1,1,4.0,1
5167,4.0,2024,Working,1,Engineering - Computer Science,Male,School of Engineering & Applied Science,1,1,7,3.62,0,1,0,0,0,0,0.0,0
5168,4.0,2024,Working,1,Economics,Female,College and Graduate School of Arts & Sciences,1,1,197,3.5,0,1,0,0,0,1,0.0,0
5169,4.0,2024,Working,1,Economics,Female,College and Graduate School of Arts & Sciences,1,1,197,4.36,0,1,0,0,0,1,0.0,0
5170,4.0,2024,Working,2,Education - Science Education,Female,School of Education and Human Development,1,1,0,3.7,0,1,0,0,0,0,0.0,0
5171,4.0,2024,Working,2,Education - Science Education,Female,School of Education and Human Development,1,1,0,4.0,0,1,0,0,0,0,0.0,0
5172,4.0,2024,Working,2,Education - Science Education,Female,School of Education and Human Development,1,1,0,4.3,0,1,0,0,0,0,0.0,0
5173,4.0,2024,Working,2,Education - Elementary Education,Female,School of Education and Human Development,1,1,0,,0,1,0,0,0,0,0.0,0
5174,4.0,2024,Working,1,Mathematics,Female,College and Graduate School of Arts & Sciences,1,5,110,,0,1,0,0,1,1,0.0,0
5175,4.0,2024,Working,1,Mathematics,Female,College and Graduate School of Arts & Sciences,1,5,110,3.74,0,1,0,0,1,1,0.0,0
5176,4.0,2024,Working,0,Education - Mathematics Education,Female,School of Education and Human Development,1,1,0,,0,0,0,0,0,0,0.0,0
5177,4.0,2024,Working,0,Education - Mathematics Education,Female,School of Education and Human Development,1,1,0,3.9,0,0,0,0,0,0,0.0,0
5178,4.0,2024,Still Looking,1,Architecture - Urban & Environmental Planning,Male,School of Architecture,0,0,0,3.61,0,1,0,1,0,0,0.0,0
5179,4.0,2024,Continuing Education,2,Education - Youth & Social Innovation,Female,School of Education and Human Development,0,1,3,,0,1,1,0,0,0,0.0,0
5180,4.0,2024,Still Looking,0,Global Studies - Interdisciplinary,Female,College and Graduate School of Arts & Sciences,0,0,10,,0,0,0,1,0,0,0.0,0
5181,4.0,2024,Working,0,Nursing,Female,School of Nursing,1,0,2,,0,0,0,0,0,0,0.0,0
5182,4.0,2024,Working,2,Education - Elementary Education,Female,School of Education and Human Development,1,1,2,,0,1,0,0,0,0,2.0,1
5183,4.0,2024,Working,3,History,Male,College and Graduate School of Arts & Sciences,1,0,96,3.9,0,1,0,0,0,1,0.0,0
5184,4.0,2024,Working,2,Engineering - Aerospace Engineering,Female,School of Engineering & Applied Science,1,2,49,3.72,0,1,0,0,1,1,0.0,0
5185,4.0,2024,Still Looking,0,Architecture - Architectural History,Female,School of Architecture,0,0,5,,0,0,0,1,0,0,0.0,0
5186,4.0,2024,Working,1,Architecture - Architectural History,Female,School of Architecture,1,0,0,,0,1,0,0,0,0,0.0,0
5187,4.0,2024,Still Looking,1,Architecture - Architectural History,Female,School of Architecture,0,0,4,,0,1,0,1,0,0,0.0,0
5188,4.0,2024,Fellowship,1,Economics,Female,College and Graduate School of Arts & Sciences,0,5,32,3.79,1,1,0,0,1,0,0.0,0
5189,4.0,2024,Continuing Education,0,Religious Studies,Male,College and Graduate School of Arts & Sciences,0,0,0,,0,0,1,0,0,0,0.0,0
5190,4.0,2024,Working,2,Education - Science Education,Male,School of Education and Human Development,1,1,0,,0,1,0,0,0,0,0.0,0
5191,4.0,2024,Working,2,Architecture - Architectural History,Female,School of Architecture,1,0,1,,0,1,0,0,0,0,0.0,0
5192,4.0,2024,Working,2,Education - Social Studies Education,Female,School of Education and Human Development,1,1,0,,0,1,0,0,0,0,0.0,0
5193,4.0,2024,Working,0,Education - Special Education,Female,School of Education and Human Development,1,2,0,4.0,0,0,0,0,1,0,0.0,0
5194,4.0,2024,Working,2,Global Studies - Interdisciplinary,Male,College and Graduate School of Arts & Sciences,1,2,98,4.32,0,1,0,0,1,1,0.0,0
5195,4.0,2024,Working,2,Global Studies - Interdisciplinary,Male,College and Graduate School of Arts & Sciences,1,2,98,3.82,0,1,0,0,1,1,0.0,0
5196,4.0,2024,Still Looking,2,Architecture - Landscape Architecture,Female,School of Architecture,0,1,6,,0,1,0,1,0,0,0.0,0
5197,4.0,2024,Still Looking,2,Cognitive Science - Interdisciplinary,Female,College and Graduate School of Arts & Sciences,0,1,16,,0,1,0,1,0,0,0.0,0
5198,4.0,2024,Working,2,Engineering - Computer Engineering,Male,School of Engineering & Applied Science,1,2,2,3.92,0,1,0,0,1,0,0.0,0
5199,4.0,2024,Working,3,Architecture - Landscape Architecture,Female,School of Architecture,1,0,2,,0,1,0,0,0,0,0.0,0
5200,4.0,2024,Working,3,Architecture - Landscape Architecture,Female,School of Architecture,1,0,2,4.0,0,1,0,0,0,0,0.0,0
5201,4.0,2024,Working,1,Psychology,Female,College and Graduate School of Arts & Sciences,1,4,32,,0,1,0,0,1,0,0.0,0
5202,4.0,2024,Working,3,Engineering - Systems Engineering,Female,School of Engineering & Applied Science,1,1,70,,0,1,0,0,0,1,0.0,0
5203,4.0,2024,Working,3,Architecture - Urban & Environmental Planning,Male,School of Architecture,1,6,5,,0,1,0,0,1,0,0.0,0
5204,4.0,2024,Continuing Education,2,Applied Statistics,Male,College and Graduate School of Arts & Sciences,0,3,93,3.4,0,1,1,0,1,1,0.0,0
5205,4.0,2024,Still Looking,0,Engineering - Computer Science,Female,School of Engineering & Applied Science,0,4,107,,0,0,0,1,1,1,0.0,0
5206,4.0,2024,Working,2,Education - Elementary Education,Female,School of Education and Human Development,1,1,0,,0,1,0,0,0,0,0.0,0
5207,4.0,2024,Working,2,Education - Special Education,Female,School of Education and Human Development,1,1,0,,0,1,0,0,0,0,0.0,0
5208,4.0,2024,Continuing Education,0,Religious Studies,Male,College and Graduate School of Arts & Sciences,0,0,0,4.0,0,0,1,0,0,0,0.0,0
5209,4.0,2024,Working,1,Psychology,Female,College and Graduate School of Arts & Sciences,1,0,0,,0,1,0,0,0,0,0.0,0
5210,4.0,2024,Continuing Education,1,Biology,Female,College and Graduate School of Arts & Sciences,0,0,0,,0,1,1,0,0,0,0.0,0
5211,4.0,2024,Working,2,Computer Science - Interdisciplinary,Female,College and Graduate School of Arts & Sciences,1,2,43,3.92,0,1,0,0,1,0,0.0,0
5212,4.0,2024,Working,1,Government,Male,College and Graduate School of Arts & Sciences,1,1,2,,0,1,0,0,0,0,0.0,0
5213,4.0,2024,Working,1,Government,Male,College and Graduate School of Arts & Sciences,1,1,2,3.5,0,1,0,0,0,0,0.0,0
5214,4.0,2024,Working,1,Economics,Male,College and Graduate School of Arts & Sciences,1,0,0,,0,1,0,0,0,0,0.0,0
5215,4.0,2024,Continuing Education,2,Global Studies - Interdisciplinary,Female,College and Graduate School of Arts & Sciences,0,2,7,3.84,0,1,1,0,1,0,0.0,0
5216,4.0,2024,Working,1,Neuroscience - Interdisciplinary,Female,College and Graduate School of Arts & Sciences,1,1,10,,0,1,0,0,0,0,0.0,0
5217,4.0,2024,Still Looking,0,Data Science,Female,School of Data Science,0,3,0,,0,0,0,1,1,0,0.0,0
5218,4.0,2024,Working,2,Engineering - Computer Science,Male,School of Engineering & Applied Science,1,3,43,3.59,0,1,0,0,1,0,0.0,0
5219,4.0,2024,Working,1,Computer Science - Interdisciplinary,Female,College and Graduate School of Arts & Sciences,1,5,74,,0,1,0,0,1,1,2.0,1
5220,4.0,2024,Working,1,Foreign Affairs,Female,College and Graduate School of Arts & Sciences,1,5,32,3.53,0,1,0,0,1,0,0.0,0
5221,4.0,2024,Working,1,Foreign Affairs,Female,College and Graduate School of Arts & Sciences,1,5,32,,0,1,0,0,1,0,0.0,0
5222,4.0,2024,Working,1,Foreign Affairs,Male,College and Graduate School of Arts & Sciences,1,1,68,,0,1,0,0,0,1,0.0,0
5223,4.0,2024,Working,1,Architecture - Landscape Architecture,Female,School of Architecture,1,0,3,,0,1,0,0,0,0,0.0,0
5224,4.0,2024,Working,2,Physics,Male,College and Graduate School of Arts & Sciences,1,3,330,3.7,0,1,0,0,1,1,0.0,0
5225,4.0,2024,Working,2,Physics,Male,College and Graduate School of Arts & Sciences,1,3,330,4.15,0,1,0,0,1,1,0.0,0
5226,4.0,2024,Working,1,Business Administration,Female,Darden Graduate School of Business Administration,1,0,0,,0,1,0,0,0,0,0.0,0
5227,4.0,2024,Not Seeking,1,Architecture,Female,School of Architecture,0,1,3,,0,1,0,0,0,0,0.0,0
5228,4.0,2024,Working,2,Education - Social Studies Education,Female,School of Education and Human Development,1,1,0,,0,1,0,0,0,0,0.0,0
5229,4.0,2024,Working,2,Architecture - Landscape Architecture,Female,School of Architecture,1,1,9,,0,1,0,0,0,0,0.0,0
5230,4.0,2024,Working,0,Biology,Female,College and Graduate School of Arts & Sciences,1,1,31,,0,0,0,0,0,0,1.0,1
5231,4.0,2024,Still Looking,0,Astronomy-Physics,Male,College and Graduate School of Arts & Sciences,0,2,23,3.38,0,0,0,1,1,0,0.0,0
5232,4.0,2024,Working,1,Nursing,Female,School of Nursing,1,0,0,4.0,0,1,0,0,0,0,0.0,0
5233,4.0,2024,Working,3,Architecture,Female,School of Architecture,1,0,0,,0,1,0,0,0,0,0.0,0
5234,4.0,2024,Still Looking,1,Engineering - Biomedical Engineering,Male,School of Engineering & Applied Science,0,1,30,,0,1,0,1,0,0,3.0,1
5235,4.0,2024,Continuing Education,1,Foreign Affairs,Male,College and Graduate School of Arts & Sciences,0,0,80,,1,1,1,0,0,1,0.0,0
5236,4.0,2024,Still Looking,1,Philosophy,Female,College and Graduate School of Arts & Sciences,0,4,26,,0,1,0,1,1,0,0.0,0
5237,4.0,2024,Still Looking,3,History,Female,College and Graduate School of Arts & Sciences,0,2,50,3.93,1,1,0,1,1,1,7.0,1
5238,4.0,2024,Still Looking,1,Biology,Male,College and Graduate School of Arts & Sciences,0,0,9,3.79,0,1,0,1,0,0,0.0,0
5239,4.0,2024,Still Looking,2,Media Studies,Female,College and Graduate School of Arts & Sciences,0,1,0,3.87,0,1,0,1,0,0,0.0,0
5240,4.0,2024,Continuing Education,3,Foreign Affairs,Female,College and Graduate School of Arts & Sciences,0,4,104,3.7,0,1,1,0,1,1,0.0,0
5241,4.0,2024,Still Looking,0,Chemistry,Male,College and Graduate School of Arts & Sciences,0,0,4,,0,0,0,1,0,0,6.0,1
5242,4.0,2024,Working,0,Education - Elementary Education,Female,School of Education and Human Development,1,1,0,,0,0,0,0,0,0,0.0,0
5243,4.0,2024,Still Looking,1,Economics,Female,College and Graduate School of Arts & Sciences,0,1,3,,1,1,0,1,0,0,0.0,0
5244,4.0,2024,Continuing Education,1,Engineering - Biomedical Engineering,Female,School of Engineering & Applied Science,0,0,0,,0,1,1,0,0,0,0.0,0
5245,4.0,2024,Still Looking,0,Applied Statistics,Male,College and Graduate School of Arts & Sciences,0,0,7,,0,0,0,1,0,0,0.0,0
5246,4.0,2024,Continuing Education,3,Education - Kinesiology,Female,School of Education and Human Development,0,8,59,,0,1,1,0,1,1,1.0,1
5247,4.0,2024,Military,0,Global Studies - Interdisciplinary,Female,College and Graduate School of Arts & Sciences,0,0,11,,0,0,0,0,0,0,3.0,1
5248,4.0,2024,Working,0,Education - Curriculum & Instruction,Female,School of Education and Human Development,1,1,0,,0,0,0,0,0,0,0.0,0
5249,4.0,2024,Working,0,Education - Curriculum & Instruction,Female,School of Education and Human Development,1,1,0,3.8,0,0,0,0,0,0,0.0,0
5250,4.0,2024,Working,3,Psychology,Female,College and Graduate School of Arts & Sciences,1,11,34,,1,1,0,0,1,0,0.0,0
5251,4.0,2024,Working,3,Psychology,Female,College and Graduate School of Arts & Sciences,1,11,34,3.95,1,1,0,0,1,0,0.0,0
5252,4.0,2024,Still Looking,0,Global Studies - Interdisciplinary,Male,College and Graduate School of Arts & Sciences,0,1,26,3.56,0,0,0,1,0,0,0.0,0
5253,4.0,2024,Continuing Education,2,American Studies - Interdisciplinary,Female,College and Graduate School of Arts & Sciences,0,0,80,,0,1,1,0,0,1,0.0,0
5254,4.0,2024,Working,2,Sociology,Male,College and Graduate School of Arts & Sciences,1,6,512,3.0,0,1,0,0,1,1,0.0,0
5255,4.0,2024,Working,2,Sociology,Male,College and Graduate School of Arts & Sciences,1,6,512,,0,1,0,0,1,1,0.0,0
5256,4.0,2024,Continuing Education,0,Chemistry,Female,College and Graduate School of Arts & Sciences,0,0,0,3.87,0,0,1,0,0,0,0.0,0
5257,4.0,2024,Working,2,Computer Science - Interdisciplinary,Female,College and Graduate School of Arts & Sciences,1,8,68,,0,1,0,0,1,1,0.0,0
5258,4.0,2024,Working,2,Psychology,Female,College and Graduate School of Arts & Sciences,1,1,562,4.0,0,1,0,0,0,1,1.0,1
5259,4.0,2024,Working,2,Psychology,Female,College and Graduate School of Arts & Sciences,1,1,562,,0,1,0,0,0,1,1.0,1
5260,4.0,2024,Working,0,Environmental Sciences,Female,College and Graduate School of Arts & Sciences,1,4,162,,0,0,0,0,1,1,3.0,1
5261,4.0,2024,Still Looking,2,Media Studies,Female,College and Graduate School of Arts & Sciences,0,1,6,4.83,0,1,0,1,0,0,1.0,1
5262,4.0,2024,Still Looking,2,Media Studies,Female,College and Graduate School of Arts & Sciences,0,1,6,3.81,0,1,0,1,0,0,1.0,1
5263,4.0,2024,Working,2,Law,Female,School of Law,1,0,0,3.97,0,1,0,0,0,0,0.0,0
5264,4.0,2024,Not Seeking,0,American Studies - Interdisciplinary,Female,College and Graduate School of Arts & Sciences,0,0,0,,0,0,0,0,0,0,0.0,0
5265,4.0,2024,Still Looking,1,Cognitive Science - Interdisciplinary,Female,College and Graduate School of Arts & Sciences,0,0,73,,0,1,0,1,0,1,0.0,0
5266,4.0,2024,Working,0,Music,Male,College and Graduate School of Arts & Sciences,1,0,1,,0,0,0,0,0,0,0.0,0
5267,4.0,2024,Still Looking,1,Cognitive Science - Interdisciplinary,Male,College and Graduate School of Arts & Sciences,0,0,2,,0,1,0,1,0,0,0.0,0
5268,4.0,2024,Working,1,Computer Science - Interdisciplinary,Male,College and Graduate School of Arts & Sciences,1,0,10,,0,1,0,0,0,0,0.0,0
5269,4.0,2024,Still Looking,3,Education - Speech Communication Disorders,Female,School of Education and Human Development,0,1,50,,0,1,0,1,0,1,3.0,1
5270,4.0,2024,Working,0,Chemistry,Female,College and Graduate School of Arts & Sciences,1,0,0,,0,0,0,0,0,0,0.0,0
5271,4.0,2024,Working,1,Neuroscience - Interdisciplinary,Male,College and Graduate School of Arts & Sciences,1,0,23,,0,1,0,0,0,0,7.0,1
5272,4.0,2024,Working,3,Engineering - Mechanical Engineering,Male,School of Engineering & Applied Science,1,3,76,,1,1,0,0,1,1,0.0,0
5273,4.0,2024,Continuing Education,1,Linguistics,Male,College and Graduate School of Arts & Sciences,0,0,0,,0,1,1,0,0,0,0.0,0
5274,4.0,2024,Working,1,Nursing,Female,School of Nursing,1,1,3,,0,1,0,0,0,0,0.0,0
5275,4.0,2024,Working,1,Engineering - Computer Science,Male,School of Engineering & Applied Science,1,4,6,3.8,0,1,0,0,1,0,0.0,0
5276,4.0,2024,Continuing Education,1,Government,Female,College and Graduate School of Arts & Sciences,0,0,138,0.0,0,1,1,0,0,1,0.0,0
5277,4.0,2024,Still Looking,2,Economics,Male,College and Graduate School of Arts & Sciences,0,7,546,3.8,0,1,0,1,1,1,4.0,1
5278,4.0,2024,Working,2,Psychology,Male,College and Graduate School of Arts & Sciences,1,3,90,,0,1,0,0,1,1,0.0,0
5279,4.0,2024,Still Looking,0,Engineering - Computer Science,Male,School of Engineering & Applied Science,0,0,12,3.95,0,0,0,1,0,0,0.0,0
5280,4.0,2024,Still Looking,0,Political Philosophy Policy & Law - Interdisciplinary,Male,College and Graduate School of Arts & Sciences,0,1,20,,0,0,0,1,0,0,0.0,0
5281,4.0,2024,Still Looking,1,Engineering - Computer Science,Male,School of Engineering & Applied Science,0,3,56,3.52,0,1,0,1,1,1,0.0,0
5282,4.0,2024,Working,2,Engineering - Computer Engineering,Male,School of Engineering & Applied Science,1,1,132,,0,1,0,0,0,1,0.0,0
5283,4.0,2024,Working,2,Education - Kinesiology,Female,School of Education and Human Development,1,0,0,3.8,0,1,0,0,0,0,0.0,0
5284,4.0,2024,Continuing Education,2,Global Studies - Interdisciplinary,Female,College and Graduate School of Arts & Sciences,0,0,111,,0,1,1,0,0,1,0.0,0
5285,4.0,2024,Continuing Education,2,Global Studies - Interdisciplinary,Female,College and Graduate School of Arts & Sciences,0,0,111,3.66,0,1,1,0,0,1,0.0,0
5286,4.0,2024,Continuing Education,2,Global Studies - Interdisciplinary,Female,College and Graduate School of Arts & Sciences,0,0,111,3.7,0,1,1,0,0,1,0.0,0
5287,4.0,2024,Continuing Education,2,Global Studies - Interdisciplinary,Female,College and Graduate School of Arts & Sciences,0,0,111,4.21,0,1,1,0,0,1,0.0,0
5288,4.0,2024,Working,2,Computer Science - Interdisciplinary,Female,College and Graduate School of Arts & Sciences,1,2,24,3.94,0,1,0,0,1,0,0.0,0
5289,4.0,2024,Working,0,Data Science,Male,School of Data Science,1,0,0,4.0,0,0,0,0,0,0,0.0,0
5290,4.0,2024,Working,0,Interdisciplinary (SCPS-BIS),Female,School of Continuing and Professional Studies,1,0,4,,0,0,0,0,0,0,0.0,0
5291,4.0,2024,Still Looking,0,Psychology,Female,College and Graduate School of Arts & Sciences,0,0,32,,0,0,0,1,0,0,0.0,0
5292,4.0,2024,Continuing Education,0,Human Biology - Interdisciplinary,Female,College and Graduate School of Arts & Sciences,0,0,22,,0,0,1,0,0,0,0.0,0
5293,4.0,2024,Continuing Education,0,Human Biology - Interdisciplinary,Female,College and Graduate School of Arts & Sciences,0,0,22,3.67,0,0,1,0,0,0,0.0,0
5294,4.0,2024,Working,0,Chemistry,Female,College and Graduate School of Arts & Sciences,1,1,23,4.2,0,0,0,0,0,0,1.0,1
5295,4.0,2024,Working,0,Chemistry,Female,College and Graduate School of Arts & Sciences,1,1,23,3.9,0,0,0,0,0,0,1.0,1
5296,4.0,2024,Working,0,Chemistry,Female,College and Graduate School of Arts & Sciences,1,1,23,4.0,0,0,0,0,0,0,1.0,1
5297,4.0,2024,Still Looking,0,Biology,Female,College and Graduate School of Arts & Sciences,0,0,0,,0,0,0,1,0,0,1.0,1
5298,4.0,2024,Continuing Education,2,Education - Youth & Social Innovation,Female,School of Education and Human Development,0,0,0,,0,1,1,0,0,0,0.0,0
5299,4.0,2024,Still Looking,1,Psychology,Female,College and Graduate School of Arts & Sciences,0,1,54,3.6,1,1,0,1,0,1,1.0,1
5300,4.0,2024,Continuing Education,1,History,Male,College and Graduate School of Arts & Sciences,0,0,0,3.82,0,1,1,0,0,0,0.0,0
5301,4.0,2024,Working,1,Education - Youth & Social Innovation,Female,School of Education and Human Development,1,6,3,,0,1,0,0,1,0,0.0,0
5302,4.0,2024,Working,1,Education - Youth & Social Innovation,Female,School of Education and Human Development,1,6,3,3.45,0,1,0,0,1,0,0.0,0
5303,4.0,2024,Working,1,Education - Youth & Social Innovation,Female,School of Education and Human Development,1,6,3,4.35,0,1,0,0,1,0,0.0,0
5304,4.0,2024,Working,2,Education - Youth & Social Innovation,Female,School of Education and Human Development,1,1,34,,0,1,0,0,0,0,0.0,0
5305,4.0,2024,Working,0,Engineering - Chemical Engineering,Male,School of Engineering & Applied Science,1,9,190,,0,0,0,0,1,1,0.0,0
5306,4.0,2024,Continuing Education,2,Cognitive Science - Interdisciplinary,Female,College and Graduate School of Arts & Sciences,0,0,42,3.28,0,1,1,0,0,0,0.0,0
5307,4.0,2024,Continuing Education,2,Cognitive Science - Interdisciplinary,Female,College and Graduate School of Arts & Sciences,0,0,42,4.5,0,1,1,0,0,0,0.0,0
5308,4.0,2024,Working,1,Economics,Male,College and Graduate School of Arts & Sciences,1,4,11,4.0,0,1,0,0,1,0,0.0,0
5309,4.0,2024,Working,1,Economics,Male,College and Graduate School of Arts & Sciences,1,4,11,3.97,0,1,0,0,1,0,0.0,0
5310,4.0,2024,Not Seeking,1,Sociology,Female,College and Graduate School of Arts & Sciences,0,0,0,,0,1,0,0,0,0,0.0,0
5311,4.0,2024,Working,2,Cognitive Science - Interdisciplinary,Female,College and Graduate School of Arts & Sciences,1,1,77,3.44,0,1,0,0,0,1,0.0,0
5312,4.0,2024,Continuing Education,0,Psychology,Female,College and Graduate School of Arts & Sciences,0,0,1,3.5,0,0,1,0,0,0,0.0,0
5313,4.0,2024,Still Looking,0,Psychology,Male,College and Graduate School of Arts & Sciences,0,2,183,3.9,0,0,0,1,1,1,0.0,0
5314,4.0,2024,Working,3,Engineering - Computer Science,Male,School of Engineering & Applied Science,1,2,2,,0,1,0,0,1,0,0.0,0
5315,4.0,2024,Working,2,Engineering - Computer Science,Male,School of Engineering & Applied Science,1,1,105,3.99,0,1,0,0,0,1,1.0,1
5316,4.0,2024,Working,2,Engineering - Computer Science,Male,School of Engineering & Applied Science,1,1,105,4.0,0,1,0,0,0,1,1.0,1
5317,4.0,2024,Fellowship,2,Astronomy-Physics,Female,College and Graduate School of Arts & Sciences,0,1,0,,0,1,0,0,0,0,0.0,0
5318,4.0,2024,Working,3,History,Male,College and Graduate School of Arts & Sciences,1,1,0,,0,1,0,0,0,0,0.0,0
5319,4.0,2024,Working,0,Interdisciplinary (SCPS-BIS),Female,School of Continuing and Professional Studies,1,0,0,3.95,0,0,0,0,0,0,0.0,0
5320,4.0,2024,Working,2,Engineering - Computer Science,Female,School of Engineering & Applied Science,1,5,9,3.93,0,1,0,0,1,0,0.0,0
5321,4.0,2024,Working,2,Engineering - Computer Science,Female,School of Engineering & Applied Science,1,5,9,4.57,0,1,0,0,1,0,0.0,0
5322,4.0,2024,Still Looking,1,Cognitive Science - Interdisciplinary,Male,College and Graduate School of Arts & Sciences,0,5,20,3.0,0,1,0,1,1,0,0.0,0
5323,4.0,2024,Working,2,Neuroscience - Interdisciplinary,Male,College and Graduate School of Arts & Sciences,1,2,16,,0,1,0,0,1,0,1.0,1
5324,4.0,2024,Working,1,Global Studies - Interdisciplinary,Female,College and Graduate School of Arts & Sciences,1,0,11,,0,1,0,0,0,0,0.0,0
5325,4.0,2024,Working,1,Chemistry,Female,College and Graduate School of Arts & Sciences,1,4,194,,0,1,0,0,1,1,0.0,0
5326,4.0,2024,Still Looking,1,Engineering - Computer Science,Male,School of Engineering & Applied Science,0,12,340,,0,1,0,1,1,1,0.0,0
5327,4.0,2024,Still Looking,0,Engineering - Biomedical Engineering,Male,School of Engineering & Applied Science,0,0,0,,0,0,0,1,0,0,0.0,0
5328,4.0,2024,Continuing Education,1,Engineering - Aerospace Engineering,Male,School of Engineering & Applied Science,0,3,8,3.8,0,1,1,0,1,0,0.0,0
5329,4.0,2024,Continuing Education,1,Engineering - Aerospace Engineering,Male,School of Engineering & Applied Science,0,3,8,,0,1,1,0,1,0,0.0,0
5330,4.0,2024,Continuing Education,1,Engineering - Aerospace Engineering,Male,School of Engineering & Applied Science,0,3,8,3.4,0,1,1,0,1,0,0.0,0
5331,4.0,2024,Still Looking,0,Applied Statistics,Female,College and Graduate School of Arts & Sciences,0,1,14,,0,0,0,1,0,0,1.0,1
5332,4.0,2024,Working,1,Economics,Female,College and Graduate School of Arts & Sciences,1,4,66,,0,1,0,0,1,1,0.0,0
5333,4.0,2024,Working,1,Economics,Female,College and Graduate School of Arts & Sciences,1,4,66,3.9,0,1,0,0,1,1,0.0,0
5334,4.0,2024,Still Looking,2,Engineering - Biomedical Engineering,Female,School of Engineering & Applied Science,0,4,35,,0,1,0,1,1,0,0.0,0
5335,4.0,2024,Working,2,American Studies - Interdisciplinary,Female,College and Graduate School of Arts & Sciences,1,3,167,3.5,0,1,0,0,1,1,7.0,1
5336,4.0,2024,Working,2,American Studies - Interdisciplinary,Female,College and Graduate School of Arts & Sciences,1,3,167,,0,1,0,0,1,1,7.0,1
5337,4.0,2024,Working,0,Education - Special Education,Female,School of Education and Human Development,1,1,1,,0,0,0,0,0,0,0.0,0
5338,4.0,2024,Working,1,History,Male,College and Graduate School of Arts & Sciences,1,0,5,,0,1,0,0,0,0,0.0,0
5339,4.0,2024,Working,2,Global Studies - Interdisciplinary,Female,College and Graduate School of Arts & Sciences,1,1,27,,0,1,0,0,0,0,1.0,1
5340,4.0,2024,Still Looking,2,Architecture,Male,School of Architecture,0,0,18,,0,1,0,1,0,0,0.0,0
5341,4.0,2024,Working,2,Music,Female,College and Graduate School of Arts & Sciences,1,1,42,,0,1,0,0,0,0,6.0,1
5342,4.0,2024,Working,1,Computer Science - Interdisciplinary,Male,College and Graduate School of Arts & Sciences,1,1,123,3.48,0,1,0,0,0,1,0.0,0
5343,4.0,2024,Working,2,Political Philosophy Policy & Law - Interdisciplinary,Female,College and Graduate School of Arts & Sciences,1,1,28,3.9,0,1,0,0,0,0,3.0,1
5344,4.0,2024,Still Looking,1,Education - Athletic Training,Female,School of Education and Human Development,0,0,0,,0,1,0,1,0,0,0.0,0
5345,4.0,2024,Working,3,Engineering - Electrical Engineering,Male,School of Engineering & Applied Science,1,3,9,3.86,0,1,0,0,1,0,0.0,0
5346,4.0,2024,Working,3,Engineering - Electrical Engineering,Male,School of Engineering & Applied Science,1,3,9,,0,1,0,0,1,0,0.0,0
5347,4.0,2024,Working,3,Engineering - Electrical Engineering,Male,School of Engineering & Applied Science,1,3,9,4.55,0,1,0,0,1,0,0.0,0
5348,4.0,2024,Continuing Education,3,Biology,Female,College and Graduate School of Arts & Sciences,0,4,30,,0,1,1,0,1,0,0.0,0
5349,4.0,2024,Continuing Education,3,Biology,Female,College and Graduate School of Arts & Sciences,0,4,30,4.58,0,1,1,0,1,0,0.0,0
5350,4.0,2024,Working,1,Nursing,Female,School of Nursing,1,0,3,,0,1,0,0,0,0,0.0,0
5351,4.0,2024,Working,2,Computer Science - Interdisciplinary,Male,College and Graduate School of Arts & Sciences,1,4,70,,1,1,0,0,1,1,0.0,0
5352,4.0,2024,Working,1,Engineering - Biomedical Engineering,Female,School of Engineering & Applied Science,1,5,42,,0,1,0,0,1,0,0.0,0
5353,4.0,2024,Working,1,Engineering - Biomedical Engineering,Female,School of Engineering & Applied Science,1,5,42,3.9,0,1,0,0,1,0,0.0,0
5354,4.0,2024,Working,1,Computer Science - Interdisciplinary,Male,College and Graduate School of Arts & Sciences,1,0,142,3.5,0,1,0,0,0,1,0.0,0
5355,4.0,2024,Working,1,Computer Science - Interdisciplinary,Male,College and Graduate School of Arts & Sciences,1,0,142,,0,1,0,0,0,1,0.0,0
5356,4.0,2024,Working,3,Economics,Male,College and Graduate School of Arts & Sciences,1,0,261,,0,1,0,0,0,1,0.0,0
5357,4.0,2024,Still Looking,0,Engineering - Mechanical Engineering,Male,School of Engineering & Applied Science,0,9,1142,3.52,0,0,0,1,1,1,0.0,0
5358,4.0,2024,Working,3,Computer Science - Interdisciplinary,Male,College and Graduate School of Arts & Sciences,1,11,164,3.79,0,1,0,0,1,1,1.0,1
5359,4.0,2024,Working,3,Computer Science - Interdisciplinary,Male,College and Graduate School of Arts & Sciences,1,11,164,4.0,0,1,0,0,1,1,1.0,1
5360,4.0,2024,Working,0,Biology,Female,College and Graduate School of Arts & Sciences,1,0,1,3.97,0,0,0,0,0,0,0.0,0
5361,4.0,2024,Working,1,Economics,Male,College and Graduate School of Arts & Sciences,1,1,144,3.93,0,1,0,0,0,1,0.0,0
5362,4.0,2024,Working,2,Computer Science - Interdisciplinary,Female,College and Graduate School of Arts & Sciences,1,1,114,3.73,0,1,0,0,0,1,1.0,1
5363,4.0,2024,Working,2,Biology,Female,College and Graduate School of Arts & Sciences,1,0,0,,0,1,0,0,0,0,0.0,0
5364,4.0,2024,Working,1,Engineering - Computer Science,Male,School of Engineering & Applied Science,1,1,10,,0,1,0,0,0,0,0.0,0
5365,4.0,2024,Working,1,Computer Science - Interdisciplinary,Male,College and Graduate School of Arts & Sciences,1,2,330,,0,1,0,0,1,1,0.0,0
5366,4.0,2024,Working,3,Architecture,Female,School of Architecture,1,1,7,,0,1,0,0,0,0,2.0,1
5367,4.0,2024,Military,0,Biology,Female,College and Graduate School of Arts & Sciences,0,0,0,,0,0,0,0,0,0,0.0,0
5368,4.0,2024,Working,2,Business Administration,Male,Darden Graduate School of Business Administration,1,0,0,,0,1,0,0,0,0,0.0,0
5369,4.0,2024,Working,0,Computer Science - Interdisciplinary,Male,College and Graduate School of Arts & Sciences,1,2,44,,0,0,0,0,1,0,0.0,0
5370,4.0,2024,Working,0,Computer Science - Interdisciplinary,Male,College and Graduate School of Arts & Sciences,1,2,44,3.82,0,0,0,0,1,0,0.0,0
5371,4.0,2024,Working,2,Engineering - Computer Science,Male,School of Engineering & Applied Science,1,2,62,3.48,0,1,0,0,1,1,0.0,0
5372,4.0,2024,Still Looking,3,Education - Youth & Social Innovation,Female,School of Education and Human Development,0,4,274,3.71,0,1,0,1,1,1,0.0,0
5373,4.0,2024,Working,0,Nursing,Female,School of Nursing,1,0,0,,0,0,0,0,0,0,0.0,0
5374,4.0,2024,Working,3,Environmental Sciences,Female,College and Graduate School of Arts & Sciences,1,10,122,,0,1,0,0,1,1,0.0,0
5375,4.0,2024,Continuing Education,3,Engineering - Aerospace Engineering,Male,School of Engineering & Applied Science,0,3,24,,0,1,1,0,1,0,2.0,1
5376,4.0,2024,Working,0,Education - Elementary Education,Female,School of Education and Human Development,1,1,0,,0,0,0,0,0,0,0.0,0
5377,4.0,2024,Working,1,Computer Science - Interdisciplinary,Male,College and Graduate School of Arts & Sciences,1,1,0,,0,1,0,0,0,0,1.0,1
5378,4.0,2024,Military,0,Foreign Affairs,Male,College and Graduate School of Arts & Sciences,0,1,88,4.0,0,0,0,0,0,1,0.0,0
5379,4.0,2024,Working,1,Engineering - Electrical Engineering,Male,School of Engineering & Applied Science,1,0,0,4.0,0,1,0,0,0,0,0.0,0
5380,4.0,2024,Working,1,Engineering - Electrical Engineering,Male,School of Engineering & Applied Science,1,0,0,3.39,0,1,0,0,0,0,0.0,0
5381,4.0,2024,Working,1,Engineering - Mechanical Engineering,Male,School of Engineering & Applied Science,1,4,1,3.92,0,1,0,0,1,0,0.0,0
5382,4.0,2024,Continuing Education,2,Engineering - Civil Engineering,Male,School of Engineering & Applied Science,0,2,18,3.93,0,1,1,0,1,0,0.0,0
5383,4.0,2024,Continuing Education,0,History,Female,College and Graduate School of Arts & Sciences,0,0,10,,0,0,1,0,0,0,0.0,0
5384,4.0,2024,Still Looking,0,Cognitive Science - Interdisciplinary,Male,College and Graduate School of Arts & Sciences,0,2,12,,0,0,0,1,1,0,0.0,0
5385,4.0,2024,Working,1,Public Health,Female,School of Medicine,1,0,0,4.0,1,1,0,0,0,0,3.0,1
5386,4.0,2024,Working,1,Public Health,Female,School of Medicine,1,0,0,,1,1,0,0,0,0,3.0,1
5387,4.0,2024,Working,1,Public Health,Female,School of Medicine,1,0,0,3.2,1,1,0,0,0,0,3.0,1
5388,4.0,2024,Still Looking,2,Economics,Male,College and Graduate School of Arts & Sciences,0,2,42,3.2,0,1,0,1,1,0,1.0,1
5389,4.0,2024,Still Looking,0,Chemistry,Male,College and Graduate School of Arts & Sciences,0,1,47,,0,0,0,1,0,0,1.0,1
5390,4.0,2024,Working,0,Physics,Male,College and Graduate School of Arts & Sciences,1,0,7,,0,0,0,0,0,0,0.0,0
5391,4.0,2024,Working,3,Engineering - Aerospace Engineering,Female,School of Engineering & Applied Science,1,5,15,3.8,0,1,0,0,1,0,2.0,1
5392,4.0,2024,Working,3,Engineering - Aerospace Engineering,Female,School of Engineering & Applied Science,1,5,15,4.04,0,1,0,0,1,0,2.0,1
5393,4.0,2024,Working,3,History,Male,College and Graduate School of Arts & Sciences,1,1,14,,0,1,0,0,0,0,0.0,0
5394,4.0,2024,Still Looking,2,Nursing,Female,School of Nursing,0,0,0,,0,1,0,1,0,0,0.0,0
5395,4.0,2024,Working,2,Economics,Female,College and Graduate School of Arts & Sciences,1,3,59,3.95,0,1,0,0,1,1,0.0,0
5396,4.0,2024,Working,2,Economics,Female,College and Graduate School of Arts & Sciences,1,3,59,3.6,0,1,0,0,1,1,0.0,0
5397,4.0,2024,Working,2,Economics,Female,College and Graduate School of Arts & Sciences,1,3,59,3.8,0,1,0,0,1,1,0.0,0
5398,4.0,2024,Continuing Education,2,Chemistry,Female,College and Graduate School of Arts & Sciences,0,0,0,,0,1,1,0,0,0,0.0,0
5399,4.0,2024,Working,0,Economics,Male,College and Graduate School of Arts & Sciences,1,0,0,,0,0,0,0,0,0,0.0,0
5400,4.0,2024,Still Looking,1,Psychology,Male,College and Graduate School of Arts & Sciences,0,1,38,3.74,0,1,0,1,0,0,1.0,1
5401,4.0,2024,Continuing Education,3,History,Female,College and Graduate School of Arts & Sciences,0,0,21,,0,1,1,0,0,0,1.0,1
5402,4.0,2024,Working,2,Economics,Female,College and Graduate School of Arts & Sciences,1,2,14,3.85,0,1,0,0,1,0,0.0,0
5403,4.0,2024,Working,1,Architecture - Landscape Architecture,Female,School of Architecture,1,1,22,3.26,0,1,0,0,0,0,0.0,0
5404,4.0,2024,Working,1,Architecture - Landscape Architecture,Female,School of Architecture,1,1,22,3.31,0,1,0,0,0,0,0.0,0
5405,4.0,2024,Still Looking,0,Biology,Female,College and Graduate School of Arts & Sciences,0,3,77,,0,0,0,1,1,1,0.0,0
5406,4.0,2024,Continuing Education,1,Environmental Thought & Practice - Interdisciplinary,Male,College and Graduate School of Arts & Sciences,0,0,0,3.55,0,1,1,0,0,0,0.0,0
5407,4.0,2024,Continuing Education,2,History,Female,College and Graduate School of Arts & Sciences,0,0,10,,0,1,1,0,0,0,1.0,1
5408,4.0,2024,Still Looking,1,Government,Male,College and Graduate School of Arts & Sciences,0,0,5,,0,1,0,1,0,0,0.0,0
5409,4.0,2024,Working,2,Architecture,Female,School of Architecture,1,1,3,3.84,0,1,0,0,0,0,5.0,1
5410,4.0,2024,Continuing Education,2,Government,Male,College and Graduate School of Arts & Sciences,0,1,0,,0,1,1,0,0,0,0.0,0
5411,4.0,2024,Working,2,Education - Counselor Education,Female,School of Education and Human Development,1,1,0,,0,1,0,0,0,0,0.0,0
5412,4.0,2024,Working,2,Education - Counselor Education,Female,School of Education and Human Development,1,0,0,,0,1,0,0,0,0,0.0,0
5413,4.0,2024,Working,2,Economics,Female,College and Graduate School of Arts & Sciences,1,6,320,3.8,0,1,0,0,1,1,6.0,1
5414,4.0,2024,Working,2,Religious Studies,Male,College and Graduate School of Arts & Sciences,1,1,15,3.72,0,1,0,0,0,0,0.0,0
5415,4.0,2024,Still Looking,0,Chemistry,Male,College and Graduate School of Arts & Sciences,0,3,21,,0,0,0,1,1,0,3.0,1
5416,4.0,2024,Still Looking,3,Media Studies,Female,College and Graduate School of Arts & Sciences,0,5,32,4.26,0,1,0,1,1,0,0.0,0
5417,4.0,2024,Still Looking,3,Media Studies,Female,College and Graduate School of Arts & Sciences,0,5,32,3.87,0,1,0,1,1,0,0.0,0
5418,4.0,2024,Continuing Education,2,Media Studies,Female,College and Graduate School of Arts & Sciences,0,2,26,,0,1,1,0,1,0,0.0,0
5419,4.0,2024,Continuing Education,2,Chemistry,Female,College and Graduate School of Arts & Sciences,0,1,17,3.66,0,1,1,0,0,0,0.0,0
5420,4.0,2024,Working,2,Engineering - Systems Engineering,Female,School of Engineering & Applied Science,1,8,60,4.0,0,1,0,0,1,1,6.0,1
5421,4.0,2024,Working,2,Engineering - Systems Engineering,Female,School of Engineering & Applied Science,1,8,60,4.46,0,1,0,0,1,1,6.0,1
5422,4.0,2024,Continuing Education,3,Government,Female,College and Graduate School of Arts & Sciences,0,0,0,,0,1,1,0,0,0,0.0,0
5423,4.0,2024,Still Looking,2,Architecture,Male,School of Architecture,0,0,1,,0,1,0,1,0,0,1.0,1
5424,4.0,2024,Continuing Education,2,Psychology,Female,College and Graduate School of Arts & Sciences,0,5,245,0.0,1,1,1,0,1,1,0.0,0
5425,4.0,2024,Continuing Education,2,Psychology,Female,College and Graduate School of Arts & Sciences,0,5,245,,1,1,1,0,1,1,0.0,0
5426,4.0,2024,Fellowship,1,Education - Athletic Training,Female,School of Education and Human Development,0,0,0,3.65,0,1,0,0,0,0,0.0,0
5427,4.0,2024,Still Looking,1,Environmental Sciences,Female,College and Graduate School of Arts & Sciences,0,0,0,,0,1,0,1,0,0,0.0,0
5428,4.0,2024,Still Looking,2,Applied Statistics,Male,College and Graduate School of Arts & Sciences,0,3,108,3.33,0,1,0,1,1,1,0.0,0
5429,4.0,2024,Not Seeking,0,Education - Kinesiology,Male,School of Education and Human Development,0,0,0,,0,0,0,0,0,0,6.0,1
5430,4.0,2024,Still Looking,3,Environmental Sciences,Male,College and Graduate School of Arts & Sciences,0,0,0,,0,1,0,1,0,0,0.0,0
5431,4.0,2024,Working,3,Chemistry,Female,College and Graduate School of Arts & Sciences,1,1,62,,0,1,0,0,0,1,0.0,0
5432,4.0,2024,Working,3,Chemistry,Female,College and Graduate School of Arts & Sciences,1,1,62,3.78,0,1,0,0,0,1,0.0,0
5433,4.0,2024,Working,1,Business Administration,Male,Darden Graduate School of Business Administration,1,2,0,,0,1,0,0,1,0,0.0,0
5434,4.0,2024,Working,1,Environmental Sciences,Male,College and Graduate School of Arts & Sciences,1,2,60,4.58,0,1,0,0,1,1,0.0,0
5435,4.0,2024,Working,1,Environmental Sciences,Male,College and Graduate School of Arts & Sciences,1,2,60,3.96,0,1,0,0,1,1,0.0,0
5436,4.0,2024,Working,0,Data Science,Female,School of Data Science,1,2,36,3.95,0,0,0,0,1,0,0.0,0
5437,4.0,2024,Working,0,Data Science,Female,School of Data Science,1,2,36,4.0,0,0,0,0,1,0,0.0,0
5438,4.0,2024,Working,0,Nursing,Male,School of Nursing,1,0,0,4.0,0,0,0,0,0,0,0.0,0
5439,4.0,2024,Working,1,Psychology,Female,College and Graduate School of Arts & Sciences,1,0,0,3.5,0,1,0,0,0,0,1.0,1
5440,4.0,2024,Working,1,Engineering - Mechanical Engineering,Female,School of Engineering & Applied Science,1,2,199,3.2,0,1,0,0,1,1,2.0,1
5441,4.0,2024,Working,2,Biology,Male,College and Graduate School of Arts & Sciences,1,0,0,3.67,0,1,0,0,0,0,0.0,0
5442,4.0,2024,Working,0,Mathematics,Male,College and Graduate School of Arts & Sciences,1,0,0,4.0,0,0,0,0,0,0,0.0,0
5443,4.0,2024,Still Looking,2,Engineering - Civil Engineering,Male,School of Engineering & Applied Science,0,6,7,4.0,0,1,0,1,1,0,0.0,0
5444,4.0,2024,Still Looking,2,Engineering - Civil Engineering,Male,School of Engineering & Applied Science,0,6,7,3.8,0,1,0,1,1,0,0.0,0
5445,4.0,2024,Still Looking,2,Engineering - Civil Engineering,Male,School of Engineering & Applied Science,0,6,7,3.9,0,1,0,1,1,0,0.0,0
5446,4.0,2024,Working,0,Cognitive Science - Interdisciplinary,Female,College and Graduate School of Arts & Sciences,1,2,4,,0,0,0,0,1,0,0.0,0
5447,4.0,2024,Working,2,Law,Female,School of Law,1,0,0,,0,1,0,0,0,0,0.0,0
5448,4.0,2024,Working,2,Engineering - Systems Engineering,Male,School of Engineering & Applied Science,1,5,65,,0,1,0,0,1,1,0.0,0
5449,4.0,2024,Working,2,Engineering - Systems Engineering,Male,School of Engineering & Applied Science,1,5,65,3.2,0,1,0,0,1,1,0.0,0
5450,4.0,2024,Continuing Education,1,Media Studies,Female,College and Graduate School of Arts & Sciences,0,0,72,,0,1,1,0,0,1,0.0,0
5451,4.0,2024,Still Looking,2,Media Studies,Female,College and Graduate School of Arts & Sciences,0,2,47,3.7,1,1,0,1,1,0,1.0,1
5452,4.0,2024,Working,2,Engineering - Computer Science,Male,School of Engineering & Applied Science,1,6,214,3.8,0,1,0,0,1,1,0.0,0
5453,4.0,2024,Working,2,Engineering - Computer Science,Male,School of Engineering & Applied Science,1,6,214,4.0,0,1,0,0,1,1,0.0,0
5454,4.0,2024,Continuing Education,0,Physics,Male,College and Graduate School of Arts & Sciences,0,2,3,3.5,0,0,1,0,1,0,0.0,0
5455,4.0,2024,Working,1,Applied Statistics,Female,College and Graduate School of Arts & Sciences,1,2,35,3.67,0,1,0,0,1,0,0.0,0
5456,4.0,2024,Still Looking,2,Architecture,Female,School of Architecture,0,0,0,,0,1,0,1,0,0,0.0,0
5457,4.0,2024,Working,2,Economics,Female,College and Graduate School of Arts & Sciences,1,1,140,,0,1,0,0,0,1,1.0,1
5458,4.0,2024,Fellowship,2,Education - Athletic Training,Female,School of Education and Human Development,0,0,1,3.94,0,1,0,0,0,0,0.0,0
5459,4.0,2024,Working,1,Computer Science - Interdisciplinary,Male,College and Graduate School of Arts & Sciences,1,3,34,3.85,0,1,0,0,1,0,0.0,0
5460,4.0,2024,Working,3,Architecture,Female,School of Architecture,1,1,29,,0,1,0,0,0,0,2.0,1
5461,4.0,2024,Working,3,Cognitive Science - Interdisciplinary,Female,College and Graduate School of Arts & Sciences,1,0,13,,0,1,0,0,0,0,6.0,1
5462,4.0,2024,Still Looking,1,Global Studies - Interdisciplinary,Female,College and Graduate School of Arts & Sciences,0,2,4,4.45,0,1,0,1,1,0,0.0,0
5463,4.0,2024,Still Looking,1,Global Studies - Interdisciplinary,Female,College and Graduate School of Arts & Sciences,0,2,4,3.96,0,1,0,1,1,0,0.0,0
5464,4.0,2024,Military,0,Data Science,Male,School of Data Science,0,0,0,,0,0,0,0,0,0,0.0,0
5465,4.0,2024,Working,3,Computer Science - Interdisciplinary,Male,College and Graduate School of Arts & Sciences,1,3,1396,,1,1,0,0,1,1,0.0,0
5466,4.0,2024,Still Looking,1,English,Female,College and Graduate School of Arts & Sciences,0,1,4,,0,1,0,1,0,0,0.0,0
5467,4.0,2024,Working,1,Education - Kinesiology,Female,School of Education and Human Development,1,0,0,,0,1,0,0,0,0,0.0,0
5468,4.0,2024,Continuing Education,0,Biology,Female,College and Graduate School of Arts & Sciences,0,0,1,,0,0,1,0,0,0,0.0,0
5469,4.0,2024,Still Looking,1,Architecture - Urban & Environmental Planning,Female,School of Architecture,0,0,26,,0,1,0,1,0,0,0.0,0
5470,4.0,2024,Working,3,Economics,Male,College and Graduate School of Arts & Sciences,1,1,72,,0,1,0,0,0,1,5.0,1
5471,4.0,2024,Working,3,Economics,Male,College and Graduate School of Arts & Sciences,1,1,72,3.72,0,1,0,0,0,1,5.0,1
5472,4.0,2024,Working,3,Economics,Male,College and Graduate School of Arts & Sciences,1,1,72,4.45,0,1,0,0,0,1,5.0,1
5473,4.0,2024,Working,2,Psychology,Female,College and Graduate School of Arts & Sciences,1,3,28,4.42,0,1,0,0,1,0,7.0,1
5474,4.0,2024,Working,2,Psychology,Female,College and Graduate School of Arts & Sciences,1,3,28,4.0,0,1,0,0,1,0,7.0,1
5475,4.0,2024,Continuing Education,0,Education - Kinesiology,Female,School of Education and Human Development,0,0,4,,0,0,1,0,0,0,0.0,0
5476,4.0,2024,Working,1,Cognitive Science - Interdisciplinary,Female,College and Graduate School of Arts & Sciences,1,6,30,,0,1,0,0,1,0,0.0,0
5477,4.0,2024,Still Looking,0,Biology,Male,College and Graduate School of Arts & Sciences,0,2,0,,0,0,0,1,1,0,0.0,0
5478,4.0,2024,Working,3,Foreign Affairs,Female,College and Graduate School of Arts & Sciences,1,5,171,3.6,1,1,0,0,1,1,19.0,1
5479,4.0,2024,Continuing Education,2,Biology,Female,College and Graduate School of Arts & Sciences,0,0,4,,0,1,1,0,0,0,0.0,0
5480,4.0,2024,Working,2,Education - Elementary Education,Female,School of Education and Human Development,1,1,0,3.96,0,1,0,0,0,0,0.0,0
5481,4.0,2024,Continuing Education,1,Architecture - Urban & Environmental Planning,Female,School of Architecture,0,3,100,3.86,0,1,1,0,1,1,0.0,0
5482,4.0,2024,Working,2,Computer Science - Interdisciplinary,Female,College and Graduate School of Arts & Sciences,1,9,136,,0,1,0,0,1,1,0.0,0
5483,4.0,2024,Working,2,Computer Science - Interdisciplinary,Female,College and Graduate School of Arts & Sciences,1,9,136,3.6,0,1,0,0,1,1,0.0,0
5484,4.0,2024,Still Looking,3,Economics,Male,College and Graduate School of Arts & Sciences,0,8,192,3.8,0,1,0,1,1,1,4.0,1
5485,4.0,2024,Working,2,Engineering - Mechanical Engineering,Female,School of Engineering & Applied Science,1,6,144,,0,1,0,0,1,1,0.0,0
5486,4.0,2024,Continuing Education,3,Architecture,Female,School of Architecture,0,0,7,4.0,0,1,1,0,0,0,0.0,0
5487,4.0,2024,Continuing Education,3,Architecture,Female,School of Architecture,0,0,7,3.8,0,1,1,0,0,0,0.0,0
5488,4.0,2024,Continuing Education,1,Computer Science - Interdisciplinary,Female,College and Graduate School of Arts & Sciences,0,0,140,,0,1,1,0,0,1,0.0,0
5489,4.0,2024,Working,3,Engineering - Mechanical Engineering,Female,School of Engineering & Applied Science,1,2,76,,0,1,0,0,1,1,3.0,1
5490,4.0,2024,Working,1,Nursing,Female,School of Nursing,1,0,1,,0,1,0,0,0,0,0.0,0
5491,4.0,2024,Working,2,Engineering - Computer Science,Male,School of Engineering & Applied Science,1,14,57,,0,1,0,0,1,1,2.0,1
5492,4.0,2024,Still Looking,0,Environmental Sciences,Male,College and Graduate School of Arts & Sciences,0,0,44,3.9,0,0,0,1,0,0,0.0,0
5493,4.0,2024,Working,1,Engineering - Aerospace Engineering,Female,School of Engineering & Applied Science,1,4,50,3.5,0,1,0,0,1,1,0.0,0
5494,4.0,2024,Working,3,Environmental Sciences,Female,College and Graduate School of Arts & Sciences,1,0,37,4.63,0,1,0,0,0,0,0.0,0
5495,4.0,2024,Working,3,Environmental Sciences,Female,College and Graduate School of Arts & Sciences,1,0,37,,0,1,0,0,0,0,0.0,0
5496,4.0,2024,Working,1,Nursing,Female,School of Nursing,1,0,0,,0,1,0,0,0,0,0.0,0
5497,4.0,2024,Working,2,English,Female,College and Graduate School of Arts & Sciences,1,0,52,3.99,1,1,0,0,0,1,0.0,0
5498,4.0,2024,Still Looking,1,Engineering - Mechanical Engineering,Female,School of Engineering & Applied Science,0,11,16,,0,1,0,1,1,0,0.0,0
5499,4.0,2024,Working,2,Spanish,Female,College and Graduate School of Arts & Sciences,1,8,112,3.6,1,1,0,0,1,1,0.0,0
5500,4.0,2024,Not Seeking,1,Engineering - Computer Engineering,Male,School of Engineering & Applied Science,0,14,471,,0,1,0,0,1,1,0.0,0
5501,4.0,2024,Still Looking,3,Media Studies,Female,College and Graduate School of Arts & Sciences,0,2,139,,0,1,0,1,1,1,0.0,0
5502,4.0,2024,Working,3,Engineering - Electrical Engineering,Female,School of Engineering & Applied Science,1,7,264,,0,1,0,0,1,1,0.0,0
5503,4.0,2024,Still Looking,0,Computer Science - Interdisciplinary,Male,College and Graduate School of Arts & Sciences,0,5,147,,0,0,0,1,1,1,0.0,0
5504,4.0,2024,Still Looking,1,Environmental Thought & Practice - Interdisciplinary,Female,College and Graduate School of Arts & Sciences,0,4,146,3.38,0,1,0,1,1,1,0.0,0
5505,4.0,2024,Working,2,Engineering - Computer Science,Male,School of Engineering & Applied Science,1,2,240,,0,1,0,0,1,1,0.0,0
5506,4.0,2024,Continuing Education,2,Global Studies - Interdisciplinary,Female,College and Graduate School of Arts & Sciences,0,1,480,,0,1,1,0,0,1,1.0,1
5507,4.0,2024,Working,1,Engineering - Computer Science,Male,School of Engineering & Applied Science,1,2,48,4.71,0,1,0,0,1,1,0.0,0
5508,4.0,2024,Working,1,Engineering - Computer Science,Male,School of Engineering & Applied Science,1,2,48,3.94,0,1,0,0,1,1,0.0,0
5509,4.0,2024,Working,3,Computer Science - Interdisciplinary,Female,College and Graduate School of Arts & Sciences,1,2,86,3.85,1,1,0,0,1,1,0.0,0
5510,4.0,2024,Working,3,Computer Science - Interdisciplinary,Female,College and Graduate School of Arts & Sciences,1,2,86,,1,1,0,0,1,1,0.0,0
5511,4.0,2024,Still Looking,2,Engineering - Biomedical Engineering,Female,School of Engineering & Applied Science,0,0,13,,0,1,0,1,0,0,0.0,0
5512,4.0,2024,Continuing Education,1,Chemistry,Female,College and Graduate School of Arts & Sciences,0,0,8,3.97,0,1,1,0,0,0,0.0,0
5513,4.0,2024,Working,2,Economics,Female,College and Graduate School of Arts & Sciences,1,2,44,3.92,0,1,0,0,1,0,0.0,0
5514,4.0,2024,Working,2,Economics,Female,College and Graduate School of Arts & Sciences,1,2,44,4.34,0,1,0,0,1,0,0.0,0
5515,4.0,2024,Working,0,History,Female,College and Graduate School of Arts & Sciences,1,5,123,,0,0,0,0,1,1,0.0,0
5516,4.0,2024,Still Looking,2,Nursing,Female,School of Nursing,0,0,0,4.0,0,1,0,1,0,0,0.0,0
5517,4.0,2024,Still Looking,1,Media Studies,Female,College and Graduate School of Arts & Sciences,0,2,60,3.3,1,1,0,1,1,1,0.0,0
5518,4.0,2024,Working,3,Engineering - Civil Engineering,Male,School of Engineering & Applied Science,1,2,1,,0,1,0,0,1,0,0.0,0
5519,4.0,2024,Working,3,Engineering - Civil Engineering,Male,School of Engineering & Applied Science,1,2,1,3.9,0,1,0,0,1,0,0.0,0
5520,4.0,2024,Continuing Education,1,Architecture,Female,School of Architecture,0,0,0,,0,1,1,0,0,0,0.0,0
5521,4.0,2024,Continuing Education,1,Architecture,Female,School of Architecture,0,0,0,3.76,0,1,1,0,0,0,0.0,0
5522,4.0,2024,Working,2,Cognitive Science - Interdisciplinary,Female,College and Graduate School of Arts & Sciences,1,0,0,,0,1,0,0,0,0,2.0,1
5523,4.0,2024,Working,1,Education - Higher Education,Female,School of Education and Human Development,1,0,1,4.48,0,1,0,0,0,0,1.0,1
5524,4.0,2024,Working,1,Education - Higher Education,Female,School of Education and Human Development,1,0,1,,0,1,0,0,0,0,1.0,1
5525,4.0,2024,Working,1,Education - Higher Education,Female,School of Education and Human Development,1,0,1,3.64,0,1,0,0,0,0,1.0,1
5526,4.0,2024,Still Looking,0,Cognitive Science - Interdisciplinary,Female,College and Graduate School of Arts & Sciences,0,9,55,,0,0,0,1,1,1,0.0,0
5527,4.0,2024,Still Looking,0,History,Male,College and Graduate School of Arts & Sciences,0,4,10,,0,0,0,1,1,0,0.0,0
5528,4.0,2024,Continuing Education,0,Education - Speech Communication Disorders,Female,School of Education and Human Development,0,1,1,,0,0,1,0,0,0,1.0,1
5529,4.0,2024,Working,1,Economics,Female,College and Graduate School of Arts & Sciences,1,0,2,,0,1,0,0,0,0,1.0,1
5530,4.0,2024,Continuing Education,0,English,Female,College and Graduate School of Arts & Sciences,0,0,0,,0,0,1,0,0,0,0.0,0
5531,4.0,2024,Still Looking,1,Cognitive Science - Interdisciplinary,Male,College and Graduate School of Arts & Sciences,0,0,0,,0,1,0,1,0,0,0.0,0
5532,4.0,2024,Fellowship,0,Economics,Female,College and Graduate School of Arts & Sciences,0,0,14,,0,0,0,0,0,0,0.0,0
5533,4.0,2024,Working,2,Architecture,Male,School of Architecture,1,1,18,,0,1,0,0,0,0,3.0,1
5534,4.0,2024,Continuing Education,1,Sociology,Female,College and Graduate School of Arts & Sciences,0,1,0,,0,1,1,0,0,0,0.0,0
5535,4.0,2024,Continuing Education,1,Sociology,Female,College and Graduate School of Arts & Sciences,0,1,0,4.23,0,1,1,0,0,0,0.0,0
5536,4.0,2024,Military,2,Economics,Male,College and Graduate School of Arts & Sciences,0,0,11,3.5,0,1,0,0,0,0,0.0,0
5537,4.0,2024,Working,2,Chemistry,Male,College and Graduate School of Arts & Sciences,1,0,3,,0,1,0,0,0,0,0.0,0
5538,4.0,2024,Working,0,Physics,Female,College and Graduate School of Arts & Sciences,1,0,0,,0,0,0,0,0,0,0.0,0
5539,4.0,2024,Working,1,Education - Counselor Education,Female,School of Education and Human Development,1,1,2,3.9,0,1,0,0,0,0,0.0,0
5540,4.0,2024,Still Looking,0,Engineering - Biomedical Engineering,Male,School of Engineering & Applied Science,0,0,1,4.51,0,0,0,1,0,0,6.0,1
5541,4.0,2024,Still Looking,0,Engineering - Biomedical Engineering,Male,School of Engineering & Applied Science,0,0,1,,0,0,0,1,0,0,6.0,1
5542,4.0,2024,Working,1,Education - Counselor Education,Female,School of Education and Human Development,1,1,1,3.56,0,1,0,0,0,0,0.0,0
5543,4.0,2024,Working,1,Education - Counselor Education,Female,School of Education and Human Development,1,1,1,4.0,0,1,0,0,0,0,0.0,0
5544,4.0,2024,Working,3,Computer Science - Interdisciplinary,Male,College and Graduate School of Arts & Sciences,1,3,28,4.0,0,1,0,0,1,0,0.0,0
5545,4.0,2024,Military,1,Slavic Languages and Literatures,Female,College and Graduate School of Arts & Sciences,0,0,3,,0,1,0,0,0,0,0.0,0
5546,4.0,2024,Working,1,Business Administration,Female,Darden Graduate School of Business Administration,1,0,9,,0,1,0,0,0,0,0.0,0
5547,4.0,2024,Still Looking,1,Government,Female,College and Graduate School of Arts & Sciences,0,1,18,,0,1,0,1,0,0,5.0,1
5548,4.0,2024,Working,2,Engineering - Systems Engineering,Female,School of Engineering & Applied Science,1,4,156,,0,1,0,0,1,1,1.0,1
5549,4.0,2024,Working,2,Engineering - Systems Engineering,Female,School of Engineering & Applied Science,1,4,156,3.93,0,1,0,0,1,1,1.0,1
5550,4.0,2024,Continuing Education,3,Global Studies - Interdisciplinary,Female,College and Graduate School of Arts & Sciences,0,3,15,3.87,0,1,1,0,1,0,3.0,1
5551,4.0,2024,Still Looking,2,Computer Science - Interdisciplinary,Male,College and Graduate School of Arts & Sciences,0,3,98,,0,1,0,1,1,1,0.0,0
5552,4.0,2024,Still Looking,0,Applied Statistics,Male,College and Graduate School of Arts & Sciences,0,2,257,3.91,0,0,0,1,1,1,0.0,0
5553,4.0,2024,Still Looking,1,Chemistry,Male,College and Graduate School of Arts & Sciences,0,0,8,3.97,0,1,0,1,0,0,0.0,0
5554,4.0,2024,Working,1,Engineering - Computer Science,Male,School of Engineering & Applied Science,1,0,0,,0,1,0,0,0,0,0.0,0
5555,4.0,2024,Still Looking,0,Biology,Male,College and Graduate School of Arts & Sciences,0,0,180,,0,0,0,1,0,1,0.0,0
5556,4.0,2024,Still Looking,0,Biology,Male,College and Graduate School of Arts & Sciences,0,0,180,3.5,0,0,0,1,0,1,0.0,0
5557,4.0,2024,Still Looking,0,Biology,Male,College and Graduate School of Arts & Sciences,0,0,180,3.8,0,0,0,1,0,1,0.0,0
5558,4.0,2024,Still Looking,2,American Studies - Interdisciplinary,Female,College and Graduate School of Arts & Sciences,0,5,99,3.7,1,1,0,1,1,1,0.0,0
5559,4.0,2024,Still Looking,2,Chemistry,Male,College and Graduate School of Arts & Sciences,0,0,22,3.7,0,1,0,1,0,0,0.0,0
5560,4.0,2024,Continuing Education,2,English,Male,College and Graduate School of Arts & Sciences,0,1,22,,0,1,1,0,0,0,0.0,0
5561,4.0,2024,Continuing Education,2,Religious Studies,Male,College and Graduate School of Arts & Sciences,0,0,0,,0,1,1,0,0,0,0.0,0
5562,4.0,2024,Working,3,Public Health,Female,School of Medicine,1,3,150,,0,1,0,0,1,1,0.0,0
5563,4.0,2024,Working,0,Government,Male,College and Graduate School of Arts & Sciences,1,2,13,,0,0,0,0,1,0,0.0,0
5564,4.0,2024,Working,2,Cognitive Science - Interdisciplinary,Female,College and Graduate School of Arts & Sciences,1,5,63,,0,1,0,0,1,1,2.0,1
5565,4.0,2024,Still Looking,1,Engineering - Civil Engineering,Male,School of Engineering & Applied Science,0,3,8,3.35,0,1,0,1,1,0,3.0,1
5566,4.0,2024,Still Looking,1,Engineering - Civil Engineering,Male,School of Engineering & Applied Science,0,3,8,,0,1,0,1,1,0,3.0,1
5567,4.0,2024,Working,1,Architecture - Urban & Environmental Planning,Female,School of Architecture,1,1,22,,0,1,0,0,0,0,0.0,0
5568,4.0,2024,Working,1,Architecture - Urban & Environmental Planning,Female,School of Architecture,1,1,22,3.92,0,1,0,0,0,0,0.0,0
5569,4.0,2024,Continuing Education,0,English,Female,College and Graduate School of Arts & Sciences,0,0,2,,0,0,1,0,0,0,0.0,0
5570,4.0,2024,Not Seeking,0,Engineering - Mechanical Engineering,Male,School of Engineering & Applied Science,0,1,56,4.35,0,0,0,0,0,1,1.0,1
5571,4.0,2024,Not Seeking,0,Engineering - Mechanical Engineering,Male,School of Engineering & Applied Science,0,1,56,3.51,0,0,0,0,0,1,1.0,1
5572,4.0,2024,Fellowship,0,Religious Studies,Male,College and Graduate School of Arts & Sciences,0,0,0,,0,0,0,0,0,0,0.0,0
5573,4.0,2024,Still Looking,3,Architecture,Female,School of Architecture,0,1,250,,0,1,0,1,0,1,0.0,0
5574,4.0,2024,Working,2,Computer Science - Interdisciplinary,Male,College and Graduate School of Arts & Sciences,1,4,96,,0,1,0,0,1,1,0.0,0
5575,4.0,2024,Working,1,Computer Science - Interdisciplinary,Female,College and Graduate School of Arts & Sciences,1,6,82,,0,1,0,0,1,1,0.0,0
5576,4.0,2024,Working,1,Engineering - Electrical Engineering,Female,School of Engineering & Applied Science,1,0,0,,0,1,0,0,0,0,0.0,0
5577,4.0,2024,Still Looking,1,Architecture - Urban & Environmental Planning,Female,School of Architecture,0,0,6,,0,1,0,1,0,0,0.0,0
5578,4.0,2024,Working,1,Astronomy,Male,College and Graduate School of Arts & Sciences,1,0,33,3.7,0,1,0,0,0,0,0.0,0
5579,4.0,2024,Working,1,Astronomy,Male,College and Graduate School of Arts & Sciences,1,0,33,,0,1,0,0,0,0,0.0,0
5580,4.0,2024,Working,1,Architecture,Female,School of Architecture,1,0,3,3.9,0,1,0,0,0,0,0.0,0
5581,4.0,2024,Still Looking,1,Astronomy,Female,College and Graduate School of Arts & Sciences,0,1,1,3.8,0,1,0,1,0,0,0.0,0
5582,4.0,2024,Still Looking,3,Sociology,Female,College and Graduate School of Arts & Sciences,0,0,32,,0,1,0,1,0,0,7.0,1
5583,4.0,2024,Still Looking,1,Biology,Female,College and Graduate School of Arts & Sciences,0,3,50,,0,1,0,1,1,1,0.0,0
5584,4.0,2024,Still Looking,1,Biology,Female,College and Graduate School of Arts & Sciences,0,3,50,3.46,0,1,0,1,1,1,0.0,0
5585,4.0,2024,Working,3,Cognitive Science - Interdisciplinary,Male,College and Graduate School of Arts & Sciences,1,3,3,3.54,0,1,0,0,1,0,0.0,0
5586,4.0,2024,Working,2,Statistics,Male,College and Graduate School of Arts & Sciences,1,0,23,,0,1,0,0,0,0,1.0,1
5587,4.0,2024,Working,2,Anthropology,Female,College and Graduate School of Arts & Sciences,1,8,106,,0,1,0,0,1,1,1.0,1
5588,4.0,2024,Still Looking,0,Public Health,Female,School of Medicine,0,3,200,4.65,0,0,0,1,1,1,0.0,0
5589,4.0,2024,Still Looking,0,Public Health,Female,School of Medicine,0,3,200,4.0,0,0,0,1,1,1,0.0,0
5590,4.0,2024,Still Looking,0,Public Health,Female,School of Medicine,0,3,200,3.34,0,0,0,1,1,1,0.0,0
5591,4.0,2024,Working,0,Nursing,Male,School of Nursing,1,0,3,3.8,0,0,0,0,0,0,0.0,0
5592,4.0,2024,Working,1,Biology,Male,College and Graduate School of Arts & Sciences,1,0,0,,0,1,0,0,0,0,0.0,0
5593,4.0,2024,Still Looking,1,Biology,Female,College and Graduate School of Arts & Sciences,0,0,34,,0,1,0,1,0,0,0.0,0
5594,4.0,2024,Still Looking,3,Music,Male,College and Graduate School of Arts & Sciences,0,3,280,,0,1,0,1,1,1,9.0,1
5595,4.0,2024,Fellowship,2,Physics,Male,College and Graduate School of Arts & Sciences,0,1,0,,0,1,0,0,0,0,0.0,0
5596,4.0,2024,Working,3,Environmental Sciences,Male,College and Graduate School of Arts & Sciences,1,2,92,,0,1,0,0,1,1,0.0,0
5597,4.0,2024,Working,3,Environmental Sciences,Male,College and Graduate School of Arts & Sciences,1,2,92,3.93,0,1,0,0,1,1,0.0,0
5598,4.0,2024,Working,1,Engineering - Biomedical Engineering,Female,School of Engineering & Applied Science,1,2,33,3.73,0,1,0,0,1,0,0.0,0
5599,4.0,2024,Continuing Education,0,Education - Kinesiology,Female,School of Education and Human Development,0,0,1,,0,0,1,0,0,0,0.0,0
5600,4.0,2024,Working,1,Economics,Female,College and Graduate School of Arts & Sciences,1,1,43,,0,1,0,0,0,0,0.0,0
5601,4.0,2024,Working,1,Computer Science - Interdisciplinary,Male,College and Graduate School of Arts & Sciences,1,2,90,3.76,0,1,0,0,1,1,0.0,0
5602,4.0,2024,Working,0,Engineering - Civil Engineering,Female,School of Engineering & Applied Science,1,1,60,3.7,0,0,0,0,0,1,2.0,1
5603,4.0,2024,Working,1,Nursing,Male,School of Nursing,1,0,0,,0,1,0,0,0,0,0.0,0
5604,4.0,2024,Continuing Education,2,Biology,Female,College and Graduate School of Arts & Sciences,0,2,63,3.81,0,1,1,0,1,1,0.0,0
5605,4.0,2024,Continuing Education,0,History,Male,College and Graduate School of Arts & Sciences,0,1,0,3.96,0,0,1,0,0,0,0.0,0
5606,4.0,2024,Working,1,Cognitive Science - Interdisciplinary,Female,College and Graduate School of Arts & Sciences,1,0,6,3.99,0,1,0,0,0,0,4.0,1
5607,4.0,2024,Still Looking,0,Psychology,Female,College and Graduate School of Arts & Sciences,0,0,0,,0,0,0,1,0,0,0.0,0
5608,4.0,2024,Working,1,Nursing,Female,School of Nursing,1,0,0,3.6,0,1,0,0,0,0,0.0,0
5609,4.0,2024,Still Looking,0,Linguistics,Male,College and Graduate School of Arts & Sciences,0,0,0,3.3,0,0,0,1,0,0,0.0,0
5610,4.0,2024,Working,1,Education - English Education,Female,School of Education and Human Development,1,1,2,,0,1,0,0,0,0,0.0,0
5611,4.0,2024,Working,3,Women Gender & Sexuality - Interdisciplinary,Female,College and Graduate School of Arts & Sciences,1,11,168,3.72,0,1,0,0,1,1,0.0,0
5612,4.0,2024,Working,3,Architecture - Landscape Architecture,Male,School of Architecture,1,0,13,,0,1,0,0,0,0,0.0,0
5613,4.0,2024,Working,0,Nursing,Female,School of Nursing,1,0,1,,0,0,0,0,0,0,0.0,0
5614,4.0,2024,Working,1,Engineering - Chemical Engineering,Female,School of Engineering & Applied Science,1,1,122,,0,1,0,0,0,1,0.0,0
5615,4.0,2024,Working,2,Global Studies - Interdisciplinary,Female,College and Graduate School of Arts & Sciences,1,0,8,,0,1,0,0,0,0,10.0,1
5616,4.0,2024,Working,1,Engineering - Computer Science,Female,School of Engineering & Applied Science,1,0,2,,0,1,0,0,0,0,0.0,0
5617,4.0,2024,Working,3,Engineering - Computer Science,Female,School of Engineering & Applied Science,1,2,54,3.84,0,1,0,0,1,1,0.0,0
5618,4.0,2024,Working,0,Data Science,Male,School of Data Science,1,0,0,,0,0,0,0,0,0,0.0,0
5619,4.0,2024,Still Looking,0,Data Science,Female,School of Data Science,0,13,99,,0,0,0,1,1,1,0.0,0
5620,4.0,2024,Still Looking,0,Data Science,Female,School of Data Science,0,13,99,3.67,0,0,0,1,1,1,0.0,0
5621,4.0,2024,Working,1,Engineering - Chemical Engineering,Male,School of Engineering & Applied Science,1,1,20,3.94,0,1,0,0,0,0,1.0,1
5622,4.0,2024,Working,1,Engineering - Chemical Engineering,Male,School of Engineering & Applied Science,1,1,20,4.78,0,1,0,0,0,0,1.0,1
5623,4.0,2024,Continuing Education,1,Engineering - Chemical Engineering,Female,School of Engineering & Applied Science,0,0,9,,0,1,1,0,0,0,0.0,0
5624,4.0,2024,Continuing Education,2,Global Studies - Interdisciplinary,Female,College and Graduate School of Arts & Sciences,0,4,140,3.7,0,1,1,0,1,1,0.0,0
5625,4.0,2024,Still Looking,0,Anthropology,Female,College and Graduate School of Arts & Sciences,0,8,34,3.34,0,0,0,1,1,0,0.0,0
5626,4.0,2024,Working,2,Nursing,Female,School of Nursing,1,0,1,3.89,0,1,0,0,0,0,0.0,0
5627,4.0,2024,Still Looking,2,Government,Female,College and Graduate School of Arts & Sciences,0,0,17,,0,1,0,1,0,0,0.0,0
5628,4.0,2024,Continuing Education,1,Cognitive Science - Interdisciplinary,Female,College and Graduate School of Arts & Sciences,0,3,11,,0,1,1,0,1,0,1.0,1
5629,4.0,2024,Working,2,Computer Science - Interdisciplinary,Male,College and Graduate School of Arts & Sciences,1,8,91,3.87,0,1,0,0,1,1,0.0,0
5630,4.0,2024,Working,3,Economics,Male,College and Graduate School of Arts & Sciences,1,3,41,,0,1,0,0,1,0,0.0,0
5631,4.0,2024,Working,0,Education - Curriculum & Instruction,Female,School of Education and Human Development,1,1,0,4.0,0,0,0,0,0,0,0.0,0
5632,4.0,2024,Working,0,Education - Curriculum & Instruction,Female,School of Education and Human Development,1,1,0,,0,0,0,0,0,0,0.0,0
5633,4.0,2024,Still Looking,2,Architecture,Female,School of Architecture,0,0,0,,0,1,0,1,0,0,0.0,0
5634,4.0,2024,Working,2,English,Female,College and Graduate School of Arts & Sciences,1,1,29,3.82,0,1,0,0,0,0,0.0,0
5635,4.0,2024,Working,2,Engineering - Computer Engineering,Female,School of Engineering & Applied Science,1,5,37,3.7,0,1,0,0,1,0,0.0,0
5636,4.0,2024,Working,2,Engineering - Computer Engineering,Female,School of Engineering & Applied Science,1,5,37,,0,1,0,0,1,0,0.0,0
5637,4.0,2024,Working,2,Engineering - Computer Engineering,Female,School of Engineering & Applied Science,1,5,37,3.2,0,1,0,0,1,0,0.0,0
5638,4.0,2024,Working,2,Engineering - Computer Engineering,Female,School of Engineering & Applied Science,1,5,37,3.8,0,1,0,0,1,0,0.0,0
5639,4.0,2024,Still Looking,1,Cognitive Science - Interdisciplinary,Male,College and Graduate School of Arts & Sciences,0,1,68,3.7,0,1,0,1,0,1,0.0,0
5640,4.0,2024,Still Looking,1,Cognitive Science - Interdisciplinary,Male,College and Graduate School of Arts & Sciences,0,1,68,,0,1,0,1,0,1,0.0,0
5641,4.0,2024,Working,1,Engineering - Mechanical Engineering,Male,School of Engineering & Applied Science,1,2,83,3.0,0,1,0,0,1,1,0.0,0
5642,4.0,2024,Working,1,Government,Female,College and Graduate School of Arts & Sciences,1,2,16,3.51,0,1,0,0,1,0,0.0,0
5643,4.0,2024,Working,2,Data Science,Male,School of Data Science,1,9,74,4.0,0,1,0,0,1,1,0.0,0
5644,4.0,2024,Working,2,Data Science,Male,School of Data Science,1,9,74,3.65,0,1,0,0,1,1,0.0,0
5645,4.0,2024,Working,2,Data Science,Male,School of Data Science,1,9,74,4.32,0,1,0,0,1,1,0.0,0
5646,4.0,2024,Continuing Education,1,Global Studies - Interdisciplinary,Female,College and Graduate School of Arts & Sciences,0,2,4,,0,1,1,0,1,0,0.0,0
5647,4.0,2024,Still Looking,0,Architecture,Female,School of Architecture,0,0,31,3.6,0,0,0,1,0,0,0.0,0
5648,4.0,2024,Still Looking,1,Foreign Affairs,Male,College and Graduate School of Arts & Sciences,0,2,71,,0,1,0,1,1,1,0.0,0
5649,4.0,2024,Still Looking,1,Foreign Affairs,Male,College and Graduate School of Arts & Sciences,0,2,71,3.55,0,1,0,1,1,1,0.0,0
5650,4.0,2024,Working,1,Computer Science - Interdisciplinary,Female,College and Graduate School of Arts & Sciences,1,5,196,3.41,0,1,0,0,1,1,0.0,0
5651,4.0,2024,Working,1,Computer Science - Interdisciplinary,Female,College and Graduate School of Arts & Sciences,1,5,196,4.43,0,1,0,0,1,1,0.0,0
5652,4.0,2024,Working,2,Engineering - Civil Engineering,Male,School of Engineering & Applied Science,1,2,0,,0,1,0,0,1,0,0.0,0
5653,4.0,2024,Continuing Education,0,Education - Youth & Social Innovation,Female,School of Education and Human Development,0,0,0,,0,0,1,0,0,0,0.0,0
5654,4.0,2024,Working,0,Engineering - Materials Science and Engineering,Female,School of Engineering & Applied Science,1,1,6,,0,0,0,0,0,0,0.0,0
5655,4.0,2024,Continuing Education,3,Engineering - Computer Science,Male,School of Engineering & Applied Science,0,3,129,,0,1,1,0,1,1,0.0,0
5656,4.0,2024,Continuing Education,3,Engineering - Computer Science,Male,School of Engineering & Applied Science,0,3,129,3.91,0,1,1,0,1,1,0.0,0
5657,4.0,2024,Working,1,African-American & African Studies,Female,College and Graduate School of Arts & Sciences,1,1,28,3.87,0,1,0,0,0,0,0.0,0
5658,4.0,2024,Working,2,Engineering - Computer Science,Male,School of Engineering & Applied Science,1,5,33,4.0,0,1,0,0,1,0,2.0,1
5659,4.0,2024,Working,2,Engineering - Computer Science,Male,School of Engineering & Applied Science,1,5,33,5.0,0,1,0,0,1,0,2.0,1
5660,4.0,2024,Still Looking,0,Engineering - Mechanical Engineering,Male,School of Engineering & Applied Science,0,4,10,,0,0,0,1,1,0,0.0,0
5661,4.0,2024,Working,3,Economics,Male,College and Graduate School of Arts & Sciences,1,4,159,3.83,1,1,0,0,1,1,0.0,0
5662,4.0,2024,Still Looking,3,Architecture,Female,School of Architecture,0,2,43,,0,1,0,1,1,0,4.0,1
5663,4.0,2024,Working,0,Architecture,Female,School of Architecture,1,0,0,,0,0,0,0,0,0,1.0,1
5664,4.0,2024,Still Looking,0,Biology,Female,College and Graduate School of Arts & Sciences,0,0,0,3.52,0,0,0,1,0,0,0.0,0
5665,4.0,2024,Still Looking,0,Biology,Female,College and Graduate School of Arts & Sciences,0,0,0,,0,0,0,1,0,0,0.0,0
5666,4.0,2024,Working,3,Statistics,Male,College and Graduate School of Arts & Sciences,1,0,0,3.81,0,1,0,0,0,0,0.0,0
5667,4.0,2024,Working,3,Statistics,Male,College and Graduate School of Arts & Sciences,1,0,0,4.0,0,1,0,0,0,0,0.0,0
5668,4.0,2024,Continuing Education,2,Architecture,Male,School of Architecture,0,0,27,3.84,0,1,1,0,0,0,2.0,1
5669,4.0,2024,Working,0,Engineering - Mechanical Engineering,Male,School of Engineering & Applied Science,1,4,83,2.77,0,0,0,0,1,1,2.0,1
5670,4.0,2024,Working,2,Global Studies - Interdisciplinary,Female,College and Graduate School of Arts & Sciences,1,3,4,,0,1,0,0,1,0,0.0,0
5671,4.0,2024,Still Looking,0,Architecture - Landscape Architecture,Male,School of Architecture,0,0,16,,0,0,0,1,0,0,2.0,1
5672,4.0,2024,Working,1,Engineering - Electrical Engineering,Male,School of Engineering & Applied Science,1,2,0,3.9,0,1,0,0,1,0,0.0,0
5673,4.0,2024,Working,1,Engineering - Electrical Engineering,Male,School of Engineering & Applied Science,1,2,0,3.98,0,1,0,0,1,0,0.0,0
5674,4.0,2024,Working,1,Engineering - Electrical Engineering,Male,School of Engineering & Applied Science,1,2,0,,0,1,0,0,1,0,0.0,0
5675,4.0,2024,Working,0,Biology,Male,College and Graduate School of Arts & Sciences,1,0,25,,0,0,0,0,0,0,0.0,0
5676,4.0,2024,Still Looking,3,Sociology,Female,College and Graduate School of Arts & Sciences,0,3,8,,0,1,0,1,1,0,0.0,0
5677,4.0,2024,Working,2,Economics,Male,College and Graduate School of Arts & Sciences,1,5,91,3.6,0,1,0,0,1,1,0.0,0
5678,4.0,2024,Continuing Education,1,Education - Educational Psychology,Female,School of Education and Human Development,0,0,0,,0,1,1,0,0,0,0.0,0
5679,4.0,2024,Still Looking,0,Computer Science,Male,College and Graduate School of Arts & Sciences,0,7,37,,0,0,0,1,1,0,0.0,0
5680,4.0,2024,Still Looking,2,Education - English Education,Female,School of Education and Human Development,0,1,0,3.92,0,1,0,1,0,0,0.0,0
5681,4.0,2024,Working,1,Education - Elementary Education,Female,School of Education and Human Development,1,0,0,,0,1,0,0,0,0,0.0,0
5682,4.0,2024,Working,2,Computer Science,Male,College and Graduate School of Arts & Sciences,1,5,42,3.8,0,1,0,0,1,0,0.0,0
5683,4.0,2024,Working,2,Computer Science,Male,College and Graduate School of Arts & Sciences,1,5,42,,0,1,0,0,1,0,0.0,0
5684,4.0,2024,Still Looking,0,Psychology,Female,College and Graduate School of Arts & Sciences,0,0,0,,0,0,0,1,0,0,0.0,0
5685,4.0,2024,Working,2,Spanish,Male,College and Graduate School of Arts & Sciences,1,5,202,3.74,0,1,0,0,1,1,2.0,1
5686,4.0,2024,Working,2,Spanish,Male,College and Graduate School of Arts & Sciences,1,5,202,,0,1,0,0,1,1,2.0,1
5687,4.0,2024,Working,2,Spanish,Male,College and Graduate School of Arts & Sciences,1,5,202,4.44,0,1,0,0,1,1,2.0,1
5688,4.0,2024,Working,3,Education - Athletic Training,Female,School of Education and Human Development,1,0,1,,0,1,0,0,0,0,0.0,0
5689,4.0,2024,Continuing Education,1,Engineering - Electrical Engineering,Male,School of Engineering & Applied Science,0,1,462,,0,1,1,0,0,1,0.0,0
5690,4.0,2024,Continuing Education,3,Applied Statistics,Female,College and Graduate School of Arts & Sciences,0,19,59,3.8,0,1,1,0,1,1,20.0,1
5691,4.0,2024,Continuing Education,3,Applied Statistics,Female,College and Graduate School of Arts & Sciences,0,19,59,3.95,0,1,1,0,1,1,20.0,1
5692,4.0,2024,Continuing Education,3,Applied Statistics,Female,College and Graduate School of Arts & Sciences,0,19,59,4.5,0,1,1,0,1,1,20.0,1
5693,4.0,2024,Still Looking,0,History,Female,College and Graduate School of Arts & Sciences,0,0,18,3.8,0,0,0,1,0,0,0.0,0
5694,4.0,2024,Working,2,Global Studies - Interdisciplinary,Male,College and Graduate School of Arts & Sciences,1,6,33,3.7,0,1,0,0,1,0,0.0,0
5695,4.0,2024,Fellowship,1,Biology,Female,College and Graduate School of Arts & Sciences,0,0,0,,0,1,0,0,0,0,0.0,0
5696,4.0,2024,Still Looking,1,Architecture,Male,School of Architecture,0,1,0,,0,1,0,1,0,0,0.0,0
5697,4.0,2024,Working,1,Engineering - Biomedical Engineering,Male,School of Engineering & Applied Science,1,0,0,,0,1,0,0,0,0,0.0,0
5698,4.0,2024,Working,3,Economics,Male,College and Graduate School of Arts & Sciences,1,6,270,3.5,0,1,0,0,1,1,0.0,0
5699,4.0,2024,Continuing Education,0,Education - Kinesiology,Male,School of Education and Human Development,0,1,1,,0,0,1,0,0,0,6.0,1
5700,4.0,2024,Still Looking,1,Engineering - Computer Science,Male,School of Engineering & Applied Science,0,3,3,,0,1,0,1,1,0,0.0,0
5701,4.0,2024,Not Seeking,0,Astronomy-Physics,Male,College and Graduate School of Arts & Sciences,0,0,0,3.93,0,0,0,0,0,0,0.0,0
5702,4.0,2024,Still Looking,0,Global Studies - Interdisciplinary,Female,College and Graduate School of Arts & Sciences,0,1,64,3.75,0,0,0,1,0,1,0.0,0
5703,4.0,2024,Working,2,Engineering - Computer Science,Male,School of Engineering & Applied Science,1,1,0,,0,1,0,0,0,0,0.0,0
5704,4.0,2024,Continuing Education,3,Applied Statistics,Male,College and Graduate School of Arts & Sciences,0,0,188,3.6,1,1,1,0,0,1,2.0,1
5705,4.0,2024,Not Seeking,1,Engineering - Systems Engineering,Female,School of Engineering & Applied Science,0,17,51,,0,1,0,0,1,1,0.0,0
5706,4.0,2024,Not Seeking,1,Engineering - Systems Engineering,Female,School of Engineering & Applied Science,0,17,51,3.54,0,1,0,0,1,1,0.0,0
5707,4.0,2024,Not Seeking,1,Engineering - Systems Engineering,Female,School of Engineering & Applied Science,0,17,51,3.9,0,1,0,0,1,1,0.0,0
5708,4.0,2024,Working,2,Education - Special Education,Female,School of Education and Human Development,1,1,0,,0,1,0,0,0,0,0.0,0
5709,4.0,2024,Working,1,Nursing,Female,School of Nursing,1,0,1,3.43,0,1,0,0,0,0,0.0,0
5710,4.0,2024,Working,2,Environmental Sciences,Female,College and Graduate School of Arts & Sciences,1,0,12,,0,1,0,0,0,0,0.0,0
5711,4.0,2024,Working,2,Engineering - Systems Engineering,Male,School of Engineering & Applied Science,1,1,68,,1,1,0,0,0,1,0.0,0
5712,4.0,2024,Still Looking,1,Biology,Female,College and Graduate School of Arts & Sciences,0,3,32,3.8,0,1,0,1,1,0,0.0,0
5713,4.0,2024,Continuing Education,2,Art - Art History,Female,College and Graduate School of Arts & Sciences,0,0,36,3.52,0,1,1,0,0,0,0.0,0
5714,4.0,2024,Continuing Education,2,Art - Art History,Female,College and Graduate School of Arts & Sciences,0,0,36,3.78,0,1,1,0,0,0,0.0,0
5715,4.0,2024,Working,3,Economics,Male,College and Graduate School of Arts & Sciences,1,1,519,3.98,0,1,0,0,0,1,0.0,0
5716,4.0,2024,Working,3,Economics,Male,College and Graduate School of Arts & Sciences,1,1,519,,0,1,0,0,0,1,0.0,0
5717,4.0,2024,Working,3,Applied Statistics,Male,College and Graduate School of Arts & Sciences,1,10,315,3.76,0,1,0,0,1,1,0.0,0
5718,4.0,2024,Working,3,Applied Statistics,Male,College and Graduate School of Arts & Sciences,1,10,315,,0,1,0,0,1,1,0.0,0
5719,4.0,2024,Still Looking,1,Biology,Female,College and Graduate School of Arts & Sciences,0,2,265,,0,1,0,1,1,1,0.0,0
5720,4.0,2024,Still Looking,2,Global Studies - Interdisciplinary,Female,College and Graduate School of Arts & Sciences,0,4,46,,1,1,0,1,1,0,0.0,0
5721,4.0,2024,Continuing Education,2,Political & Social Thought - Interdisciplinary,Male,College and Graduate School of Arts & Sciences,0,0,0,,0,1,1,0,0,0,0.0,0
5722,4.0,2024,Still Looking,0,Engineering - Computer Science,Male,School of Engineering & Applied Science,0,0,0,,0,0,0,1,0,0,0.0,0
5723,4.0,2024,Still Looking,0,Cognitive Science - Interdisciplinary,Male,College and Graduate School of Arts & Sciences,0,0,10,,0,0,0,1,0,0,0.0,0
5724,4.0,2024,Still Looking,1,Education - Higher Education,Female,School of Education and Human Development,0,0,0,,0,1,0,1,0,0,0.0,0
5725,4.0,2024,Continuing Education,1,Government,Female,College and Graduate School of Arts & Sciences,0,2,4,,0,1,1,0,1,0,1.0,1
5726,4.0,2024,Still Looking,0,Engineering - Biomedical Engineering,Male,School of Engineering & Applied Science,0,1,7,4.0,0,0,0,1,0,0,0.0,0
5727,4.0,2024,Working,3,Mathematics,Male,College and Graduate School of Arts & Sciences,1,5,504,4.0,0,1,0,0,1,1,0.0,0
5728,4.0,2024,Still Looking,1,Architecture - Urban & Environmental Planning,Female,School of Architecture,0,0,0,,0,1,0,1,0,0,0.0,0
5729,4.0,2024,Working,3,Engineering - Computer Science,Female,School of Engineering & Applied Science,1,0,30,,0,1,0,0,0,0,1.0,1
5730,4.0,2024,Working,0,Engineering - Materials Science & Engineering,Female,School of Engineering & Applied Science,1,0,0,3.5,0,0,0,0,0,0,0.0,0
5731,4.0,2024,Working,0,Engineering - Materials Science & Engineering,Female,School of Engineering & Applied Science,1,0,0,3.58,0,0,0,0,0,0,0.0,0
5732,4.0,2024,Continuing Education,0,History,Male,College and Graduate School of Arts & Sciences,0,0,9,,0,0,1,0,0,0,0.0,0
5733,4.0,2024,Working,2,Government,Female,College and Graduate School of Arts & Sciences,1,0,1,,0,1,0,0,0,0,0.0,0
5734,4.0,2024,Military,0,Applied Statistics,Female,College and Graduate School of Arts & Sciences,0,0,0,,0,0,0,0,0,0,1.0,1
5735,4.0,2024,Still Looking,1,French,Male,College and Graduate School of Arts & Sciences,0,0,188,3.88,0,1,0,1,0,1,1.0,1
5736,4.0,2024,Still Looking,1,French,Male,College and Graduate School of Arts & Sciences,0,0,188,,0,1,0,1,0,1,1.0,1
5737,4.0,2024,Still Looking,2,Media Studies,Male,College and Graduate School of Arts & Sciences,0,1,184,,0,1,0,1,0,1,0.0,0
5738,4.0,2024,Working,2,Applied Statistics,Male,College and Graduate School of Arts & Sciences,1,5,138,3.07,0,1,0,0,1,1,0.0,0
5739,4.0,2024,Continuing Education,2,Astronomy-Physics,Male,College and Graduate School of Arts & Sciences,0,0,0,,0,1,1,0,0,0,0.0,0
5740,4.0,2024,Working,0,Cognitive Science - Interdisciplinary,Female,College and Graduate School of Arts & Sciences,1,1,388,3.54,0,0,0,0,0,1,0.0,0
5741,4.0,2024,Continuing Education,3,Economics,Male,College and Graduate School of Arts & Sciences,0,0,15,,0,1,1,0,0,0,0.0,0
5742,4.0,2024,Working,3,Economics,Male,College and Graduate School of Arts & Sciences,1,1,2,,0,1,0,0,0,0,0.0,0
5743,4.0,2024,Continuing Education,0,Undeclared,Female,College and Graduate School of Arts & Sciences,0,0,0,,0,0,1,0,0,0,0.0,0
5744,4.0,2024,Working,1,Psychology,Male,College and Graduate School of Arts & Sciences,1,0,0,,0,1,0,0,0,0,0.0,0
5745,4.0,2024,Working,3,Economics,Male,College and Graduate School of Arts & Sciences,1,2,4,3.73,0,1,0,0,1,0,0.0,0
5746,4.0,2024,Working,1,Engineering - Computer Engineering,Male,School of Engineering & Applied Science,1,0,69,,0,1,0,0,0,1,0.0,0
5747,4.0,2024,Working,1,Engineering - Computer Engineering,Male,School of Engineering & Applied Science,1,0,69,3.95,0,1,0,0,0,1,0.0,0
5748,4.0,2024,Continuing Education,0,Economics,Male,College and Graduate School of Arts & Sciences,0,8,112,3.41,0,0,1,0,1,1,1.0,1
5749,4.0,2024,Working,0,Spanish,Male,College and Graduate School of Arts & Sciences,1,3,36,3.78,0,0,0,0,1,0,0.0,0
5750,4.0,2024,Still Looking,0,Chemistry,Male,College and Graduate School of Arts & Sciences,0,0,0,,0,0,0,1,0,0,0.0,0
5751,4.0,2024,Continuing Education,0,Engineering - Biomedical Engineering,Female,School of Engineering & Applied Science,0,0,6,3.75,0,0,1,0,0,0,0.0,0
5752,4.0,2024,Continuing Education,0,Engineering - Systems Engineering,Female,School of Engineering & Applied Science,0,2,21,4.0,0,0,1,0,1,0,0.0,0
5753,4.0,2024,Still Looking,0,Sociology,Female,College and Graduate School of Arts & Sciences,0,1,13,2.78,0,0,0,1,0,0,4.0,1
5754,4.0,2024,Volunteering,0,Psychology,Female,College and Graduate School of Arts & Sciences,0,9,10,,0,0,0,0,1,0,5.0,1
5755,4.0,2024,Volunteering,0,Psychology,Female,College and Graduate School of Arts & Sciences,0,9,10,4.0,0,0,0,0,1,0,5.0,1
5756,4.0,2024,Volunteering,0,Psychology,Female,College and Graduate School of Arts & Sciences,0,9,10,3.82,0,0,0,0,1,0,5.0,1
5757,4.0,2024,Still Looking,1,Computer Science,Male,College and Graduate School of Arts & Sciences,0,4,65,3.51,1,1,0,1,1,1,0.0,0
5758,4.0,2024,Working,0,Applied Statistics,Female,College and Graduate School of Arts & Sciences,1,2,171,,0,0,0,0,1,1,0.0,0
5759,4.0,2024,Working,3,Applied Statistics,Male,College and Graduate School of Arts & Sciences,1,16,256,3.69,0,1,0,0,1,1,0.0,0
5760,4.0,2024,Working,2,Engineering - Electrical Engineering,Female,School of Engineering & Applied Science,1,2,4,3.07,0,1,0,0,1,0,0.0,0
5761,4.0,2024,Still Looking,0,Interdisciplinary (SCPS-BIS),Male,School of Continuing and Professional Studies,0,0,1,3.7,0,0,0,1,0,0,0.0,0
5762,4.0,2024,Still Looking,0,Interdisciplinary (SCPS-BIS),Male,School of Continuing and Professional Studies,0,0,1,,0,0,0,1,0,0,0.0,0
5763,4.0,2024,Still Looking,0,Interdisciplinary (SCPS-BIS),Male,School of Continuing and Professional Studies,0,0,1,3.6,0,0,0,1,0,0,0.0,0
5764,4.0,2024,Still Looking,0,Psychology,Female,College and Graduate School of Arts & Sciences,0,0,20,,0,0,0,1,0,0,0.0,0
5765,4.0,2024,Working,0,Nursing,Female,School of Nursing,1,0,0,3.83,0,0,0,0,0,0,0.0,0
5766,4.0,2024,Working,3,Engineering - Materials Science and Engineering,Female,School of Engineering & Applied Science,1,2,33,,0,1,0,0,1,0,1.0,1
5767,4.0,2024,Working,0,Nursing,Male,School of Nursing,1,0,2,,1,0,0,0,0,0,0.0,0
5768,4.0,2024,Working,0,Nursing,Female,School of Nursing,1,0,0,,0,0,0,0,0,0,0.0,0
5769,4.0,2024,Still Looking,2,Engineering - Computer Science,Male,School of Engineering & Applied Science,0,9,251,,0,1,0,1,1,1,1.0,1
5770,4.0,2024,Working,3,Computer Science,Male,College and Graduate School of Arts & Sciences,1,4,36,3.62,0,1,0,0,1,0,2.0,1
5771,4.0,2024,Continuing Education,0,Biology,Female,College and Graduate School of Arts & Sciences,0,0,0,,0,0,1,0,0,0,5.0,1
5772,4.0,2024,Still Looking,0,Psychology,Female,College and Graduate School of Arts & Sciences,0,3,20,3.5,0,0,0,1,1,0,0.0,0
5773,4.0,2024,Working,2,Political Philosophy Policy & Law - Interdisciplinary,Male,College and Graduate School of Arts & Sciences,1,1,97,,0,1,0,0,0,1,0.0,0
5774,4.0,2024,Working,1,Media Studies,Female,College and Graduate School of Arts & Sciences,1,2,496,3.9,0,1,0,0,1,1,2.0,1
5775,4.0,2024,Working,2,Economics,Female,College and Graduate School of Arts & Sciences,1,14,342,3.35,0,1,0,0,1,1,9.0,1
5776,4.0,2024,Working,2,Economics,Female,College and Graduate School of Arts & Sciences,1,14,342,4.39,0,1,0,0,1,1,9.0,1
5777,4.0,2024,Still Looking,0,Biology,Male,College and Graduate School of Arts & Sciences,0,0,0,,0,0,0,1,0,0,1.0,1
5778,4.0,2024,Working,0,Psychology,Female,College and Graduate School of Arts & Sciences,1,0,0,,0,0,0,0,0,0,0.0,0
5779,4.0,2024,Continuing Education,2,Statistics,Female,College and Graduate School of Arts & Sciences,0,1,20,3.95,0,1,1,0,0,0,0.0,0
5780,4.0,2024,Still Looking,1,Cognitive Science - Interdisciplinary,Female,College and Graduate School of Arts & Sciences,0,0,1,3.82,0,1,0,1,0,0,0.0,0
5781,4.0,2024,Still Looking,3,Architecture,Male,School of Architecture,0,1,4,3.9,0,1,0,1,0,0,0.0,0
5782,4.0,2024,Continuing Education,2,Biology,Female,College and Graduate School of Arts & Sciences,0,0,23,,0,1,1,0,0,0,0.0,0
5783,4.0,2024,Working,3,Biology,Female,College and Graduate School of Arts & Sciences,1,0,51,4.41,1,1,0,0,0,1,12.0,1
5784,4.0,2024,Working,3,Biology,Female,College and Graduate School of Arts & Sciences,1,0,51,,1,1,0,0,0,1,12.0,1
5785,4.0,2024,Working,1,Engineering - Chemical Engineering,Female,School of Engineering & Applied Science,1,4,25,,0,1,0,0,1,0,0.0,0
5786,4.0,2024,Still Looking,0,Environmental Thought & Practice - Interdisciplinary,Female,College and Graduate School of Arts & Sciences,0,1,0,,0,0,0,1,0,0,0.0,0
5787,4.0,2024,Working,1,Nursing,Female,School of Nursing,1,0,0,,0,1,0,0,0,0,0.0,0
5788,4.0,2024,Continuing Education,0,Biology,Female,College and Graduate School of Arts & Sciences,0,0,16,3.89,0,0,1,0,0,0,0.0,0
5789,4.0,2024,Working,0,Environmental Sciences,Female,College and Graduate School of Arts & Sciences,1,0,0,,0,0,0,0,0,0,0.0,0
5790,4.0,2024,Still Looking,0,Interdisciplinary (SCPS-BIS),Female,School of Continuing and Professional Studies,0,0,0,,0,0,0,1,0,0,0.0,0
5791,4.0,2024,Working,1,Neuroscience - Interdisciplinary,Female,College and Graduate School of Arts & Sciences,1,0,0,,0,1,0,0,0,0,0.0,0
5792,4.0,2024,Working,2,Global Studies - Interdisciplinary,Female,College and Graduate School of Arts & Sciences,1,0,82,,0,1,0,0,0,1,1.0,1
5793,4.0,2024,Working,2,Global Studies - Interdisciplinary,Female,College and Graduate School of Arts & Sciences,1,0,82,3.95,0,1,0,0,0,1,1.0,1
5794,4.0,2024,Working,2,Architecture - Urban & Environmental Planning,Female,School of Architecture,1,2,12,3.9,0,1,0,0,1,0,0.0,0
5795,4.0,2024,Not Seeking,0,Biology,Female,College and Graduate School of Arts & Sciences,0,0,19,4.06,0,0,0,0,0,0,0.0,0
5796,4.0,2024,Not Seeking,0,Biology,Female,College and Graduate School of Arts & Sciences,0,0,19,,0,0,0,0,0,0,0.0,0
5797,4.0,2024,Working,0,Education - Educational Psychology,Female,School of Education and Human Development,1,0,0,4.0,0,0,0,0,0,0,0.0,0
5798,4.0,2024,Still Looking,3,Architecture,Female,School of Architecture,0,0,26,3.38,0,1,0,1,0,0,1.0,1
5799,4.0,2024,Still Looking,3,Architecture,Female,School of Architecture,0,0,26,,0,1,0,1,0,0,1.0,1
5800,4.0,2024,Still Looking,3,Architecture,Female,School of Architecture,0,0,26,3.94,0,1,0,1,0,0,1.0,1
5801,4.0,2024,Continuing Education,0,Engineering - Materials Science and Engineering,Male,School of Engineering & Applied Science,0,6,10,,0,0,1,0,1,0,0.0,0
5802,4.0,2024,Still Looking,2,Biology,Female,College and Graduate School of Arts & Sciences,0,6,25,3.6,0,1,0,1,1,0,0.0,0
5803,4.0,2024,Working,0,Education - English Education,Female,School of Education and Human Development,1,2,4,4.0,0,0,0,0,1,0,0.0,0
5804,4.0,2024,Working,0,Education - English Education,Female,School of Education and Human Development,1,2,4,,0,0,0,0,1,0,0.0,0
5805,4.0,2024,Working,0,Education - English Education,Female,School of Education and Human Development,1,2,4,3.56,0,0,0,0,1,0,0.0,0
5806,4.0,2024,Working,0,Engineering - Materials Science & Engineering,Female,School of Engineering & Applied Science,1,1,0,,0,0,0,0,0,0,0.0,0
5807,4.0,2024,Working,0,Biology,Female,College and Graduate School of Arts & Sciences,1,0,4,,0,0,0,0,0,0,0.0,0
5808,4.0,2024,Working,3,Architecture,Female,School of Architecture,1,1,10,,0,1,0,0,0,0,0.0,0
5809,4.0,2024,Working,0,Biology,Female,College and Graduate School of Arts & Sciences,1,1,11,,0,0,0,0,0,0,1.0,1
5810,4.0,2024,Working,0,Biology,Female,College and Graduate School of Arts & Sciences,1,1,11,3.76,0,0,0,0,0,0,1.0,1
5811,4.0,2024,Still Looking,0,Data Science,Male,School of Data Science,0,0,5,3.9,0,0,0,1,0,0,0.0,0
5812,4.0,2024,Still Looking,0,Environmental Sciences,Female,College and Graduate School of Arts & Sciences,0,0,63,3.21,0,0,0,1,0,1,0.0,0
5813,4.0,2024,Working,0,Anthropology,Male,College and Graduate School of Arts & Sciences,1,0,0,,0,0,0,0,0,0,0.0,0
5814,4.0,2024,Working,2,Engineering - Computer Science,Female,School of Engineering & Applied Science,1,5,303,3.5,1,1,0,0,1,1,0.0,0
5815,4.0,2024,Working,2,Engineering - Computer Science,Female,School of Engineering & Applied Science,1,5,303,3.8,1,1,0,0,1,1,0.0,0
5816,4.0,2024,Working,3,Education - Youth & Social Innovation,Female,School of Education and Human Development,1,0,12,,0,1,0,0,0,0,2.0,1
5817,4.0,2024,Continuing Education,1,Mathematics,Male,College and Graduate School of Arts & Sciences,0,2,38,4.0,0,1,1,0,1,0,2.0,1
5818,4.0,2024,Continuing Education,1,Mathematics,Male,College and Graduate School of Arts & Sciences,0,2,38,,0,1,1,0,1,0,2.0,1
5819,4.0,2024,Continuing Education,1,Biology,Female,College and Graduate School of Arts & Sciences,0,0,1,3.5,0,1,1,0,0,0,0.0,0
5820,4.0,2024,Working,1,Psychology,Female,College and Graduate School of Arts & Sciences,1,1,24,3.97,0,1,0,0,0,0,6.0,1
5821,4.0,2024,Still Looking,0,Media Studies,Male,College and Graduate School of Arts & Sciences,0,0,0,,0,0,0,1,0,0,0.0,0
5822,4.0,2024,Working,0,Engineering - Electrical Engineering,Male,School of Engineering & Applied Science,1,2,3,,0,0,0,0,1,0,0.0,0
5823,4.0,2024,Not Seeking,2,Economics,Male,College and Graduate School of Arts & Sciences,0,2,189,,0,1,0,0,1,1,0.0,0
5824,4.0,2024,Working,1,Computer Science - Interdisciplinary,Male,College and Graduate School of Arts & Sciences,1,8,210,3.54,0,1,0,0,1,1,0.0,0
5825,4.0,2024,Continuing Education,3,Engineering - Civil Engineering,Male,School of Engineering & Applied Science,0,6,2,3.79,0,1,1,0,1,0,0.0,0
5826,4.0,2024,Continuing Education,2,Education - Elementary Education,Female,School of Education and Human Development,0,1,1,,0,1,1,0,0,0,0.0,0
5827,4.0,2024,Working,1,Economics,Female,College and Graduate School of Arts & Sciences,1,6,143,,0,1,0,0,1,1,0.0,0
5828,4.0,2024,Working,0,Philosophy,Female,College and Graduate School of Arts & Sciences,1,0,0,,0,0,0,0,0,0,1.0,1
5829,4.0,2024,Working,1,Neuroscience - Interdisciplinary,Female,College and Graduate School of Arts & Sciences,1,0,46,,0,1,0,0,0,0,0.0,0
5830,4.0,2024,Continuing Education,1,Architecture - Urban & Environmental Planning,Female,School of Architecture,0,0,8,,0,1,1,0,0,0,0.0,0
5831,4.0,2024,Working,0,Biology,Female,College and Graduate School of Arts & Sciences,1,0,48,,0,0,0,0,0,1,5.0,1
5832,4.0,2024,Working,0,Biology,Female,College and Graduate School of Arts & Sciences,1,0,48,3.37,0,0,0,0,0,1,5.0,1
5833,4.0,2024,Working,1,Data Science,Male,School of Data Science,1,0,5,3.2,0,1,0,0,0,0,0.0,0
5834,4.0,2024,Continuing Education,0,Mathematics,Male,College and Graduate School of Arts & Sciences,0,1,0,,0,0,1,0,0,0,0.0,0
5835,4.0,2024,Working,0,Linguistics,Male,College and Graduate School of Arts & Sciences,1,0,0,,0,0,0,0,0,0,0.0,0
5836,4.0,2024,Still Looking,1,Engineering - Computer Engineering,Male,School of Engineering & Applied Science,0,2,12,3.86,0,1,0,1,1,0,2.0,1
5837,4.0,2024,Working,2,Economics,Male,College and Graduate School of Arts & Sciences,1,1,47,3.49,0,1,0,0,0,0,0.0,0
5838,4.0,2024,Continuing Education,0,English,Female,College and Graduate School of Arts & Sciences,0,0,7,,0,0,1,0,0,0,0.0,0
5839,4.0,2024,Working,2,Environmental Thought & Practice - Interdisciplinary,Female,College and Graduate School of Arts & Sciences,1,0,0,,0,1,0,0,0,0,5.0,1
5840,4.0,2024,Continuing Education,3,Computer Science,Male,College and Graduate School of Arts & Sciences,0,1,137,3.7,0,1,1,0,0,1,0.0,0
5841,4.0,2024,Continuing Education,0,Education - Speech Communication Disorders,Female,School of Education and Human Development,0,0,6,,0,0,1,0,0,0,0.0,0
5842,4.0,2024,Continuing Education,1,Economics,Male,College and Graduate School of Arts & Sciences,0,5,434,,0,1,1,0,1,1,0.0,0
5843,4.0,2024,Continuing Education,2,Engineering - Biomedical Engineering,Female,School of Engineering & Applied Science,0,4,37,4.0,0,1,1,0,1,0,0.0,0
5844,4.0,2024,Continuing Education,1,Education - Speech Communication Disorders,Female,School of Education and Human Development,0,0,20,,0,1,1,0,0,0,0.0,0
5845,4.0,2024,Still Looking,0,Mathematics,Male,College and Graduate School of Arts & Sciences,0,1,4,4.0,0,0,0,1,0,0,0.0,0
5846,4.0,2024,Working,2,Global Studies - Interdisciplinary,Female,College and Graduate School of Arts & Sciences,1,1,0,,0,1,0,0,0,0,0.0,0
5847,4.0,2024,Still Looking,2,Architecture - Landscape Architecture,Female,School of Architecture,0,0,25,,0,1,0,1,0,0,2.0,1
5848,4.0,2024,Still Looking,1,Architecture - Architectural History,Female,School of Architecture,0,4,49,,0,1,0,1,1,1,0.0,0
5849,4.0,2024,Still Looking,1,Architecture - Architectural History,Female,School of Architecture,0,4,49,4.46,0,1,0,1,1,1,0.0,0
5850,4.0,2024,Still Looking,3,Architecture,Female,School of Architecture,0,1,1,,0,1,0,1,0,0,0.0,0
5851,4.0,2024,Still Looking,1,Architecture,Female,School of Architecture,0,0,5,4.0,0,1,0,1,0,0,0.0,0
5852,4.0,2024,Still Looking,1,Architecture,Female,School of Architecture,0,0,5,3.5,0,1,0,1,0,0,0.0,0
5853,4.0,2024,Still Looking,1,Data Science,Male,School of Data Science,0,6,58,,0,1,0,1,1,1,0.0,0
5854,4.0,2024,Not Seeking,2,Architecture,Female,School of Architecture,0,0,0,3.9,1,1,0,0,0,0,1.0,1
5855,4.0,2024,Working,2,Engineering - Civil Engineering,Female,School of Engineering & Applied Science,1,5,11,,0,1,0,0,1,0,0.0,0
5856,4.0,2024,Working,2,Computer Science - Interdisciplinary,Male,College and Graduate School of Arts & Sciences,1,5,285,,0,1,0,0,1,1,0.0,0
5857,4.0,2024,Working,0,Architecture,Female,School of Architecture,1,1,16,,0,0,0,0,0,0,0.0,0
5858,4.0,2024,Still Looking,0,Global Studies - Interdisciplinary,Female,College and Graduate School of Arts & Sciences,0,0,19,,0,0,0,1,0,0,0.0,0
5859,4.0,2024,Still Looking,0,Global Studies - Interdisciplinary,Female,College and Graduate School of Arts & Sciences,0,0,19,3.7,0,0,0,1,0,0,0.0,0
5860,4.0,2024,Working,0,Engineering - Biomedical Engineering,Female,School of Engineering & Applied Science,1,3,5,,0,0,0,0,1,0,3.0,1
5861,4.0,2024,Working,3,Economics,Female,College and Graduate School of Arts & Sciences,1,6,850,,0,1,0,0,1,1,0.0,0
5862,4.0,2024,Working,0,Education - Special Education,Female,School of Education and Human Development,1,0,0,,0,0,0,0,0,0,0.0,0
5863,4.0,2024,Working,3,Engineering - Computer Science,Female,School of Engineering & Applied Science,1,0,2,3.95,0,1,0,0,0,0,0.0,0
5864,4.0,2024,Still Looking,0,Architecture,Male,School of Architecture,0,0,2,,0,0,0,1,0,0,0.0,0
5865,4.0,2024,Working,2,Engineering - Biomedical Engineering,Female,School of Engineering & Applied Science,1,5,54,,0,1,0,0,1,1,2.0,1
5866,4.0,2024,Working,3,Environmental Thought & Practice - Interdisciplinary,Female,College and Graduate School of Arts & Sciences,1,0,192,,0,1,0,0,0,1,0.0,0
5867,4.0,2024,Still Looking,0,Biology,Female,College and Graduate School of Arts & Sciences,0,0,238,4.47,0,0,0,1,0,1,0.0,0
5868,4.0,2024,Still Looking,0,Biology,Female,College and Graduate School of Arts & Sciences,0,0,238,3.75,0,0,0,1,0,1,0.0,0
5869,4.0,2024,Not Seeking,2,Cognitive Science - Interdisciplinary,Female,College and Graduate School of Arts & Sciences,0,2,0,3.67,1,1,0,0,1,0,0.0,0
5870,4.0,2024,Continuing Education,1,Education - Educational Psychology,Female,School of Education and Human Development,0,0,0,,0,1,1,0,0,0,0.0,0
5871,4.0,2024,Working,0,Biology,Male,College and Graduate School of Arts & Sciences,1,0,15,,0,0,0,0,0,0,0.0,0
5872,4.0,2024,Still Looking,2,Psychology,Female,College and Graduate School of Arts & Sciences,0,0,6,3.64,0,1,0,1,0,0,0.0,0
5873,4.0,2024,Still Looking,2,Psychology,Female,College and Graduate School of Arts & Sciences,0,0,6,3.61,0,1,0,1,0,0,0.0,0
5874,4.0,2024,Working,2,Computer Science,Male,College and Graduate School of Arts & Sciences,1,1,0,,0,1,0,0,0,0,0.0,0
5875,4.0,2024,Continuing Education,0,Chemistry,Female,College and Graduate School of Arts & Sciences,0,0,7,,0,0,1,0,0,0,1.0,1
5876,4.0,2024,Working,3,Engineering - Computer Science,Male,School of Engineering & Applied Science,1,6,60,4.0,0,1,0,0,1,1,0.0,0
5877,4.0,2024,Working,1,Computer Science - Interdisciplinary,Female,College and Graduate School of Arts & Sciences,1,1,30,,0,1,0,0,0,0,0.0,0
5878,4.0,2024,Fellowship,2,English,Female,College and Graduate School of Arts & Sciences,0,0,11,,0,1,0,0,0,0,0.0,0
5879,4.0,2024,Still Looking,3,Architecture,Female,School of Architecture,0,1,18,3.9,0,1,0,1,0,0,0.0,0
5880,4.0,2024,Still Looking,3,Architecture,Female,School of Architecture,0,1,18,4.0,0,1,0,1,0,0,0.0,0
5881,4.0,2024,Volunteering,2,Chemistry,Female,College and Graduate School of Arts & Sciences,0,2,59,3.8,0,1,0,0,1,1,0.0,0
5882,4.0,2024,Continuing Education,3,Engineering - Computer Science,Male,School of Engineering & Applied Science,0,2,8,4.78,0,1,1,0,1,0,0.0,0
5883,4.0,2024,Continuing Education,3,Engineering - Computer Science,Male,School of Engineering & Applied Science,0,2,8,3.96,0,1,1,0,1,0,0.0,0
5884,4.0,2024,Working,1,Nursing,Female,School of Nursing,1,0,2,,0,1,0,0,0,0,0.0,0
5885,4.0,2024,Still Looking,1,Economics,Male,College and Graduate School of Arts & Sciences,0,7,221,3.91,0,1,0,1,1,1,4.0,1
5886,4.0,2024,Still Looking,1,Applied Statistics,Male,College and Graduate School of Arts & Sciences,0,0,0,,0,1,0,1,0,0,0.0,0
5887,4.0,2024,Working,1,Nursing,Female,School of Nursing,1,0,1,,0,1,0,0,0,0,0.0,0
5888,4.0,2024,Still Looking,0,Nursing,Female,School of Nursing,0,0,4,,0,0,0,1,0,0,0.0,0
5889,4.0,2024,Still Looking,0,Computer Science - Interdisciplinary,Male,College and Graduate School of Arts & Sciences,0,3,70,0.0,0,0,0,1,1,1,0.0,0
5890,4.0,2024,Still Looking,0,Computer Science - Interdisciplinary,Male,College and Graduate School of Arts & Sciences,0,3,70,,0,0,0,1,1,1,0.0,0
5891,4.0,2024,Working,3,Education - Higher Education,Female,School of Education and Human Development,1,1,10,,0,1,0,0,0,0,0.0,0
5892,4.0,2024,Working,2,American Studies - Interdisciplinary,Male,College and Graduate School of Arts & Sciences,1,0,21,3.5,0,1,0,0,0,0,0.0,0
5893,4.0,2024,Working,3,Psychology,Female,College and Graduate School of Arts & Sciences,1,2,164,,0,1,0,0,1,1,6.0,1
5894,4.0,2024,Working,0,Data Science,Female,School of Data Science,1,1,41,,0,0,0,0,0,0,0.0,0
5895,4.0,2024,Continuing Education,0,East Asian Studies - Interdisciplinary,Male,College and Graduate School of Arts & Sciences,0,0,0,4.0,0,0,1,0,0,0,0.0,0
5896,4.0,2024,Continuing Education,0,East Asian Studies - Interdisciplinary,Male,College and Graduate School of Arts & Sciences,0,0,0,,0,0,1,0,0,0,0.0,0
5897,4.0,2024,Continuing Education,0,East Asian Studies - Interdisciplinary,Male,College and Graduate School of Arts & Sciences,0,0,0,4.09,0,0,1,0,0,0,0.0,0
5898,4.0,2024,Continuing Education,2,Biology,Female,College and Graduate School of Arts & Sciences,0,0,55,4.51,0,1,1,0,0,1,0.0,0
5899,4.0,2024,Continuing Education,2,Biology,Female,College and Graduate School of Arts & Sciences,0,0,55,,0,1,1,0,0,1,0.0,0
5900,4.0,2024,Working,0,Biology,Female,College and Graduate School of Arts & Sciences,1,0,4,3.6,0,0,0,0,0,0,0.0,0
5901,4.0,2024,Working,1,Engineering - Computer Science,Female,School of Engineering & Applied Science,1,0,153,,0,1,0,0,0,1,4.0,1
5902,4.0,2024,Working,0,Education - Counselor Education,Female,School of Education and Human Development,1,1,0,,0,0,0,0,0,0,0.0,0
5903,4.0,2024,Still Looking,0,Engineering - Aerospace Engineering,Male,School of Engineering & Applied Science,0,5,21,3.68,0,0,0,1,1,0,0.0,0
5904,4.0,2024,Continuing Education,1,Architecture,Male,School of Architecture,0,0,0,3.96,0,1,1,0,0,0,0.0,0
5905,4.0,2024,Continuing Education,3,Mathematics,Male,College and Graduate School of Arts & Sciences,0,0,360,,0,1,1,0,0,1,0.0,0
5906,4.0,2024,Continuing Education,3,Mathematics,Male,College and Graduate School of Arts & Sciences,0,0,360,3.7,0,1,1,0,0,1,0.0,0
5907,4.0,2024,Working,0,Engineering - Chemical Engineering,Female,School of Engineering & Applied Science,1,0,0,,0,0,0,0,0,0,0.0,0
5908,4.0,2024,Continuing Education,2,Global Studies - Interdisciplinary,Female,College and Graduate School of Arts & Sciences,0,0,22,,0,1,1,0,0,0,0.0,0
5909,4.0,2024,Continuing Education,2,Global Studies - Interdisciplinary,Female,College and Graduate School of Arts & Sciences,0,0,10,,0,1,1,0,0,0,0.0,0
5910,4.0,2024,Not Seeking,1,French,Female,College and Graduate School of Arts & Sciences,0,1,0,4.43,0,1,0,0,0,0,0.0,0
5911,4.0,2024,Still Looking,3,Global Studies - Interdisciplinary,Male,College and Graduate School of Arts & Sciences,0,13,36,3.8,0,1,0,1,1,0,0.0,0
5912,4.0,2024,Working,0,Education - Athletic Training,Female,School of Education and Human Development,1,0,0,,0,0,0,0,0,0,0.0,0
5913,4.0,2024,Still Looking,0,Engineering - Mechanical Engineering,Female,School of Engineering & Applied Science,0,5,97,2.6,0,0,0,1,1,1,0.0,0
5914,4.0,2024,Working,2,Psychology,Female,College and Graduate School of Arts & Sciences,1,0,0,,0,1,0,0,0,0,0.0,0
5915,4.0,2024,Working,1,Biology,Male,College and Graduate School of Arts & Sciences,1,1,47,3.8,0,1,0,0,0,0,0.0,0
5916,4.0,2024,Working,1,Philosophy,Male,College and Graduate School of Arts & Sciences,1,0,18,,0,1,0,0,0,0,1.0,1
5917,4.0,2024,Working,1,Engineering - Computer Science,Male,School of Engineering & Applied Science,1,2,27,,0,1,0,0,1,0,0.0,0
5918,4.0,2024,Working,3,Engineering - Civil Engineering,Male,School of Engineering & Applied Science,1,3,3,,0,1,0,0,1,0,0.0,0
5919,4.0,2024,Working,1,Engineering - Biomedical Engineering,Female,School of Engineering & Applied Science,1,8,326,3.12,0,1,0,0,1,1,1.0,1
5920,4.0,2024,Still Looking,0,Biology,Female,College and Graduate School of Arts & Sciences,0,0,0,,0,0,0,1,0,0,0.0,0
5921,4.0,2024,Military,0,Nursing,Female,School of Nursing,0,0,0,,0,0,0,0,0,0,0.0,0
5922,4.0,2024,Military,0,Nursing,Female,School of Nursing,0,0,0,3.8,0,0,0,0,0,0,0.0,0
5923,4.0,2024,Working,0,Biology,Female,College and Graduate School of Arts & Sciences,1,0,0,,0,0,0,0,0,0,2.0,1
5924,4.0,2024,Continuing Education,2,Biology,Male,College and Graduate School of Arts & Sciences,0,0,2,,0,1,1,0,0,0,0.0,0
5925,4.0,2024,Still Looking,2,Media Studies,Female,College and Graduate School of Arts & Sciences,0,3,60,3.6,0,1,0,1,1,1,0.0,0
5926,4.0,2024,Still Looking,2,Media Studies,Female,College and Graduate School of Arts & Sciences,0,3,60,,0,1,0,1,1,1,0.0,0
5927,4.0,2024,Continuing Education,3,Engineering - Electrical Engineering,Male,School of Engineering & Applied Science,0,4,530,4.35,0,1,1,0,1,1,0.0,0
5928,4.0,2024,Continuing Education,3,Engineering - Electrical Engineering,Male,School of Engineering & Applied Science,0,4,530,,0,1,1,0,1,1,0.0,0
5929,4.0,2024,Working,3,Education - Athletic Training,Female,School of Education and Human Development,1,0,14,,0,1,0,0,0,0,3.0,1
5930,4.0,2024,Working,3,Education - Athletic Training,Female,School of Education and Human Development,1,0,14,2.51,0,1,0,0,0,0,3.0,1
5931,4.0,2024,Working,1,Engineering - Chemical Engineering,Female,School of Engineering & Applied Science,1,4,68,,0,1,0,0,1,1,0.0,0
5932,4.0,2024,Working,1,Engineering - Chemical Engineering,Female,School of Engineering & Applied Science,1,4,68,3.25,0,1,0,0,1,1,0.0,0
5933,4.0,2024,Continuing Education,0,Economics,Male,College and Graduate School of Arts & Sciences,0,0,30,3.3,0,0,1,0,0,0,0.0,0
5934,4.0,2024,Continuing Education,0,Economics,Male,College and Graduate School of Arts & Sciences,0,0,30,3.61,0,0,1,0,0,0,0.0,0
5935,4.0,2024,Working,1,Human Biology - Interdisciplinary,Female,College and Graduate School of Arts & Sciences,1,0,9,,0,1,0,0,0,0,8.0,1
5936,4.0,2024,Still Looking,1,Cognitive Science - Interdisciplinary,Female,College and Graduate School of Arts & Sciences,0,2,90,3.75,0,1,0,1,1,1,0.0,0
5937,4.0,2024,Still Looking,1,Cognitive Science - Interdisciplinary,Female,College and Graduate School of Arts & Sciences,0,2,90,,0,1,0,1,1,1,0.0,0
5938,4.0,2024,Still Looking,1,Cognitive Science - Interdisciplinary,Female,College and Graduate School of Arts & Sciences,0,2,90,4.4,0,1,0,1,1,1,0.0,0
5939,4.0,2024,Still Looking,2,Foreign Affairs,Male,College and Graduate School of Arts & Sciences,0,5,146,,0,1,0,1,1,1,0.0,0
5940,4.0,2024,Still Looking,2,Foreign Affairs,Male,College and Graduate School of Arts & Sciences,0,5,146,3.59,0,1,0,1,1,1,0.0,0
5941,4.0,2024,Not Seeking,1,Engineering - Computer Science,Female,School of Engineering & Applied Science,0,5,616,,0,1,0,0,1,1,4.0,1
5942,4.0,2024,Working,1,Engineering - Computer Engineering,Female,School of Engineering & Applied Science,1,1,407,,0,1,0,0,0,1,0.0,0
5943,4.0,2024,Working,1,Economics,Male,College and Graduate School of Arts & Sciences,1,0,31,3.68,1,1,0,0,0,0,0.0,0
5944,4.0,2024,Working,1,Economics,Male,College and Graduate School of Arts & Sciences,1,0,31,4.4,1,1,0,0,0,0,0.0,0
5945,4.0,2024,Working,1,Economics,Male,College and Graduate School of Arts & Sciences,1,0,31,,1,1,0,0,0,0,0.0,0
5946,4.0,2024,Continuing Education,1,Biology,Male,College and Graduate School of Arts & Sciences,0,1,1,,1,1,1,0,0,0,2.0,1
5947,4.0,2024,Still Looking,3,Philosophy,Male,College and Graduate School of Arts & Sciences,0,2,0,4.4,0,1,0,1,1,0,0.0,0
5948,4.0,2024,Working,2,Computer Science,Female,College and Graduate School of Arts & Sciences,1,1,48,,0,1,0,0,0,1,0.0,0
5949,4.0,2024,Continuing Education,2,Economics,Male,College and Graduate School of Arts & Sciences,0,0,123,,0,1,1,0,0,1,0.0,0
5950,4.0,2024,Continuing Education,2,Economics,Male,College and Graduate School of Arts & Sciences,0,0,123,3.0,0,1,1,0,0,1,0.0,0
5951,4.0,2024,Still Looking,0,Computer Science - Interdisciplinary,Male,College and Graduate School of Arts & Sciences,0,1,0,,0,0,0,1,0,0,2.0,1
5952,4.0,2024,Continuing Education,2,Philosophy,Female,College and Graduate School of Arts & Sciences,0,1,70,,0,1,1,0,0,1,1.0,1
5953,4.0,2024,Military,2,Engineering - Computer Science,Male,School of Engineering & Applied Science,0,0,0,,0,1,0,0,0,0,0.0,0
5954,4.0,2024,Working,3,Education - Kinesiology,Male,School of Education and Human Development,1,2,39,3.45,0,1,0,0,1,0,11.0,1
5955,4.0,2024,Working,3,Education - Kinesiology,Male,School of Education and Human Development,1,2,39,,0,1,0,0,1,0,11.0,1
5956,4.0,2024,Working,1,Foreign Affairs,Male,College and Graduate School of Arts & Sciences,1,0,0,,0,1,0,0,0,0,0.0,0
5957,4.0,2024,Continuing Education,2,Applied Statistics,Female,College and Graduate School of Arts & Sciences,0,3,29,,0,1,1,0,1,0,7.0,1
5958,4.0,2024,Working,2,Applied Statistics,Female,College and Graduate School of Arts & Sciences,1,0,50,,0,1,0,0,0,1,1.0,1
5959,4.0,2024,Working,0,Economics,Female,College and Graduate School of Arts & Sciences,1,0,0,,0,0,0,0,0,0,0.0,0
5960,4.0,2024,Continuing Education,1,Architecture,Male,School of Architecture,0,0,13,,0,1,1,0,0,0,1.0,1
5961,4.0,2024,Working,0,Linguistics,Female,College and Graduate School of Arts & Sciences,1,0,0,,0,0,0,0,0,0,0.0,0
5962,4.0,2024,Fellowship,2,Computer Science - Interdisciplinary,Male,College and Graduate School of Arts & Sciences,0,1,42,,0,1,0,0,0,0,0.0,0
5963,4.0,2024,Still Looking,1,Engineering - Systems Engineering,Male,School of Engineering & Applied Science,0,3,2,,0,1,0,1,1,0,0.0,0
5964,4.0,2024,Working,0,Education - Elementary Education,Female,School of Education and Human Development,1,1,0,4.0,0,0,0,0,0,0,0.0,0
5965,4.0,2024,Working,0,Education - Elementary Education,Female,School of Education and Human Development,1,1,0,4.3,0,0,0,0,0,0,0.0,0
5966,4.0,2024,Working,0,Education - Elementary Education,Female,School of Education and Human Development,1,1,0,,0,0,0,0,0,0,0.0,0
5967,4.0,2024,Still Looking,0,Education - Kinesiology,Female,School of Education and Human Development,0,0,0,4.0,0,0,0,1,0,0,0.0,0
5968,4.0,2024,Still Looking,3,Environmental Sciences,Female,College and Graduate School of Arts & Sciences,0,19,686,3.5,1,1,0,1,1,1,0.0,0
5969,4.0,2024,Working,3,Environmental Thought & Practice - Interdisciplinary,Female,College and Graduate School of Arts & Sciences,1,0,16,3.52,0,1,0,0,0,0,0.0,0
5970,4.0,2024,Working,3,Environmental Thought & Practice - Interdisciplinary,Female,College and Graduate School of Arts & Sciences,1,0,16,,0,1,0,0,0,0,0.0,0
5971,4.0,2024,Still Looking,1,Computer Science,Female,College and Graduate School of Arts & Sciences,0,4,76,,0,1,0,1,1,1,0.0,0
5972,4.0,2024,Working,3,Religious Studies,Female,College and Graduate School of Arts & Sciences,1,0,20,4.75,1,1,0,0,0,0,2.0,1
5973,4.0,2024,Working,3,Religious Studies,Female,College and Graduate School of Arts & Sciences,1,0,20,3.62,1,1,0,0,0,0,2.0,1
5974,4.0,2024,Continuing Education,2,Environmental Sciences,Female,College and Graduate School of Arts & Sciences,0,0,32,4.0,0,1,1,0,0,0,0.0,0
5975,4.0,2024,Working,1,Engineering - Mechanical Engineering,Male,School of Engineering & Applied Science,1,8,241,3.4,0,1,0,0,1,1,0.0,0
5976,4.0,2024,Working,1,Engineering - Mechanical Engineering,Male,School of Engineering & Applied Science,1,8,241,3.91,0,1,0,0,1,1,0.0,0
5977,4.0,2024,Working,2,Computer Science - Interdisciplinary,Male,College and Graduate School of Arts & Sciences,1,1,0,3.86,0,1,0,0,0,0,0.0,0
5978,4.0,2024,Continuing Education,2,Global Studies - Interdisciplinary,Female,College and Graduate School of Arts & Sciences,0,1,20,,0,1,1,0,0,0,0.0,0
5979,4.0,2024,Working,3,Media Studies,Female,College and Graduate School of Arts & Sciences,1,4,35,,0,1,0,0,1,0,0.0,0
5980,4.0,2024,Continuing Education,3,Media Studies,Female,College and Graduate School of Arts & Sciences,0,0,3,,0,1,1,0,0,0,0.0,0
5981,4.0,2024,Continuing Education,0,American Studies - Interdisciplinary,Male,College and Graduate School of Arts & Sciences,0,1,0,,0,0,1,0,0,0,0.0,0
5982,4.0,2024,Continuing Education,2,Engineering - Aerospace Engineering,Male,School of Engineering & Applied Science,0,1,14,3.95,0,1,1,0,0,0,0.0,0
5983,4.0,2024,Working,1,Media Studies,Male,College and Graduate School of Arts & Sciences,1,0,11,,0,1,0,0,0,0,0.0,0
5984,4.0,2024,Working,2,Education - Social Studies Education,Male,School of Education and Human Development,1,1,0,,0,1,0,0,0,0,0.0,0
5985,4.0,2024,Continuing Education,1,Engineering - Biomedical Engineering,Female,School of Engineering & Applied Science,0,1,67,3.93,0,1,1,0,0,1,0.0,0
5986,4.0,2024,Working,2,Education - Counselor Education,Female,School of Education and Human Development,1,0,1,2.99,0,1,0,0,0,0,0.0,0
5987,4.0,2024,Working,2,Applied Statistics,Female,College and Graduate School of Arts & Sciences,1,28,220,3.6,0,1,0,0,1,1,1.0,1
5988,4.0,2024,Not Seeking,0,Education - Youth & Social Innovation,Female,School of Education and Human Development,0,0,2,3.7,0,0,0,0,0,0,0.0,0
5989,4.0,2024,Not Seeking,0,Psychology,Female,College and Graduate School of Arts & Sciences,0,1,0,,0,0,0,0,0,0,0.0,0
5990,4.0,2024,Still Looking,0,Computer Science - Interdisciplinary,Female,College and Graduate School of Arts & Sciences,0,11,39,,0,0,0,1,1,0,11.0,1
5991,4.0,2024,Working,2,Engineering - Mechanical & Aerospace Engineering,Female,School of Engineering & Applied Science,1,3,56,,0,1,0,0,1,1,0.0,0
5992,4.0,2024,Working,1,Computer Science - Interdisciplinary,Male,College and Graduate School of Arts & Sciences,1,1,24,3.84,0,1,0,0,0,0,0.0,0
5993,4.0,2024,Still Looking,2,Education - Elementary Education,Female,School of Education and Human Development,0,1,0,,0,1,0,1,0,0,0.0,0
5994,4.0,2024,Continuing Education,0,Engineering - Electrical Engineering,Male,School of Engineering & Applied Science,0,1,39,,0,0,1,0,0,0,1.0,1
5995,4.0,2024,Continuing Education,0,Engineering - Electrical Engineering,Male,School of Engineering & Applied Science,0,1,39,3.7,0,0,1,0,0,0,1.0,1
5996,4.0,2024,Continuing Education,0,English,Female,College and Graduate School of Arts & Sciences,0,0,0,,0,0,1,0,0,0,0.0,0
5997,4.0,2024,Still Looking,1,Linguistics,Male,College and Graduate School of Arts & Sciences,0,0,8,,0,1,0,1,0,0,0.0,0
5998,4.0,2024,Working,2,Engineering - Mechanical Engineering,Male,School of Engineering & Applied Science,1,1,23,,0,1,0,0,0,0,8.0,1
5999,4.0,2024,Working,3,Economics,Male,College and Graduate School of Arts & Sciences,1,2,93,4.0,0,1,0,0,1,1,0.0,0
6000,4.0,2024,Working,3,Economics,Male,College and Graduate School of Arts & Sciences,1,2,93,3.7,0,1,0,0,1,1,0.0,0
6001,4.0,2024,Working,0,Biology,Female,College and Graduate School of Arts & Sciences,1,0,0,3.8,0,0,0,0,0,0,1.0,1
6002,4.0,2024,Working,1,Engineering - Biomedical Engineering,Female,School of Engineering & Applied Science,1,9,70,,0,1,0,0,1,1,0.0,0
6003,4.0,2024,Continuing Education,3,History,Male,College and Graduate School of Arts & Sciences,0,0,6,,0,1,1,0,0,0,0.0,0
6004,4.0,2024,Continuing Education,1,Education - Kinesiology,Male,School of Education and Human Development,0,0,0,,0,1,1,0,0,0,2.0,1
6005,4.0,2024,Working,3,Education - Elementary Education,Female,School of Education and Human Development,1,1,5,,0,1,0,0,0,0,0.0,0
6006,4.0,2024,Working,3,Education - Special Education,Female,School of Education and Human Development,1,1,0,4.12,0,1,0,0,0,0,0.0,0
6007,4.0,2024,Working,3,Education - Special Education,Female,School of Education and Human Development,1,1,0,,0,1,0,0,0,0,0.0,0
6008,4.0,2024,Still Looking,0,Chemistry,Female,College and Graduate School of Arts & Sciences,0,3,40,2.64,0,0,0,1,1,0,6.0,1
6009,4.0,2024,Still Looking,0,Chemistry,Female,College and Graduate School of Arts & Sciences,0,3,40,3.52,0,0,0,1,1,0,6.0,1
6010,4.0,2024,Still Looking,0,Chemistry,Female,College and Graduate School of Arts & Sciences,0,3,40,3.65,0,0,0,1,1,0,6.0,1
6011,4.0,2024,Working,3,Engineering - Biomedical Engineering,Female,School of Engineering & Applied Science,1,1,127,4.6,0,1,0,0,0,1,0.0,0
6012,4.0,2024,Working,3,Engineering - Biomedical Engineering,Female,School of Engineering & Applied Science,1,1,127,3.7,0,1,0,0,0,1,0.0,0
6013,4.0,2024,Working,1,Engineering - Materials Science & Engineering,Male,School of Engineering & Applied Science,1,0,3,3.65,0,1,0,0,0,0,0.0,0
6014,4.0,2024,Still Looking,0,Chemistry,Female,College and Graduate School of Arts & Sciences,0,10,49,,0,0,0,1,1,1,0.0,0
6015,4.0,2024,Still Looking,1,Psychology,Female,College and Graduate School of Arts & Sciences,0,4,92,,0,1,0,1,1,1,2.0,1
6016,4.0,2024,Working,3,Global Studies - Interdisciplinary,Female,College and Graduate School of Arts & Sciences,1,6,38,,0,1,0,0,1,0,3.0,1
6017,4.0,2024,Continuing Education,3,Economics,Male,College and Graduate School of Arts & Sciences,0,0,40,3.7,1,1,1,0,0,0,0.0,0
6018,4.0,2024,Continuing Education,3,Economics,Male,College and Graduate School of Arts & Sciences,0,0,40,,1,1,1,0,0,0,0.0,0
6019,4.0,2024,Working,3,Engineering - Computer Science,Female,School of Engineering & Applied Science,1,2,4,3.6,0,1,0,0,1,0,0.0,0
6020,4.0,2024,Working,3,Engineering - Computer Science,Female,School of Engineering & Applied Science,1,2,4,3.95,0,1,0,0,1,0,0.0,0
6021,4.0,2024,Continuing Education,3,Biology,Female,College and Graduate School of Arts & Sciences,0,0,82,,0,1,1,0,0,1,0.0,0
6022,4.0,2024,Working,1,Engineering - Civil Engineering,Female,School of Engineering & Applied Science,1,5,105,3.6,0,1,0,0,1,1,0.0,0
6023,4.0,2024,Working,1,Engineering - Civil Engineering,Female,School of Engineering & Applied Science,1,5,105,4.4,0,1,0,0,1,1,0.0,0
6024,4.0,2024,Military,0,Astronomy,Male,College and Graduate School of Arts & Sciences,0,0,0,,0,0,0,0,0,0,0.0,0
6025,4.0,2024,Still Looking,1,Data Science,Male,School of Data Science,0,3,15,3.8,0,1,0,1,1,0,1.0,1
6026,4.0,2024,Still Looking,1,Data Science,Male,School of Data Science,0,3,15,3.5,0,1,0,1,1,0,1.0,1
6027,4.0,2024,Continuing Education,2,Mathematics,Female,College and Graduate School of Arts & Sciences,0,1,18,3.71,0,1,1,0,0,0,0.0,0
6028,4.0,2024,Working,2,Engineering - Systems Engineering,Male,School of Engineering & Applied Science,1,2,334,,0,1,0,0,1,1,1.0,1
6029,4.0,2024,Fellowship,0,Astronomy,Female,College and Graduate School of Arts & Sciences,0,2,21,,0,0,0,0,1,0,3.0,1
6030,4.0,2024,Still Looking,0,History,Male,College and Graduate School of Arts & Sciences,0,0,1,,0,0,0,1,0,0,0.0,0
6031,4.0,2024,Still Looking,0,Biology,Male,College and Graduate School of Arts & Sciences,0,0,6,,0,0,0,1,0,0,0.0,0
6032,4.0,2024,Still Looking,2,Computer Science,Male,College and Graduate School of Arts & Sciences,0,0,0,,0,1,0,1,0,0,0.0,0
6033,4.0,2024,Still Looking,2,Data Science,Male,School of Data Science,0,2,11,,0,1,0,1,1,0,0.0,0
6034,4.0,2024,Continuing Education,2,Engineering - Chemical Engineering,Female,School of Engineering & Applied Science,0,3,6,3.96,0,1,1,0,1,0,0.0,0
6035,4.0,2024,Working,0,Psychology,Female,College and Graduate School of Arts & Sciences,1,0,23,3.38,0,0,0,0,0,0,0.0,0
6036,4.0,2024,Working,0,Engineering - Materials Science & Engineering,Female,School of Engineering & Applied Science,1,0,9,,0,0,0,0,0,0,0.0,0
6037,4.0,2024,Continuing Education,0,Psychology,Male,College and Graduate School of Arts & Sciences,0,0,0,,0,0,1,0,0,0,0.0,0
6038,4.0,2024,Working,1,Foreign Affairs,Female,College and Graduate School of Arts & Sciences,1,3,33,,0,1,0,0,1,0,0.0,0
6039,4.0,2024,Still Looking,1,Spanish,Female,College and Graduate School of Arts & Sciences,0,0,0,,0,1,0,1,0,0,1.0,1
6040,4.0,2024,Still Looking,3,Cognitive Science - Interdisciplinary,Female,College and Graduate School of Arts & Sciences,0,12,550,3.6,0,1,0,1,1,1,0.0,0
6041,4.0,2024,Working,0,History,Female,College and Graduate School of Arts & Sciences,1,0,0,,0,0,0,0,0,0,0.0,0
6042,4.0,2024,Continuing Education,2,Chemistry,Female,College and Graduate School of Arts & Sciences,0,1,0,,0,1,1,0,0,0,0.0,0
6043,4.0,2024,Working,0,Biology,Female,College and Graduate School of Arts & Sciences,1,0,57,3.71,0,0,0,0,0,1,0.0,0
6044,4.0,2024,Working,0,Biology,Female,College and Graduate School of Arts & Sciences,1,0,57,,0,0,0,0,0,1,0.0,0
6045,4.0,2024,Continuing Education,0,History,Male,College and Graduate School of Arts & Sciences,0,0,0,,0,0,1,0,0,0,0.0,0
6046,4.0,2024,Working,3,Computer Science,Female,College and Graduate School of Arts & Sciences,1,26,86,3.8,0,1,0,0,1,1,0.0,0
6047,4.0,2024,Continuing Education,2,Psychology,Female,College and Graduate School of Arts & Sciences,0,0,236,3.81,1,1,1,0,0,1,1.0,1
6048,4.0,2024,Continuing Education,2,Psychology,Female,College and Graduate School of Arts & Sciences,0,0,236,3.92,1,1,1,0,0,1,1.0,1
6049,4.0,2024,Working,1,Engineering - Chemical Engineering,Male,School of Engineering & Applied Science,1,4,26,,0,1,0,0,1,0,0.0,0
6050,4.0,2024,Working,1,Engineering - Civil Engineering,Male,School of Engineering & Applied Science,1,5,635,3.54,0,1,0,0,1,1,6.0,1
6051,4.0,2024,Working,1,Engineering - Civil Engineering,Male,School of Engineering & Applied Science,1,5,635,,0,1,0,0,1,1,6.0,1
6052,4.0,2024,Working,0,Education - Elementary Education,Female,School of Education and Human Development,1,1,12,,0,0,0,0,0,0,0.0,0
6053,4.0,2024,Still Looking,1,Environmental Sciences,Male,College and Graduate School of Arts & Sciences,0,0,0,3.69,0,1,0,1,0,0,0.0,0
6054,4.0,2024,Still Looking,1,Environmental Sciences,Male,College and Graduate School of Arts & Sciences,0,0,0,3.83,0,1,0,1,0,0,0.0,0
6055,4.0,2024,Working,0,Education - Curriculum & Instruction,Female,School of Education and Human Development,1,0,0,,0,0,0,0,0,0,0.0,0
6056,4.0,2024,Still Looking,0,Psychology,Male,College and Graduate School of Arts & Sciences,0,0,3,3.97,0,0,0,1,0,0,0.0,0
6057,4.0,2024,Still Looking,0,Psychology,Male,College and Graduate School of Arts & Sciences,0,0,3,4.38,0,0,0,1,0,0,0.0,0
6058,4.0,2024,Continuing Education,1,Media Culture & Technology,Female,College and Graduate School of Arts & Sciences,0,0,9,,0,1,1,0,0,0,0.0,0
6059,4.0,2024,Still Looking,0,Cognitive Science - Interdisciplinary,Female,College and Graduate School of Arts & Sciences,0,4,62,,0,0,0,1,1,1,0.0,0
6060,4.0,2024,Continuing Education,2,Foreign Affairs,Female,College and Graduate School of Arts & Sciences,0,3,23,3.94,1,1,1,0,1,0,0.0,0
6061,4.0,2024,Working,3,Cognitive Science - Interdisciplinary,Female,College and Graduate School of Arts & Sciences,1,3,0,,0,1,0,0,1,0,0.0,0
6062,4.0,2024,Continuing Education,0,Psychology,Female,College and Graduate School of Arts & Sciences,0,0,0,,0,0,1,0,0,0,0.0,0
6063,4.0,2024,Working,1,Engineering - Computer Science,Male,School of Engineering & Applied Science,1,10,257,3.76,0,1,0,0,1,1,8.0,1
6064,4.0,2024,Continuing Education,0,Psychology,Male,College and Graduate School of Arts & Sciences,0,0,3,,0,0,1,0,0,0,0.0,0
6065,4.0,2024,Working,3,Engineering - Computer Science,Male,School of Engineering & Applied Science,1,0,186,4.0,0,1,0,0,0,1,0.0,0
6066,4.0,2024,Working,0,Psychology,Female,College and Graduate School of Arts & Sciences,1,0,49,3.95,0,0,0,0,0,1,3.0,1
6067,4.0,2024,Working,0,Psychology,Female,College and Graduate School of Arts & Sciences,1,0,49,4.52,0,0,0,0,0,1,3.0,1
6068,4.0,2024,Continuing Education,2,Statistics,Female,College and Graduate School of Arts & Sciences,0,2,49,,0,1,1,0,1,1,0.0,0
6069,4.0,2024,Still Looking,2,Engineering - Computer Science,Male,School of Engineering & Applied Science,0,0,48,,0,1,0,1,0,1,0.0,0
6070,4.0,2024,Working,2,Engineering - Mechanical Engineering,Male,School of Engineering & Applied Science,1,11,257,4.6,0,1,0,0,1,1,0.0,0
6071,4.0,2024,Working,2,Engineering - Mechanical Engineering,Male,School of Engineering & Applied Science,1,11,257,3.38,0,1,0,0,1,1,0.0,0
6072,4.0,2024,Working,0,Education - Curriculum & Instruction,Female,School of Education and Human Development,1,0,0,4.0,0,0,0,0,0,0,0.0,0
6073,4.0,2024,Working,0,Engineering - Electrical Engineering,Male,School of Engineering & Applied Science,1,0,5,3.87,0,0,0,0,0,0,0.0,0
6074,4.0,2024,Working,0,Engineering - Electrical Engineering,Male,School of Engineering & Applied Science,1,0,5,3.56,0,0,0,0,0,0,0.0,0
6075,4.0,2024,Working,3,Engineering - Computer Science,Male,School of Engineering & Applied Science,1,4,465,,0,1,0,0,1,1,0.0,0
6076,4.0,2024,Working,3,Engineering - Computer Science,Male,School of Engineering & Applied Science,1,4,465,4.5,0,1,0,0,1,1,0.0,0
6077,4.0,2024,Still Looking,0,English,Male,College and Graduate School of Arts & Sciences,0,0,0,,0,0,0,1,0,0,0.0,0
6078,4.0,2024,Still Looking,0,English,Male,College and Graduate School of Arts & Sciences,0,0,0,3.46,0,0,0,1,0,0,0.0,0
6079,4.0,2024,Working,0,Nursing,Female,School of Nursing,1,0,0,,0,0,0,0,0,0,0.0,0
6080,4.0,2024,Working,1,Education - Curriculum & Instruction,Female,School of Education and Human Development,1,1,5,4.0,0,1,0,0,0,0,0.0,0
6081,4.0,2024,Working,1,Computer Science,Female,College and Graduate School of Arts & Sciences,1,3,65,,0,1,0,0,1,1,0.0,0
6082,4.0,2024,Still Looking,2,Chemistry,Female,College and Graduate School of Arts & Sciences,0,0,353,,0,1,0,1,0,1,0.0,0
6083,4.0,2024,Still Looking,0,Economics,Male,College and Graduate School of Arts & Sciences,0,5,3,,0,0,0,1,1,0,0.0,0
6084,4.0,2024,Still Looking,0,Economics,Male,College and Graduate School of Arts & Sciences,0,5,3,3.8,0,0,0,1,1,0,0.0,0
6085,4.0,2024,Working,2,Engineering - Computer Science,Male,School of Engineering & Applied Science,1,0,119,,0,1,0,0,0,1,0.0,0
6086,4.0,2024,Not Seeking,2,History,Female,College and Graduate School of Arts & Sciences,0,0,4,4.63,0,1,0,0,0,0,0.0,0
6087,4.0,2024,Not Seeking,2,History,Female,College and Graduate School of Arts & Sciences,0,0,4,3.85,0,1,0,0,0,0,0.0,0
6088,4.0,2024,Still Looking,1,Education - Youth & Social Innovation,Female,School of Education and Human Development,0,0,92,,0,1,0,1,0,1,0.0,0
6089,4.0,2024,Working,2,Engineering - Electrical Engineering,Male,School of Engineering & Applied Science,1,1,1,,0,1,0,0,0,0,0.0,0
6090,4.0,2024,Continuing Education,2,Architecture,Female,School of Architecture,0,1,17,3.8,0,1,1,0,0,0,0.0,0
6091,4.0,2024,Still Looking,0,Biology,Male,College and Graduate School of Arts & Sciences,0,4,94,,0,0,0,1,1,1,0.0,0
6092,4.0,2024,Continuing Education,2,Architecture,Female,School of Architecture,0,0,0,,0,1,1,0,0,0,0.0,0
6093,4.0,2024,Working,0,Spanish,Female,College and Graduate School of Arts & Sciences,1,0,14,,0,0,0,0,0,0,0.0,0
6094,4.0,2024,Still Looking,0,Interdisciplinary (SCPS-BIS),Male,School of Continuing and Professional Studies,0,0,17,,0,0,0,1,0,0,0.0,0
6095,4.0,2024,Continuing Education,0,Applied Statistics,Female,College and Graduate School of Arts & Sciences,0,0,0,,0,0,1,0,0,0,0.0,0
6096,4.0,2024,Still Looking,1,Astronomy,Female,College and Graduate School of Arts & Sciences,0,0,2,,0,1,0,1,0,0,0.0,0
6097,4.0,2024,Still Looking,0,Global Studies - Interdisciplinary,Female,College and Graduate School of Arts & Sciences,0,0,106,3.98,0,0,0,1,0,1,0.0,0
6098,4.0,2024,Still Looking,0,African-American & African Studies,Male,College and Graduate School of Arts & Sciences,0,3,30,,0,0,0,1,1,0,0.0,0
6099,4.0,2024,Still Looking,2,Architecture,Male,School of Architecture,0,1,90,,1,1,0,1,0,1,0.0,0
6100,4.0,2024,Continuing Education,2,Architecture - Urban & Environmental Planning,Female,School of Architecture,0,11,342,3.85,0,1,1,0,1,1,11.0,1
6101,4.0,2024,Continuing Education,2,Architecture - Urban & Environmental Planning,Female,School of Architecture,0,11,342,,0,1,1,0,1,1,11.0,1
6102,4.0,2024,Working,2,Architecture - Urban & Environmental Planning,Male,School of Architecture,1,1,20,,0,1,0,0,0,0,0.0,0
6103,4.0,2024,Working,0,American Studies - Interdisciplinary,Female,College and Graduate School of Arts & Sciences,1,0,10,,0,0,0,0,0,0,8.0,1
6104,4.0,2024,Still Looking,2,Architecture,Male,School of Architecture,0,0,49,4.2,0,1,0,1,0,1,0.0,0
6105,4.0,2024,Working,2,Architecture,Female,School of Architecture,1,0,0,3.85,0,1,0,0,0,0,1.0,1
6106,4.0,2024,Working,3,English,Female,College and Graduate School of Arts & Sciences,1,2,57,3.1,0,1,0,0,1,1,0.0,0
6107,4.0,2024,Still Looking,2,Engineering - Computer Science,Female,School of Engineering & Applied Science,0,26,88,,0,1,0,1,1,1,1.0,1
6108,4.0,2024,Working,3,Architecture,Female,School of Architecture,1,2,7,3.75,0,1,0,0,1,0,0.0,0
6109,4.0,2024,Working,1,Engineering - Systems Engineering,Female,School of Engineering & Applied Science,1,11,134,,0,1,0,0,1,1,0.0,0
6110,4.0,2024,Continuing Education,2,Global Studies - Interdisciplinary,Female,College and Graduate School of Arts & Sciences,0,0,8,,0,1,1,0,0,0,6.0,1
6111,4.0,2024,Continuing Education,0,Engineering - Biomedical Engineering,Male,School of Engineering & Applied Science,0,2,1,,0,0,1,0,1,0,0.0,0
6112,4.0,2024,Working,0,Biophysics,Female,School of Medicine,1,1,5,,0,0,0,0,0,0,0.0,0
6113,4.0,2024,Working,2,Engineering - Systems Engineering,Male,School of Engineering & Applied Science,1,17,93,,0,1,0,0,1,1,5.0,1
6114,4.0,2024,Working,2,Cognitive Science - Interdisciplinary,Female,College and Graduate School of Arts & Sciences,1,0,0,,0,1,0,0,0,0,0.0,0
6115,4.0,2024,Still Looking,0,Education - Special Education,Female,School of Education and Human Development,0,0,1,,0,0,0,1,0,0,0.0,0
6116,4.0,2024,Working,3,Engineering - Systems Engineering,Female,School of Engineering & Applied Science,1,19,147,,0,1,0,0,1,1,0.0,0
6117,4.0,2024,Continuing Education,0,Foreign Affairs,Female,College and Graduate School of Arts & Sciences,0,2,25,,0,0,1,0,1,0,0.0,0
6118,4.0,2024,Continuing Education,2,Chemistry,Female,College and Graduate School of Arts & Sciences,0,1,29,,0,1,1,0,0,0,0.0,0
6119,4.0,2024,Still Looking,0,Economics,Male,College and Graduate School of Arts & Sciences,0,3,269,3.6,0,0,0,1,1,1,0.0,0
6120,4.0,2024,Still Looking,0,Economics,Male,College and Graduate School of Arts & Sciences,0,3,269,4.2,0,0,0,1,1,1,0.0,0
6121,4.0,2024,Still Looking,0,Education - Speech Communication Disorders,Female,School of Education and Human Development,0,0,24,,0,0,0,1,0,0,0.0,0
6122,4.0,2024,Still Looking,0,Interdisciplinary (SCPS-BIS),Female,School of Continuing and Professional Studies,0,0,0,4.0,0,0,0,1,0,0,0.0,0
6123,4.0,2024,Continuing Education,0,Education - Kinesiology,Male,School of Education and Human Development,0,0,0,4.0,0,0,1,0,0,0,1.0,1
6124,4.0,2024,Working,1,Nursing,Female,School of Nursing,1,0,0,,0,1,0,0,0,0,0.0,0
6125,4.0,2024,Working,0,Psychology,Female,College and Graduate School of Arts & Sciences,1,1,32,,0,0,0,0,0,0,0.0,0
6126,4.0,2024,Working,0,Psychology,Female,College and Graduate School of Arts & Sciences,1,1,32,4.59,0,0,0,0,0,0,0.0,0
6127,4.0,2024,Not Seeking,0,Engineering - Electrical Engineering,Male,School of Engineering & Applied Science,0,0,0,3.27,0,0,0,0,0,0,0.0,0
6128,4.0,2024,Working,2,Engineering - Computer Science,Male,School of Engineering & Applied Science,1,10,161,,0,1,0,0,1,1,0.0,0
6129,4.0,2024,Working,0,Environmental Sciences,Male,College and Graduate School of Arts & Sciences,1,0,1,,0,0,0,0,0,0,0.0,0
6130,4.0,2024,Continuing Education,1,Engineering - Aerospace Engineering,Male,School of Engineering & Applied Science,0,3,41,3.3,0,1,1,0,1,0,7.0,1
6131,4.0,2024,Continuing Education,0,Mathematics,Male,College and Graduate School of Arts & Sciences,0,0,0,,0,0,1,0,0,0,0.0,0
6132,4.0,2024,Still Looking,3,Psychology,Female,College and Graduate School of Arts & Sciences,0,1,93,3.0,0,1,0,1,0,1,0.0,0
6133,4.0,2024,Working,2,Neuroscience - Interdisciplinary,Female,College and Graduate School of Arts & Sciences,1,1,3,,0,1,0,0,0,0,2.0,1
6134,4.0,2024,Continuing Education,0,Biology,Female,College and Graduate School of Arts & Sciences,0,0,0,,0,0,1,0,0,0,0.0,0
6135,4.0,2024,Working,2,Engineering - Systems Engineering,Male,School of Engineering & Applied Science,1,2,330,3.89,0,1,0,0,1,1,0.0,0
6136,4.0,2024,Working,2,Engineering - Systems Engineering,Male,School of Engineering & Applied Science,1,2,330,,0,1,0,0,1,1,0.0,0
6137,4.0,2024,Military,1,Foreign Affairs,Male,College and Graduate School of Arts & Sciences,0,0,1,,0,1,0,0,0,0,0.0,0
6138,4.0,2024,Working,3,Education - Early Childhood Development,Female,School of Education and Human Development,1,0,1,,0,1,0,0,0,0,0.0,0
6139,4.0,2024,Working,2,Global Studies - Interdisciplinary,Male,College and Graduate School of Arts & Sciences,1,0,4,3.86,0,1,0,0,0,0,0.0,0
6140,4.0,2024,Working,2,Global Studies - Interdisciplinary,Male,College and Graduate School of Arts & Sciences,1,0,4,3.98,0,1,0,0,0,0,0.0,0
6141,4.0,2024,Working,1,Music,Male,College and Graduate School of Arts & Sciences,1,0,20,,0,1,0,0,0,0,0.0,0
6142,4.0,2024,Working,1,Psychology,Female,College and Graduate School of Arts & Sciences,1,2,54,,0,1,0,0,1,1,6.0,1
6143,4.0,2024,Working,2,Education - Kinesiology,Female,School of Education and Human Development,1,2,0,3.89,0,1,0,0,1,0,4.0,1
6144,4.0,2024,Still Looking,2,Archaeology - Interdisciplinary,Female,College and Graduate School of Arts & Sciences,0,0,32,,0,1,0,1,0,0,2.0,1
6145,4.0,2024,Still Looking,0,Cognitive Science - Interdisciplinary,Male,College and Graduate School of Arts & Sciences,0,0,1,4.0,0,0,0,1,0,0,0.0,0
6146,4.0,2024,Working,3,Engineering - Biomedical Engineering,Male,School of Engineering & Applied Science,1,0,10,3.6,0,1,0,0,0,0,0.0,0
6147,4.0,2024,Still Looking,1,Foreign Affairs,Female,College and Graduate School of Arts & Sciences,0,3,44,3.4,1,1,0,1,1,0,3.0,1
6148,4.0,2024,Still Looking,1,Foreign Affairs,Female,College and Graduate School of Arts & Sciences,0,3,44,3.8,1,1,0,1,1,0,3.0,1
6149,4.0,2024,Working,2,Chemistry,Female,College and Graduate School of Arts & Sciences,1,3,77,,0,1,0,0,1,1,0.0,0
6150,4.0,2024,Still Looking,0,Engineering - Chemical Engineering,Female,School of Engineering & Applied Science,0,1,21,,0,0,0,1,0,0,0.0,0
6151,4.0,2024,Working,2,Computer Science,Female,College and Graduate School of Arts & Sciences,1,3,11,3.64,0,1,0,0,1,0,0.0,0
6152,4.0,2024,Still Looking,1,Engineering - Biomedical Engineering,Female,School of Engineering & Applied Science,0,3,10,2.78,0,1,0,1,1,0,0.0,0
6153,4.0,2024,Still Looking,1,Engineering - Biomedical Engineering,Female,School of Engineering & Applied Science,0,3,10,,0,1,0,1,1,0,0.0,0
6154,4.0,2024,Still Looking,2,Biology,Female,College and Graduate School of Arts & Sciences,0,1,351,,0,1,0,1,0,1,0.0,0
6155,4.0,2024,Working,2,Foreign Affairs,Female,College and Graduate School of Arts & Sciences,1,0,0,,0,1,0,0,0,0,0.0,0
6156,4.0,2024,Still Looking,1,Engineering - Chemical Engineering,Female,School of Engineering & Applied Science,0,0,10,,0,1,0,1,0,0,0.0,0
6157,4.0,2024,Working,3,Political & Social Thought - Interdisciplinary,Female,College and Graduate School of Arts & Sciences,1,20,484,3.85,1,1,0,0,1,1,0.0,0
6158,4.0,2024,Working,3,Political & Social Thought - Interdisciplinary,Female,College and Graduate School of Arts & Sciences,1,20,484,,1,1,0,0,1,1,0.0,0
6159,4.0,2024,Working,3,Education - Elementary Education,Female,School of Education and Human Development,1,1,7,3.92,0,1,0,0,0,0,1.0,1
6160,4.0,2024,Working,3,Education - Elementary Education,Female,School of Education and Human Development,1,1,7,,0,1,0,0,0,0,1.0,1
6161,4.0,2024,Working,3,Education - Elementary Education,Female,School of Education and Human Development,1,1,7,3.82,0,1,0,0,0,0,1.0,1
6162,4.0,2024,Still Looking,0,Engineering - Systems Engineering,Male,School of Engineering & Applied Science,0,5,41,3.18,0,0,0,1,1,0,1.0,1
6163,4.0,2024,Still Looking,0,Engineering - Systems Engineering,Male,School of Engineering & Applied Science,0,5,41,4.65,0,0,0,1,1,0,1.0,1
6164,4.0,2024,Still Looking,1,Applied Statistics,Male,College and Graduate School of Arts & Sciences,0,6,81,3.63,0,1,0,1,1,1,2.0,1
6165,4.0,2024,Working,1,Spanish,Male,College and Graduate School of Arts & Sciences,1,4,204,,0,1,0,0,1,1,2.0,1
6166,4.0,2024,Working,2,Education - Counselor Education,Female,School of Education and Human Development,1,1,0,3.9,0,1,0,0,0,0,0.0,0
6167,4.0,2024,Working,0,Data Science,Male,School of Data Science,1,2,11,,0,0,0,0,1,0,0.0,0
6168,4.0,2024,Still Looking,2,Education - English Education,Female,School of Education and Human Development,0,1,0,4.0,0,1,0,1,0,0,0.0,0
6169,4.0,2024,Still Looking,0,Engineering - Systems Engineering,Female,School of Engineering & Applied Science,0,0,14,,0,0,0,1,0,0,0.0,0
6170,4.0,2024,Working,3,Engineering - Civil Engineering,Male,School of Engineering & Applied Science,1,2,1,,0,1,0,0,1,0,1.0,1
6171,4.0,2024,Working,3,Engineering - Civil Engineering,Male,School of Engineering & Applied Science,1,2,1,3.6,0,1,0,0,1,0,1.0,1
6172,4.0,2024,Working,3,Engineering - Civil Engineering,Male,School of Engineering & Applied Science,1,2,1,5.0,0,1,0,0,1,0,1.0,1
6173,4.0,2024,Continuing Education,1,Engineering - Computer Science,Male,School of Engineering & Applied Science,0,2,148,3.8,0,1,1,0,1,1,0.0,0
6174,4.0,2024,Continuing Education,1,Engineering - Computer Science,Male,School of Engineering & Applied Science,0,2,148,3.76,0,1,1,0,1,1,0.0,0
6175,4.0,2024,Continuing Education,1,Engineering - Computer Science,Male,School of Engineering & Applied Science,0,2,148,3.81,0,1,1,0,1,1,0.0,0
6176,4.0,2024,Not Seeking,3,Sociology,Female,College and Graduate School of Arts & Sciences,0,0,45,4.0,0,1,0,0,0,0,0.0,0
6177,4.0,2024,Not Seeking,3,Sociology,Female,College and Graduate School of Arts & Sciences,0,0,45,3.91,0,1,0,0,0,0,0.0,0
6178,4.0,2024,Not Seeking,3,Sociology,Female,College and Graduate School of Arts & Sciences,0,0,45,,0,1,0,0,0,0,0.0,0
6179,4.0,2024,Not Seeking,3,Sociology,Female,College and Graduate School of Arts & Sciences,0,0,45,3.89,0,1,0,0,0,0,0.0,0
6180,4.0,2024,Continuing Education,3,Public Health,Female,School of Medicine,0,0,0,,0,1,1,0,0,0,1.0,1
6181,4.0,2024,Working,2,Biology,Female,College and Graduate School of Arts & Sciences,1,0,19,,0,1,0,0,0,0,0.0,0
6182,4.0,2024,Still Looking,3,Biology,Female,College and Graduate School of Arts & Sciences,0,0,16,,0,1,0,1,0,0,0.0,0
6183,4.0,2024,Continuing Education,3,Cognitive Science - Interdisciplinary,Female,College and Graduate School of Arts & Sciences,0,1,18,3.92,0,1,1,0,0,0,0.0,0
6184,4.0,2024,Continuing Education,3,Cognitive Science - Interdisciplinary,Female,College and Graduate School of Arts & Sciences,0,1,18,4.84,0,1,1,0,0,0,0.0,0
6185,4.0,2024,Continuing Education,0,American Studies - Interdisciplinary,Female,College and Graduate School of Arts & Sciences,0,0,0,,0,0,1,0,0,0,0.0,0
6186,4.0,2024,Working,1,Engineering - Chemical Engineering,Male,School of Engineering & Applied Science,1,4,21,3.63,0,1,0,0,1,0,0.0,0
6187,4.0,2024,Still Looking,1,Biology,Male,College and Graduate School of Arts & Sciences,0,0,0,3.65,0,1,0,1,0,0,0.0,0
6188,4.0,2024,Working,1,Biology,Female,College and Graduate School of Arts & Sciences,1,0,58,,0,1,0,0,0,1,0.0,0
6189,4.0,2024,Working,0,Nursing,Female,School of Nursing,1,0,0,,0,0,0,0,0,0,0.0,0
6190,4.0,2024,Working,0,Data Science,Female,School of Data Science,1,9,25,4.0,0,0,0,0,1,0,0.0,0
6191,4.0,2024,Still Looking,2,Global Studies - Interdisciplinary,Female,College and Graduate School of Arts & Sciences,0,0,38,,0,1,0,1,0,0,0.0,0
6192,4.0,2024,Not Seeking,0,Biology,Female,College and Graduate School of Arts & Sciences,0,0,7,3.6,0,0,0,0,0,0,0.0,0
6193,4.0,2024,Working,2,Biology,Female,College and Graduate School of Arts & Sciences,1,1,158,3.8,1,1,0,0,0,1,6.0,1
6194,4.0,2024,Working,0,Education - Mathematics Education,Female,School of Education and Human Development,1,2,12,,0,0,0,0,1,0,0.0,0
6195,4.0,2024,Working,0,Education - Mathematics Education,Female,School of Education and Human Development,1,2,12,4.0,0,0,0,0,1,0,0.0,0
6196,4.0,2024,Working,0,Chemistry,Female,College and Graduate School of Arts & Sciences,1,0,2,,0,0,0,0,0,0,0.0,0
6197,4.0,2024,Continuing Education,3,Engineering - Chemical Engineering,Male,School of Engineering & Applied Science,0,0,145,3.82,0,1,1,0,0,1,0.0,0
6198,4.0,2024,Still Looking,0,Engineering - Computer Engineering,Male,School of Engineering & Applied Science,0,2,0,,0,0,0,1,1,0,0.0,0
6199,4.0,2024,Working,1,Economics,Male,College and Graduate School of Arts & Sciences,1,2,0,4.0,0,1,0,0,1,0,0.0,0
6200,4.0,2024,Working,1,Foreign Affairs,Male,College and Graduate School of Arts & Sciences,1,2,10,,0,1,0,0,1,0,0.0,0
6201,4.0,2024,Working,1,History,Male,College and Graduate School of Arts & Sciences,1,2,4,,0,1,0,0,1,0,0.0,0
6202,4.0,2024,Working,0,Engineering - Civil Engineering,Female,School of Engineering & Applied Science,1,3,9,3.97,0,0,0,0,1,0,0.0,0
6203,4.0,2024,Working,0,Engineering - Civil Engineering,Female,School of Engineering & Applied Science,1,3,9,3.76,0,0,0,0,1,0,0.0,0
6204,4.0,2024,Working,0,Engineering - Civil Engineering,Female,School of Engineering & Applied Science,1,3,9,,0,0,0,0,1,0,0.0,0
6205,4.0,2024,Working,1,Nursing,Female,School of Nursing,1,0,0,,0,1,0,0,0,0,0.0,0
6206,4.0,2024,Still Looking,0,Psychology,Female,College and Graduate School of Arts & Sciences,0,0,2,,0,0,0,1,0,0,0.0,0
6207,4.0,2024,Continuing Education,0,Engineering - Computer Science,Male,School of Engineering & Applied Science,0,1,28,4.45,0,0,1,0,0,0,0.0,0
6208,4.0,2024,Continuing Education,0,Engineering - Computer Science,Male,School of Engineering & Applied Science,0,1,28,3.98,0,0,1,0,0,0,0.0,0
6209,4.0,2024,Working,1,Media Studies,Female,College and Graduate School of Arts & Sciences,1,6,160,3.56,0,1,0,0,1,1,3.0,1
6210,4.0,2024,Working,0,Biology,Female,College and Graduate School of Arts & Sciences,1,0,28,3.74,0,0,0,0,0,0,2.0,1
6211,4.0,2024,Still Looking,0,Applied Statistics,Male,College and Graduate School of Arts & Sciences,0,3,36,3.65,0,0,0,1,1,0,0.0,0
6212,4.0,2024,Working,2,Architecture,Male,School of Architecture,1,1,11,,0,1,0,0,0,0,0.0,0
6213,4.0,2024,Continuing Education,0,Cognitive Science - Interdisciplinary,Male,College and Graduate School of Arts & Sciences,0,0,0,,0,0,1,0,0,0,1.0,1
6214,4.0,2024,Continuing Education,2,Architecture,Female,School of Architecture,0,0,2,3.77,0,1,1,0,0,0,0.0,0
6215,4.0,2024,Military,2,Engineering - Systems Engineering,Male,School of Engineering & Applied Science,0,0,35,3.5,0,1,0,0,0,0,0.0,0
6216,4.0,2024,Military,2,Engineering - Systems Engineering,Male,School of Engineering & Applied Science,0,0,35,4.82,0,1,0,0,0,0,0.0,0
6217,4.0,2024,Still Looking,2,Government,Female,College and Graduate School of Arts & Sciences,0,1,53,,0,1,0,1,0,1,8.0,1
6218,4.0,2024,Still Looking,2,Government,Female,College and Graduate School of Arts & Sciences,0,1,53,4.36,0,1,0,1,0,1,8.0,1
6219,4.0,2024,Still Looking,1,Education - Counselor Education,Female,School of Education and Human Development,0,2,1,3.9,0,1,0,1,1,0,0.0,0
6220,4.0,2024,Continuing Education,3,Political & Social Thought - Interdisciplinary,Female,College and Graduate School of Arts & Sciences,0,2,54,,0,1,1,0,1,1,2.0,1
6221,4.0,2024,Still Looking,0,Architecture,Male,School of Architecture,0,0,0,,0,0,0,1,0,0,0.0,0
6222,4.0,2024,Still Looking,2,Engineering - Computer Engineering,Male,School of Engineering & Applied Science,0,2,58,4.59,0,1,0,1,1,1,0.0,0
6223,4.0,2024,Still Looking,2,Engineering - Computer Engineering,Male,School of Engineering & Applied Science,0,2,58,3.91,0,1,0,1,1,1,0.0,0
6224,4.0,2024,Still Looking,3,Spanish,Female,College and Graduate School of Arts & Sciences,0,0,0,,0,1,0,1,0,0,0.0,0
6225,4.0,2024,Working,2,Computer Science,Male,College and Graduate School of Arts & Sciences,1,2,14,,0,1,0,0,1,0,0.0,0
6226,4.0,2024,Continuing Education,0,Foreign Affairs,Female,College and Graduate School of Arts & Sciences,0,0,1,,0,0,1,0,0,0,0.0,0
6227,4.0,2024,Working,1,Business Administration,Male,Darden Graduate School of Business Administration,1,1,43,,0,1,0,0,0,0,0.0,0
6228,4.0,2024,Working,2,Engineering - Computer Science,Male,School of Engineering & Applied Science,1,6,18,3.62,0,1,0,0,1,0,0.0,0
6229,4.0,2024,Working,2,Engineering - Mechanical Engineering,Male,School of Engineering & Applied Science,1,5,19,,0,1,0,0,1,0,0.0,0
6230,4.0,2024,Working,0,Architecture,Female,School of Architecture,1,0,0,3.85,0,0,0,0,0,0,0.0,0
6231,4.0,2024,Working,3,Engineering - Computer Science,Male,School of Engineering & Applied Science,1,8,51,,0,1,0,0,1,1,0.0,0
6232,4.0,2024,Working,2,Architecture,Male,School of Architecture,1,0,76,3.62,0,1,0,0,0,1,0.0,0
6233,4.0,2024,Working,2,Architecture,Male,School of Architecture,1,0,76,3.96,0,1,0,0,0,1,0.0,0
6234,4.0,2024,Not Seeking,0,Computer Science - Interdisciplinary,Female,College and Graduate School of Arts & Sciences,0,1,7,3.17,0,0,0,0,0,0,0.0,0
6235,4.0,2024,Still Looking,0,Architecture,Female,School of Architecture,0,0,0,3.4,0,0,0,1,0,0,0.0,0
6236,4.0,2024,Still Looking,0,Architecture,Female,School of Architecture,0,0,0,3.89,0,0,0,1,0,0,0.0,0
6237,4.0,2024,Still Looking,0,Architecture,Female,School of Architecture,0,0,0,4.09,0,0,0,1,0,0,0.0,0
6238,4.0,2024,Working,3,Environmental Sciences,Male,College and Graduate School of Arts & Sciences,1,0,6,3.6,0,1,0,0,0,0,0.0,0
6239,4.0,2024,Still Looking,1,Economics,Male,College and Graduate School of Arts & Sciences,0,1,21,3.9,0,1,0,1,0,0,0.0,0
6240,4.0,2024,Still Looking,2,Architecture,Female,School of Architecture,0,0,4,,0,1,0,1,0,0,0.0,0
6241,4.0,2024,Fellowship,2,Psychology,Female,College and Graduate School of Arts & Sciences,0,0,0,,0,1,0,0,0,0,0.0,0
6242,4.0,2024,Working,2,Architecture,Male,School of Architecture,1,2,82,4.35,0,1,0,0,1,1,0.0,0
6243,4.0,2024,Working,2,Architecture,Male,School of Architecture,1,2,82,3.34,0,1,0,0,1,1,0.0,0
6244,4.0,2024,Still Looking,3,Global Studies - Interdisciplinary,Female,College and Graduate School of Arts & Sciences,0,0,4,,0,1,0,1,0,0,0.0,0
6245,4.0,2024,Working,1,Engineering - Civil Engineering,Male,School of Engineering & Applied Science,1,2,0,,0,1,0,0,1,0,0.0,0
6246,4.0,2024,Working,1,Engineering - Civil Engineering,Male,School of Engineering & Applied Science,1,2,0,2.9,0,1,0,0,1,0,0.0,0
6247,4.0,2024,Working,2,Foreign Affairs,Female,College and Graduate School of Arts & Sciences,1,0,9,,0,1,0,0,0,0,1.0,1
6248,4.0,2024,Still Looking,2,Global Studies - Interdisciplinary,Male,College and Graduate School of Arts & Sciences,0,3,20,,1,1,0,1,1,0,5.0,1
6249,4.0,2024,Working,0,Psychology,Female,College and Graduate School of Arts & Sciences,1,0,0,4.0,0,0,0,0,0,0,0.0,0
6250,4.0,2024,Not Seeking,1,Psychology,Female,College and Graduate School of Arts & Sciences,0,3,6,3.94,1,1,0,0,1,0,0.0,0
6251,4.0,2024,Not Seeking,1,Psychology,Female,College and Graduate School of Arts & Sciences,0,3,6,3.97,1,1,0,0,1,0,0.0,0
6252,4.0,2024,Still Looking,0,Media Studies,Female,College and Graduate School of Arts & Sciences,0,1,17,,0,0,0,1,0,0,0.0,0
6253,4.0,2024,Still Looking,1,Astronomy,Male,College and Graduate School of Arts & Sciences,0,0,30,3.1,0,1,0,1,0,0,0.0,0
6254,4.0,2024,Working,3,Spanish,Female,College and Graduate School of Arts & Sciences,1,3,50,,0,1,0,0,1,1,7.0,1
6255,4.0,2024,Working,3,Spanish,Female,College and Graduate School of Arts & Sciences,1,3,50,3.96,0,1,0,0,1,1,7.0,1
6256,4.0,2024,Working,2,Physics,Male,College and Graduate School of Arts & Sciences,1,4,316,3.8,0,1,0,0,1,1,2.0,1
6257,4.0,2024,Working,1,Political & Social Thought - Interdisciplinary,Female,College and Graduate School of Arts & Sciences,1,0,24,3.89,0,1,0,0,0,0,0.0,0
6258,4.0,2024,Working,1,Political & Social Thought - Interdisciplinary,Female,College and Graduate School of Arts & Sciences,1,0,24,4.93,0,1,0,0,0,0,0.0,0
6259,4.0,2024,Working,1,Engineering - Mechanical Engineering,Male,School of Engineering & Applied Science,1,2,42,,0,1,0,0,1,0,0.0,0
6260,4.0,2024,Still Looking,1,Philosophy,Male,College and Graduate School of Arts & Sciences,0,0,132,3.61,0,1,0,1,0,1,0.0,0
6261,4.0,2024,Working,1,Biology,Female,College and Graduate School of Arts & Sciences,1,2,0,,0,1,0,0,1,0,5.0,1
6262,4.0,2024,Working,3,Engineering - Systems Engineering,Female,School of Engineering & Applied Science,1,6,63,,0,1,0,0,1,1,0.0,0
6263,4.0,2024,Still Looking,2,Economics,Female,College and Graduate School of Arts & Sciences,0,3,74,,0,1,0,1,1,1,0.0,0
6264,4.0,2024,Working,2,Public Safety,Male,School of Continuing and Professional Studies,1,0,0,,0,1,0,0,0,0,0.0,0
6265,4.0,2024,Still Looking,3,Architecture - Landscape Architecture,Female,School of Architecture,0,0,9,,0,1,0,1,0,0,0.0,0
6266,4.0,2024,Working,1,Environmental Sciences,Male,College and Graduate School of Arts & Sciences,1,4,1110,3.64,0,1,0,0,1,1,0.0,0
6267,4.0,2024,Working,0,Engineering - Mechanical Engineering,Male,School of Engineering & Applied Science,1,2,62,3.23,0,0,0,0,1,1,0.0,0
6268,4.0,2024,Working,1,Architecture,Female,School of Architecture,1,0,10,,0,1,0,0,0,0,0.0,0
6269,4.0,2024,Working,2,Cognitive Science - Interdisciplinary,Female,College and Graduate School of Arts & Sciences,1,10,181,3.76,0,1,0,0,1,1,6.0,1
6270,4.0,2024,Working,2,Engineering - Computer Science,Male,School of Engineering & Applied Science,1,0,4,,0,1,0,0,0,0,0.0,0
6271,4.0,2024,Working,2,Nursing,Female,School of Nursing,1,0,0,4.2,0,1,0,0,0,0,0.0,0
6272,4.0,2024,Not Seeking,0,Architecture,Female,School of Architecture,0,0,21,,0,0,0,0,0,0,0.0,0
6273,4.0,2024,Working,3,Psychology,Male,College and Graduate School of Arts & Sciences,1,0,35,,0,1,0,0,0,0,0.0,0
6274,4.0,2024,Still Looking,0,Interdisciplinary (SCPS-BIS),Female,School of Continuing and Professional Studies,0,0,13,3.7,0,0,0,1,0,0,0.0,0
6275,4.0,2024,Continuing Education,2,Engineering - Chemical Engineering,Male,School of Engineering & Applied Science,0,0,0,,0,1,1,0,0,0,0.0,0
6276,4.0,2024,Working,2,Physics,Female,College and Graduate School of Arts & Sciences,1,3,40,3.8,0,1,0,0,1,0,0.0,0
6277,4.0,2024,Working,2,Physics,Female,College and Graduate School of Arts & Sciences,1,3,40,4.6,0,1,0,0,1,0,0.0,0
6278,4.0,2024,Working,0,History,Female,College and Graduate School of Arts & Sciences,1,0,0,,0,0,0,0,0,0,0.0,0
6279,4.0,2024,Still Looking,3,Architecture,Female,School of Architecture,0,1,0,,0,1,0,1,0,0,1.0,1
6280,4.0,2024,Working,1,Environmental Thought & Practice - Interdisciplinary,Female,College and Graduate School of Arts & Sciences,1,1,2,,0,1,0,0,0,0,0.0,0
6281,4.0,2024,Continuing Education,1,Chemistry,Male,College and Graduate School of Arts & Sciences,0,0,0,3.5,0,1,1,0,0,0,0.0,0
6282,4.0,2024,Continuing Education,2,Engineering - Computer Science,Male,School of Engineering & Applied Science,0,7,64,3.9,0,1,1,0,1,1,4.0,1
6283,4.0,2024,Working,2,Engineering - Computer Science,Male,School of Engineering & Applied Science,1,14,108,3.9,0,1,0,0,1,1,0.0,0
6284,4.0,2024,Working,3,Engineering - Systems Engineering,Male,School of Engineering & Applied Science,1,20,364,4.46,0,1,0,0,1,1,0.0,0
6285,4.0,2024,Working,3,Engineering - Systems Engineering,Male,School of Engineering & Applied Science,1,20,364,3.7,0,1,0,0,1,1,0.0,0
6286,4.0,2024,Working,3,English,Female,College and Graduate School of Arts & Sciences,1,1,78,,1,1,0,0,0,1,0.0,0
6287,4.0,2024,Working,3,English,Female,College and Graduate School of Arts & Sciences,1,1,78,4.45,1,1,0,0,0,1,0.0,0
6288,4.0,2024,Working,1,Environmental Sciences,Female,College and Graduate School of Arts & Sciences,1,4,35,,0,1,0,0,1,0,2.0,1
6289,4.0,2024,Working,2,Engineering - Computer Science,Male,School of Engineering & Applied Science,1,3,60,,0,1,0,0,1,1,0.0,0
6290,4.0,2024,Still Looking,1,Engineering - Biomedical Engineering,Male,School of Engineering & Applied Science,0,0,0,,0,1,0,1,0,0,0.0,0
6291,4.0,2024,Still Looking,0,Foreign Affairs,Male,College and Graduate School of Arts & Sciences,0,1,7,4.0,0,0,0,1,0,0,0.0,0
6292,4.0,2024,Working,0,Engineering - Biomedical Engineering,Male,School of Engineering & Applied Science,1,2,0,,0,0,0,0,1,0,0.0,0
6293,4.0,2024,Working,0,Engineering - Biomedical Engineering,Male,School of Engineering & Applied Science,1,2,0,3.9,0,0,0,0,1,0,0.0,0
6294,4.0,2024,Working,0,Biology,Female,College and Graduate School of Arts & Sciences,1,1,0,4.0,0,0,0,0,0,0,3.0,1
6295,4.0,2024,Still Looking,1,French,Female,College and Graduate School of Arts & Sciences,0,5,26,,1,1,0,1,1,0,0.0,0
6296,4.0,2024,Working,0,Education - Curriculum & Instruction,Female,School of Education and Human Development,1,0,0,3.97,0,0,0,0,0,0,0.0,0
6297,4.0,2024,Working,0,Education - Curriculum & Instruction,Female,School of Education and Human Development,1,0,0,3.9,0,0,0,0,0,0,0.0,0
6298,4.0,2024,Working,2,Global Studies - Interdisciplinary,Male,College and Graduate School of Arts & Sciences,1,0,5,,0,1,0,0,0,0,0.0,0
6299,4.0,2024,Still Looking,1,Applied Statistics,Female,College and Graduate School of Arts & Sciences,0,0,0,,0,1,0,1,0,0,0.0,0
6300,4.0,2024,Continuing Education,3,Engineering - Biomedical Engineering,Male,School of Engineering & Applied Science,0,4,25,,0,1,1,0,1,0,0.0,0
6301,4.0,2024,Working,2,Engineering - Computer Engineering,Male,School of Engineering & Applied Science,1,3,40,,0,1,0,0,1,0,0.0,0
6302,4.0,2024,Working,3,Economics,Male,College and Graduate School of Arts & Sciences,1,2,95,3.81,0,1,0,0,1,1,0.0,0
6303,4.0,2024,Military,2,Engineering - Civil Engineering,Male,School of Engineering & Applied Science,0,4,7,,0,1,0,0,1,0,0.0,0
6304,4.0,2024,Not Seeking,2,Engineering - Biomedical Engineering,Male,School of Engineering & Applied Science,0,3,79,,0,1,0,0,1,1,0.0,0
6305,4.0,2024,Working,3,Engineering - Systems Engineering,Female,School of Engineering & Applied Science,1,14,522,3.9,0,1,0,0,1,1,0.0,0
6306,4.0,2024,Working,0,Biology,Female,College and Graduate School of Arts & Sciences,1,0,85,,0,0,0,0,0,1,0.0,0
6307,4.0,2024,Working,1,Engineering - Biomedical Engineering,Male,School of Engineering & Applied Science,1,4,101,3.88,0,1,0,0,1,1,0.0,0
6308,4.0,2024,Working,1,Engineering - Biomedical Engineering,Male,School of Engineering & Applied Science,1,4,101,4.57,0,1,0,0,1,1,0.0,0
6309,4.0,2024,Not Seeking,0,Mathematics,Male,College and Graduate School of Arts & Sciences,0,0,0,,0,0,0,0,0,0,0.0,0
6310,4.0,2024,Still Looking,2,Anthropology,Female,College and Graduate School of Arts & Sciences,0,0,4,,0,1,0,1,0,0,0.0,0
6311,4.0,2024,Working,2,Engineering - Computer Science,Male,School of Engineering & Applied Science,1,3,51,3.92,0,1,0,0,1,1,0.0,0
6312,4.0,2024,Still Looking,0,Engineering - Chemical Engineering,Female,School of Engineering & Applied Science,0,4,9,,0,0,0,1,1,0,0.0,0
6313,4.0,2024,Not Seeking,3,Architecture - Landscape Architecture,Female,School of Architecture,0,2,78,,0,1,0,0,1,1,2.0,1
6314,4.0,2024,Working,2,Cognitive Science - Interdisciplinary,Female,College and Graduate School of Arts & Sciences,1,7,311,,1,1,0,0,1,1,0.0,0
6315,4.0,2024,Working,1,Architecture - Urban & Environmental Planning,Female,School of Architecture,1,0,0,,0,1,0,0,0,0,0.0,0
6316,4.0,2024,Working,3,African-American & African Studies,Female,College and Graduate School of Arts & Sciences,1,1,289,,0,1,0,0,0,1,0.0,0
6317,4.0,2024,Still Looking,0,Engineering - Electrical Engineering,Male,School of Engineering & Applied Science,0,3,29,,0,0,0,1,1,0,0.0,0
6318,4.0,2024,Working,2,Economics,Male,College and Graduate School of Arts & Sciences,1,0,9,,0,1,0,0,0,0,0.0,0
6319,4.0,2024,Not Seeking,0,Biology,Female,College and Graduate School of Arts & Sciences,0,0,22,,0,0,0,0,0,0,0.0,0
6320,4.0,2024,Still Looking,2,Engineering - Computer Science,Female,School of Engineering & Applied Science,0,3,10,,0,1,0,1,1,0,0.0,0
6321,4.0,2024,Working,2,Education - Elementary Education,Male,School of Education and Human Development,1,1,0,4.0,0,1,0,0,0,0,0.0,0
6322,4.0,2024,Still Looking,1,Economics,Female,College and Graduate School of Arts & Sciences,0,6,62,,0,1,0,1,1,1,0.0,0
6323,4.0,2024,Still Looking,1,Economics,Female,College and Graduate School of Arts & Sciences,0,6,62,3.94,0,1,0,1,1,1,0.0,0
6324,4.0,2024,Working,2,Architecture,Male,School of Architecture,1,1,6,,0,1,0,0,0,0,0.0,0
6325,4.0,2024,Working,2,Architecture,Male,School of Architecture,1,1,6,3.8,0,1,0,0,0,0,0.0,0
6326,4.0,2024,Still Looking,2,Architecture - Urban & Environmental Planning,Male,School of Architecture,0,1,21,3.8,0,1,0,1,0,0,3.0,1
6327,4.0,2024,Still Looking,2,Architecture - Urban & Environmental Planning,Male,School of Architecture,0,1,21,4.0,0,1,0,1,0,0,3.0,1
6328,4.0,2024,Continuing Education,2,Architecture,Female,School of Architecture,0,0,0,,0,1,1,0,0,0,0.0,0
6329,4.0,2024,Continuing Education,2,Architecture,Female,School of Architecture,0,0,6,,1,1,1,0,0,0,6.0,1
6330,4.0,2024,Working,3,Architecture,Male,School of Architecture,1,0,17,4.2,0,1,0,0,0,0,0.0,0
6331,4.0,2024,Still Looking,1,Architecture,Male,School of Architecture,0,0,0,,0,1,0,1,0,0,0.0,0
6332,4.0,2024,Still Looking,3,Architecture - Landscape Architecture,Male,School of Architecture,0,0,13,,0,1,0,1,0,0,0.0,0
6333,4.0,2024,Working,1,Architecture,Female,School of Architecture,1,0,3,,0,1,0,0,0,0,1.0,1
6334,4.0,2024,Still Looking,0,Data Science,Female,School of Data Science,0,2,168,3.9,0,0,0,1,1,1,0.0,0
6335,4.0,2024,Still Looking,2,Architecture,Female,School of Architecture,0,1,35,,0,1,0,1,0,0,2.0,1
6336,4.0,2024,Still Looking,1,Architecture,Male,School of Architecture,0,0,0,,0,1,0,1,0,0,0.0,0
6337,4.0,2024,Working,1,Biology,Female,College and Graduate School of Arts & Sciences,1,0,21,3.79,0,1,0,0,0,0,2.0,1
6338,4.0,2024,Working,3,Global Studies - Interdisciplinary,Female,College and Graduate School of Arts & Sciences,1,2,45,,0,1,0,0,1,0,3.0,1
6339,4.0,2024,Working,2,Engineering - Computer Science,Female,School of Engineering & Applied Science,1,9,39,4.0,0,1,0,0,1,0,0.0,0
6340,4.0,2024,Working,2,Engineering - Computer Science,Female,School of Engineering & Applied Science,1,9,39,3.87,0,1,0,0,1,0,0.0,0
6341,4.0,2024,Working,1,Engineering - Computer Science,Male,School of Engineering & Applied Science,1,3,116,4.23,0,1,0,0,1,1,0.0,0
6342,4.0,2024,Working,1,Engineering - Computer Science,Male,School of Engineering & Applied Science,1,3,116,,0,1,0,0,1,1,0.0,0
6343,4.0,2024,Working,1,Engineering - Electrical Engineering,Male,School of Engineering & Applied Science,1,1,47,,0,1,0,0,0,0,1.0,1
6344,4.0,2024,Working,2,Economics,Female,College and Graduate School of Arts & Sciences,1,4,29,,0,1,0,0,1,0,3.0,1
6345,4.0,2024,Working,3,Computer Science - Interdisciplinary,Female,College and Graduate School of Arts & Sciences,1,6,9,4.0,0,1,0,0,1,0,0.0,0
6346,4.0,2024,Still Looking,1,Architecture - Urban & Environmental Planning,Male,School of Architecture,0,1,26,3.78,0,1,0,1,0,0,0.0,0
6347,4.0,2024,Still Looking,1,Architecture - Urban & Environmental Planning,Male,School of Architecture,0,1,26,3.67,0,1,0,1,0,0,0.0,0
6348,4.0,2024,Working,2,Architecture,Male,School of Architecture,1,4,1,3.4,0,1,0,0,1,0,0.0,0
6349,4.0,2024,Working,3,Architecture,Female,School of Architecture,1,0,0,,0,1,0,0,0,0,0.0,0
6350,4.0,2024,Working,2,Economics,Female,College and Graduate School of Arts & Sciences,1,9,92,4.0,0,1,0,0,1,1,0.0,0
6351,4.0,2024,Working,2,Economics,Female,College and Graduate School of Arts & Sciences,1,9,92,3.81,0,1,0,0,1,1,0.0,0
6352,4.0,2024,Continuing Education,1,Architecture,Female,School of Architecture,0,4,113,,0,1,1,0,1,1,0.0,0
6353,4.0,2024,Continuing Education,1,Architecture,Female,School of Architecture,0,4,113,4.3,0,1,1,0,1,1,0.0,0
6354,4.0,2024,Still Looking,0,Architecture,Female,School of Architecture,0,0,2,3.3,0,0,0,1,0,0,0.0,0
6355,4.0,2024,Still Looking,3,Architecture,Female,School of Architecture,0,3,116,,0,1,0,1,1,1,0.0,0
6356,4.0,2024,Working,2,Architecture - Urban & Environmental Planning,Female,School of Architecture,1,1,1,,0,1,0,0,0,0,1.0,1
6357,4.0,2024,Working,1,Architecture - Urban & Environmental Planning,Female,School of Architecture,1,4,24,,0,1,0,0,1,0,1.0,1
6358,4.0,2024,Working,1,Architecture - Urban & Environmental Planning,Female,School of Architecture,1,4,24,3.3,0,1,0,0,1,0,1.0,1
6359,4.0,2024,Working,2,Architecture,Male,School of Architecture,1,0,4,3.52,0,1,0,0,0,0,0.0,0
6360,4.0,2024,Working,2,Computer Science - Interdisciplinary,Female,College and Graduate School of Arts & Sciences,1,4,113,,0,1,0,0,1,1,2.0,1
6361,4.0,2024,Working,2,Computer Science - Interdisciplinary,Female,College and Graduate School of Arts & Sciences,1,4,113,3.7,0,1,0,0,1,1,2.0,1
6362,4.0,2024,Still Looking,1,Engineering - Computer Science,Male,School of Engineering & Applied Science,0,3,1,,0,1,0,1,1,0,0.0,0
6363,4.0,2024,Working,2,Cognitive Science - Interdisciplinary,Female,College and Graduate School of Arts & Sciences,1,0,14,3.68,1,1,0,0,0,0,1.0,1
6364,4.0,2024,Working,2,Computer Science - Interdisciplinary,Male,College and Graduate School of Arts & Sciences,1,0,38,3.47,0,1,0,0,0,0,0.0,0
6365,4.0,2024,Military,2,Engineering - Computer Science,Male,School of Engineering & Applied Science,0,0,7,,0,1,0,0,0,0,0.0,0
6366,4.0,2024,Working,2,Economics,Male,College and Graduate School of Arts & Sciences,1,2,712,3.5,0,1,0,0,1,1,0.0,0
6367,4.0,2024,Working,2,Economics,Male,College and Graduate School of Arts & Sciences,1,2,712,4.1,0,1,0,0,1,1,0.0,0
6368,4.0,2024,Still Looking,1,Engineering - Aerospace Engineering,Male,School of Engineering & Applied Science,0,8,40,3.9,0,1,0,1,1,0,0.0,0
6369,4.0,2024,Working,0,Nursing,Female,School of Nursing,1,0,0,4.0,0,0,0,0,0,0,0.0,0
6370,4.0,2024,Working,0,Nursing,Female,School of Nursing,1,0,0,,0,0,0,0,0,0,0.0,0
6371,4.0,2024,Working,2,Religious Studies,Male,College and Graduate School of Arts & Sciences,1,2,38,3.84,0,1,0,0,1,0,0.0,0
6372,4.0,2024,Working,2,Religious Studies,Male,College and Graduate School of Arts & Sciences,1,2,38,,0,1,0,0,1,0,0.0,0
6373,4.0,2024,Continuing Education,1,Media Studies,Female,College and Graduate School of Arts & Sciences,0,1,18,3.73,0,1,1,0,0,0,0.0,0
6374,4.0,2024,Working,1,Environmental Thought & Practice - Interdisciplinary,Female,College and Graduate School of Arts & Sciences,1,1,112,,0,1,0,0,0,1,2.0,1
6375,4.0,2024,Continuing Education,3,Architecture - Urban & Environmental Planning,Female,School of Architecture,0,1,104,,0,1,1,0,0,1,0.0,0
6376,4.0,2024,Still Looking,3,Architecture - Landscape Architecture,Female,School of Architecture,0,1,6,,0,1,0,1,0,0,0.0,0
6377,4.0,2024,Fellowship,3,Architecture,Male,School of Architecture,0,0,32,,0,1,0,0,0,0,1.0,1
6378,4.0,2024,Working,3,Architecture - Urban & Environmental Planning,Female,School of Architecture,1,0,30,,0,1,0,0,0,0,0.0,0
6379,4.0,2024,Working,1,Economics,Male,College and Graduate School of Arts & Sciences,1,6,60,,0,1,0,0,1,1,5.0,1
6380,4.0,2024,Still Looking,0,Media Studies,Female,College and Graduate School of Arts & Sciences,0,0,12,,0,0,0,1,0,0,0.0,0
6381,4.0,2024,Still Looking,0,Psychology,Female,College and Graduate School of Arts & Sciences,0,0,0,,0,0,0,1,0,0,0.0,0
6382,4.0,2024,Working,1,Cognitive Science - Interdisciplinary,Female,College and Graduate School of Arts & Sciences,1,2,59,,0,1,0,0,1,1,5.0,1
6383,4.0,2024,Still Looking,1,Engineering - Mechanical Engineering,Male,School of Engineering & Applied Science,0,0,13,4.25,0,1,0,1,0,0,0.0,0
6384,4.0,2024,Still Looking,1,Engineering - Mechanical Engineering,Male,School of Engineering & Applied Science,0,0,13,2.92,0,1,0,1,0,0,0.0,0
6385,4.0,2024,Working,1,Music,Female,College and Graduate School of Arts & Sciences,1,1,38,,0,1,0,0,0,0,1.0,1
6386,4.0,2024,Working,1,Engineering - Computer Science,Male,School of Engineering & Applied Science,1,11,87,3.89,0,1,0,0,1,1,3.0,1
6387,4.0,2024,Working,1,Engineering - Computer Science,Male,School of Engineering & Applied Science,1,11,87,4.47,0,1,0,0,1,1,3.0,1
6388,4.0,2024,Still Looking,0,Engineering - Chemical Engineering,Male,School of Engineering & Applied Science,0,0,144,3.1,0,0,0,1,0,1,0.0,0
6389,4.0,2024,Still Looking,2,Political Philosophy Policy & Law - Interdisciplinary,Male,College and Graduate School of Arts & Sciences,0,3,31,,0,1,0,1,1,0,2.0,1
6390,4.0,2024,Working,2,Nursing,Female,School of Nursing,1,0,0,4.0,0,1,0,0,0,0,0.0,0
6391,4.0,2024,Working,2,Nursing,Female,School of Nursing,1,0,0,3.98,0,1,0,0,0,0,0.0,0
6392,4.0,2024,Working,3,Government,Male,College and Graduate School of Arts & Sciences,1,0,53,3.91,0,1,0,0,0,1,0.0,0
6393,4.0,2024,Working,3,Computer Science - Interdisciplinary,Male,College and Graduate School of Arts & Sciences,1,2,22,3.76,0,1,0,0,1,0,0.0,0
6394,4.0,2024,Working,1,Engineering - Electrical Engineering,Male,School of Engineering & Applied Science,1,0,0,,0,1,0,0,0,0,0.0,0
6395,4.0,2024,Continuing Education,0,Psychology,Female,College and Graduate School of Arts & Sciences,0,0,3,3.6,0,0,1,0,0,0,0.0,0
6396,4.0,2024,Working,1,Media Culture & Technology,Male,College and Graduate School of Arts & Sciences,1,0,3,,0,1,0,0,0,0,1.0,1
6397,4.0,2024,Working,1,American Studies - Interdisciplinary,Male,College and Graduate School of Arts & Sciences,1,0,24,,0,1,0,0,0,0,0.0,0
6398,4.0,2024,Working,1,Statistics,Female,College and Graduate School of Arts & Sciences,1,1,76,,0,1,0,0,0,1,3.0,1
6399,4.0,2024,Working,3,Cognitive Science - Interdisciplinary,Female,College and Graduate School of Arts & Sciences,1,8,162,,1,1,0,0,1,1,4.0,1
6400,4.0,2024,Continuing Education,0,Public Health,Female,School of Medicine,0,1,31,,0,0,1,0,0,0,0.0,0
6401,4.0,2024,Continuing Education,0,Public Health,Female,School of Medicine,0,1,31,3.9,0,0,1,0,0,0,0.0,0
6402,4.0,2024,Working,1,Engineering - Biomedical Engineering,Male,School of Engineering & Applied Science,1,4,36,3.65,0,1,0,0,1,0,1.0,1
6403,4.0,2024,Still Looking,0,Engineering - Electrical Engineering,Male,School of Engineering & Applied Science,0,5,3,4.04,0,0,0,1,1,0,0.0,0
6404,4.0,2024,Still Looking,0,Engineering - Electrical Engineering,Male,School of Engineering & Applied Science,0,5,3,,0,0,0,1,1,0,0.0,0
6405,4.0,2024,Working,3,Education - Youth & Social Innovation,Female,School of Education and Human Development,1,1,6,3.9,0,1,0,0,0,0,0.0,0
6406,4.0,2024,Working,3,Education - Youth & Social Innovation,Female,School of Education and Human Development,1,1,6,,0,1,0,0,0,0,0.0,0
6407,4.0,2024,Working,1,Applied Statistics,Female,College and Graduate School of Arts & Sciences,1,2,171,,0,1,0,0,1,1,0.0,0
6408,4.0,2024,Working,2,Computer Science - Interdisciplinary,Female,College and Graduate School of Arts & Sciences,1,3,36,3.78,0,1,0,0,1,0,0.0,0
6409,4.0,2024,Working,3,Environmental Thought & Practice - Interdisciplinary,Female,College and Graduate School of Arts & Sciences,1,2,49,3.89,1,1,0,0,1,1,2.0,1
6410,4.0,2024,Working,3,Environmental Thought & Practice - Interdisciplinary,Female,College and Graduate School of Arts & Sciences,1,2,49,3.8,1,1,0,0,1,1,2.0,1
6411,4.0,2024,Working,2,Psychology,Male,College and Graduate School of Arts & Sciences,1,1,2,4.0,0,1,0,0,0,0,0.0,0
6412,4.0,2024,Working,2,Engineering - Systems Engineering,Male,School of Engineering & Applied Science,1,1,15,3.89,0,1,0,0,0,0,1.0,1
6413,4.0,2024,Working,1,Engineering - Systems Engineering,Female,School of Engineering & Applied Science,1,1,0,,0,1,0,0,0,0,0.0,0
6414,4.0,2024,Working,0,Biology,Female,College and Graduate School of Arts & Sciences,1,0,24,,0,0,0,0,0,0,0.0,0
6415,4.0,2024,Working,2,Economics,Male,College and Graduate School of Arts & Sciences,1,9,292,3.4,0,1,0,0,1,1,1.0,1
6416,4.0,2024,Working,3,Engineering - Computer Science,Male,School of Engineering & Applied Science,1,1,67,3.87,0,1,0,0,0,1,0.0,0
6417,4.0,2024,Working,3,Engineering - Computer Science,Male,School of Engineering & Applied Science,1,1,22,,0,1,0,0,0,0,0.0,0
6418,4.0,2024,Working,3,Engineering - Computer Science,Male,School of Engineering & Applied Science,1,1,22,4.0,0,1,0,0,0,0,0.0,0
6419,4.0,2024,Working,1,Applied Statistics,Male,College and Graduate School of Arts & Sciences,1,0,53,,0,1,0,0,0,1,0.0,0
6420,4.0,2024,Working,1,Computer Science - Interdisciplinary,Female,College and Graduate School of Arts & Sciences,1,8,126,,0,1,0,0,1,1,2.0,1
6421,4.0,2024,Working,1,Computer Science - Interdisciplinary,Female,College and Graduate School of Arts & Sciences,1,8,126,3.81,0,1,0,0,1,1,2.0,1
6422,4.0,2024,Continuing Education,2,Engineering - Computer Science,Male,School of Engineering & Applied Science,0,2,80,3.65,0,1,1,0,1,1,0.0,0
6423,4.0,2024,Working,1,Economics,Male,College and Graduate School of Arts & Sciences,1,3,132,3.4,0,1,0,0,1,1,0.0,0
6424,4.0,2024,Still Looking,0,Engineering - Mechanical Engineering,Female,School of Engineering & Applied Science,0,0,0,,0,0,0,1,0,0,0.0,0
6425,4.0,2024,Working,0,Cognitive Science - Interdisciplinary,Male,College and Graduate School of Arts & Sciences,1,0,40,,0,0,0,0,0,0,0.0,0
6426,4.0,2024,Working,0,Data Science,Female,School of Data Science,1,5,101,,0,0,0,0,1,1,0.0,0
6427,4.0,2024,Working,0,Data Science,Female,School of Data Science,1,5,101,3.4,0,0,0,0,1,1,0.0,0
6428,4.0,2024,Working,2,Engineering - Computer Science,Female,School of Engineering & Applied Science,1,11,50,,0,1,0,0,1,1,3.0,1
6429,4.0,2024,Working,2,Engineering - Computer Science,Female,School of Engineering & Applied Science,1,11,50,4.58,0,1,0,0,1,1,3.0,1
6430,4.0,2024,Still Looking,1,Engineering - Biomedical Engineering,Female,School of Engineering & Applied Science,0,0,29,3.7,0,1,0,1,0,0,0.0,0
6431,4.0,2024,Still Looking,3,Media Studies,Female,College and Graduate School of Arts & Sciences,0,5,320,3.56,0,1,0,1,1,1,0.0,0
6432,4.0,2024,Still Looking,3,Media Studies,Female,College and Graduate School of Arts & Sciences,0,5,320,,0,1,0,1,1,1,0.0,0
6433,4.0,2024,Not Seeking,1,Music,Male,College and Graduate School of Arts & Sciences,0,0,0,3.93,0,1,0,0,0,0,1.0,1
6434,4.0,2024,Still Looking,1,Psychology,Male,College and Graduate School of Arts & Sciences,0,2,22,,0,1,0,1,1,0,0.0,0
6435,4.0,2024,Working,1,Foreign Affairs,Male,College and Graduate School of Arts & Sciences,1,0,0,,0,1,0,0,0,0,0.0,0
6436,4.0,2024,Working,2,Foreign Affairs,Male,College and Graduate School of Arts & Sciences,1,1,36,,0,1,0,0,0,0,0.0,0
6437,4.0,2024,Still Looking,3,Engineering - Systems Engineering,Female,School of Engineering & Applied Science,0,7,12,3.8,0,1,0,1,1,0,0.0,0
6438,4.0,2024,Still Looking,1,Foreign Affairs,Female,College and Graduate School of Arts & Sciences,0,0,10,,1,1,0,1,0,0,2.0,1
6439,4.0,2024,Working,3,History,Male,College and Graduate School of Arts & Sciences,1,10,65,,0,1,0,0,1,1,0.0,0
6440,4.0,2024,Working,3,Statistics,Female,College and Graduate School of Arts & Sciences,1,0,434,,0,1,0,0,0,1,0.0,0
6441,4.0,2024,Working,3,Statistics,Female,College and Graduate School of Arts & Sciences,1,0,434,3.91,0,1,0,0,0,1,0.0,0
6442,4.0,2024,Working,0,Biology,Female,College and Graduate School of Arts & Sciences,1,0,24,,0,0,0,0,0,0,1.0,1
6443,4.0,2024,Still Looking,2,Engineering - Computer Science,Female,School of Engineering & Applied Science,0,6,129,,0,1,0,1,1,1,0.0,0
6444,4.0,2024,Fellowship,0,Pharmacology,Male,School of Medicine,0,0,1,,0,0,0,0,0,0,0.0,0
6445,4.0,2024,Still Looking,2,Astronomy,Male,College and Graduate School of Arts & Sciences,0,0,103,3.92,0,1,0,1,0,1,0.0,0
6446,4.0,2024,Still Looking,2,Astronomy,Male,College and Graduate School of Arts & Sciences,0,0,103,,0,1,0,1,0,1,0.0,0
6447,4.0,2024,Not Seeking,0,Cognitive Science - Interdisciplinary,Male,College and Graduate School of Arts & Sciences,0,1,10,,0,0,0,0,0,0,2.0,1
6448,4.0,2024,Working,1,English,Female,College and Graduate School of Arts & Sciences,1,0,52,,0,1,0,0,0,1,0.0,0
6449,4.0,2024,Working,3,Engineering - Computer Science,Male,School of Engineering & Applied Science,1,4,53,4.42,1,1,0,0,1,1,5.0,1
6450,4.0,2024,Working,3,Engineering - Computer Science,Male,School of Engineering & Applied Science,1,4,53,3.96,1,1,0,0,1,1,5.0,1
6451,4.0,2024,Continuing Education,1,Economics,Male,College and Graduate School of Arts & Sciences,0,1,104,,0,1,1,0,0,1,0.0,0
6452,4.0,2024,Not Seeking,0,Education - Kinesiology,Female,School of Education and Human Development,0,0,0,,0,0,0,0,0,0,0.0,0
6453,4.0,2024,Continuing Education,3,Foreign Affairs,Female,College and Graduate School of Arts & Sciences,0,1,172,3.86,1,1,1,0,0,1,5.0,1
6454,4.0,2024,Working,1,Environmental Sciences,Female,College and Graduate School of Arts & Sciences,1,4,53,3.31,0,1,0,0,1,1,0.0,0
6455,4.0,2024,Working,2,Spanish,Female,College and Graduate School of Arts & Sciences,1,3,44,,0,1,0,0,1,0,0.0,0
6456,4.0,2024,Continuing Education,0,Sociology,Female,College and Graduate School of Arts & Sciences,0,0,24,4.0,0,0,1,0,0,0,1.0,1
6457,4.0,2024,Continuing Education,0,Sociology,Female,College and Graduate School of Arts & Sciences,0,0,24,,0,0,1,0,0,0,1.0,1
6458,4.0,2024,Working,2,Engineering - Civil Engineering,Male,School of Engineering & Applied Science,1,3,30,,0,1,0,0,1,0,1.0,1
6459,4.0,2024,Still Looking,0,Global Studies - Interdisciplinary,Female,College and Graduate School of Arts & Sciences,0,5,74,,0,0,0,1,1,1,0.0,0
6460,4.0,2024,Still Looking,2,Economics,Male,College and Graduate School of Arts & Sciences,0,5,226,3.4,0,1,0,1,1,1,0.0,0
6461,4.0,2024,Still Looking,2,Economics,Male,College and Graduate School of Arts & Sciences,0,5,226,,0,1,0,1,1,1,0.0,0
6462,4.0,2024,Continuing Education,1,Education - Educational Psychology,Female,School of Education and Human Development,0,1,0,3.61,0,1,1,0,0,0,1.0,1
6463,4.0,2024,Working,3,Cognitive Science - Interdisciplinary,Female,College and Graduate School of Arts & Sciences,1,1,192,3.9,0,1,0,0,0,1,0.0,0
6464,4.0,2024,Still Looking,1,German,Female,College and Graduate School of Arts & Sciences,0,2,20,,0,1,0,1,1,0,0.0,0
6465,4.0,2024,Working,2,Environmental Sciences,Female,College and Graduate School of Arts & Sciences,1,0,12,,0,1,0,0,0,0,0.0,0
6466,4.0,2024,Continuing Education,0,English,Male,College and Graduate School of Arts & Sciences,0,0,3,,0,0,1,0,0,0,0.0,0
6467,4.0,2024,Working,1,Engineering - Computer Science,Male,School of Engineering & Applied Science,1,10,20,3.93,0,1,0,0,1,0,2.0,1
6468,4.0,2024,Still Looking,3,Foreign Affairs,Female,College and Graduate School of Arts & Sciences,0,1,132,,0,1,0,1,0,1,0.0,0
6469,4.0,2024,Working,3,Economics,Male,College and Graduate School of Arts & Sciences,1,1,178,3.7,0,1,0,0,0,1,0.0,0
6470,4.0,2024,Working,2,Computer Science,Female,College and Graduate School of Arts & Sciences,1,10,39,,0,1,0,0,1,0,0.0,0
6471,4.0,2024,Working,0,Engineering - Mechanical Engineering,Male,School of Engineering & Applied Science,1,2,61,,0,0,0,0,1,1,1.0,1
6472,4.0,2024,Working,2,Engineering - Aerospace Engineering,Male,School of Engineering & Applied Science,1,3,9,,0,1,0,0,1,0,0.0,0
6473,4.0,2024,Working,0,Engineering - Mechanical Engineering,Male,School of Engineering & Applied Science,1,2,42,,0,0,0,0,1,0,0.0,0
6474,4.0,2024,Working,3,Chemistry,Male,College and Graduate School of Arts & Sciences,1,1,428,,0,1,0,0,0,1,0.0,0
6475,4.0,2024,Continuing Education,3,Economics,Male,College and Graduate School of Arts & Sciences,0,9,412,4.36,0,1,1,0,1,1,0.0,0
6476,4.0,2024,Continuing Education,3,Economics,Male,College and Graduate School of Arts & Sciences,0,9,412,,0,1,1,0,1,1,0.0,0
6477,4.0,2024,Continuing Education,3,Economics,Male,College and Graduate School of Arts & Sciences,0,9,412,3.72,0,1,1,0,1,1,0.0,0
6478,4.0,2024,Working,1,Economics,Male,College and Graduate School of Arts & Sciences,1,1,55,3.86,0,1,0,0,0,1,1.0,1
6479,4.0,2024,Still Looking,1,Computer Science - Interdisciplinary,Female,College and Graduate School of Arts & Sciences,0,0,96,,1,1,0,1,0,1,0.0,0
6480,4.0,2024,Working,0,Education - Higher Education,Male,School of Education and Human Development,1,0,0,,0,0,0,0,0,0,0.0,0
6481,4.0,2024,Still Looking,0,Engineering - Aerospace Engineering,Male,School of Engineering & Applied Science,0,1,0,,0,0,0,1,0,0,0.0,0
6482,4.0,2024,Working,2,Economics,Female,College and Graduate School of Arts & Sciences,1,2,9,,0,1,0,0,1,0,1.0,1
6483,4.0,2024,Still Looking,2,Media Studies,Male,College and Graduate School of Arts & Sciences,0,0,0,,0,1,0,1,0,0,0.0,0
6484,4.0,2024,Working,1,History,Male,College and Graduate School of Arts & Sciences,1,0,12,,0,1,0,0,0,0,1.0,1
6485,4.0,2024,Working,2,Education - Counselor Education,Female,School of Education and Human Development,1,8,3,,0,1,0,0,1,0,0.0,0
6486,4.0,2024,Still Looking,1,Interdisciplinary (SCPS-BIS),Female,School of Continuing and Professional Studies,0,0,0,,0,1,0,1,0,0,0.0,0
6487,4.0,2024,Still Looking,1,Environmental Sciences,Female,College and Graduate School of Arts & Sciences,0,6,208,,1,1,0,1,1,1,0.0,0
6488,4.0,2024,Working,1,Biology,Female,College and Graduate School of Arts & Sciences,1,4,12,3.7,0,1,0,0,1,0,0.0,0
6489,4.0,2024,Working,1,Foreign Affairs,Male,College and Graduate School of Arts & Sciences,1,2,0,,0,1,0,0,1,0,0.0,0
6490,4.0,2024,Working,3,Sociology,Male,College and Graduate School of Arts & Sciences,1,1,101,4.0,0,1,0,0,0,1,0.0,0
6491,4.0,2024,Working,3,Sociology,Male,College and Graduate School of Arts & Sciences,1,1,101,3.86,0,1,0,0,0,1,0.0,0
6492,4.0,2024,Working,3,Government,Female,College and Graduate School of Arts & Sciences,1,0,16,,0,1,0,0,0,0,0.0,0
6493,4.0,2024,Working,0,Anthropology,Male,College and Graduate School of Arts & Sciences,1,0,0,,0,0,0,0,0,0,0.0,0
6494,4.0,2024,Working,0,Biology,Female,College and Graduate School of Arts & Sciences,1,0,0,,0,0,0,0,0,0,3.0,1
6495,4.0,2024,Working,0,Education - Educational Psychology,Female,School of Education and Human Development,1,0,5,,0,0,0,0,0,0,0.0,0
6496,4.0,2024,Working,0,Education - Educational Psychology,Female,School of Education and Human Development,1,0,5,3.86,0,0,0,0,0,0,0.0,0
6497,4.0,2024,Continuing Education,0,English,Male,College and Graduate School of Arts & Sciences,0,0,0,,0,0,1,0,0,0,0.0,0
6498,4.0,2024,Working,1,Data Science,Male,School of Data Science,1,4,95,3.82,0,1,0,0,1,1,0.0,0
6499,4.0,2024,Working,2,Foreign Affairs,Male,College and Graduate School of Arts & Sciences,1,3,65,4.0,0,1,0,0,1,1,0.0,0
6500,4.0,2024,Working,2,Global Studies - Interdisciplinary,Female,College and Graduate School of Arts & Sciences,1,1,107,4.0,0,1,0,0,0,1,0.0,0
6501,4.0,2024,Working,2,History,Male,College and Graduate School of Arts & Sciences,1,3,141,,0,1,0,0,1,1,5.0,1
6502,4.0,2024,Continuing Education,3,Engineering - Biomedical Engineering,Female,School of Engineering & Applied Science,0,2,157,,0,1,1,0,1,1,0.0,0
6503,4.0,2024,Still Looking,1,Biology,Male,College and Graduate School of Arts & Sciences,0,2,3,,1,1,0,1,1,0,0.0,0
6504,4.0,2024,Still Looking,1,History,Male,College and Graduate School of Arts & Sciences,0,0,9,,0,1,0,1,0,0,0.0,0
6505,4.0,2024,Working,3,Engineering - Computer Science,Male,School of Engineering & Applied Science,1,5,89,,0,1,0,0,1,1,0.0,0
6506,4.0,2024,Working,1,Global Studies - Interdisciplinary,Female,College and Graduate School of Arts & Sciences,1,1,44,4.0,1,1,0,0,0,0,0.0,0
6507,4.0,2024,Working,1,Global Studies - Interdisciplinary,Female,College and Graduate School of Arts & Sciences,1,1,44,3.64,1,1,0,0,0,0,0.0,0
6508,4.0,2024,Working,2,Foreign Affairs,Male,College and Graduate School of Arts & Sciences,1,0,38,3.23,0,1,0,0,0,0,0.0,0
6509,4.0,2024,Working,1,Education - Social Studies Education,Female,School of Education and Human Development,1,1,1,,0,1,0,0,0,0,0.0,0
6510,4.0,2024,Still Looking,1,American Studies - Interdisciplinary,Male,College and Graduate School of Arts & Sciences,0,1,57,3.0,0,1,0,1,0,1,0.0,0
6511,4.0,2024,Working,2,Engineering - Biomedical Engineering,Female,School of Engineering & Applied Science,1,3,46,,0,1,0,0,1,0,2.0,1
6512,4.0,2024,Working,1,History,Male,College and Graduate School of Arts & Sciences,1,1,41,3.6,0,1,0,0,0,0,0.0,0
6513,4.0,2024,Still Looking,3,Cognitive Science - Interdisciplinary,Female,College and Graduate School of Arts & Sciences,0,2,13,4.0,0,1,0,1,1,0,7.0,1
6514,4.0,2024,Not Seeking,0,Psychology,Female,College and Graduate School of Arts & Sciences,0,0,0,,0,0,0,0,0,0,0.0,0
6515,4.0,2024,Working,3,Engineering - Computer Science,Male,School of Engineering & Applied Science,1,0,4,3.92,0,1,0,0,0,0,0.0,0
6516,4.0,2024,Still Looking,2,Archaeology - Interdisciplinary,Female,College and Graduate School of Arts & Sciences,0,0,0,,0,1,0,1,0,0,0.0,0
6517,4.0,2024,Working,0,Education - Science Education,Male,School of Education and Human Development,1,0,0,3.89,0,0,0,0,0,0,1.0,1
6518,4.0,2024,Working,1,Statistics,Male,College and Graduate School of Arts & Sciences,1,5,83,4.78,0,1,0,0,1,1,0.0,0
6519,4.0,2024,Working,1,Statistics,Male,College and Graduate School of Arts & Sciences,1,5,83,3.8,0,1,0,0,1,1,0.0,0
6520,4.0,2024,Still Looking,2,Media Studies,Male,College and Graduate School of Arts & Sciences,0,4,6,3.8,0,1,0,1,1,0,0.0,0
6521,4.0,2024,Working,1,Economics,Male,College and Graduate School of Arts & Sciences,1,4,74,3.42,0,1,0,0,1,1,5.0,1
6522,4.0,2024,Working,0,Applied Statistics,Male,College and Graduate School of Arts & Sciences,1,0,0,,0,0,0,0,0,0,0.0,0
6523,4.0,2024,Working,1,History,Male,College and Graduate School of Arts & Sciences,1,6,107,3.5,0,1,0,0,1,1,3.0,1
6524,4.0,2024,Fellowship,0,Education - Elementary Education,Female,School of Education and Human Development,0,0,0,3.9,0,0,0,0,0,0,1.0,1
6525,4.0,2024,Working,2,Spanish,Female,College and Graduate School of Arts & Sciences,1,0,28,4.0,0,1,0,0,0,0,0.0,0
6526,4.0,2024,Working,3,Engineering - Computer Science,Male,School of Engineering & Applied Science,1,2,23,,0,1,0,0,1,0,0.0,0
6527,4.0,2024,Working,3,Engineering - Computer Science,Male,School of Engineering & Applied Science,1,0,9,,0,1,0,0,0,0,0.0,0
6528,4.0,2024,Working,3,Engineering - Computer Science,Male,School of Engineering & Applied Science,1,0,9,4.0,0,1,0,0,0,0,0.0,0
6529,4.0,2024,Working,2,Engineering - Biomedical Engineering,Male,School of Engineering & Applied Science,1,17,54,4.63,0,1,0,0,1,1,23.0,1
6530,4.0,2024,Working,2,Engineering - Biomedical Engineering,Male,School of Engineering & Applied Science,1,17,54,3.9,0,1,0,0,1,1,23.0,1
6531,4.0,2024,Still Looking,0,Public Health,Female,School of Medicine,0,2,12,3.7,0,0,0,1,1,0,1.0,1
6532,4.0,2024,Still Looking,0,Public Health,Female,School of Medicine,0,2,12,3.92,0,0,0,1,1,0,1.0,1
6533,4.0,2024,Still Looking,0,Public Health,Female,School of Medicine,0,2,12,3.9,0,0,0,1,1,0,1.0,1
6534,4.0,2024,Working,3,Foreign Affairs,Female,College and Graduate School of Arts & Sciences,1,0,30,,0,1,0,0,0,0,0.0,0
6535,4.0,2024,Working,3,Foreign Affairs,Female,College and Graduate School of Arts & Sciences,1,0,30,3.78,0,1,0,0,0,0,0.0,0
6536,4.0,2024,Still Looking,1,Data Science,Female,School of Data Science,0,0,17,,0,1,0,1,0,0,0.0,0
6537,4.0,2024,Working,0,Data Science,Female,School of Data Science,1,5,13,,0,0,0,0,1,0,0.0,0
6538,4.0,2024,Working,3,Applied Statistics,Female,College and Graduate School of Arts & Sciences,1,1,164,,0,1,0,0,0,1,15.0,1
6539,4.0,2024,Working,2,Engineering - Computer Science,Female,School of Engineering & Applied Science,1,11,85,,0,1,0,0,1,1,0.0,0
6540,4.0,2024,Working,2,Engineering - Computer Science,Female,School of Engineering & Applied Science,1,11,85,4.0,0,1,0,0,1,1,0.0,0
6541,4.0,2024,Fellowship,1,Religious Studies,Male,College and Graduate School of Arts & Sciences,0,0,2,3.87,0,1,0,0,0,0,7.0,1
6542,4.0,2024,Working,2,Mathematics,Male,College and Graduate School of Arts & Sciences,1,6,74,4.0,0,1,0,0,1,1,0.0,0
6543,4.0,2024,Working,1,Engineering - Computer Science,Male,School of Engineering & Applied Science,1,16,105,,0,1,0,0,1,1,0.0,0
6544,4.0,2024,Still Looking,0,Biology,Female,College and Graduate School of Arts & Sciences,0,0,0,,0,0,0,1,0,0,0.0,0
6545,4.0,2024,Working,1,Engineering - Biomedical Engineering,Female,School of Engineering & Applied Science,1,10,43,3.87,0,1,0,0,1,0,0.0,0
6546,4.0,2024,Continuing Education,0,Engineering - Biomedical Engineering,Female,School of Engineering & Applied Science,0,1,17,,0,0,1,0,0,0,0.0,0
6547,4.0,2024,Working,0,Anthropology,Male,College and Graduate School of Arts & Sciences,1,0,0,,0,0,0,0,0,0,0.0,0
6548,4.0,2024,Working,3,History,Female,College and Graduate School of Arts & Sciences,1,5,26,4.3,0,1,0,0,1,0,0.0,0
6549,4.0,2024,Working,3,History,Female,College and Graduate School of Arts & Sciences,1,5,26,,0,1,0,0,1,0,0.0,0
6550,4.0,2024,Still Looking,0,Environmental Sciences,Male,College and Graduate School of Arts & Sciences,0,0,8,,0,0,0,1,0,0,0.0,0
6551,4.0,2024,Working,2,Biology,Female,College and Graduate School of Arts & Sciences,1,2,21,,0,1,0,0,1,0,12.0,1
6552,4.0,2024,Working,1,Engineering - Mechanical Engineering,Male,School of Engineering & Applied Science,1,2,42,3.62,0,1,0,0,1,0,0.0,0
6553,4.0,2024,Working,1,Cognitive Science - Interdisciplinary,Female,College and Graduate School of Arts & Sciences,1,11,85,3.98,0,1,0,0,1,1,0.0,0
6554,4.0,2024,Working,1,Cognitive Science - Interdisciplinary,Female,College and Graduate School of Arts & Sciences,1,11,85,,0,1,0,0,1,1,0.0,0
